序號,縣市別代碼,機關代碼,市話,傳真,年,月,日,時,分,縣市,區,死亡數量,受傷數量,2-30,天候,道路照明設備,道路類別,道路速限,道路型態,事故位置,路面鋪裝,路面狀態,路面缺陷,障礙物,視距,號誌種類,號誌動作,分向設施,快車道或一般車道間,快慢車道間,路面邊線,事故類型及型態,受傷程度,主要傷處,保護裝備,行動電話或功能裝置,當事者區分(類別),車輛用途,當事者行動狀態,駕照狀態,駕照種類,飲酒情形,車輛撞擊部位最初,車輛撞擊部位其他,肇事因素個別,肇事因素主要,肇事逃逸,職業,共享經濟或外送平台,GPS座標X,GPS座標Y,事故類別
228,66000,387130000C,(04)23274275,(04)23288582,2025,11,1,16,57,臺中市,南屯區,0,1,0,7,2,6,50,4,1,1,5,4,6,6,1,1,10,5,5,2,17,2,9,2,1,C03,7,9,1,10,2,14,,7,7,1,12,4,120.640487,24.14687,2
229,66000,387130000C,(04)23274275,(04)23288582,2025,11,1,16,57,臺中市,外埔區,0,1,0,7,2,6,50,5,2,1,5,4,6,6,4,4,5,2,4,1,12,2,8,1,1,C03,7,10,1,10,2,11,,35,35,1,12,4,120.639512,24.341354,2
230,66000,387130000C,(04)23274275,(04)23288582,2025,11,1,17,0,臺中市,太平區,0,1,0,7,2,6,50,4,1,1,5,4,6,6,4,4,5,5,5,1,16,3,10,2,1,C03,7,9,1,10,2,11,,7,7,1,12,4,120.726009,24.13639,2
231,66000,387130000C,(04)23274275,(04)23288582,2025,11,1,17,1,臺中市,東區,0,1,0,7,2,6,50,11,7,1,5,4,6,6,4,4,3,4,4,2,13,2,9,2,1,C03,7,9,1,10,2,11,,59,59,1,12,4,120.693927,24.133479,2
232,66000,387130000C,(04)23274275,(04)23288582,2025,11,1,17,1,臺中市,太平區,0,1,0,7,2,6,50,4,1,1,5,4,6,6,2,1,10,5,5,2,16,3,10,3,1,B03,7,6,1,8,2,2,,11,11,1,12,4,120.717918,24.1288,2
233,66000,387130000C,(04)23274275,(04)23288582,2025,11,1,17,5,臺中市,大雅區,0,2,0,7,1,6,50,3,1,1,5,4,6,6,1,1,5,5,5,1,17,2,9,1,1,C03,7,6,1,10,2,12,,11,11,1,13,4,120.667076,24.213408,2
234,66000,387130000C,(04)23274275,(04)23288582,2025,11,1,17,6,臺中市,大肚區,0,0,0,7,,,50,,,,,,,,,,,,,,11,,,,,B12,,,1,,2,,,85,85,1,6,4,120.579573,24.170092,3
235,66000,387130000C,(04)23274275,(04)23288582,2025,11,1,17,6,臺中市,豐原區,0,0,0,7,,,50,,,,,,,,,,,,,,17,,,,,B03,,,1,,2,,,51,51,1,12,4,120.727482,24.251624,3
236,66000,387130000C,(04)23274275,(04)23288582,2025,11,1,17,11,臺中市,大雅區,0,0,0,7,,,0,,,,,,,,,,,,,,,,,,,C03,,,1,,2,,,7,7,1,12,4,120.65049,24.218636,3
237,66000,387130000C,(04)23274275,(04)23288582,2025,11,1,17,18,臺中市,神岡區,0,1,0,7,1,6,50,4,2,1,5,4,6,6,1,1,5,5,5,1,12,3,10,3,1,B03,7,13,1,8,2,4,,76,76,1,12,4,120.701074,24.251317,2
238,66000,387130000C,(04)23274275,(04)23288582,2025,11,1,17,27,臺中市,西屯區,0,1,0,7,1,6,40,4,2,1,5,4,6,6,2,1,1,4,1,2,18,2,9,5,4,C03,7,9,1,10,2,14,,59,59,1,12,4,120.646111,24.164752,2
239,66000,387130000C,(04)23274275,(04)23288582,2025,11,1,17,31,臺中市,中區,0,0,0,7,,,50,,,,,,,,,,,,,,,,,,,B03,,,1,8,1,,,84,84,1,13,4,120.678815,24.147178,3
240,66000,387130000C,(04)23274275,(04)23288582,2025,11,1,17,33,臺中市,北區,0,0,0,7,,,50,,,,,,,,,,,,,,11,,,,,B03,,,1,,1,,,8,8,1,13,4,120.685942,24.152686,3
241,66000,387130000C,(04)23274275,(04)23288582,2025,11,1,17,37,臺中市,豐原區,0,1,0,7,1,6,50,4,7,1,5,4,6,6,2,1,1,2,4,2,16,2,9,6,1,F01,7,6,7,21,2,12,,48,48,1,12,4,120.725208,24.254921,2
242,66000,387130000C,(04)23274275,(04)23288582,2025,11,1,17,41,臺中市,東區,0,0,0,7,,,50,,,,,,,,,,,,,,13,,,,,C03,,,6,,11,,,7,7,1,12,4,120.706924,24.144467,3
243,66000,387130000C,(04)23274275,(04)23288582,2025,11,1,17,42,臺中市,西區,0,0,0,7,,,50,,,,,,,,,,,,,,17,,,,,B03,,,1,,2,,,59,59,1,13,4,120.662027,24.149985,3
244,66000,387130000C,(04)23274275,(04)23288582,2025,11,1,17,44,臺中市,龍井區,0,0,0,7,,,40,,,,,,,,,,,,,,13,,,,,C03,,,1,,1,,,59,59,1,5,4,120.591962,24.183172,3
245,66000,387130000C,(04)23274275,(04)23288582,2025,11,1,17,47,臺中市,大雅區,0,2,0,7,2,6,30,4,2,1,5,4,6,6,1,1,10,5,5,1,10,2,9,2,1,C03,7,9,1,10,2,11,,41,41,1,13,4,120.661121,24.217113,2
246,66000,387130000C,(04)23274275,(04)23288582,2025,11,1,17,48,臺中市,神岡區,0,1,0,7,3,6,50,4,1,1,5,4,6,6,1,1,5,4,4,2,12,3,10,1,1,C03,7,9,1,10,2,11,,7,7,1,13,4,120.658882,24.256911,2
247,66000,387130000C,(04)23274275,(04)23288582,2025,11,1,17,50,臺中市,南屯區,0,0,0,7,,,50,,,,,,,,,,,,,,14,,,,,B03,,,1,,2,,,49,49,1,13,4,120.64359,24.145372,3
248,66000,387130000C,(04)23274275,(04)23288582,2025,11,1,17,59,臺中市,豐原區,0,1,0,7,1,6,40,13,8,1,5,4,6,6,4,4,5,5,4,2,17,2,9,4,4,F01,7,9,7,21,2,11,,84,84,1,12,1,120.732728,24.255565,2
249,66000,387130000C,(04)23274275,(04)23288582,2025,11,1,18,2,臺中市,大里區,0,1,0,7,1,6,50,13,9,1,5,4,6,6,4,4,5,4,4,2,13,2,9,1,1,F01,7,9,7,21,2,11,,7,7,1,3,4,120.692034,24.109564,2
250,66000,387130000C,(04)23274275,(04)23288582,2025,11,1,18,4,臺中市,梧棲區,0,1,0,7,1,6,50,4,1,1,5,4,6,6,1,1,10,5,5,2,16,2,9,1,1,C03,7,6,1,10,2,11,,42,42,1,6,4,120.54228,24.241077,2
251,66000,387130000C,(04)23274275,(04)23288582,2025,11,1,18,7,臺中市,北屯區,0,0,0,7,,,50,,,,,,,,,,,,,,13,,,,,B03,,,1,,1,,,58,58,1,6,4,120.711036,24.175199,3
252,66000,387130000C,(04)23274275,(04)23288582,2025,11,1,18,10,臺中市,南屯區,0,0,0,7,,,50,,,,,,,,,,,,,,,,,,,B03,,,1,,1,,,40,40,1,12,4,120.640558,24.141399,3
253,66000,387130000C,(04)23274275,(04)23288582,2025,11,1,18,16,臺中市,南區,0,0,0,7,,,50,,,,,,,,,,,,,,17,,,,,C02,,,1,,1,,,7,7,1,12,4,120.67504,24.131135,3
254,66000,387130000C,(04)23274275,(04)23288582,2025,11,1,18,16,臺中市,西屯區,0,1,0,7,1,6,50,13,9,1,5,4,6,6,4,4,5,4,5,2,18,2,9,2,4,C03,7,9,1,10,2,16,,59,59,1,12,4,120.632873,24.182754,2
255,66000,387130000C,(04)23274275,(04)23288582,2025,11,1,18,19,臺中市,南區,0,0,0,7,,,50,,,,,,,,,,,,,,17,,,,,C03,,,1,,2,,,8,8,1,12,4,120.655464,24.124055,3
256,66000,387130000C,(04)23274275,(04)23288582,2025,11,1,18,20,臺中市,中區,0,1,0,7,1,6,50,4,1,1,5,4,6,6,4,4,10,5,5,2,16,3,10,3,1,B03,7,6,1,8,2,1,,11,11,1,12,4,120.677111,24.144534,2
257,66000,387130000C,(04)23274275,(04)23288582,2025,11,1,18,21,臺中市,西屯區,0,0,0,7,,,50,,,,,,,,,,,,,,14,,,,,B03,,,1,,1,,,49,49,1,12,4,120.659449,24.163889,3
258,66000,387130000C,(04)23274275,(04)23288582,2025,11,1,18,23,臺中市,北屯區,0,0,0,7,,,50,,,,,,,,,,,,,,13,,,,,B03,,,1,,1,,,59,59,1,12,4,120.665162,24.183603,3
259,66000,387130000C,(04)23274275,(04)23288582,2025,11,1,18,25,臺中市,大雅區,0,0,0,7,,,50,,,,,,,,,,,,,,,,,,,C03,,,1,,1,,,48,48,1,12,4,120.64486,24.22147,3
260,66000,387130000C,(04)23274275,(04)23288582,2025,11,1,18,25,臺中市,西區,0,1,0,6,1,6,50,13,9,1,5,4,6,6,4,4,1,4,5,2,17,2,9,1,1,C03,7,9,1,10,2,11,,8,8,1,12,4,120.656087,24.139904,2
261,66000,387130000C,(04)23274275,(04)23288582,2025,11,1,18,25,臺中市,太平區,0,1,0,7,1,6,50,13,9,1,5,4,6,6,4,4,5,4,5,1,3,2,9,2,1,C03,7,9,1,10,2,14,,84,84,1,12,4,120.715162,24.133445,2
262,66000,387130000C,(04)23274275,(04)23288582,2025,11,1,18,26,臺中市,太平區,0,2,0,7,2,6,50,13,9,1,5,4,6,6,4,4,5,5,5,1,28,2,9,1,1,C03,7,9,1,10,2,11,,87,87,1,12,4,120.727608,24.114974,2
263,66000,387130000C,(04)23274275,(04)23288582,2025,11,1,18,30,臺中市,潭子區,0,0,0,7,,,60,,,,,,,,,,,,,,,,,,,B03,,,1,,2,,,59,59,1,13,4,120.702674,24.197151,3
264,66000,387130000C,(04)23274275,(04)23288582,2025,11,1,18,30,臺中市,西屯區,0,0,0,7,,,50,,,,,,,,,,,,,,16,,,,,B03,,,1,,1,,,87,87,1,13,4,120.636515,24.170774,3
265,66000,387130000C,(04)23274275,(04)23288582,2025,11,1,18,33,臺中市,西屯區,0,2,0,7,1,6,50,4,1,1,5,4,6,6,1,1,10,5,5,2,15,2,9,1,1,C03,7,9,1,10,2,11,,21,21,1,12,4,120.608563,24.169594,2
266,66000,387130000C,(04)23274275,(04)23288582,2025,11,1,18,35,臺中市,大雅區,0,0,0,7,,,30,,,,,,,,,,,,,,,,,,,C03,,,1,,1,,,7,7,1,13,4,120.649808,24.222402,3
267,66000,387130000C,(04)23274275,(04)23288582,2025,11,1,18,35,臺中市,龍井區,0,0,0,7,,,30,,,,,,,,,,,,,,15,,,,,C03,,,1,,2,,,12,12,1,5,4,120.594719,24.186948,3
268,66000,387130000C,(04)23274275,(04)23288582,2025,11,1,18,38,臺中市,西屯區,0,0,0,7,,,50,,,,,,,,,,,,,,12,,,,,B01,,,1,,1,,,40,40,1,12,4,120.653372,24.203622,3
269,66000,387130000C,(04)23274275,(04)23288582,2025,11,1,18,38,臺中市,太平區,0,1,0,7,1,6,50,3,1,1,5,4,6,6,1,1,10,5,5,2,13,2,9,2,1,C03,7,9,1,10,2,11,,7,7,1,12,4,120.733713,24.156941,2
270,66000,387130000C,(04)23274275,(04)23288582,2025,11,1,18,40,臺中市,霧峰區,0,1,0,7,1,6,50,4,1,1,5,4,6,6,1,1,5,4,4,1,13,2,8,2,1,C03,7,6,1,10,2,13,,48,48,1,12,4,120.707442,24.076473,2
271,66000,387130000C,(04)23274275,(04)23288582,2025,11,1,18,43,臺中市,北屯區,0,1,0,7,1,6,50,4,2,1,5,2,5,6,1,1,5,4,5,2,18,2,9,1,1,C03,7,9,1,10,2,12,,5,5,1,6,4,120.717518,24.167481,2
272,66000,387130000C,(04)23274275,(04)23288582,2025,11,1,18,44,臺中市,北屯區,0,0,0,7,,,60,,,,,,,,,,,,,,13,,,,,B03,,,1,,1,,,59,59,1,6,4,120.721139,24.183537,3
273,66000,387130000C,(04)23274275,(04)23288582,2025,11,1,18,45,臺中市,北區,0,1,0,7,1,6,50,13,9,1,5,4,6,6,4,4,5,4,5,2,17,3,10,1,1,C03,7,1,1,10,2,11,,51,51,1,12,4,120.67169,24.155865,2
274,66000,387130000C,(04)23274275,(04)23288582,2025,11,1,18,46,臺中市,新社區,0,0,0,7,,,30,,,,,,,,,,,,,,14,,,,,B03,,,1,,2,,,49,49,1,13,4,120.786214,24.240861,3
275,66000,387130000C,(04)23274275,(04)23288582,2025,11,1,18,50,臺中市,神岡區,0,1,0,7,1,6,50,4,1,1,5,4,6,6,4,4,10,5,5,1,3,3,10,3,1,B03,7,9,1,8,2,4,,10,10,1,12,4,120.653318,24.280656,2
276,66000,387130000C,(04)23274275,(04)23288582,2025,11,1,18,54,臺中市,霧峰區,0,0,0,7,,,50,,,,,,,,,,,,,,,,,,,B12,,,1,,2,,,51,51,1,6,4,120.694943,24.044534,3
277,66000,387130000C,(04)23274275,(04)23288582,2025,11,1,18,55,臺中市,大甲區,0,0,0,7,,,50,,,,,,,,,,,,,,,,,,,B03,,,1,,1,,,7,7,1,6,4,120.630397,24.340156,3
278,66000,387130000C,(04)23274275,(04)23288582,2025,11,1,18,57,臺中市,西屯區,0,1,0,7,1,6,50,4,1,1,5,4,6,6,1,1,10,5,5,2,30,,,,,,,,,,,,,119,119,1,,,120.632481,24.182811,2
279,66000,387130000C,(04)23274275,(04)23288582,2025,11,1,18,58,臺中市,西屯區,0,0,0,7,,,40,,,,,,,,,,,,,,12,,,,,B03,,,1,,1,,,8,8,1,12,4,120.64132,24.156387,3
280,66000,387130000C,(04)23274275,(04)23288582,2025,11,1,19,6,臺中市,后里區,0,0,0,7,1,6,50,4,1,1,5,4,6,6,1,1,3,4,4,2,13,,,,,B03,,,1,,2,,,59,59,1,6,4,120.701889,24.324239,3
281,66000,387130000C,(04)23274275,(04)23288582,2025,11,1,19,13,臺中市,西區,0,0,0,7,,,50,,,,,,,,,,,,,,17,,,,,B03,,,1,,2,,,47,47,1,13,4,120.658985,24.146657,3
282,66000,387130000C,(04)23274275,(04)23288582,2025,11,1,19,17,臺中市,清水區,0,0,0,7,,,30,,,,,,,,,,,,,,11,,,,,B03,,,1,,1,,,8,8,1,13,4,120.589467,24.292338,3
283,66000,387130000C,(04)23274275,(04)23288582,2025,11,1,19,18,臺中市,太平區,0,0,0,7,,,50,,,,,,,,,,,,,,19,,,,,B03,,,1,,1,,,51,51,1,13,4,120.712128,24.149957,3
284,66000,387130000C,(04)23274275,(04)23288582,2025,11,1,19,30,臺中市,南屯區,0,0,0,7,,,50,,,,,,,,,,,,,,,,,,,C03,,,1,,9,,,87,87,1,12,4,120.646734,24.136275,3
285,66000,387130000C,(04)23274275,(04)23288582,2025,11,1,19,45,臺中市,西屯區,0,0,0,7,,,50,,,,,,,,,,,,,,17,,,,,B03,,,1,,1,,,7,7,1,13,4,120.6335,24.165967,3
286,66000,387130000C,(04)23274275,(04)23288582,2025,11,1,19,49,臺中市,北區,0,0,0,7,,,50,,,,,,,,,,,,,,13,,,,,B03,,,3,,2,,,7,7,1,13,4,120.670378,24.162272,3
287,66000,387130000C,(04)23274275,(04)23288582,2025,11,1,19,49,臺中市,霧峰區,0,1,0,7,1,6,50,13,9,1,5,4,6,6,4,4,5,5,5,1,13,3,10,1,1,C03,7,9,1,10,2,12,,7,7,1,12,4,120.699792,24.064212,2
288,66000,387130000C,(04)23274275,(04)23288582,2025,11,1,19,51,臺中市,大甲區,0,0,0,7,,,50,,,,,,,,,,,,,,13,,,,,B03,,,1,,2,,,56,56,1,6,4,120.627714,24.351119,3
289,66000,387130000C,(04)23274275,(04)23288582,2025,11,1,20,0,臺中市,西區,0,1,0,7,3,6,40,13,8,1,5,4,6,6,4,4,10,5,1,2,13,3,10,2,1,C03,7,9,1,10,1,11,,7,7,1,12,4,120.658789,24.156918,2
290,66000,387130000C,(04)23274275,(04)23288582,2025,11,1,20,5,臺中市,豐原區,0,0,0,7,,,50,,,,,,,,,,,,,,17,,,,,B03,,,1,,2,,,59,59,1,6,4,120.702604,24.24923,3
291,66000,387130000C,(04)23274275,(04)23288582,2025,11,1,20,6,臺中市,南屯區,0,1,0,7,1,6,50,4,1,1,5,4,6,6,1,1,10,5,5,2,13,2,9,3,1,B01,7,6,1,4,9,1,,84,84,1,13,4,120.623028,24.144953,2
292,66000,387130000C,(04)23274275,(04)23288582,2025,11,1,20,6,臺中市,北屯區,0,0,0,7,,,50,,,,,,,,,,,,,,14,,,,,B03,,,1,,2,,,49,49,1,12,4,120.688161,24.189335,3
293,66000,387130000C,(04)23274275,(04)23288582,2025,11,1,20,13,臺中市,沙鹿區,0,0,0,7,,,40,,,,,,,,,,,,,,,,,,,C03,,,1,,2,,,59,59,1,6,4,120.567597,24.203822,3
294,66000,387130000C,(04)23274275,(04)23288582,2025,11,1,20,19,臺中市,西屯區,0,0,0,7,,,50,,,,,,,,,,,,,,13,,,,,B03,,,1,,1,,,59,59,1,12,4,120.640218,24.173906,3
295,66000,387130000C,(04)23274275,(04)23288582,2025,11,1,20,20,臺中市,西區,0,0,0,6,,,30,,,,,,,,,,,,,,,,,,,B03,,,1,,1,,,84,84,1,12,4,120.66515,24.153247,3
296,66000,387130000C,(04)23274275,(04)23288582,2025,11,1,20,21,臺中市,東區,0,1,0,7,1,6,50,4,1,1,5,4,6,6,1,1,10,5,5,2,16,3,10,3,1,B03,7,6,1,8,2,6,,11,11,1,13,4,120.701456,24.138879,2
297,66000,387130000C,(04)23274275,(04)23288582,2025,11,1,20,33,臺中市,北屯區,0,0,0,7,,,50,,,,,,,,,,,,,,14,,,,,B03,,,1,,9,,,49,49,1,12,4,120.701635,24.179801,3
298,66000,387130000C,(04)23274275,(04)23288582,2025,11,1,20,36,臺中市,大里區,0,1,0,7,1,6,50,13,9,1,5,4,6,6,4,4,5,5,5,2,17,2,8,1,1,C03,7,11,1,10,2,11,,32,32,1,12,4,120.698084,24.094125,2
299,66000,387130000C,(04)23274275,(04)23288582,2025,11,1,21,6,臺中市,西屯區,0,1,0,7,1,6,50,4,1,1,5,4,6,6,1,1,10,5,5,2,13,2,9,5,4,C03,7,9,1,10,2,11,,59,59,1,12,4,120.622594,24.174775,2
300,66000,387130000C,(04)23274275,(04)23288582,2025,11,1,21,7,臺中市,大里區,0,3,0,7,1,6,50,13,9,1,5,4,6,6,4,4,5,5,5,1,13,2,9,1,1,C03,7,9,1,10,2,15,,7,7,1,6,4,120.704834,24.087845,2
301,66000,387130000C,(04)23274275,(04)23288582,2025,11,1,21,13,臺中市,太平區,0,1,0,6,1,6,50,13,9,1,5,4,6,6,4,4,5,4,5,1,17,2,9,1,1,C03,7,9,1,10,2,12,,84,84,1,12,4,120.712664,24.157572,2
302,66000,387130000C,(04)23274275,(04)23288582,2025,11,1,21,22,臺中市,北區,0,1,0,7,1,6,50,4,2,1,5,4,6,6,1,1,5,4,5,2,17,2,9,1,1,C03,7,9,1,10,2,14,,84,84,1,12,4,120.686037,24.146672,2
303,66000,387130000C,(04)23274275,(04)23288582,2025,11,1,21,26,臺中市,北屯區,0,2,0,7,1,6,50,3,2,1,5,4,6,6,1,1,1,4,4,2,16,2,4,3,1,B03,7,7,1,8,2,5,,40,40,1,6,4,120.660865,24.191297,2
304,66000,387130000C,(04)23274275,(04)23288582,2025,11,1,21,30,臺中市,新社區,0,0,0,7,,,50,,,,,,,,,,,,,,,,,,,B03,,,1,,2,,,8,8,1,12,4,120.809072,24.24113,3
305,66000,387130000C,(04)23274275,(04)23288582,2025,11,1,21,31,臺中市,北屯區,0,1,0,7,1,6,50,4,1,1,5,4,6,6,2,1,1,5,4,2,13,3,10,3,1,B03,7,9,1,8,2,1,,7,7,1,12,4,120.721072,24.174065,2
306,66000,387130000C,(04)23274275,(04)23288582,2025,11,1,21,40,臺中市,豐原區,0,1,0,7,2,6,50,4,1,1,5,4,6,6,1,1,5,5,5,2,16,3,10,2,1,C03,7,6,1,10,2,12,,48,48,1,12,4,120.719171,24.248174,2
307,66000,387130000C,(04)23274275,(04)23288582,2025,11,1,21,41,臺中市,梧棲區,0,0,0,7,,,50,,,,,,,,,,,,,,17,,,,,C03,,,1,,2,,,87,87,1,6,4,120.530153,24.253827,3
308,66000,387130000C,(04)23274275,(04)23288582,2025,11,1,21,43,臺中市,大甲區,0,1,0,7,1,6,30,13,9,1,5,4,6,6,4,4,10,5,5,2,27,2,2,3,1,B03,7,9,1,8,2,5,,59,59,1,6,4,120.622459,24.360104,2
309,66000,387130000C,(04)23274275,(04)23288582,2025,11,1,21,51,臺中市,豐原區,0,0,0,7,,,50,,,,,,,,,,,,,,13,,,,,B12,,,1,,2,,,84,84,1,12,4,120.701964,24.245219,3
310,66000,387130000C,(04)23274275,(04)23288582,2025,11,1,22,7,臺中市,北屯區,0,0,0,7,,,30,,,,,,,,,,,,,,11,,,,,B03,,,1,,1,,,59,59,1,12,4,120.680044,24.19099,3
311,66000,387130000C,(04)23274275,(04)23288582,2025,11,1,22,15,臺中市,北區,0,0,0,7,,,50,,,,,,,,,,,,,,,,,,,C03,,,1,,1,,,7,7,1,13,4,120.680847,24.149536,3
312,66000,387130000C,(04)23274275,(04)23288582,2025,11,1,22,20,臺中市,西屯區,0,1,0,7,1,6,50,4,1,1,5,4,6,6,2,1,10,5,5,2,16,3,10,5,4,B03,7,11,1,8,2,2,,84,84,1,12,4,120.636603,24.171149,2
313,66000,387130000C,(04)23274275,(04)23288582,2025,11,1,22,25,臺中市,南屯區,0,0,0,7,1,6,50,13,9,1,5,4,6,6,4,4,9,5,5,2,12,,,,,B03,,,1,,9,,,84,84,2,12,4,120.61524,24.150025,3
314,66000,387130000C,(04)23274275,(04)23288582,2025,11,1,22,35,臺中市,北區,0,3,0,7,1,6,50,4,2,1,5,4,6,6,2,1,10,5,5,2,12,2,9,2,1,C03,7,9,1,10,2,12,,7,7,1,13,4,120.682197,24.158928,2
315,66000,387130000C,(04)23274275,(04)23288582,2025,11,1,22,35,臺中市,北屯區,0,1,0,7,1,6,50,4,2,1,5,4,6,6,1,1,5,5,4,2,13,3,10,3,1,B03,7,9,3,19,2,5,,84,84,1,12,4,120.682456,24.195159,2
316,66000,387130000C,(04)23274275,(04)23288582,2025,11,1,22,46,臺中市,東區,0,0,0,7,,,50,,,,,,,,,,,,,,17,,,,,C03,,,1,,2,,,84,84,1,6,4,120.687427,24.135123,3
317,66000,387130000C,(04)23274275,(04)23288582,2025,11,1,23,8,臺中市,北區,0,1,0,7,1,6,50,13,7,1,5,4,6,6,4,4,5,4,4,2,18,2,9,1,1,C03,7,9,1,10,2,12,,84,84,1,12,4,120.676226,24.159202,2
318,66000,387130000C,(04)23274275,(04)23288582,2025,11,1,23,9,臺中市,南區,0,2,0,7,3,6,50,4,1,1,5,4,6,6,1,1,10,5,5,2,15,2,8,5,4,C03,7,9,1,10,2,11,,21,21,1,12,4,120.657782,24.108938,2
319,66000,387130000C,(04)23274275,(04)23288582,2025,11,1,23,33,臺中市,大里區,0,0,0,7,1,6,30,3,1,1,5,4,6,6,4,4,10,5,5,2,16,,,,,B03,,,1,,2,,,14,14,1,13,4,120.709131,24.111253,3
320,66000,387130000C,(04)23274275,(04)23288582,2025,11,1,23,44,臺中市,西屯區,0,0,0,7,,,50,,,,,,,,,,,,,,15,,,,,C03,,,1,,1,,,21,21,1,13,4,120.660102,24.164309,3
321,66000,387130000C,(04)23274275,(04)23288582,2025,11,1,23,55,臺中市,龍井區,0,0,0,7,,,30,,,,,,,,,,,,,,,,,,,B03,,,1,,2,,,59,59,1,6,4,120.538947,24.192839,3
322,66000,387130000C,(04)23274275,(04)23288582,2025,11,2,0,6,臺中市,北屯區,0,0,0,7,,,50,,,,,,,,,,,,,,17,,,,,A05,,,1,,9,,,8,8,1,6,4,120.680703,24.172843,3
323,66000,387130000C,(04)23274275,(04)23288582,2025,11,2,0,15,臺中市,大肚區,0,1,0,7,1,6,30,3,1,1,5,4,6,6,4,4,10,5,5,2,16,2,9,1,1,C03,7,6,1,10,2,14,,14,14,1,6,4,120.574257,24.16815,2
324,66000,387130000C,(04)23274275,(04)23288582,2025,11,2,0,59,臺中市,南屯區,0,1,0,7,1,6,40,13,8,1,5,4,6,6,4,4,1,5,4,2,18,2,9,6,4,F01,7,9,7,21,2,11,,84,84,1,6,1,120.586319,24.141545,2
325,66000,387130000C,(04)23274275,(04)23288582,2025,11,2,1,49,臺中市,大肚區,0,0,0,7,,,50,,,,,,,,,,,,,,13,,,,,B03,,,3,,11,,,7,7,1,13,4,120.578083,24.166619,3
326,66000,387130000C,(04)23274275,(04)23288582,2025,11,2,2,6,臺中市,西屯區,0,0,0,7,,,50,,,,,,,,,,,,,,21,,,,,B03,,,1,,2,,,61,61,1,12,4,120.636504,24.171683,3
327,66000,387130000C,(04)23274275,(04)23288582,2025,11,2,2,10,臺中市,清水區,0,1,0,7,1,6,50,3,1,1,5,4,6,6,3,1,5,5,4,2,17,3,10,3,1,B03,7,6,1,8,2,8,,24,24,1,12,4,120.55525,24.263176,2
328,66000,387130000C,(04)23274275,(04)23288582,2025,11,2,2,36,臺中市,北區,0,0,0,7,,,50,,,,,,,,,,,,,,,,,,,B02,,,1,,2,,,84,84,1,12,4,120.677776,24.150185,3
329,66000,387130000C,(04)23274275,(04)23288582,2025,11,2,2,40,臺中市,北區,0,1,0,7,1,6,50,13,9,1,5,4,6,6,4,4,9,4,5,2,17,2,9,1,1,C03,7,9,1,10,2,11,,59,59,1,12,4,120.673217,24.155693,2
330,66000,387130000C,(04)23274275,(04)23288582,2025,11,2,2,42,臺中市,南區,0,2,0,7,1,6,50,4,1,1,5,4,6,6,2,1,3,2,4,2,12,2,9,2,1,C03,7,9,1,10,2,11,,84,84,1,13,4,120.663897,24.124894,2
331,66000,387130000C,(04)23274275,(04)23288582,2025,11,2,3,8,臺中市,西屯區,1,1,0,7,1,6,40,13,8,1,5,4,6,6,4,4,1,4,1,2,23,2,9,1,4,C03,7,9,2,19,2,15,,84,84,1,13,4,120.646099,24.200973,1
332,66000,387130000C,(04)23274275,(04)23288582,2025,11,2,4,24,臺中市,豐原區,0,0,0,6,,,50,,,,,,,,,,,,,,13,,,,,B12,,,1,,1,,,56,56,1,12,4,120.706392,24.24837,3
333,66000,387130000C,(04)23274275,(04)23288582,2025,11,2,4,37,臺中市,大甲區,0,0,0,7,,,50,,,,,,,,,,,,,,8,,,,,B03,,,1,,1,,,8,8,2,13,4,120.632044,24.357104,3
334,66000,387130000C,(04)23274275,(04)23288582,2025,11,2,5,15,臺中市,東區,0,2,0,7,1,6,50,4,1,1,5,4,6,6,4,4,10,5,5,2,3,2,9,5,4,C03,7,9,1,9,2,11,,84,84,1,12,4,120.698054,24.144682,2
335,66000,387130000C,(04)23274275,(04)23288582,2025,11,2,5,22,臺中市,霧峰區,0,2,0,6,3,6,30,3,1,1,4,4,6,6,1,1,10,5,5,2,16,2,9,1,1,C03,7,6,1,10,2,14,,23,23,1,13,4,120.710833,24.079157,2
336,66000,387130000C,(04)23274275,(04)23288582,2025,11,2,5,50,臺中市,西屯區,0,0,0,7,,,50,,,,,,,,,,,,,,9,,,,,A05,,,1,,2,,,59,59,1,12,4,120.655392,24.174372,3
337,66000,387130000C,(04)23274275,(04)23288582,2025,11,2,5,51,臺中市,大里區,0,1,0,6,3,6,50,13,9,1,5,4,6,6,4,4,1,4,4,1,30,,,,,,,,,,,,,119,119,1,,,120.695248,24.088916,2
338,66000,387130000C,(04)23274275,(04)23288582,2025,11,2,5,56,臺中市,南屯區,1,0,0,7,2,6,50,4,1,1,5,4,6,6,2,1,5,4,4,2,15,1,9,2,1,C03,7,9,1,10,2,11,,24,24,1,12,4,120.641382,24.133396,1
339,66000,387130000C,(04)23274275,(04)23288582,2025,11,2,6,32,臺中市,西區,0,1,0,7,2,6,50,13,9,1,5,4,6,6,4,4,5,5,5,2,17,2,9,1,1,C03,7,1,1,10,1,14,,51,51,1,12,4,120.67267,24.152307,2
340,66000,387130000C,(04)23274275,(04)23288582,2025,11,2,6,36,臺中市,豐原區,0,1,0,7,2,6,50,4,1,1,5,4,6,6,1,1,10,5,5,2,17,3,10,3,1,B12,7,9,1,3,2,2,,21,21,1,13,4,120.724223,24.230496,2
341,66000,387130000C,(04)23274275,(04)23288582,2025,11,2,6,43,臺中市,大甲區,0,0,0,7,,,30,,,,,,,,,,,,,,30,,,,,B03,,,1,,9,,,84,84,1,6,4,120.641461,24.408978,3