序號,縣市別代碼,機關代碼,市話,傳真,年,月,日,時,分,縣市,區,死亡數量,受傷數量,2-30,天候,道路照明設備,道路類別,道路速限,道路型態,事故位置,路面鋪裝,路面狀態,路面缺陷,障礙物,視距,號誌種類,號誌動作,分向設施,快車道或一般車道間,快慢車道間,路面邊線,事故類型及型態,受傷程度,主要傷處,保護裝備,行動電話或功能裝置,當事者區分(類別),車輛用途,當事者行動狀態,駕照狀態,駕照種類,飲酒情形,車輛撞擊部位最初,車輛撞擊部位其他,肇事因素個別,肇事因素主要,肇事逃逸,職業,共享經濟或外送平台,GPS座標X,GPS座標Y,事故類別
342,66000,387130000C,(04)23274275,(04)23288582,2025,11,2,7,7,臺中市,霧峰區,0,1,0,7,2,6,50,3,1,1,5,4,6,6,1,1,10,5,5,2,16,2,9,1,1,C03,7,6,3,19,11,14,,25,25,1,12,4,120.70017,24.07499,2
343,66000,387130000C,(04)23274275,(04)23288582,2025,11,2,7,8,臺中市,太平區,0,2,0,7,2,6,50,4,1,1,5,4,6,6,1,1,5,4,5,1,13,3,10,3,1,B03,7,9,1,1,2,5,,7,7,1,12,4,120.723841,24.133971,2
344,66000,387130000C,(04)23274275,(04)23288582,2025,11,2,7,24,臺中市,北屯區,0,0,0,7,,,40,,,,,,,,,,,,,,12,,,,,C03,,,1,,1,,,40,40,1,6,4,120.730588,24.177203,3
345,66000,387130000C,(04)23274275,(04)23288582,2025,11,2,7,32,臺中市,南屯區,0,0,0,7,,,40,,,,,,,,,,,,,,12,,,,,B03,,,1,,2,,,25,25,1,12,4,120.62339,24.1497,3
346,66000,387130000C,(04)23274275,(04)23288582,2025,11,2,7,47,臺中市,大里區,0,1,0,7,2,6,50,4,1,1,5,4,6,6,4,4,10,5,5,2,17,2,9,5,4,C03,7,9,1,10,2,12,,84,84,1,13,4,120.693801,24.091876,2
347,66000,387130000C,(04)23274275,(04)23288582,2025,11,2,7,48,臺中市,北屯區,0,0,0,7,,,50,,,,,,,,,,,,,,,,,,,B03,,,1,,9,,,49,49,1,13,4,120.718644,24.172186,3
348,66000,387130000C,(04)23274275,(04)23288582,2025,11,2,7,59,臺中市,西屯區,0,3,0,7,2,6,50,3,1,1,5,4,6,6,4,4,10,5,5,2,12,2,9,5,1,C03,7,7,1,10,11,12,,8,8,1,12,4,120.652283,24.205667,2
349,66000,387130000C,(04)23274275,(04)23288582,2025,11,2,8,3,臺中市,西屯區,0,1,0,7,2,6,50,13,8,1,5,4,6,6,4,4,1,4,4,2,12,3,10,3,1,B03,7,7,1,8,2,2,,40,40,1,12,4,120.641082,24.173709,2
350,66000,387130000C,(04)23274275,(04)23288582,2025,11,2,8,11,臺中市,東區,0,0,0,7,,,50,,,,,,,,,,,,,,,,,,,C03,,,1,,1,,,45,45,1,6,2,120.701979,24.142706,3
351,66000,387130000C,(04)23274275,(04)23288582,2025,11,2,8,11,臺中市,豐原區,0,0,0,7,,,60,,,,,,,,,,,,,,17,,,,,B12,,,1,,2,,,7,7,1,6,4,120.720043,24.236694,3
352,66000,387130000C,(04)23274275,(04)23288582,2025,11,2,8,15,臺中市,西屯區,0,1,0,7,2,6,50,3,2,1,5,4,6,6,2,1,10,3,5,2,13,2,9,5,4,C03,7,9,1,10,2,11,,7,7,1,13,4,120.654004,24.168311,2
353,66000,387130000C,(04)23274275,(04)23288582,2025,11,2,8,36,臺中市,南屯區,0,3,0,6,2,6,50,3,2,1,5,4,6,6,4,4,10,5,5,2,17,2,5,1,1,C03,7,6,3,19,2,11,,14,14,1,6,4,120.611822,24.13827,2
354,66000,387130000C,(04)23274275,(04)23288582,2025,11,2,8,36,臺中市,太平區,0,0,0,7,,,30,,,,,,,,,,,,,,16,,,,,C03,,,1,,1,,,51,51,1,12,4,120.726107,24.135225,3
355,66000,387130000C,(04)23274275,(04)23288582,2025,11,2,8,48,臺中市,東區,0,0,0,7,,,50,,,,,,,,,,,,,,13,,,,,B03,,,1,,1,,,7,7,1,6,4,120.687537,24.140092,3
356,66000,387130000C,(04)23274275,(04)23288582,2025,11,2,8,53,臺中市,豐原區,0,0,0,7,,,50,,,,,,,,,,,,,,,,,,,B03,,,1,,2,,,84,84,1,13,4,120.718799,24.248161,3
357,66000,387130000C,(04)23274275,(04)23288582,2025,11,2,9,0,臺中市,大里區,0,0,0,7,,,50,,,,,,,,,,,,,,13,,,,,C03,,,3,,2,,,59,59,1,13,4,120.69236,24.102267,3
358,66000,387130000C,(04)23274275,(04)23288582,2025,11,2,9,0,臺中市,霧峰區,0,0,0,7,,,50,,,,,,,,,,,,,,17,,,,,B03,,,1,,11,,,50,50,1,12,4,120.698945,24.067311,3
359,66000,387130000C,(04)23274275,(04)23288582,2025,11,2,9,17,臺中市,北區,0,0,0,7,,,50,,,,,,,,,,,,,,17,,,,,B03,,,1,,1,,,7,7,1,13,4,120.676316,24.163081,3
360,66000,387130000C,(04)23274275,(04)23288582,2025,11,2,9,20,臺中市,沙鹿區,0,0,0,7,,,40,,,,,,,,,,,,,,,,,,,B03,,,1,,2,,,49,49,1,12,4,120.559772,24.236877,3
361,66000,387130000C,(04)23274275,(04)23288582,2025,11,2,9,22,臺中市,霧峰區,0,0,0,7,,,30,,,,,,,,,,,,,,,,,,,C03,,,1,,2,,,8,8,1,12,4,120.700338,24.066593,3
362,66000,387130000C,(04)23274275,(04)23288582,2025,11,2,9,39,臺中市,神岡區,0,0,0,7,,,40,,,,,,,,,,,,,,16,,,,,B03,,,1,,2,,,12,12,1,13,4,120.678253,24.247528,3
363,66000,387130000C,(04)23274275,(04)23288582,2025,11,2,9,43,臺中市,潭子區,0,1,0,7,3,6,50,12,13,1,5,4,6,6,4,4,5,5,5,1,18,2,9,4,1,F01,7,9,7,21,9,14,,84,84,1,13,4,120.698014,24.223267,2
364,66000,387130000C,(04)23274275,(04)23288582,2025,11,2,9,46,臺中市,南屯區,0,2,0,7,2,6,50,5,2,1,5,4,6,6,1,1,10,5,5,2,18,2,9,1,1,C03,7,15,1,10,2,16,,59,59,1,12,4,120.637818,24.142107,2
365,66000,387130000C,(04)23274275,(04)23288582,2025,11,2,9,46,臺中市,西屯區,0,2,0,7,2,6,30,4,1,1,5,4,6,6,4,4,10,5,5,2,17,2,9,1,1,C03,7,9,1,10,2,12,,15,15,1,13,4,120.659006,24.163107,2
366,66000,387130000C,(04)23274275,(04)23288582,2025,11,2,9,52,臺中市,北區,0,1,0,7,2,6,50,3,1,1,5,4,6,6,4,4,10,5,5,2,17,2,9,5,4,B03,7,1,1,10,2,7,,51,51,1,13,4,120.693491,24.155255,2
367,66000,387130000C,(04)23274275,(04)23288582,2025,11,2,9,52,臺中市,大甲區,0,0,0,7,,,50,,,,,,,,,,,,,,,,,,,B03,,,1,,1,,,49,49,1,6,4,120.623627,24.349654,3
368,66000,387130000C,(04)23274275,(04)23288582,2025,11,2,9,53,臺中市,西屯區,0,2,0,7,2,6,40,4,1,1,5,4,6,6,2,1,10,5,5,2,12,2,8,1,1,C03,7,7,1,10,2,12,14,8,8,1,12,4,120.653258,24.160817,2
369,66000,387130000C,(04)23274275,(04)23288582,2025,11,2,10,1,臺中市,西區,0,0,0,7,,,30,,,,,,,,,,,,,,9,,,,,B12,,,1,,1,,,73,73,1,13,4,120.658362,24.137221,3
370,66000,387130000C,(04)23274275,(04)23288582,2025,11,2,10,4,臺中市,中區,0,1,0,7,1,6,50,4,1,1,5,4,6,6,1,1,10,5,5,1,9,3,10,5,4,B03,7,6,1,8,2,1,,10,10,1,12,4,120.680613,24.146958,2
371,66000,387130000C,(04)23274275,(04)23288582,2025,11,2,10,5,臺中市,西屯區,0,1,0,7,2,6,50,4,1,1,5,4,6,6,1,1,10,5,5,2,15,2,9,5,1,C03,7,9,1,10,2,14,,21,21,1,12,4,120.634613,24.164953,2
372,66000,387130000C,(04)23274275,(04)23288582,2025,11,2,10,7,臺中市,大雅區,0,0,0,7,,,50,,,,,,,,,,,,,,,,,,,B03,,,1,,1,,,7,7,1,13,4,120.649642,24.216252,3
373,66000,387130000C,(04)23274275,(04)23288582,2025,11,2,10,8,臺中市,新社區,0,0,0,7,,,30,,,,,,,,,,,,,,,,,,,B03,,,1,,1,,,8,8,1,12,4,120.796975,24.193603,3
374,66000,387130000C,(04)23274275,(04)23288582,2025,11,2,10,15,臺中市,太平區,0,3,0,7,2,6,50,3,2,1,5,4,6,6,4,4,5,2,4,1,16,2,8,1,1,C03,7,5,1,10,2,14,,13,13,1,12,4,120.735105,24.125415,2
375,66000,387130000C,(04)23274275,(04)23288582,2025,11,2,10,18,臺中市,豐原區,0,1,0,7,2,6,50,5,1,1,5,4,6,6,2,1,5,2,4,1,15,2,9,1,1,C03,7,9,1,10,2,11,,87,87,1,12,4,120.720237,24.240444,2
376,66000,387130000C,(04)23274275,(04)23288582,2025,11,2,10,20,臺中市,北屯區,0,0,0,7,,,0,,,,,,,,,,,,,,12,,,,,C03,,,1,10,1,,,50,50,1,6,4,120.669603,24.176606,3
377,66000,387130000C,(04)23274275,(04)23288582,2025,11,2,10,20,臺中市,北屯區,0,1,0,7,3,6,30,11,9,1,5,4,6,6,4,4,10,5,5,2,11,3,10,3,1,A12,7,15,1,7,2,4,,6,6,1,6,4,120.764411,24.184679,2
378,66000,387130000C,(04)23274275,(04)23288582,2025,11,2,10,22,臺中市,清水區,0,0,0,7,,,50,,,,,,,,,,,,,,,,,,,,,,,,,,,119,119,1,,,120.574806,24.272011,3
379,66000,387130000C,(04)23274275,(04)23288582,2025,11,2,10,26,臺中市,北屯區,0,0,0,7,,,40,,,,,,,,,,,,,,17,,,,,,,,,,,,,119,119,1,,,120.691746,24.162777,4
380,66000,387130000C,(04)23274275,(04)23288582,2025,11,2,10,28,臺中市,北屯區,0,1,0,7,3,6,50,4,1,1,5,4,6,6,4,4,10,5,5,2,17,3,10,4,1,B03,7,14,1,8,2,4,,76,76,1,6,4,120.672126,24.175637,2
381,66000,387130000C,(04)23274275,(04)23288582,2025,11,2,10,51,臺中市,南區,0,2,0,7,2,6,50,4,1,1,5,4,6,6,2,1,10,5,5,2,15,2,9,1,1,F03,7,9,7,21,2,11,,21,21,1,12,4,120.673,24.131266,2
382,66000,387130000C,(04)23274275,(04)23288582,2025,11,2,10,51,臺中市,南區,0,1,0,7,3,6,50,4,9,1,5,4,6,6,2,1,5,5,5,2,14,3,10,5,4,B03,7,2,1,8,2,8,,49,49,1,6,4,120.681897,24.133974,2
383,66000,387130000C,(04)23274275,(04)23288582,2025,11,2,10,56,臺中市,東區,0,0,0,7,,,50,,,,,,,,,,,,,,,,,,,B03,,,1,,1,,,7,7,1,6,4,120.693771,24.140581,3
384,66000,387130000C,(04)23274275,(04)23288582,2025,11,2,11,2,臺中市,大甲區,0,2,0,7,2,6,50,13,9,1,5,4,6,6,4,4,9,5,5,1,17,2,9,2,1,C03,7,1,3,19,2,11,,51,51,1,6,4,120.624865,24.349241,2
385,66000,387130000C,(04)23274275,(04)23288582,2025,11,2,11,3,臺中市,神岡區,0,2,0,7,1,6,50,4,1,1,5,4,6,6,4,4,5,5,5,1,16,2,1,1,4,F03,7,6,7,21,2,12,,39,39,1,12,4,120.659909,24.272307,2
386,66000,387130000C,(04)23274275,(04)23288582,2025,11,2,11,10,臺中市,清水區,0,2,0,7,3,6,50,4,1,1,5,4,1,6,1,1,1,4,5,1,17,2,9,2,1,C03,7,9,1,10,2,14,,21,21,1,12,4,120.561063,24.26727,2
387,66000,387130000C,(04)23274275,(04)23288582,2025,11,2,11,12,臺中市,太平區,0,2,0,7,2,6,50,5,1,1,5,4,6,6,1,1,3,4,4,1,16,2,9,2,1,C03,7,1,1,10,2,11,,51,51,1,12,4,120.713093,24.143591,2
388,66000,387130000C,(04)23274275,(04)23288582,2025,11,2,11,16,臺中市,南區,0,2,0,7,3,6,50,4,19,1,5,4,6,6,2,1,10,5,5,2,3,3,10,3,1,B03,7,6,1,8,2,1,,10,10,1,6,4,120.667553,24.128048,2
389,66000,387130000C,(04)23274275,(04)23288582,2025,11,2,11,24,臺中市,西屯區,0,1,0,7,2,6,50,3,1,1,5,4,6,6,2,1,10,5,5,2,16,3,10,5,4,B03,7,6,1,8,2,2,,84,84,1,13,4,120.628603,24.162931,2
390,66000,387130000C,(04)23274275,(04)23288582,2025,11,2,11,25,臺中市,北屯區,0,2,0,7,3,6,40,13,8,1,5,4,6,6,4,4,3,4,4,2,17,2,9,4,1,F01,7,9,7,21,1,12,,8,8,1,12,4,120.68657,24.188843,2
391,66000,387130000C,(04)23274275,(04)23288582,2025,11,2,11,27,臺中市,北區,0,0,0,7,,,30,,,,,,,,,,,,,,16,,,,,B03,,,1,,1,,,14,14,1,13,4,120.670034,24.168758,3
392,66000,387130000C,(04)23274275,(04)23288582,2025,11,2,11,32,臺中市,大甲區,0,1,0,7,3,6,50,3,1,1,5,4,6,6,1,1,10,5,5,2,17,3,10,3,1,B03,7,5,1,8,2,2,,11,11,1,6,4,120.639486,24.363147,2
393,66000,387130000C,(04)23274275,(04)23288582,2025,11,2,11,33,臺中市,南區,0,1,0,7,3,6,50,4,9,1,5,4,6,6,4,4,5,5,5,2,16,3,10,5,4,B03,7,6,1,8,2,5,,14,14,1,6,4,120.671781,24.116649,2
394,66000,387130000C,(04)23274275,(04)23288582,2025,11,2,11,35,臺中市,大里區,0,1,0,7,2,6,50,4,1,1,5,4,6,6,1,1,10,5,5,2,17,3,10,5,4,C03,7,6,1,10,2,13,,84,84,1,13,4,120.701575,24.096124,2
395,66000,387130000C,(04)23274275,(04)23288582,2025,11,2,11,42,臺中市,霧峰區,0,0,0,7,2,6,50,13,9,1,5,4,6,6,4,4,5,5,5,1,13,,,,,B03,,,1,,2,,,59,59,1,6,4,120.702633,24.069957,3
396,66000,387130000C,(04)23274275,(04)23288582,2025,11,2,11,50,臺中市,西區,0,0,0,7,,,30,,,,,,,,,,,,,,30,,,,,B11,,,1,,1,,,84,84,1,12,4,120.656306,24.152075,3
397,66000,387130000C,(04)23274275,(04)23288582,2025,11,2,11,50,臺中市,大甲區,0,1,0,7,2,6,30,4,1,1,5,4,6,6,4,4,10,5,5,2,15,3,10,3,1,B03,7,9,1,8,4,5,,15,15,1,6,4,120.651143,24.379099,2
398,66000,387130000C,(04)23274275,(04)23288582,2025,11,2,11,51,臺中市,北屯區,0,1,0,7,3,6,50,13,7,1,5,4,6,6,4,4,5,5,4,2,13,2,8,2,1,C03,7,9,1,10,2,11,,7,7,1,6,4,120.666973,24.178313,2
399,66000,387130000C,(04)23274275,(04)23288582,2025,11,2,11,53,臺中市,大里區,0,0,0,7,,,50,,,,,,,,,,,,,,13,,,,,C03,,,1,,2,,,7,7,1,13,4,120.69904,24.110236,3
400,66000,387130000C,(04)23274275,(04)23288582,2025,11,2,11,55,臺中市,清水區,0,1,0,7,3,6,30,3,2,1,5,4,6,1,4,4,10,5,5,2,17,2,8,1,1,C03,7,9,1,10,2,16,,84,84,1,12,4,120.564354,24.273539,2
401,66000,387130000C,(04)23274275,(04)23288582,2025,11,2,12,0,臺中市,東區,0,0,0,7,,,50,,,,,,,,,,,,,,17,,,,,,,,,,,,,85,85,1,,,120.707119,24.140401,3
402,66000,387130000C,(04)23274275,(04)23288582,2025,11,2,12,0,臺中市,北屯區,0,0,0,7,,,30,,,,,,,,,,,,,,17,,,,,C03,,,1,,1,,,84,84,1,6,4,120.671487,24.176564,3
403,66000,387130000C,(04)23274275,(04)23288582,2025,11,2,12,2,臺中市,北屯區,0,0,0,7,,,50,,,,,,,,,,,,,,17,,,,,B03,,,1,,1,,,8,8,1,6,4,120.686124,24.17334,3
404,66000,387130000C,(04)23274275,(04)23288582,2025,11,2,12,7,臺中市,大甲區,0,1,0,7,3,6,50,3,1,1,5,4,6,6,4,4,10,5,5,2,17,3,10,3,1,B03,7,9,1,8,9,6,,8,8,1,6,4,120.636931,24.346882,2
405,66000,387130000C,(04)23274275,(04)23288582,2025,11,2,12,7,臺中市,后里區,0,0,0,7,,,50,,,,,,,,,,,,,,12,,,,,F03,,,7,,1,,,59,59,1,12,4,120.715035,24.305756,3
406,66000,387130000C,(04)23274275,(04)23288582,2025,11,2,12,8,臺中市,南屯區,0,0,0,7,,,50,,,,,,,,,,,,,,11,,,,,C03,,,1,,1,,,11,11,1,12,4,120.638185,24.139825,3
407,66000,387130000C,(04)23274275,(04)23288582,2025,11,2,12,14,臺中市,北屯區,0,1,0,7,3,6,50,3,1,1,5,4,6,6,4,4,1,5,5,2,16,3,10,1,1,C03,7,5,1,10,2,13,,14,14,1,6,4,120.685427,24.172674,2
408,66000,387130000C,(04)23274275,(04)23288582,2025,11,2,12,15,臺中市,大雅區,0,0,0,7,,,50,,,,,,,,,,,,,,,,,,,B03,,,1,,1,,,49,49,1,12,4,120.648594,24.226643,4
409,66000,387130000C,(04)23274275,(04)23288582,2025,11,2,12,18,臺中市,外埔區,0,0,0,7,,,50,,,,,,,,,,,,,,13,,,,,B03,,,1,,2,,,7,7,1,13,4,120.653322,24.331773,3
410,66000,387130000C,(04)23274275,(04)23288582,2025,11,2,12,31,臺中市,北屯區,0,0,0,7,,,30,,,,,,,,,,,,,,16,,,,,C03,,,1,,2,,,14,14,1,12,4,120.712097,24.172901,3
411,66000,387130000C,(04)23274275,(04)23288582,2025,11,2,12,33,臺中市,梧棲區,0,0,0,7,,,50,,,,,,,,,,,,,,14,,,,,B03,,,1,,1,,,49,49,1,12,4,120.53096,24.253545,3
412,66000,387130000C,(04)23274275,(04)23288582,2025,11,2,12,40,臺中市,北區,0,1,0,7,2,6,50,4,1,1,5,4,6,6,2,1,10,5,5,2,17,3,10,1,1,C03,7,5,1,10,9,16,,84,84,1,13,4,120.684933,24.163142,2
413,66000,387130000C,(04)23274275,(04)23288582,2025,11,2,12,49,臺中市,西屯區,0,1,0,7,2,6,30,3,2,1,5,4,6,6,4,4,10,5,5,2,16,3,10,3,1,B03,7,6,1,8,2,4,,41,41,1,12,4,120.635034,24.170823,2
414,66000,387130000C,(04)23274275,(04)23288582,2025,11,2,12,53,臺中市,西區,0,0,0,7,,,50,,,,,,,,,,,,,,,,,,,C03,,,1,,1,,,7,7,1,12,4,120.664929,24.132027,3
415,66000,387130000C,(04)23274275,(04)23288582,2025,11,2,12,55,臺中市,西區,0,1,0,7,2,6,50,5,1,1,5,4,6,6,1,1,10,5,5,2,17,3,10,5,4,B03,7,11,1,8,1,6,,45,45,1,13,4,120.658842,24.145535,2
416,66000,387130000C,(04)23274275,(04)23288582,2025,11,2,12,56,臺中市,北區,0,1,0,7,2,6,50,4,1,1,5,4,6,6,1,1,10,5,5,2,16,3,10,5,4,B03,7,5,1,8,1,6,,47,47,1,13,4,120.685568,24.156022,2
417,66000,387130000C,(04)23274275,(04)23288582,2025,11,2,13,5,臺中市,北屯區,0,2,0,7,3,6,50,4,1,1,5,4,6,6,1,1,10,5,5,2,17,2,9,1,1,C03,7,6,1,10,2,12,,11,11,1,12,4,120.692242,24.164941,2
418,66000,387130000C,(04)23274275,(04)23288582,2025,11,2,13,5,臺中市,西屯區,0,0,0,7,,,50,,,,,,,,,,,,,,13,,,,,B03,,,1,,1,,,7,7,1,12,4,120.638029,24.175602,3
419,66000,387130000C,(04)23274275,(04)23288582,2025,11,2,13,6,臺中市,西區,0,1,0,7,2,6,40,3,1,1,5,4,6,6,2,1,1,4,4,2,13,3,10,2,1,C03,7,9,1,10,1,11,,7,7,1,13,4,120.664028,24.140061,2
420,66000,387130000C,(04)23274275,(04)23288582,2025,11,2,13,12,臺中市,東區,0,0,0,7,,,50,,,,,,,,,,,,,,13,,,,,C03,,,1,,1,,,7,7,1,12,4,120.688233,24.135233,3
421,66000,387130000C,(04)23274275,(04)23288582,2025,11,2,13,15,臺中市,梧棲區,0,0,0,7,,,50,,,,,,,,,,,,,,13,,,,,B03,,,1,,2,,,7,7,1,12,4,120.547801,24.246159,3
422,66000,387130000C,(04)23274275,(04)23288582,2025,11,2,13,25,臺中市,大里區,0,1,0,7,3,6,50,4,1,1,5,4,6,6,1,1,10,5,5,2,16,3,10,2,1,C03,7,6,1,10,2,12,,11,11,1,13,4,120.680869,24.105855,2
423,66000,387130000C,(04)23274275,(04)23288582,2025,11,2,13,27,臺中市,北屯區,0,2,0,7,2,6,50,4,1,1,5,4,6,6,1,1,10,5,5,2,16,3,10,3,1,B03,7,5,1,8,2,6,,84,84,1,6,4,120.686536,24.193447,2
424,66000,387130000C,(04)23274275,(04)23288582,2025,11,2,13,30,臺中市,西屯區,0,0,0,7,,,50,,,,,,,,,,,,,,11,,,,,B03,,,1,,1,,,48,48,1,12,4,120.631966,24.170399,3
425,66000,387130000C,(04)23274275,(04)23288582,2025,11,2,13,35,臺中市,梧棲區,0,1,0,7,2,6,70,3,1,1,5,4,6,6,1,1,10,5,5,2,16,3,10,3,1,B03,7,5,1,8,2,2,,47,47,1,12,4,120.54667,24.245984,2
426,66000,387130000C,(04)23274275,(04)23288582,2025,11,2,13,38,臺中市,西屯區,0,0,0,7,,,40,,,,,,,,,,,,,,16,,,,,F03,,,1,,1,,,11,11,1,13,4,120.666298,24.169792,3
427,66000,387130000C,(04)23274275,(04)23288582,2025,11,2,13,40,臺中市,西屯區,0,0,0,7,,,40,,,,,,,,,,,,,,,,,,,B03,,,1,,2,,,51,51,1,13,4,120.644574,24.18598,3
428,66000,387130000C,(04)23274275,(04)23288582,2025,11,2,13,42,臺中市,后里區,0,0,0,7,,,50,,,,,,,,,,,,,,12,,,,,B12,,,1,,1,,,84,84,1,12,4,120.724165,24.30913,3
429,66000,387130000C,(04)23274275,(04)23288582,2025,11,2,13,52,臺中市,西區,0,1,0,7,1,6,50,4,1,1,5,4,6,6,4,4,10,5,5,1,17,3,10,5,4,C03,7,9,1,10,2,11,,7,7,1,12,4,120.660206,24.147864,2
430,66000,387130000C,(04)23274275,(04)23288582,2025,11,2,13,53,臺中市,東區,0,1,0,7,3,6,50,11,9,1,5,4,6,6,4,4,5,5,5,2,18,2,9,2,1,C03,7,6,1,10,2,16,,84,84,1,13,4,120.70365,24.125462,2
431,66000,387130000C,(04)23274275,(04)23288582,2025,11,2,14,0,臺中市,西區,0,1,0,7,2,6,50,3,1,1,5,4,6,6,4,4,1,2,5,2,16,3,10,5,4,B03,7,5,1,8,2,2,,14,14,1,13,4,120.673689,24.148011,2
432,66000,387130000C,(04)23274275,(04)23288582,2025,11,2,14,4,臺中市,烏日區,0,0,0,7,,,50,,,,,,,,,,,,,,12,,,,,B12,,,1,,9,,,8,8,1,6,4,120.624949,24.107022,3
433,66000,387130000C,(04)23274275,(04)23288582,2025,11,2,14,5,臺中市,北屯區,0,1,0,7,3,6,0,18,23,1,5,4,6,6,4,4,10,5,5,2,9,3,10,2,1,C03,7,9,1,10,2,11,,57,57,1,6,4,120.685038,24.169648,2
434,66000,387130000C,(04)23274275,(04)23288582,2025,11,2,14,7,臺中市,西屯區,0,0,0,7,,,30,,,,,,,,,,,,,,14,,,,,B03,,,1,,1,,,49,49,1,12,4,120.598333,24.20471,3
435,66000,387130000C,(04)23274275,(04)23288582,2025,11,2,14,9,臺中市,龍井區,0,1,0,7,2,6,60,13,9,1,5,4,6,6,4,4,3,4,3,2,13,2,8,1,1,C02,7,9,1,9,2,11,,7,7,1,5,4,120.506614,24.202322,2
436,66000,387130000C,(04)23274275,(04)23288582,2025,11,2,14,12,臺中市,潭子區,0,0,0,7,,,50,,,,,,,,,,,,,,,,,,,B03,,,1,,2,,,8,8,1,13,4,120.705589,24.216817,3
437,66000,387130000C,(04)23274275,(04)23288582,2025,11,2,14,13,臺中市,神岡區,0,0,0,7,1,6,50,5,2,1,5,4,6,6,1,1,1,4,5,2,13,,,,,B12,,,1,,2,,,84,84,1,12,4,120.665118,24.273875,3
438,66000,387130000C,(04)23274275,(04)23288582,2025,11,2,14,14,臺中市,烏日區,0,0,0,7,,,60,,,,,,,,,,,,,,13,,,,,B03,,,1,,1,,,7,7,1,6,4,120.634497,24.09475,3
439,66000,387130000C,(04)23274275,(04)23288582,2025,11,2,14,16,臺中市,北區,0,1,0,7,3,6,50,18,24,1,5,4,6,6,4,4,3,4,5,2,17,3,10,5,4,B03,7,5,1,8,2,2,,47,47,1,13,4,120.684817,24.163352,2
440,66000,387130000C,(04)23274275,(04)23288582,2025,11,2,14,18,臺中市,北區,0,1,0,7,2,6,50,4,1,1,5,4,6,6,4,4,5,5,5,2,3,3,10,3,1,B03,7,9,1,8,2,8,,58,58,1,13,4,120.685141,24.14952,2
441,66000,387130000C,(04)23274275,(04)23288582,2025,11,2,14,27,臺中市,南屯區,0,2,0,7,3,6,50,5,1,1,5,4,6,6,1,1,3,4,5,2,15,2,9,1,1,F01,7,9,7,21,2,12,,84,84,1,12,4,120.637756,24.1423,2
442,66000,387130000C,(04)23274275,(04)23288582,2025,11,2,14,27,臺中市,太平區,0,0,0,7,,,50,,,,,,,,,,,,,,2,,,,,C03,,,1,,1,,,84,84,1,12,4,120.720938,24.13065,3
443,66000,387130000C,(04)23274275,(04)23288582,2025,11,2,14,35,臺中市,太平區,0,0,0,7,,,50,,,,,,,,,,,,,,15,,,,,C03,,,1,,9,,,21,21,1,12,4,120.701799,24.153703,3
444,66000,387130000C,(04)23274275,(04)23288582,2025,11,2,14,40,臺中市,龍井區,0,1,0,7,2,6,50,13,9,1,5,4,6,6,4,4,10,5,5,2,13,3,10,3,1,B03,7,9,1,8,2,1,,7,7,1,12,4,120.571134,24.177641,2
445,66000,387130000C,(04)23274275,(04)23288582,2025,11,2,14,43,臺中市,北屯區,0,0,0,7,,3,80,,,,,,,,,,,,,,13,,,,,B03,,,1,,1,,,7,7,1,6,4,120.722402,24.190102,3
446,66000,387130000C,(04)23274275,(04)23288582,2025,11,2,14,55,臺中市,北屯區,0,1,0,7,3,6,50,13,9,1,5,4,6,6,4,4,9,5,5,2,17,2,9,1,1,C02,7,4,1,9,2,14,,84,84,1,12,4,120.73112,24.159511,2
447,66000,387130000C,(04)23274275,(04)23288582,2025,11,2,14,57,臺中市,西屯區,0,1,0,7,2,6,50,3,1,1,5,4,6,6,4,4,10,5,5,2,16,3,10,5,1,A04,7,5,1,2,2,5,,11,11,1,12,4,120.63698,24.184628,2
448,66000,387130000C,(04)23274275,(04)23288582,2025,11,2,14,58,臺中市,東區,0,0,0,7,,,50,,,,,,,,,,,,,,13,,,,,B03,,,1,,1,,,7,7,1,6,4,120.6837,24.124337,3
449,66000,387130000C,(04)23274275,(04)23288582,2025,11,2,14,58,臺中市,東區,0,2,0,7,3,6,50,13,8,1,5,4,6,6,4,4,5,4,4,2,17,2,9,5,4,C03,7,9,1,10,2,11,,84,84,1,6,4,120.69396,24.147899,2
450,66000,387130000C,(04)23274275,(04)23288582,2025,11,2,15,1,臺中市,大里區,0,1,0,7,2,6,50,4,1,1,5,4,6,6,1,1,10,5,5,2,17,2,9,1,1,F01,7,1,7,21,2,12,,51,51,1,12,4,120.672286,24.114882,2
451,66000,387130000C,(04)23274275,(04)23288582,2025,11,2,15,1,臺中市,大里區,0,0,0,7,,,30,,,,,,,,,,,,,,,,,,,B12,,,1,,11,,,8,8,1,6,4,120.692968,24.09308,3
452,66000,387130000C,(04)23274275,(04)23288582,2025,11,2,15,4,臺中市,外埔區,0,0,0,7,2,6,50,13,7,1,5,4,6,6,4,4,5,4,4,1,13,,,,,B03,,,1,,2,,,59,59,1,6,4,120.637865,24.342494,3
453,66000,387130000C,(04)23274275,(04)23288582,2025,11,2,15,5,臺中市,南屯區,0,1,0,7,2,6,50,3,2,1,5,4,6,6,4,4,1,4,4,2,16,3,10,3,1,B01,7,5,1,4,2,2,,47,47,1,13,4,120.63616,24.151285,2
454,66000,387130000C,(04)23274275,(04)23288582,2025,11,2,15,5,臺中市,龍井區,0,0,0,7,,,50,,,,,,,,,,,,,,,,,,,B03,,,3,,2,,,8,8,1,12,4,120.524914,24.211727,3