序號,縣市別代碼,機關代碼,市話,傳真,年,月,日,時,分,縣市,區,死亡數量,受傷數量,2-30,天候,道路照明設備,道路類別,道路速限,道路型態,事故位置,路面鋪裝,路面狀態,路面缺陷,障礙物,視距,號誌種類,號誌動作,分向設施,快車道或一般車道間,快慢車道間,路面邊線,事故類型及型態,受傷程度,主要傷處,保護裝備,行動電話或功能裝置,當事者區分(類別),車輛用途,當事者行動狀態,駕照狀態,駕照種類,飲酒情形,車輛撞擊部位最初,車輛撞擊部位其他,肇事因素個別,肇事因素主要,肇事逃逸,職業,共享經濟或外送平台,GPS座標X,GPS座標Y,事故類別
455,66000,387130000C,(04)23274275,(04)23288582,2025,11,2,15,11,臺中市,北區,0,2,0,7,3,6,50,4,1,1,5,4,6,6,4,4,7,5,5,2,17,2,9,1,1,C03,7,9,1,10,2,11,,20,20,1,12,4,120.688893,24.160194,2
456,66000,387130000C,(04)23274275,(04)23288582,2025,11,2,15,11,臺中市,龍井區,0,0,0,7,,,50,,,,,,,,,,,,,,,,,,,F03,,,7,,2,,,7,7,1,12,4,120.523556,24.202737,3
457,66000,387130000C,(04)23274275,(04)23288582,2025,11,2,15,12,臺中市,北屯區,0,1,0,6,2,6,50,3,1,1,5,4,6,6,4,4,10,5,5,2,16,3,10,3,1,B03,7,6,1,8,2,5,,14,14,1,12,4,120.701171,24.187099,2
458,66000,387130000C,(04)23274275,(04)23288582,2025,11,2,15,15,臺中市,太平區,0,0,0,7,,,50,,,,,,,,,,,,,,20,,,,,B03,,,1,,2,,,84,84,1,12,4,120.717879,24.128294,3
459,66000,387130000C,(04)23274275,(04)23288582,2025,11,2,15,15,臺中市,大甲區,0,0,0,7,,,50,,,,,,,,,,,,,,12,,,,,B03,,,1,,2,,,51,51,1,6,4,120.620078,24.342791,3
460,66000,387130000C,(04)23274275,(04)23288582,2025,11,2,15,25,臺中市,北屯區,0,0,0,7,,,50,,,,,,,,,,,,,,16,,,,,B03,,,1,,2,,,14,14,1,12,4,120.708226,24.19068,3
461,66000,387130000C,(04)23274275,(04)23288582,2025,11,2,15,30,臺中市,西區,0,0,0,7,,,50,,,,,,,,,,,,,,,,,,,B03,,,1,8,1,,,84,84,1,13,4,120.663169,24.14764,3
462,66000,387130000C,(04)23274275,(04)23288582,2025,11,2,15,38,臺中市,西屯區,0,0,0,7,,,40,,,,,,,,,,,,,,30,,,,,B03,,,1,,10,,,78,78,1,13,4,120.654274,24.163091,3
463,66000,387130000C,(04)23274275,(04)23288582,2025,11,2,15,43,臺中市,烏日區,0,0,0,7,,,50,,,,,,,,,,,,,,12,,,,,B03,,,1,,1,,,51,51,1,6,4,120.61849,24.102693,4
464,66000,387130000C,(04)23274275,(04)23288582,2025,11,2,15,48,臺中市,太平區,0,0,0,7,,,40,,,,,,,,,,,,,,,,,,,B03,,,1,,2,,,8,8,1,6,4,120.714726,24.149447,3
465,66000,387130000C,(04)23274275,(04)23288582,2025,11,2,15,50,臺中市,大肚區,0,1,0,7,2,6,50,5,1,1,5,4,6,6,2,1,10,5,5,2,17,3,10,3,1,B03,7,6,1,8,2,8,,83,83,1,12,4,120.57226,24.155763,2
466,66000,387130000C,(04)23274275,(04)23288582,2025,11,2,15,51,臺中市,西區,0,0,0,7,,,50,,,,,,,,,,,,,,17,,,,,B03,,,1,,2,,,51,51,1,12,4,120.666295,24.135076,3
467,66000,387130000C,(04)23274275,(04)23288582,2025,11,2,15,52,臺中市,外埔區,0,0,0,7,2,6,50,13,9,1,5,4,6,6,4,4,5,,5,1,13,,,,,B03,,,1,,2,,,59,59,1,6,4,120.636699,24.343238,3
468,66000,387130000C,(04)23274275,(04)23288582,2025,11,2,16,1,臺中市,沙鹿區,0,1,0,6,2,6,30,3,1,1,5,4,6,6,4,4,10,5,5,2,16,3,10,3,1,B03,7,6,5,19,2,8,,14,14,1,6,4,120.552951,24.230626,2
469,66000,387130000C,(04)23274275,(04)23288582,2025,11,2,16,2,臺中市,西屯區,0,1,0,7,2,6,50,4,1,1,5,4,6,6,1,1,10,5,5,2,16,3,10,5,4,B03,7,5,1,8,2,2,,47,47,1,12,4,120.6524,24.163366,2
470,66000,387130000C,(04)23274275,(04)23288582,2025,11,2,16,14,臺中市,北屯區,0,1,0,6,3,6,40,3,1,1,5,4,6,6,4,4,5,5,4,2,16,3,10,4,1,B03,7,13,1,8,2,4,,76,76,1,6,4,120.690487,24.173331,2
471,66000,387130000C,(04)23274275,(04)23288582,2025,11,2,16,15,臺中市,北屯區,0,0,0,7,,,40,,,,,,,,,,,,,,17,,,,,B03,,,1,,1,,,50,50,1,12,4,120.664064,24.186039,3
472,66000,387130000C,(04)23274275,(04)23288582,2025,11,2,16,24,臺中市,豐原區,0,0,0,7,,,30,,,,,,,,,,,,,,14,,,,,B03,,,1,,2,,,49,49,1,12,4,120.735417,24.264555,3
473,66000,387130000C,(04)23274275,(04)23288582,2025,11,2,16,45,臺中市,西區,0,0,0,7,1,6,50,13,9,1,5,4,6,6,4,4,10,5,5,1,17,3,10,5,4,B03,7,11,1,8,1,7,,45,45,1,12,4,120.653866,24.153575,3
474,66000,387130000C,(04)23274275,(04)23288582,2025,11,2,16,47,臺中市,清水區,0,0,0,7,,,50,,,,,,,,,,,,,,,,,,,B03,,,1,,2,,,58,58,1,12,4,120.577104,24.273314,3
475,66000,387130000C,(04)23274275,(04)23288582,2025,11,2,16,53,臺中市,豐原區,0,1,0,7,2,6,50,3,9,1,5,4,6,6,4,4,5,4,4,2,12,3,10,5,4,B03,7,4,1,8,2,2,,39,39,1,12,4,120.706205,24.246461,2
476,66000,387130000C,(04)23274275,(04)23288582,2025,11,2,17,0,臺中市,西屯區,0,1,0,7,2,6,50,13,9,1,5,4,6,6,4,4,5,5,5,2,12,2,9,5,4,C03,7,9,1,10,2,14,,8,8,1,12,4,120.656515,24.166422,2
477,66000,387130000C,(04)23274275,(04)23288582,2025,11,2,17,11,臺中市,北區,0,0,0,7,,,50,,,,,,,,,,,,,,17,,,,,B03,,,1,,2,,,50,50,1,13,4,120.689278,24.153931,3
478,66000,387130000C,(04)23274275,(04)23288582,2025,11,2,17,11,臺中市,新社區,0,1,0,7,2,6,50,3,2,1,5,4,6,6,4,4,5,5,4,1,17,2,8,1,1,C03,7,15,1,10,2,12,,4,4,1,12,4,120.808935,24.241771,2
479,66000,387130000C,(04)23274275,(04)23288582,2025,11,2,17,16,臺中市,中區,0,2,0,7,1,6,50,4,1,1,5,4,6,6,1,1,10,5,5,2,16,2,8,1,1,C03,7,6,1,10,2,14,,39,39,1,13,4,120.683678,24.141513,2
480,66000,387130000C,(04)23274275,(04)23288582,2025,11,2,17,19,臺中市,北屯區,0,1,0,7,3,6,50,4,1,1,5,4,6,6,1,1,10,5,5,2,17,3,10,1,1,C03,7,5,1,10,1,12,,84,84,1,12,4,120.696734,24.17615,2
481,66000,387130000C,(04)23274275,(04)23288582,2025,11,2,17,21,臺中市,東區,0,0,0,7,,,50,,,,,,,,,,,,,,17,,,,,B12,,,1,,1,,,7,7,1,12,4,120.687676,24.138151,3
482,66000,387130000C,(04)23274275,(04)23288582,2025,11,2,17,21,臺中市,豐原區,0,1,0,7,3,6,50,5,1,1,5,4,6,6,1,1,5,5,4,2,13,2,9,1,4,C03,7,9,1,10,2,12,,58,58,1,12,4,120.717782,24.251867,2
483,66000,387130000C,(04)23274275,(04)23288582,2025,11,2,17,22,臺中市,北區,0,1,0,7,2,6,50,13,7,1,5,4,6,6,2,1,3,4,4,2,17,2,9,1,1,C03,7,8,1,8,2,14,,40,40,1,12,4,120.698966,24.155166,2
484,66000,387130000C,(04)23274275,(04)23288582,2025,11,2,17,32,臺中市,太平區,0,0,0,7,,3,80,,,,,,,,,,,,,,11,,,,,B03,,,1,,2,,,40,40,1,6,4,120.717413,24.157515,3
485,66000,387130000C,(04)23274275,(04)23288582,2025,11,2,17,38,臺中市,東區,0,2,0,7,1,6,50,13,9,1,5,4,6,6,4,4,5,4,5,2,17,2,9,2,1,C03,7,9,1,10,2,11,,84,84,1,13,4,120.692647,24.137723,2
486,66000,387130000C,(04)23274275,(04)23288582,2025,11,2,17,40,臺中市,大雅區,0,1,0,7,3,6,30,13,9,1,5,4,6,6,4,4,10,5,5,2,17,2,9,1,1,C03,7,9,1,10,2,14,,85,85,1,12,4,120.647347,24.229841,2
487,66000,387130000C,(04)23274275,(04)23288582,2025,11,2,17,41,臺中市,北屯區,0,1,0,7,1,6,50,13,7,1,5,4,6,6,4,4,1,4,4,2,13,2,9,1,1,C03,7,9,1,10,2,11,,84,84,1,6,4,120.659948,24.192332,2
488,66000,387130000C,(04)23274275,(04)23288582,2025,11,2,17,42,臺中市,太平區,0,0,0,7,,,30,,,,,,,,,,,,,,,,,,,B03,,,1,,2,,,76,76,1,6,4,120.735967,24.133445,3
489,66000,387130000C,(04)23274275,(04)23288582,2025,11,2,17,55,臺中市,西屯區,0,0,0,7,,,50,,,,,,,,,,,,,,16,,,,,B01,,,1,,1,,,20,20,1,12,4,120.643591,24.163591,3
490,66000,387130000C,(04)23274275,(04)23288582,2025,11,2,17,56,臺中市,大甲區,0,0,0,7,,,70,,,,,,,,,,,,,,,,,,,C03,,,1,,2,,,23,23,1,6,4,120.633729,24.361061,3
491,66000,387130000C,(04)23274275,(04)23288582,2025,11,2,17,58,臺中市,北區,0,0,0,7,,,30,,,,,,,,,,,,,,12,,,,,B03,,,1,,1,,,8,8,1,13,4,120.68905,24.147645,3
492,66000,387130000C,(04)23274275,(04)23288582,2025,11,2,17,59,臺中市,北屯區,0,1,0,7,1,6,50,5,1,1,5,4,6,6,2,1,10,5,5,2,18,2,9,1,1,C04,7,9,1,10,2,12,,87,87,1,12,4,120.667513,24.179744,2
493,66000,387130000C,(04)23274275,(04)23288582,2025,11,2,18,0,臺中市,南屯區,0,0,0,7,,,50,,,,,,,,,,,,,,12,,,,,B02,,,1,,1,,,40,40,1,13,4,120.588155,24.160384,3
494,66000,387130000C,(04)23274275,(04)23288582,2025,11,2,18,0,臺中市,太平區,0,0,0,7,,,50,,,,,,,,,,,,,,12,,,,,A41,,,1,,2,,,35,35,1,6,4,120.711364,24.126634,3
495,66000,387130000C,(04)23274275,(04)23288582,2025,11,2,18,8,臺中市,西屯區,0,0,0,7,,,50,,,,,,,,,,,,,,13,,,,,B03,,,1,,1,,,59,59,1,13,4,120.602247,24.18265,3
496,66000,387130000C,(04)23274275,(04)23288582,2025,11,2,18,8,臺中市,大里區,0,0,0,7,,3,80,,,,,,,,,,,,,,17,,,,,B03,,,1,,1,,,7,7,1,6,4,120.683657,24.07607,3
497,66000,387130000C,(04)23274275,(04)23288582,2025,11,2,18,9,臺中市,豐原區,0,1,0,7,1,6,30,3,1,1,5,4,6,6,4,4,10,5,5,2,16,3,10,3,1,B03,7,6,3,19,2,8,,48,48,1,12,4,120.714971,24.242195,2
498,66000,387130000C,(04)23274275,(04)23288582,2025,11,2,18,11,臺中市,西屯區,0,1,0,7,1,6,50,13,9,1,5,4,6,6,4,4,5,4,4,2,18,2,9,2,4,C03,7,9,1,10,2,14,,7,7,1,13,4,120.665084,24.17817,2
499,66000,387130000C,(04)23274275,(04)23288582,2025,11,2,18,14,臺中市,東區,0,0,0,7,,,50,,,,,,,,,,,,,,,,,,,B03,,,1,,1,,,84,84,1,12,4,120.704475,24.130619,3
500,66000,387130000C,(04)23274275,(04)23288582,2025,11,2,18,15,臺中市,龍井區,0,0,0,7,,,50,,,,,,,,,,,,,,,,,,,B03,,,1,,2,,,83,83,1,12,4,120.526953,24.218219,3
501,66000,387130000C,(04)23274275,(04)23288582,2025,11,2,18,15,臺中市,烏日區,0,0,0,7,,,50,,,,,,,,,,,,,,16,,,,,C03,,,1,,1,,,11,11,1,6,4,120.625753,24.106163,3
502,66000,387130000C,(04)23274275,(04)23288582,2025,11,2,18,20,臺中市,烏日區,0,1,0,7,3,6,40,13,8,1,5,4,6,6,4,4,1,4,4,2,12,3,10,4,1,C03,7,9,1,10,2,15,,8,8,1,6,4,120.620878,24.109337,2
503,66000,387130000C,(04)23274275,(04)23288582,2025,11,2,18,24,臺中市,西屯區,0,0,0,7,,,50,,,,,,,,,,,,,,12,,,,,B03,,,1,,1,,,40,40,1,12,4,120.635544,24.171554,3
504,66000,387130000C,(04)23274275,(04)23288582,2025,11,2,18,30,臺中市,潭子區,0,1,0,7,1,6,50,13,9,1,5,2,6,6,4,4,1,2,5,2,18,2,9,2,1,C03,7,9,1,10,2,12,,84,84,1,13,4,120.688133,24.216082,2
505,66000,387130000C,(04)23274275,(04)23288582,2025,11,2,18,34,臺中市,太平區,0,1,0,7,1,6,50,4,1,1,5,4,6,6,1,1,10,5,5,2,17,3,10,5,4,B03,7,5,1,3,2,2,,65,65,1,6,4,120.723345,24.118302,2
506,66000,387130000C,(04)23274275,(04)23288582,2025,11,2,18,36,臺中市,北屯區,0,2,0,7,1,6,50,4,1,1,5,4,6,6,1,1,10,5,5,2,16,2,8,1,1,C03,7,6,1,10,2,11,,11,11,1,5,4,120.729609,24.171164,2
507,66000,387130000C,(04)23274275,(04)23288582,2025,11,2,18,37,臺中市,西區,0,0,0,7,,,50,,,,,,,,,,,,,,,,,,,B03,,,1,,2,,,45,45,1,12,4,120.653241,24.151432,3
508,66000,387130000C,(04)23274275,(04)23288582,2025,11,2,18,40,臺中市,東區,0,0,0,7,,,50,,,,,,,,,,,,,,13,,,,,B03,,,1,,1,,,84,84,1,12,4,120.699347,24.147646,3
509,66000,387130000C,(04)23274275,(04)23288582,2025,11,2,18,42,臺中市,北屯區,0,2,0,6,3,6,50,13,7,1,5,4,6,6,4,4,5,5,4,2,16,2,9,2,1,C03,7,6,1,10,2,12,,20,20,1,6,4,120.679815,24.169766,2
510,66000,387130000C,(04)23274275,(04)23288582,2025,11,2,18,44,臺中市,太平區,0,0,0,7,,,50,,,,,,,,,,,,,,13,,,,,B03,,,5,,2,,,7,7,1,6,4,120.730635,24.11194,3
511,66000,387130000C,(04)23274275,(04)23288582,2025,11,2,18,49,臺中市,東勢區,0,1,0,7,1,6,50,4,1,1,5,4,6,6,4,4,10,5,5,2,17,2,2,5,4,F01,7,9,7,21,2,11,,12,12,1,13,4,120.830768,24.251074,2
512,66000,387130000C,(04)23274275,(04)23288582,2025,11,2,18,52,臺中市,北屯區,0,0,0,7,,,50,,,,,,,,,,,,,,13,,,,,B03,,,1,,1,,,84,84,1,6,4,120.693791,24.163847,3
513,66000,387130000C,(04)23274275,(04)23288582,2025,11,2,18,54,臺中市,北屯區,0,0,0,7,,,50,,,,,,,,,,,,,,13,,,,,B03,,,1,,1,,,59,59,1,12,4,120.722471,24.174968,3
514,66000,387130000C,(04)23274275,(04)23288582,2025,11,2,18,59,臺中市,大甲區,0,1,0,7,1,6,50,4,1,1,5,4,6,6,1,1,10,5,5,2,27,2,9,3,1,B03,7,9,1,8,8,5,,59,59,1,6,4,120.623789,24.349456,2
515,66000,387130000C,(04)23274275,(04)23288582,2025,11,2,19,5,臺中市,北屯區,0,0,0,7,,,50,,,,,,,,,,,,,,17,,,,,B03,,,1,,9,,,84,84,1,12,4,120.722871,24.175549,3
516,66000,387130000C,(04)23274275,(04)23288582,2025,11,2,19,10,臺中市,西屯區,0,0,0,7,,,50,,,,,,,,,,,,,,12,,,,,B03,,,1,,1,,,40,40,1,12,4,120.637125,24.16838,3
517,66000,387130000C,(04)23274275,(04)23288582,2025,11,2,19,11,臺中市,北屯區,0,0,0,7,,,50,,,,,,,,,,,,,,12,,,,,B03,,,1,,2,,,84,84,1,12,4,120.721008,24.1726,3
518,66000,387130000C,(04)23274275,(04)23288582,2025,11,2,19,17,臺中市,北區,0,0,0,7,,,50,,,,,,,,,,,,,,,,,,,B03,,,1,,1,,,7,7,1,12,4,120.676346,24.167014,3
519,66000,387130000C,(04)23274275,(04)23288582,2025,11,2,19,19,臺中市,西屯區,0,0,0,7,,,50,,,,,,,,,,,,,,16,,,,,C03,,,1,,1,,,40,40,1,12,4,120.595054,24.190884,3
520,66000,387130000C,(04)23274275,(04)23288582,2025,11,2,19,20,臺中市,大肚區,0,1,0,7,1,6,40,13,8,1,5,4,6,6,4,4,1,4,4,1,30,2,9,1,1,C03,7,9,1,10,2,11,,6,6,1,6,4,120.551514,24.137279,2
521,66000,387130000C,(04)23274275,(04)23288582,2025,11,2,19,20,臺中市,梧棲區,0,0,0,7,,,60,,,,,,,,,,,,,,13,,,,,B03,,,1,,1,,,82,82,1,12,4,120.539311,24.257029,3
522,66000,387130000C,(04)23274275,(04)23288582,2025,11,2,19,25,臺中市,北區,0,3,0,7,1,6,50,4,1,1,5,4,6,6,1,1,10,5,5,2,13,2,9,1,1,C03,7,9,1,10,2,11,,59,59,1,12,4,120.668252,24.171649,2
523,66000,387130000C,(04)23274275,(04)23288582,2025,11,2,19,30,臺中市,豐原區,0,0,0,7,,,50,,,,,,,,,,,,,,13,,,,,B03,,,1,,2,,,7,7,1,12,4,120.70323,24.241226,3
524,66000,387130000C,(04)23274275,(04)23288582,2025,11,2,19,37,臺中市,南屯區,0,0,0,7,,,50,,,,,,,,,,,,,,12,,,,,B03,,,1,,1,,,8,8,1,12,4,120.63998,24.141587,3
525,66000,387130000C,(04)23274275,(04)23288582,2025,11,2,19,40,臺中市,太平區,0,1,0,7,1,6,50,13,9,1,5,4,6,6,4,4,4,4,5,2,9,3,10,2,1,C03,7,9,1,10,2,11,,84,84,1,13,4,120.712927,24.125872,2
526,66000,387130000C,(04)23274275,(04)23288582,2025,11,2,19,44,臺中市,西屯區,0,1,0,7,1,6,50,13,9,1,5,4,6,6,4,4,1,4,5,2,13,2,8,5,4,C03,7,9,1,10,2,11,,7,7,1,13,4,120.660455,24.171582,2
527,66000,387130000C,(04)23274275,(04)23288582,2025,11,2,19,49,臺中市,東區,0,0,0,7,,,30,,,,,,,,,,,,,,16,,,,,C03,,,1,,1,,,48,48,1,12,4,120.686782,24.138132,3
528,66000,387130000C,(04)23274275,(04)23288582,2025,11,2,19,52,臺中市,中區,0,0,0,7,,,50,,,,,,,,,,,,,,,,,,,C03,,,1,,1,,,84,84,1,13,4,120.684403,24.142256,3
529,66000,387130000C,(04)23274275,(04)23288582,2025,11,2,19,56,臺中市,西屯區,0,2,0,7,1,6,50,3,19,1,5,4,6,6,4,4,10,5,5,2,3,2,1,2,4,C03,7,9,1,10,2,11,,10,10,1,13,4,120.645045,24.172938,2
530,66000,387130000C,(04)23274275,(04)23288582,2025,11,2,20,0,臺中市,太平區,0,0,0,7,,,0,,,,,,,,,,,,,,,,,,,C03,,,1,,2,,,50,50,1,12,4,120.716647,24.127786,3
531,66000,387130000C,(04)23274275,(04)23288582,2025,11,2,20,0,臺中市,梧棲區,0,0,0,7,,,40,,,,,,,,,,,,,,23,,,,,B03,,,1,,2,,,82,82,1,12,4,120.553639,24.243707,3
532,66000,387130000C,(04)23274275,(04)23288582,2025,11,2,20,5,臺中市,北區,0,1,0,7,2,6,50,4,1,1,5,4,6,6,1,1,5,5,5,2,17,3,10,3,1,B01,7,6,1,4,2,1,,20,20,1,12,4,120.668073,24.154308,2
533,66000,387130000C,(04)23274275,(04)23288582,2025,11,2,20,5,臺中市,清水區,0,0,0,7,,,70,,,,,,,,,,,,,,,,,,,B03,,,1,,2,,,84,84,1,12,4,120.595716,24.300832,3
534,66000,387130000C,(04)23274275,(04)23288582,2025,11,2,20,7,臺中市,大安區,0,1,0,7,1,6,60,13,9,1,5,4,6,6,4,4,1,4,5,1,18,2,9,2,1,C03,7,9,1,10,2,14,,58,58,1,6,4,120.570798,24.338593,2
535,66000,387130000C,(04)23274275,(04)23288582,2025,11,2,20,24,臺中市,西區,0,0,0,7,,,50,,,,,,,,,,,,,,13,,,,,B03,,,1,,2,,,40,40,1,13,4,120.658502,24.155427,3
536,66000,387130000C,(04)23274275,(04)23288582,2025,11,2,20,29,臺中市,北區,0,0,0,7,,,50,,,,,,,,,,,,,,12,,,,,B03,,,1,,1,,,40,40,1,13,4,120.683351,24.148662,3
537,66000,387130000C,(04)23274275,(04)23288582,2025,11,2,20,33,臺中市,豐原區,0,1,0,7,1,6,50,3,1,1,5,4,6,6,4,4,5,5,5,1,16,3,10,5,4,B03,7,6,1,8,2,1,,14,14,1,12,4,120.72575,24.251309,2
538,66000,387130000C,(04)23274275,(04)23288582,2025,11,2,20,50,臺中市,大肚區,0,1,0,7,1,6,50,11,9,1,5,4,6,6,4,4,4,5,5,1,18,2,9,1,1,C03,7,9,1,10,2,14,,6,6,1,6,4,120.550461,24.157018,2
539,66000,387130000C,(04)23274275,(04)23288582,2025,11,2,20,50,臺中市,梧棲區,0,0,0,7,,,50,,,,,,,,,,,,,,17,,,,,B03,,,1,,1,,,87,87,1,6,4,120.547281,24.256563,4
540,66000,387130000C,(04)23274275,(04)23288582,2025,11,2,20,53,臺中市,南屯區,0,0,0,7,,,30,,,,,,,,,,,,,,17,,,,,B03,,,1,,1,,,50,50,1,12,4,120.648217,24.14596,3
541,66000,387130000C,(04)23274275,(04)23288582,2025,11,2,20,54,臺中市,西屯區,0,1,0,7,1,6,50,4,2,1,5,4,6,6,2,1,5,4,4,2,17,3,10,5,4,B03,7,1,1,8,2,16,,51,51,1,12,4,120.637376,24.17866,2
542,66000,387130000C,(04)23274275,(04)23288582,2025,11,2,20,56,臺中市,北區,0,1,0,7,1,6,50,13,9,1,5,4,6,6,4,4,1,4,5,2,17,3,10,3,1,B03,7,15,1,8,2,1,,59,59,1,12,4,120.682509,24.163151,2
543,66000,387130000C,(04)23274275,(04)23288582,2025,11,2,21,0,臺中市,大雅區,0,0,0,7,,,50,,,,,,,,,,,,,,,,,,,B03,,,1,,1,,,49,49,1,13,4,120.653526,24.223985,3
544,66000,387130000C,(04)23274275,(04)23288582,2025,11,2,21,2,臺中市,太平區,0,2,0,7,1,6,50,4,1,1,5,4,6,6,4,4,10,5,5,2,13,2,8,1,1,C03,7,9,1,10,2,11,,7,7,1,12,4,120.712589,24.125855,2
545,66000,387130000C,(04)23274275,(04)23288582,2025,11,2,21,9,臺中市,豐原區,0,0,0,7,,,50,,,,,,,,,,,,,,12,,,,,B03,,,1,,2,,,26,26,1,12,4,120.720228,24.236571,3
546,66000,387130000C,(04)23274275,(04)23288582,2025,11,2,21,17,臺中市,西屯區,0,1,0,7,1,6,50,3,1,1,5,4,6,6,4,4,10,5,5,2,13,3,10,2,4,C03,7,9,1,10,2,11,,7,7,1,13,4,120.648356,24.173732,2
547,66000,387130000C,(04)23274275,(04)23288582,2025,11,2,21,31,臺中市,潭子區,0,1,0,7,1,6,50,13,9,1,5,4,6,6,4,4,5,5,5,1,14,3,10,3,1,B03,7,2,3,19,2,2,,49,49,1,13,4,120.673782,24.207662,2
548,66000,387130000C,(04)23274275,(04)23288582,2025,11,2,21,32,臺中市,龍井區,0,1,0,6,1,6,30,13,9,1,5,4,6,6,4,4,10,5,5,2,17,2,8,1,1,C03,7,9,1,10,9,11,,75,75,1,6,4,120.589698,24.182873,2
549,66000,387130000C,(04)23274275,(04)23288582,2025,11,2,21,34,臺中市,南屯區,0,0,0,7,1,6,60,13,7,1,5,4,6,6,1,1,3,4,3,2,13,,,,,A05,,,1,,1,,,84,84,1,12,4,120.611996,24.150652,3
550,66000,387130000C,(04)23274275,(04)23288582,2025,11,2,21,41,臺中市,大里區,0,0,0,7,,,50,,,,,,,,,,,,,,13,,,,,B03,,,1,,1,,,7,7,1,13,4,120.694468,24.100336,3
551,66000,387130000C,(04)23274275,(04)23288582,2025,11,2,21,42,臺中市,南區,0,0,0,7,,,50,,,,,,,,,,,,,,17,,,,,C03,,,3,,1,,,7,7,1,12,4,120.663467,24.125473,3
552,66000,387130000C,(04)23274275,(04)23288582,2025,11,2,21,46,臺中市,梧棲區,0,1,0,7,2,6,50,13,9,1,5,4,6,6,4,4,5,5,5,2,17,2,9,1,1,C03,7,9,1,10,2,11,,59,59,1,6,4,120.543508,24.254265,2
553,66000,387130000C,(04)23274275,(04)23288582,2025,11,2,21,47,臺中市,西屯區,0,1,0,7,1,6,50,4,1,1,5,4,6,6,2,1,10,5,5,2,16,3,10,5,4,B03,7,6,1,8,2,2,,11,11,1,12,4,120.638365,24.155767,2
554,66000,387130000C,(04)23274275,(04)23288582,2025,11,2,21,51,臺中市,北區,0,1,0,7,1,6,50,4,2,1,5,4,6,6,1,1,1,4,5,2,16,3,10,1,1,C03,7,5,1,10,2,13,,11,11,1,12,4,120.673841,24.173803,2
555,66000,387130000C,(04)23274275,(04)23288582,2025,11,2,21,55,臺中市,清水區,0,1,0,7,1,6,50,4,1,1,5,4,6,6,4,4,8,4,5,2,15,3,10,3,1,B03,7,9,1,8,2,4,,12,12,1,12,4,120.576943,24.26895,2
556,66000,387130000C,(04)23274275,(04)23288582,2025,11,2,22,4,臺中市,西屯區,0,2,0,7,1,6,50,5,1,1,5,4,6,6,2,1,10,5,5,2,13,2,9,2,4,C03,7,9,1,10,2,11,,59,59,1,13,2,120.650932,24.157495,2
557,66000,387130000C,(04)23274275,(04)23288582,2025,11,2,22,4,臺中市,太平區,0,0,0,7,,,30,,,,,,,,,,,,,,,,,,,C03,,,1,,2,,,45,45,1,12,4,120.730873,24.141455,3
558,66000,387130000C,(04)23274275,(04)23288582,2025,11,2,22,5,臺中市,西屯區,0,1,0,7,1,6,40,4,2,1,5,4,6,6,2,1,5,4,4,2,13,3,10,5,4,B12,7,9,1,8,2,1,,27,27,1,12,4,120.662991,24.163514,2
559,66000,387130000C,(04)23274275,(04)23288582,2025,11,2,22,11,臺中市,西屯區,0,2,0,7,1,6,50,4,1,1,1,4,6,6,2,1,10,5,5,2,16,2,8,5,4,C03,7,6,1,10,2,14,,11,11,1,12,4,120.64097,24.17041,2
560,66000,387130000C,(04)23274275,(04)23288582,2025,11,2,22,33,臺中市,南區,0,1,0,7,1,6,50,13,9,1,5,4,6,6,4,4,3,4,5,2,18,2,9,2,1,C03,7,9,1,10,2,12,,82,82,1,13,4,120.673686,24.130698,2
561,66000,387130000C,(04)23274275,(04)23288582,2025,11,2,22,55,臺中市,北區,0,0,0,7,,,50,,,,,,,,,,,,,,14,,,,,B03,,,1,,1,,,49,49,1,13,4,120.684835,24.149697,3
562,66000,387130000C,(04)23274275,(04)23288582,2025,11,2,22,56,臺中市,大里區,0,1,0,7,1,6,50,13,9,1,5,4,6,6,4,4,1,5,5,1,18,2,9,1,1,C03,7,9,1,10,2,11,,55,55,1,12,4,120.669,24.083385,2
563,66000,387130000C,(04)23274275,(04)23288582,2025,11,2,23,3,臺中市,太平區,0,1,0,7,1,6,50,4,1,1,5,4,6,6,2,1,10,5,5,2,15,3,10,2,1,C03,7,9,3,19,2,11,,21,21,1,13,4,120.71004,24.134848,2
564,66000,387130000C,(04)23274275,(04)23288582,2025,11,2,23,4,臺中市,東區,0,1,0,7,1,6,50,4,1,1,5,4,6,6,1,1,10,5,5,2,16,3,10,1,1,C03,7,5,1,10,1,12,,11,11,1,12,4,120.709716,24.13674,2
565,66000,387130000C,(04)23274275,(04)23288582,2025,11,2,23,20,臺中市,西屯區,0,1,0,7,1,6,50,4,1,1,5,4,6,6,2,1,10,5,5,2,18,2,9,1,1,C03,7,9,5,19,2,12,,6,6,1,12,4,120.637449,24.177602,2
566,66000,387130000C,(04)23274275,(04)23288582,2025,11,2,23,40,臺中市,北區,0,1,0,7,1,6,50,4,2,1,5,4,6,6,2,1,10,5,5,2,12,2,9,2,1,C03,7,9,1,10,2,14,,7,7,1,13,4,120.68396,24.146313,2
567,66000,387130000C,(04)23274275,(04)23288582,2025,11,2,23,45,臺中市,西屯區,0,0,0,7,,,50,,,,,,,,,,,,,,13,,,,,B03,,,1,,1,,,59,59,1,13,4,120.634942,24.161463,3