序號,縣市別代碼,機關代碼,市話,傳真,年,月,日,時,分,縣市,區,死亡數量,受傷數量,2-30,天候,道路照明設備,道路類別,道路速限,道路型態,事故位置,路面鋪裝,路面狀態,路面缺陷,障礙物,視距,號誌種類,號誌動作,分向設施,快車道或一般車道間,快慢車道間,路面邊線,事故類型及型態,受傷程度,主要傷處,保護裝備,行動電話或功能裝置,當事者區分(類別),車輛用途,當事者行動狀態,駕照狀態,駕照種類,飲酒情形,車輛撞擊部位最初,車輛撞擊部位其他,肇事因素個別,肇事因素主要,肇事逃逸,職業,共享經濟或外送平台,GPS座標X,GPS座標Y,事故類別
568,66000,387130000C,(04)23274275,(04)23288582,2025,11,2,23,49,臺中市,南區,0,0,0,7,,,50,,,,,,,,,,,,,,17,,,,,C03,,,1,,2,,,84,84,1,12,4,120.663366,24.127266,3
569,66000,387130000C,(04)23274275,(04)23288582,2025,11,2,23,49,臺中市,西屯區,0,1,0,7,1,6,30,3,1,1,5,4,6,6,4,4,10,5,5,2,16,3,10,3,1,B03,7,5,1,8,2,1,,14,14,1,12,4,120.642284,24.17026,2
570,66000,387130000C,(04)23274275,(04)23288582,2025,11,3,0,5,臺中市,南區,0,1,0,7,1,6,50,13,9,1,5,4,6,6,4,4,1,4,5,2,13,2,9,1,1,C03,7,9,1,10,2,11,,7,7,1,12,4,120.670047,24.126452,2
571,66000,387130000C,(04)23274275,(04)23288582,2025,11,3,0,22,臺中市,西屯區,0,1,0,7,1,6,50,13,9,1,5,4,3,6,4,4,10,4,5,1,1,3,10,5,4,B03,7,9,1,8,2,2,,59,59,1,12,4,120.645087,24.177697,2
572,66000,387130000C,(04)23274275,(04)23288582,2025,11,3,0,28,臺中市,北區,0,0,0,7,1,6,50,13,9,1,5,4,6,6,4,4,9,4,5,2,12,3,10,3,1,B03,7,7,1,8,2,6,,40,40,1,12,4,120.67781,24.149589,4
573,66000,387130000C,(04)23274275,(04)23288582,2025,11,3,0,31,臺中市,北屯區,0,0,0,7,,,30,,,,,,,,,,,,,,17,,,,,B03,,,1,,2,,,84,84,1,6,4,120.706782,24.170057,3
574,66000,387130000C,(04)23274275,(04)23288582,2025,11,3,0,57,臺中市,西屯區,0,2,0,7,1,6,40,13,8,1,5,4,6,6,4,4,9,5,4,2,8,2,7,1,1,C03,7,9,1,10,2,12,,59,59,1,12,4,120.64876,24.17076,2
575,66000,387130000C,(04)23274275,(04)23288582,2025,11,3,1,35,臺中市,北屯區,0,0,0,7,,,50,,,,,,,,,,,,,,16,,,,,B03,,,1,,2,,,65,65,1,13,4,120.694532,24.164847,3
576,66000,387130000C,(04)23274275,(04)23288582,2025,11,3,2,9,臺中市,龍井區,0,0,0,7,,,30,,,,,,,,,,,,,,,,,,,B03,,,1,,9,,,49,49,1,12,4,120.546709,24.191196,3
577,66000,387130000C,(04)23274275,(04)23288582,2025,11,3,2,44,臺中市,北區,0,1,0,7,1,6,50,4,2,1,5,4,6,6,3,1,10,5,5,2,17,3,10,2,1,C03,7,9,1,10,2,13,,20,20,1,13,4,120.697451,24.15572,2
578,66000,387130000C,(04)23274275,(04)23288582,2025,11,3,3,22,臺中市,沙鹿區,0,0,0,7,,,40,,,,,,,,,,,,,,,,,,,B03,,,1,,2,,,82,82,1,12,4,120.574972,24.253215,3
579,66000,387130000C,(04)23274275,(04)23288582,2025,11,3,3,46,臺中市,神岡區,0,1,0,6,1,6,50,13,14,1,5,4,6,6,1,1,5,5,5,1,17,2,9,5,4,B03,7,9,1,8,7,5,,53,53,1,12,4,120.664962,24.262487,2
580,66000,387130000C,(04)23274275,(04)23288582,2025,11,3,5,30,臺中市,大肚區,0,2,0,7,3,6,30,13,9,1,5,4,6,6,4,4,10,5,5,2,2,2,9,1,1,C03,7,9,1,10,2,11,,7,7,1,6,4,120.53961,24.147496,2
581,66000,387130000C,(04)23274275,(04)23288582,2025,11,3,5,42,臺中市,龍井區,0,0,0,7,,,50,,,,,,,,,,,,,,13,,,,,B12,,,1,,2,,,7,7,1,6,4,120.514084,24.198283,3
582,66000,387130000C,(04)23274275,(04)23288582,2025,11,3,6,13,臺中市,西屯區,0,1,0,7,2,6,30,4,1,1,5,4,6,1,4,4,10,5,5,2,15,2,9,1,1,C03,7,9,1,10,2,11,,15,15,1,13,4,120.651025,24.160476,2
583,66000,387130000C,(04)23274275,(04)23288582,2025,11,3,6,15,臺中市,北區,0,0,0,7,2,6,30,13,9,1,5,4,6,6,4,4,10,5,5,2,12,3,10,5,1,B03,7,15,1,8,2,5,,78,78,1,12,4,120.672819,24.157948,3
584,66000,387130000C,(04)23274275,(04)23288582,2025,11,3,6,39,臺中市,霧峰區,0,1,0,7,2,6,30,3,1,1,5,4,6,6,4,4,10,5,5,1,11,3,10,5,4,B03,7,6,1,8,2,4,,41,41,1,12,4,120.740334,24.063969,2
585,66000,387130000C,(04)23274275,(04)23288582,2025,11,3,6,50,臺中市,大雅區,0,1,0,7,1,6,50,13,9,1,5,4,6,6,4,4,5,5,5,1,17,2,9,1,1,C03,7,9,1,10,2,11,,84,84,1,13,4,120.627538,24.239581,2
586,66000,387130000C,(04)23274275,(04)23288582,2025,11,3,6,50,臺中市,龍井區,0,0,0,7,,,30,,,,,,,,,,,,,,,,,,,B03,,,1,,1,,,49,49,1,6,4,120.530917,24.177504,3
587,66000,387130000C,(04)23274275,(04)23288582,2025,11,3,6,51,臺中市,北屯區,0,1,0,7,3,6,50,4,1,1,5,4,6,6,1,1,10,5,4,2,16,3,10,3,1,B03,7,6,1,8,2,4,,84,84,1,6,4,120.682064,24.194064,2
588,66000,387130000C,(04)23274275,(04)23288582,2025,11,3,6,55,臺中市,清水區,0,2,0,7,3,6,30,5,1,1,5,4,6,6,4,4,10,5,5,2,15,2,8,1,1,C03,7,9,1,10,2,11,,12,12,1,12,4,120.575916,24.274844,2
589,66000,387130000C,(04)23274275,(04)23288582,2025,11,3,7,0,臺中市,西屯區,0,2,0,7,2,6,30,3,1,1,5,4,6,6,4,4,10,5,5,2,13,2,9,2,1,C03,7,5,1,10,2,12,,47,47,1,12,4,120.619545,24.175129,2
590,66000,387130000C,(04)23274275,(04)23288582,2025,11,3,7,7,臺中市,北區,0,1,0,7,2,6,50,11,8,1,5,4,6,6,4,4,1,4,4,2,12,3,10,1,1,C03,7,9,1,10,2,12,,84,84,1,12,4,120.677483,24.154719,2
591,66000,387130000C,(04)23274275,(04)23288582,2025,11,3,7,10,臺中市,神岡區,0,1,0,7,2,6,50,4,9,1,5,4,6,6,4,4,10,5,5,2,15,2,9,5,4,C03,7,9,1,10,2,11,,15,15,1,13,4,120.65927,24.270643,2
592,66000,387130000C,(04)23274275,(04)23288582,2025,11,3,7,14,臺中市,西屯區,0,1,0,7,2,6,50,4,9,1,5,4,6,6,1,1,5,5,5,2,17,3,10,5,1,B03,7,14,1,8,2,2,,77,77,1,12,4,120.641439,24.185055,2
593,66000,387130000C,(04)23274275,(04)23288582,2025,11,3,7,15,臺中市,大里區,0,0,0,7,,,50,,,,,,,,,,,,,,16,,,,,B03,,,1,,1,,,11,11,1,13,4,120.695405,24.096922,3
594,66000,387130000C,(04)23274275,(04)23288582,2025,11,3,7,16,臺中市,梧棲區,0,2,0,7,2,6,50,4,1,1,5,4,6,6,1,1,10,5,5,2,11,2,9,1,1,C03,7,9,3,19,2,11,,4,4,1,12,4,120.524408,24.236399,2
595,66000,387130000C,(04)23274275,(04)23288582,2025,11,3,7,19,臺中市,外埔區,0,0,0,7,,,50,,,,,,,,,,,,,,13,,,,,B03,,,1,,2,,,59,59,1,12,4,120.636879,24.342824,3
596,66000,387130000C,(04)23274275,(04)23288582,2025,11,3,7,22,臺中市,大甲區,0,1,0,7,3,6,50,13,14,1,5,4,6,6,4,4,4,4,5,1,17,2,9,5,4,C03,7,15,1,10,2,12,,84,84,1,6,4,120.65478,24.391814,2
597,66000,387130000C,(04)23274275,(04)23288582,2025,11,3,7,23,臺中市,新社區,0,0,0,7,,,50,,,,,,,,,,,,,,,,,,,B03,,,1,,2,,,12,12,1,12,4,120.796049,24.204341,3
598,66000,387130000C,(04)23274275,(04)23288582,2025,11,3,7,25,臺中市,西區,0,1,0,7,2,6,50,4,1,1,5,4,6,6,4,4,10,5,5,2,17,3,10,5,4,B01,7,1,1,4,2,8,,51,51,1,12,4,120.657841,24.147857,2
599,66000,387130000C,(04)23274275,(04)23288582,2025,11,3,7,26,臺中市,東區,0,0,0,7,,,50,,,,,,,,,,,,,,,,,,,C03,,,3,,2,,,48,48,1,6,4,120.689198,24.14293,3
600,66000,387130000C,(04)23274275,(04)23288582,2025,11,3,7,26,臺中市,北屯區,0,0,0,7,,,50,,,,,,,,,,,,,,17,,,,,B03,,,1,,2,,,58,58,1,12,4,120.682511,24.171712,3
601,66000,387130000C,(04)23274275,(04)23288582,2025,11,3,7,26,臺中市,北屯區,0,0,0,7,,,50,,,,,,,,,,,,,,,,,,,B03,,,1,,1,,,35,35,1,13,4,120.693399,24.167284,3
602,66000,387130000C,(04)23274275,(04)23288582,2025,11,3,7,27,臺中市,大甲區,0,1,0,6,2,6,50,3,2,1,5,4,6,6,4,4,3,4,4,1,16,3,10,3,1,B03,7,5,1,8,2,5,,14,14,1,6,4,120.617022,24.346224,2
603,66000,387130000C,(04)23274275,(04)23288582,2025,11,3,7,27,臺中市,神岡區,0,1,0,7,1,6,50,3,2,1,5,4,6,6,1,1,5,4,4,2,12,3,10,5,4,B03,7,1,1,8,2,4,,51,51,1,12,4,120.67843,24.249596,2
604,66000,387130000C,(04)23274275,(04)23288582,2025,11,3,7,30,臺中市,北區,0,1,0,7,2,6,50,4,1,1,5,4,6,6,1,1,5,5,5,2,17,3,10,5,1,C03,7,6,1,10,2,14,,20,20,1,13,4,120.679356,24.172862,2
605,66000,387130000C,(04)23274275,(04)23288582,2025,11,3,7,31,臺中市,大肚區,0,0,0,7,,,50,,,,,,,,,,,,,,13,,,,,B03,,,1,,2,,,59,59,1,6,4,120.548966,24.141536,3
606,66000,387130000C,(04)23274275,(04)23288582,2025,11,3,7,31,臺中市,豐原區,0,0,0,7,,,30,,,,,,,,,,,,,,12,,,,,B12,,,1,,2,,,8,8,1,12,4,120.722021,24.231174,3
607,66000,387130000C,(04)23274275,(04)23288582,2025,11,3,7,32,臺中市,大里區,0,1,0,7,2,6,50,13,9,1,5,4,6,6,4,4,10,5,5,1,16,3,10,1,1,C03,7,11,1,10,2,11,,39,39,1,12,4,120.703152,24.096107,2
608,66000,387130000C,(04)23274275,(04)23288582,2025,11,3,7,35,臺中市,神岡區,0,0,0,7,,,40,,,,,,,,,,,,,,17,,,,,B12,,,3,,2,,,51,51,1,13,4,120.660748,24.270709,3
609,66000,387130000C,(04)23274275,(04)23288582,2025,11,3,7,36,臺中市,北屯區,0,1,0,6,3,6,50,13,9,1,5,4,6,6,4,4,1,4,5,2,13,3,10,3,1,B03,7,9,1,8,1,1,,7,7,1,6,4,120.695945,24.167175,2
610,66000,387130000C,(04)23274275,(04)23288582,2025,11,3,7,40,臺中市,北屯區,0,1,0,7,3,6,30,13,7,1,5,4,6,6,4,4,9,5,4,2,12,2,9,2,1,C03,7,9,1,11,1,12,,4,4,1,6,4,120.676557,24.19493,2
611,66000,387130000C,(04)23274275,(04)23288582,2025,11,3,7,42,臺中市,梧棲區,0,1,0,7,2,6,50,4,1,1,5,4,6,6,4,4,10,5,5,2,17,2,9,1,1,C03,7,6,1,10,2,12,,48,48,1,12,4,120.541004,24.246577,2
612,66000,387130000C,(04)23274275,(04)23288582,2025,11,3,7,43,臺中市,潭子區,0,0,0,7,,,50,,,,,,,,,,,,,,,,,,,C03,,,1,,2,,,6,6,1,13,4,120.673775,24.204765,3
613,66000,387130000C,(04)23274275,(04)23288582,2025,11,3,7,43,臺中市,南屯區,0,0,0,7,,,50,,,,,,,,,,,,,,,,,,,B03,,,1,,1,,,51,51,1,12,4,120.630808,24.147965,3
614,66000,387130000C,(04)23274275,(04)23288582,2025,11,3,7,44,臺中市,神岡區,0,1,0,7,1,6,30,5,1,1,5,4,6,6,4,4,10,5,5,2,15,2,9,1,4,C03,7,9,1,10,2,12,,20,20,1,12,4,120.675531,24.256624,2
615,66000,387130000C,(04)23274275,(04)23288582,2025,11,3,7,45,臺中市,霧峰區,0,2,0,7,2,6,50,3,2,1,5,4,6,6,4,4,9,4,4,2,17,2,9,2,1,C03,7,9,1,10,2,11,,6,6,1,13,4,120.697071,24.055376,2
616,66000,387130000C,(04)23274275,(04)23288582,2025,11,3,7,45,臺中市,大里區,0,0,0,7,,,50,,,,,,,,,,,,,,,,,,,B03,,,1,,1,,,7,7,1,12,4,120.693331,24.107953,3
617,66000,387130000C,(04)23274275,(04)23288582,2025,11,3,7,45,臺中市,烏日區,0,0,0,7,,,50,,,,,,,,,,,,,,12,,,,,B03,,,1,,1,,,40,40,1,12,4,120.618825,24.113876,3
618,66000,387130000C,(04)23274275,(04)23288582,2025,11,3,7,46,臺中市,北屯區,0,1,0,7,2,6,50,3,2,1,5,4,6,6,1,1,5,4,5,2,13,3,10,1,1,C03,7,9,1,10,2,11,,7,7,1,12,4,120.697711,24.164842,2
619,66000,387130000C,(04)23274275,(04)23288582,2025,11,3,7,47,臺中市,外埔區,0,0,0,7,,,50,,,,,,,,,,,,,,13,,,,,B03,,,1,,9,,,59,59,2,12,4,120.63993,24.340908,3
620,66000,387130000C,(04)23274275,(04)23288582,2025,11,3,7,48,臺中市,北屯區,0,2,0,7,1,6,50,13,9,1,5,4,6,6,4,4,3,4,5,2,13,2,9,1,1,C03,7,9,1,10,2,11,,84,84,1,13,4,120.721893,24.182494,2
621,66000,387130000C,(04)23274275,(04)23288582,2025,11,3,7,50,臺中市,大里區,0,1,0,7,2,6,50,4,1,1,5,4,6,6,4,4,10,5,5,2,15,2,9,1,1,C03,7,9,1,10,2,12,,1,1,1,12,4,120.697189,24.094091,2
622,66000,387130000C,(04)23274275,(04)23288582,2025,11,3,7,50,臺中市,神岡區,0,1,0,7,2,6,50,13,9,1,5,4,6,6,4,4,9,4,4,2,17,4,11,5,4,C03,7,1,1,10,2,11,,51,51,1,13,4,120.701684,24.262914,2
623,66000,387130000C,(04)23274275,(04)23288582,2025,11,3,7,51,臺中市,北屯區,0,0,0,7,,,50,,,,,,,,,,,,,,12,,,,,B12,,,1,,1,,,40,40,1,6,4,120.670016,24.176528,3
624,66000,387130000C,(04)23274275,(04)23288582,2025,11,3,7,52,臺中市,中區,0,1,0,7,2,6,50,13,9,1,5,4,6,6,4,4,5,4,5,2,16,3,10,3,1,B03,7,5,1,8,2,5,,65,65,1,13,4,120.68256,24.140601,2
625,66000,387130000C,(04)23274275,(04)23288582,2025,11,3,7,52,臺中市,霧峰區,0,2,0,7,2,6,50,13,9,1,5,4,6,6,4,4,9,5,5,1,12,2,7,2,1,C03,7,9,3,19,2,11,,7,7,1,6,4,120.672965,24.062925,2
626,66000,387130000C,(04)23274275,(04)23288582,2025,11,3,7,53,臺中市,北屯區,0,2,0,7,2,6,50,3,1,1,5,4,6,6,4,4,10,5,5,2,17,2,9,1,1,C03,7,7,1,10,2,12,,65,65,1,12,4,120.696218,24.164236,2
627,66000,387130000C,(04)23274275,(04)23288582,2025,11,3,7,53,臺中市,神岡區,0,0,0,7,,,60,,,,,,,,,,,,,,13,,,,,B03,,,1,,2,,,7,7,1,12,4,120.694618,24.232781,3
628,66000,387130000C,(04)23274275,(04)23288582,2025,11,3,7,54,臺中市,東勢區,0,1,0,7,2,6,50,11,9,1,5,4,6,6,4,4,8,5,5,1,12,2,9,1,1,C03,7,5,1,10,2,14,,85,85,1,12,4,120.840394,24.182901,2
629,66000,387130000C,(04)23274275,(04)23288582,2025,11,3,7,55,臺中市,大雅區,0,0,0,7,,,60,,,,,,,,,,,,,,,,,,,B03,,,1,,1,,,40,40,1,13,4,120.650457,24.210973,3
630,66000,387130000C,(04)23274275,(04)23288582,2025,11,3,7,55,臺中市,清水區,0,0,0,7,,,30,,,,,,,,,,,,,,17,,,,,C03,,,1,,2,,,48,48,1,12,4,120.565295,24.269688,3
631,66000,387130000C,(04)23274275,(04)23288582,2025,11,3,7,56,臺中市,霧峰區,0,0,0,7,,,50,,,,,,,,,,,,,,14,,,,,B12,,,1,,2,,,49,49,1,13,4,120.698747,24.065465,3
632,66000,387130000C,(04)23274275,(04)23288582,2025,11,3,7,57,臺中市,梧棲區,0,0,0,7,,,40,,,,,,,,,,,,,,13,,,,,B03,,,1,,1,,,7,7,1,13,4,120.525779,24.224664,3
633,66000,387130000C,(04)23274275,(04)23288582,2025,11,3,7,58,臺中市,潭子區,0,0,0,7,,,30,,,,,,,,,,,,,,19,,,,,B03,,,1,,2,,,84,84,1,13,4,120.681898,24.210352,3
634,66000,387130000C,(04)23274275,(04)23288582,2025,11,3,7,58,臺中市,大肚區,0,1,0,7,3,6,30,13,9,1,5,4,6,6,4,4,10,5,5,1,11,3,10,3,1,B03,7,9,1,8,2,1,,8,8,1,6,4,120.558791,24.131749,2
635,66000,387130000C,(04)23274275,(04)23288582,2025,11,3,7,59,臺中市,大里區,0,1,0,7,2,6,30,3,1,1,5,4,6,6,4,4,10,5,5,2,16,3,10,3,1,B03,7,6,1,8,2,8,,14,14,1,12,4,120.71054,24.10944,2
636,66000,387130000C,(04)23274275,(04)23288582,2025,11,3,8,0,臺中市,西區,0,1,0,7,1,6,50,13,8,1,5,4,6,6,4,4,5,4,5,2,17,2,1,1,1,C03,7,9,1,10,2,11,,59,59,1,13,4,120.65292,24.148556,2
637,66000,387130000C,(04)23274275,(04)23288582,2025,11,3,8,0,臺中市,北屯區,0,1,0,6,3,6,30,4,1,1,5,4,6,6,4,4,10,5,5,2,15,2,7,2,1,C03,7,9,1,10,2,12,,15,15,1,6,4,120.665419,24.179227,2
638,66000,387130000C,(04)23274275,(04)23288582,2025,11,3,8,5,臺中市,西區,0,0,0,7,,,50,,,,,,,,,,,,,,,,,,,B03,,,1,,1,,,84,84,1,12,4,120.660194,24.146693,3
639,66000,387130000C,(04)23274275,(04)23288582,2025,11,3,8,8,臺中市,東勢區,0,1,0,7,2,6,50,3,9,1,5,4,6,6,4,4,5,5,5,1,18,2,9,5,4,C03,7,6,1,10,2,11,,59,59,1,13,4,120.760421,24.284384,2
640,66000,387130000C,(04)23274275,(04)23288582,2025,11,3,8,9,臺中市,北區,0,1,0,7,2,6,50,4,9,1,5,4,6,6,4,4,1,4,5,2,17,2,9,5,4,C03,7,8,3,19,2,14,,40,40,1,13,4,120.692565,24.155918,2
641,66000,387130000C,(04)23274275,(04)23288582,2025,11,3,8,9,臺中市,北屯區,0,0,0,7,,,50,,,,,,,,,,,,,,26,,,,,B03,,,1,,2,,,84,84,1,6,4,120.724587,24.173535,3
642,66000,387130000C,(04)23274275,(04)23288582,2025,11,3,8,10,臺中市,沙鹿區,0,1,0,7,2,6,50,5,1,1,5,4,6,6,1,1,1,4,5,2,16,2,1,3,1,B03,7,5,1,8,2,2,,47,47,1,12,4,120.571355,24.225513,2
643,66000,387130000C,(04)23274275,(04)23288582,2025,11,3,8,12,臺中市,南屯區,0,1,0,7,2,6,50,13,9,1,5,2,6,6,4,4,9,5,5,2,18,2,9,1,1,C03,7,9,1,10,2,14,,84,84,1,12,4,120.597848,24.151081,2
644,66000,387130000C,(04)23274275,(04)23288582,2025,11,3,8,15,臺中市,烏日區,0,1,0,7,2,6,50,4,1,1,5,4,6,6,1,1,10,5,5,2,12,3,10,5,4,B03,7,9,1,8,2,2,,85,85,1,13,4,120.641724,24.095592,2
645,66000,387130000C,(04)23274275,(04)23288582,2025,11,3,8,16,臺中市,東區,0,2,0,7,3,6,50,13,9,1,5,4,6,6,4,4,5,5,5,2,17,2,9,5,4,C03,7,9,1,10,2,13,,84,84,1,6,4,120.684088,24.132565,2
646,66000,387130000C,(04)23274275,(04)23288582,2025,11,3,8,16,臺中市,神岡區,0,1,0,7,2,6,50,5,1,1,5,4,6,6,2,1,10,5,5,1,17,2,9,5,4,C03,7,15,1,10,2,13,,40,40,1,13,4,120.682744,24.269352,2
647,66000,387130000C,(04)23274275,(04)23288582,2025,11,3,8,21,臺中市,南區,0,1,0,7,3,6,50,13,9,1,5,4,6,6,4,4,9,5,5,2,17,3,10,1,1,C03,7,15,1,10,1,14,,20,20,1,7,4,120.668718,24.112814,2
648,66000,387130000C,(04)23274275,(04)23288582,2025,11,3,8,23,臺中市,西屯區,0,0,0,7,,,50,,,,,,,,,,,,,,12,,,,,B03,,,1,,1,,,8,8,1,12,4,120.589067,24.174145,3
649,66000,387130000C,(04)23274275,(04)23288582,2025,11,3,8,23,臺中市,大里區,0,0,0,7,,,50,,,,,,,,,,,,,,17,,,,,C03,,,1,,1,,,84,84,1,6,4,120.690962,24.091869,3
650,66000,387130000C,(04)23274275,(04)23288582,2025,11,3,8,24,臺中市,北區,0,0,0,7,3,6,50,18,24,1,5,4,6,6,4,4,3,4,5,2,17,,,,,C03,,,1,,1,,,7,7,1,13,4,120.672648,24.162973,3
651,66000,387130000C,(04)23274275,(04)23288582,2025,11,3,8,25,臺中市,龍井區,0,0,0,7,,,30,,,,,,,,,,,,,,14,,,,,B03,,,1,,2,,,49,49,1,6,4,120.58826,24.179407,3
652,66000,387130000C,(04)23274275,(04)23288582,2025,11,3,8,26,臺中市,北屯區,0,0,0,7,,,50,,,,,,,,,,,,,,,,,,,B03,,,1,,1,,,40,40,1,13,4,120.7005,24.167822,3
653,66000,387130000C,(04)23274275,(04)23288582,2025,11,3,8,31,臺中市,太平區,0,0,0,7,,,30,,,,,,,,,,,,,,17,,,,,B03,,,1,,2,,,84,84,1,12,4,120.719959,24.114292,3
654,66000,387130000C,(04)23274275,(04)23288582,2025,11,3,8,32,臺中市,大肚區,0,1,0,7,3,6,40,13,8,1,5,4,6,6,4,4,1,4,4,1,17,3,10,3,1,B03,7,15,1,8,2,4,,76,76,1,6,4,120.561986,24.124503,2
655,66000,387130000C,(04)23274275,(04)23288582,2025,11,3,8,34,臺中市,霧峰區,0,0,0,7,,,50,,,,,,,,,,,,,,,,,,,B12,,,1,,11,,,59,59,1,12,4,120.66199,24.069963,3
656,66000,387130000C,(04)23274275,(04)23288582,2025,11,3,8,34,臺中市,豐原區,0,0,0,7,,,50,,,,,,,,,,,,,,13,,,,,C03,,,1,,2,,,7,7,1,6,4,120.749072,24.267693,3
657,66000,387130000C,(04)23274275,(04)23288582,2025,11,3,8,36,臺中市,大里區,0,0,0,7,,,40,,,,,,,,,,,,,,30,,,,,B12,,,1,,2,,,75,75,1,6,4,120.69769,24.082043,3
658,66000,387130000C,(04)23274275,(04)23288582,2025,11,3,8,39,臺中市,北屯區,0,1,0,6,3,6,50,5,2,1,5,4,6,6,1,1,5,4,5,2,18,2,9,1,1,C03,7,9,1,10,2,12,,84,84,1,6,4,120.717778,24.190966,2
659,66000,387130000C,(04)23274275,(04)23288582,2025,11,3,8,45,臺中市,北區,0,2,0,7,2,6,50,4,2,1,5,4,6,6,1,1,1,4,5,2,13,2,9,1,1,C03,7,9,1,10,2,11,,7,7,1,12,4,120.676739,24.155813,2
660,66000,387130000C,(04)23274275,(04)23288582,2025,11,3,8,45,臺中市,北屯區,0,1,0,7,3,6,50,4,1,1,5,4,6,6,1,1,5,5,5,2,17,3,10,1,1,C04,7,9,5,11,2,16,,21,21,1,6,4,120.688225,24.193251,2
661,66000,387130000C,(04)23274275,(04)23288582,2025,11,3,8,46,臺中市,梧棲區,0,1,0,7,2,6,40,13,8,1,5,4,6,6,4,4,9,5,5,1,16,3,10,3,1,B03,7,5,1,8,2,6,,47,47,1,13,4,120.552288,24.244717,2
662,66000,387130000C,(04)23274275,(04)23288582,2025,11,3,8,52,臺中市,南屯區,0,0,0,7,,,50,,,,,,,,,,,,,,13,,,,,C03,,,1,,1,,,85,85,1,12,4,120.616146,24.153052,4
663,66000,387130000C,(04)23274275,(04)23288582,2025,11,3,8,53,臺中市,大里區,0,1,0,7,2,6,50,13,9,1,5,4,6,6,4,4,10,5,5,2,17,2,9,2,1,C03,7,9,1,10,2,11,,84,84,1,12,4,120.705055,24.111171,2
664,66000,387130000C,(04)23274275,(04)23288582,2025,11,3,8,56,臺中市,西屯區,0,0,0,7,,,50,,,,,,,,,,,,,,14,,,,,B03,,,1,,1,,,49,49,1,13,4,120.612149,24.17008,3
665,66000,387130000C,(04)23274275,(04)23288582,2025,11,3,8,59,臺中市,南屯區,0,0,0,7,,,50,,,,,,,,,,,,,,17,,,,,C03,,,1,,2,,,48,48,1,12,4,120.613757,24.142755,3
666,66000,387130000C,(04)23274275,(04)23288582,2025,11,3,8,59,臺中市,北屯區,0,1,0,7,2,6,50,4,1,1,5,4,6,6,4,4,10,5,5,2,15,3,10,3,1,B03,7,9,1,8,2,2,,15,15,1,12,4,120.714625,24.168146,2
667,66000,387130000C,(04)23274275,(04)23288582,2025,11,3,8,59,臺中市,太平區,0,0,0,7,2,6,30,,,,,,,,,,,,,,,,,,,B03,,,1,,2,2,,84,84,1,12,4,120.716668,24.131118,3
668,66000,387130000C,(04)23274275,(04)23288582,2025,11,3,9,0,臺中市,北區,0,1,0,7,2,6,50,4,1,1,5,4,6,6,1,1,5,5,5,2,17,2,9,5,1,C03,7,9,1,10,2,11,,7,7,1,13,4,120.680949,24.15816,2
669,66000,387130000C,(04)23274275,(04)23288582,2025,11,3,9,3,臺中市,西區,0,0,0,7,,,50,,,,,,,,,,,,,,,,,,,B03,,,1,,2,,,84,84,1,12,4,120.658632,24.14643,3
670,66000,387130000C,(04)23274275,(04)23288582,2025,11,3,9,3,臺中市,神岡區,0,1,0,7,1,6,50,3,2,1,5,4,6,6,1,1,5,4,4,2,16,3,10,5,4,B03,7,11,1,8,2,8,,42,42,1,12,4,120.710997,24.258383,2
671,66000,387130000C,(04)23274275,(04)23288582,2025,11,3,9,9,臺中市,北屯區,0,1,0,7,3,6,50,13,9,1,5,4,6,6,4,4,1,4,5,2,17,3,10,3,1,B12,7,15,1,7,2,4,,76,76,1,6,4,120.689914,24.171495,2
672,66000,387130000C,(04)23274275,(04)23288582,2025,11,3,9,10,臺中市,南區,0,0,0,7,,,50,,,,,,,,,,,,,,13,,,,,B03,,,1,,1,,,7,7,1,12,4,120.668671,24.114552,3
673,66000,387130000C,(04)23274275,(04)23288582,2025,11,3,9,10,臺中市,南區,0,1,0,7,2,6,50,13,9,1,5,4,6,6,4,4,9,5,5,2,17,2,9,1,1,C04,7,15,1,10,2,11,,84,84,1,12,4,120.658424,24.116522,2
674,66000,387130000C,(04)23274275,(04)23288582,2025,11,3,9,12,臺中市,北區,0,2,0,7,3,6,50,4,1,1,5,4,6,6,1,1,10,5,5,2,17,2,9,5,4,C03,7,15,1,10,2,14,,48,48,1,13,4,120.686678,24.16527,2
675,66000,387130000C,(04)23274275,(04)23288582,2025,11,3,9,12,臺中市,神岡區,0,0,0,7,,,30,,,,,,,,,,,,,,14,,,,,B12,,,1,,2,,,49,49,1,13,4,120.710566,24.259166,3
676,66000,387130000C,(04)23274275,(04)23288582,2025,11,3,9,15,臺中市,南屯區,0,0,0,7,,3,80,,,,,,,,,,,,,,,,,,,B03,,,1,,2,,,85,85,1,13,4,120.620021,24.130177,3
677,66000,387130000C,(04)23274275,(04)23288582,2025,11,3,9,15,臺中市,龍井區,0,0,0,7,,,30,,,,,,,,,,,,,,,,,,,B03,,,1,,1,,,49,49,1,12,4,120.549952,24.198325,3
678,66000,387130000C,(04)23274275,(04)23288582,2025,11,3,9,20,臺中市,西區,0,0,0,7,,,50,,,,,,,,,,,,,,17,,,,,B03,,,1,,1,,,84,84,1,13,4,120.668232,24.141183,3
679,66000,387130000C,(04)23274275,(04)23288582,2025,11,3,9,21,臺中市,大肚區,0,1,0,7,1,6,50,4,1,1,5,4,6,6,4,4,10,5,5,2,15,3,10,1,1,C03,7,1,1,10,2,12,,12,12,1,6,4,120.580802,24.173144,2
680,66000,387130000C,(04)23274275,(04)23288582,2025,11,3,9,22,臺中市,梧棲區,0,0,0,7,,,40,,,,,,,,,,,,,,14,,,,,B12,,,1,,1,,,49,49,1,12,4,120.545908,24.246734,3