序號,縣市別代碼,機關代碼,市話,傳真,年,月,日,時,分,縣市,區,死亡數量,受傷數量,2-30,天候,道路照明設備,道路類別,道路速限,道路型態,事故位置,路面鋪裝,路面狀態,路面缺陷,障礙物,視距,號誌種類,號誌動作,分向設施,快車道或一般車道間,快慢車道間,路面邊線,事故類型及型態,受傷程度,主要傷處,保護裝備,行動電話或功能裝置,當事者區分(類別),車輛用途,當事者行動狀態,駕照狀態,駕照種類,飲酒情形,車輛撞擊部位最初,車輛撞擊部位其他,肇事因素個別,肇事因素主要,肇事逃逸,職業,共享經濟或外送平台,GPS座標X,GPS座標Y,事故類別
681,66000,387130000C,(04)23274275,(04)23288582,2025,11,3,9,23,臺中市,南屯區,0,1,0,7,2,6,50,4,1,1,5,4,6,6,2,1,9,4,5,2,15,2,9,1,1,C03,7,9,1,10,2,11,,21,21,1,12,4,120.637277,24.146978,2
682,66000,387130000C,(04)23274275,(04)23288582,2025,11,3,9,33,臺中市,龍井區,0,0,0,7,,,50,,,,,,,,,,,,,,17,,,,,C03,,,3,,9,,,84,84,1,6,4,120.584882,24.181843,3
683,66000,387130000C,(04)23274275,(04)23288582,2025,11,3,9,38,臺中市,北區,0,1,0,7,2,6,50,3,1,1,5,4,6,6,1,1,1,4,5,2,16,3,10,3,1,A12,7,5,1,7,2,2,,47,47,1,12,4,120.668066,24.173131,2
684,66000,387130000C,(04)23274275,(04)23288582,2025,11,3,9,38,臺中市,烏日區,0,0,0,7,,,50,,,,,,,,,,,,,,14,,,,,B02,,,1,,2,,,49,49,1,6,4,120.615103,24.114101,3
685,66000,387130000C,(04)23274275,(04)23288582,2025,11,3,9,40,臺中市,南屯區,0,0,0,7,,,60,,,,,,,,,,,,,,16,,,,,C03,,,1,,1,,,48,48,1,5,4,120.610001,24.131042,3
686,66000,387130000C,(04)23274275,(04)23288582,2025,11,3,9,43,臺中市,南區,0,0,0,7,,,50,,,,,,,,,,,,,,14,,,,,B03,,,1,,2,,,49,49,1,6,4,120.65952,24.122688,3
687,66000,387130000C,(04)23274275,(04)23288582,2025,11,3,9,45,臺中市,北屯區,0,0,0,7,,,50,,,,,,,,,,,,,,17,,,,,C03,,,1,,9,,,84,84,1,6,4,120.692346,24.162431,4
688,66000,387130000C,(04)23274275,(04)23288582,2025,11,3,9,49,臺中市,北屯區,0,0,0,7,,,50,,,,,,,,,,,,,,,,,,,B03,,,1,,2,,,84,84,1,13,4,120.734461,24.169007,3
689,66000,387130000C,(04)23274275,(04)23288582,2025,11,3,9,50,臺中市,西屯區,0,0,0,7,,3,40,,,,,,,,,,,,,,12,,,,,B12,,,1,,1,,,40,40,1,12,4,120.659946,24.200952,3
690,66000,387130000C,(04)23274275,(04)23288582,2025,11,3,9,51,臺中市,西屯區,0,0,0,7,,,50,,,,,,,,,,,,,,11,,,,,B12,,,1,,1,,,68,68,1,12,4,120.61875,24.178983,3
691,66000,387130000C,(04)23274275,(04)23288582,2025,11,3,9,52,臺中市,南區,0,0,0,7,,,50,,,,,,,,,,,,,,,,,,,B01,,,1,,1,,,7,7,1,6,4,120.662476,24.126867,3
692,66000,387130000C,(04)23274275,(04)23288582,2025,11,3,9,54,臺中市,南屯區,0,0,0,7,,,50,,,,,,,,,,,,,,17,,,,,B03,,,1,,1,,,23,23,1,12,4,120.632231,24.141247,3
693,66000,387130000C,(04)23274275,(04)23288582,2025,11,3,9,54,臺中市,西屯區,0,1,0,7,2,6,50,3,1,1,5,4,6,6,1,1,10,5,5,2,16,3,10,5,1,B03,7,5,1,8,2,2,,11,11,1,12,4,120.637193,24.162098,2
694,66000,387130000C,(04)23274275,(04)23288582,2025,11,3,9,58,臺中市,潭子區,0,1,0,7,3,6,50,13,9,1,5,4,6,6,4,4,4,4,5,1,17,3,10,3,1,B03,7,1,1,8,2,1,,51,51,1,13,4,120.723414,24.215383,2
695,66000,387130000C,(04)23274275,(04)23288582,2025,11,3,10,5,臺中市,北區,0,0,0,7,,,50,,,,,,,,,,,,,,17,,,,,B03,,,1,,1,,,8,8,1,13,4,120.686739,24.155815,3
696,66000,387130000C,(04)23274275,(04)23288582,2025,11,3,10,9,臺中市,北區,0,3,0,7,3,6,50,4,1,1,5,4,6,6,2,1,10,5,5,2,17,2,9,5,4,F01,7,15,7,21,2,14,,42,42,1,13,4,120.665807,24.166854,2
697,66000,387130000C,(04)23274275,(04)23288582,2025,11,3,10,11,臺中市,西屯區,0,0,0,7,,,35,,,,,,,,,,,,,,16,,,,,C03,,,1,,2,,,14,14,1,12,4,120.628478,24.172846,3
698,66000,387130000C,(04)23274275,(04)23288582,2025,11,3,10,18,臺中市,西區,0,0,0,7,,,50,,,,,,,,,,,,,,,,,,,B03,,,1,,1,,,84,84,1,12,4,120.661855,24.150484,3
699,66000,387130000C,(04)23274275,(04)23288582,2025,11,3,10,19,臺中市,豐原區,0,1,0,7,2,6,50,13,7,1,5,4,6,6,4,4,4,5,4,2,12,2,9,1,1,C03,7,11,3,19,2,12,,34,34,1,12,4,120.72058,24.25163,2
700,66000,387130000C,(04)23274275,(04)23288582,2025,11,3,10,21,臺中市,大甲區,0,0,0,7,,,50,,,,,,,,,,,,,,,,,,,B03,,,1,,1,,,51,51,1,6,4,120.625027,24.344975,3
701,66000,387130000C,(04)23274275,(04)23288582,2025,11,3,10,23,臺中市,龍井區,0,0,0,7,,,60,,,,,,,,,,,,,,,,,,,A41,,,1,,2,,,7,7,1,12,4,120.540001,24.219013,3
702,66000,387130000C,(04)23274275,(04)23288582,2025,11,3,10,24,臺中市,西屯區,0,1,0,7,2,6,50,4,2,1,5,4,6,6,1,1,10,5,5,2,16,3,10,5,4,B03,7,5,1,8,2,2,,11,11,1,13,4,120.607156,24.160166,2
703,66000,387130000C,(04)23274275,(04)23288582,2025,11,3,10,27,臺中市,西區,0,1,0,7,3,6,50,13,9,1,5,4,6,6,4,4,5,4,5,2,15,3,10,1,1,C03,7,11,1,10,1,11,,45,45,1,13,4,120.662941,24.151815,2
704,66000,387130000C,(04)23274275,(04)23288582,2025,11,3,10,27,臺中市,西屯區,0,1,0,7,2,6,60,4,1,1,5,4,6,6,2,1,10,5,5,2,16,3,10,3,1,B03,7,5,1,8,2,5,,47,47,1,12,4,120.649845,24.162713,2
705,66000,387130000C,(04)23274275,(04)23288582,2025,11,3,10,28,臺中市,南屯區,0,1,0,7,2,6,50,4,1,1,5,4,6,6,4,4,10,5,5,2,15,2,9,1,1,C03,7,9,1,10,2,12,,15,15,1,13,4,120.631438,24.139756,2
706,66000,387130000C,(04)23274275,(04)23288582,2025,11,3,10,30,臺中市,太平區,0,0,0,7,,,30,,,,,,,,,,,,,,14,,,,,B12,,,1,,2,,,49,49,1,12,4,120.708176,24.113031,3
707,66000,387130000C,(04)23274275,(04)23288582,2025,11,3,10,31,臺中市,后里區,0,1,0,7,2,6,30,13,9,1,5,4,6,6,4,4,10,5,5,2,17,3,10,2,1,C04,7,1,1,10,2,11,,51,51,1,12,4,120.725773,24.308435,2
708,66000,387130000C,(04)23274275,(04)23288582,2025,11,3,10,35,臺中市,神岡區,0,0,0,7,,,50,,,,,,,,,,,,,,12,,,,,B03,,,1,,2,,,84,84,1,12,4,120.655826,24.267746,3
709,66000,387130000C,(04)23274275,(04)23288582,2025,11,3,10,39,臺中市,南屯區,0,1,0,7,3,6,40,13,8,1,5,4,6,6,4,4,5,5,4,2,9,3,10,3,1,B01,7,9,1,4,2,5,,59,59,1,13,4,120.640249,24.148856,2
710,66000,387130000C,(04)23274275,(04)23288582,2025,11,3,10,42,臺中市,豐原區,0,1,0,7,2,6,50,3,1,1,5,4,6,6,3,1,5,5,4,2,16,2,9,1,1,C04,7,6,1,10,2,11,14,20,20,1,12,4,120.717024,24.24943,2
711,66000,387130000C,(04)23274275,(04)23288582,2025,11,3,10,43,臺中市,北屯區,0,0,0,7,,,30,,,,,,,,,,,,,,12,,,,,B03,,,1,8,2,,,51,51,1,6,4,120.700752,24.180121,3
712,66000,387130000C,(04)23274275,(04)23288582,2025,11,3,10,43,臺中市,西屯區,0,2,0,7,2,6,50,3,1,1,5,4,6,6,4,4,10,5,5,2,16,2,9,1,1,C03,7,6,1,10,2,14,12,14,14,1,5,4,120.642941,24.188064,2
713,66000,387130000C,(04)23274275,(04)23288582,2025,11,3,10,49,臺中市,西區,0,0,0,7,,,40,,,,,,,,,,,,,,9,,,,,B03,,,1,,2,,,50,50,1,12,4,120.65529,24.146047,3
714,66000,387130000C,(04)23274275,(04)23288582,2025,11,3,10,50,臺中市,北屯區,0,1,0,7,3,6,50,13,7,1,5,4,6,6,4,4,5,5,4,2,12,3,10,3,1,B03,7,4,5,3,2,2,,1,1,1,6,4,120.741157,24.178507,2
715,66000,387130000C,(04)23274275,(04)23288582,2025,11,3,10,56,臺中市,西屯區,0,0,0,7,,,50,,,,,,,,,,,,,,14,,,,,B12,,,1,,1,,,49,49,1,12,4,120.642089,24.175466,3
716,66000,387130000C,(04)23274275,(04)23288582,2025,11,3,10,57,臺中市,東區,0,0,0,7,,,50,,,,,,,,,,,,,,,,,,,C03,,,1,,9,,,50,50,1,6,4,120.686123,24.142965,3
717,66000,387130000C,(04)23274275,(04)23288582,2025,11,3,10,58,臺中市,北屯區,0,2,0,7,3,6,50,3,1,1,5,4,6,6,4,4,10,5,5,2,17,2,9,2,1,C03,7,6,1,10,2,14,,48,48,1,6,4,120.705851,24.172942,2
718,66000,387130000C,(04)23274275,(04)23288582,2025,11,3,10,58,臺中市,西屯區,0,1,0,7,2,6,50,13,9,1,5,4,6,6,4,4,5,5,5,2,12,2,8,5,1,C03,7,9,1,10,2,14,,7,7,1,12,4,120.656625,24.165231,2
719,66000,387130000C,(04)23274275,(04)23288582,2025,11,3,10,58,臺中市,沙鹿區,0,1,0,7,2,6,50,13,9,1,5,4,6,6,4,4,9,5,5,2,17,2,9,1,1,C03,7,9,1,10,2,14,,84,84,1,13,4,120.606531,24.243966,2
720,66000,387130000C,(04)23274275,(04)23288582,2025,11,3,10,59,臺中市,南屯區,0,0,0,7,,,50,,,,,,,,,,,,,,11,,,,,F02,,,7,,2,,,4,4,1,12,4,120.610335,24.136156,4
721,66000,387130000C,(04)23274275,(04)23288582,2025,11,3,11,0,臺中市,大雅區,0,0,0,7,,,50,,,,,,,,,,,,,,,,,,,B03,,,1,,2,,,84,84,1,12,4,120.613645,24.229805,3
722,66000,387130000C,(04)23274275,(04)23288582,2025,11,3,11,0,臺中市,大里區,0,0,0,7,,,50,,,,,,,,,,,,,,13,,,,,B03,,,1,,2,,,82,82,1,12,4,120.688907,24.093601,3
723,66000,387130000C,(04)23274275,(04)23288582,2025,11,3,11,1,臺中市,西屯區,0,0,0,7,,,70,,,,,,,,,,,,,,12,,,,,B03,,,1,,1,,,40,40,1,12,4,120.613846,24.183967,3
724,66000,387130000C,(04)23274275,(04)23288582,2025,11,3,11,2,臺中市,南屯區,0,0,0,7,,,60,,,,,,,,,,,,,,12,,,,,B03,,,1,,2,,,84,84,1,12,4,120.598422,24.155204,3
725,66000,387130000C,(04)23274275,(04)23288582,2025,11,3,11,5,臺中市,大里區,0,2,0,7,2,6,50,3,1,1,5,4,6,6,4,4,10,5,5,2,16,2,9,1,1,C03,7,9,1,10,2,11,,87,87,1,12,4,120.691563,24.090989,2
726,66000,387130000C,(04)23274275,(04)23288582,2025,11,3,11,10,臺中市,北區,0,2,0,7,2,6,50,13,9,1,5,4,6,6,4,4,5,5,5,2,13,2,9,5,4,C03,7,12,1,10,2,11,,7,7,1,13,4,120.692052,24.161392,2
727,66000,387130000C,(04)23274275,(04)23288582,2025,11,3,11,11,臺中市,太平區,0,0,0,7,2,6,50,13,9,1,5,4,6,6,4,4,9,4,5,2,17,3,10,1,1,C03,7,15,1,10,2,11,,84,84,2,12,4,120.720256,24.131074,3
728,66000,387130000C,(04)23274275,(04)23288582,2025,11,3,11,15,臺中市,西屯區,0,0,0,7,,,50,,,,,,,,,,,,,,17,,,,,B03,,,1,,1,,,51,51,1,13,4,120.601134,24.185734,3
729,66000,387130000C,(04)23274275,(04)23288582,2025,11,3,11,21,臺中市,梧棲區,0,1,0,7,2,6,50,13,9,1,5,4,6,6,4,4,1,4,5,2,16,3,10,3,1,B03,7,1,1,8,2,8,,51,51,1,12,4,120.529053,24.251146,2
730,66000,387130000C,(04)23274275,(04)23288582,2025,11,3,11,22,臺中市,西屯區,0,1,0,7,2,6,40,4,1,1,5,4,6,6,2,1,9,5,5,2,15,2,9,1,1,C03,7,9,1,10,2,12,,21,21,1,12,4,120.666738,24.1717,2
731,66000,387130000C,(04)23274275,(04)23288582,2025,11,3,11,22,臺中市,清水區,0,0,0,7,,,60,,,,,,,,,,,,,,,,,,,B03,,,1,,1,,,7,7,1,12,4,120.564295,24.297028,3
732,66000,387130000C,(04)23274275,(04)23288582,2025,11,3,11,25,臺中市,潭子區,0,0,0,7,,,50,,,,,,,,,,,,,,,,,,,C03,,,1,,2,,,7,7,1,13,4,120.702429,24.191904,3
733,66000,387130000C,(04)23274275,(04)23288582,2025,11,3,11,35,臺中市,西屯區,0,0,0,7,,,40,,,,,,,,,,,,,,12,,,,,B03,,,1,,1,,,40,40,1,12,4,120.587968,24.192692,3
734,66000,387130000C,(04)23274275,(04)23288582,2025,11,3,11,36,臺中市,北區,0,0,0,7,3,6,50,18,24,1,5,4,6,6,4,,5,5,5,2,17,,,,,B12,,,1,,2,,,59,59,1,13,4,120.682285,24.165907,3
735,66000,387130000C,(04)23274275,(04)23288582,2025,11,3,11,36,臺中市,北屯區,0,1,0,7,2,6,50,5,1,1,5,4,6,6,2,1,10,5,5,2,17,2,8,1,1,C04,7,5,1,8,2,11,,59,59,1,6,4,120.700848,24.169977,2
736,66000,387130000C,(04)23274275,(04)23288582,2025,11,3,11,37,臺中市,大雅區,0,0,0,7,,,30,,,,,,,,,,,,,,,,,,,A41,,,1,,9,,,84,84,1,13,4,120.639249,24.226047,3
737,66000,387130000C,(04)23274275,(04)23288582,2025,11,3,11,38,臺中市,大雅區,0,0,0,7,,,50,,,,,,,,,,,,,,,,,,,C03,,,1,,1,,,7,7,1,13,2,120.64017,24.227396,3
738,66000,387130000C,(04)23274275,(04)23288582,2025,11,3,11,39,臺中市,霧峰區,0,1,0,7,2,6,50,4,2,1,5,4,6,6,4,4,10,5,5,2,13,2,8,2,1,C03,7,9,1,10,1,11,,7,7,1,13,4,120.713108,24.078252,2
739,66000,387130000C,(04)23274275,(04)23288582,2025,11,3,11,40,臺中市,太平區,0,2,0,7,2,6,50,4,4,1,5,4,6,6,2,1,5,4,5,2,16,2,9,2,1,C03,7,6,1,10,2,13,,48,48,1,12,4,120.736221,24.133073,2
740,66000,387130000C,(04)23274275,(04)23288582,2025,11,3,11,43,臺中市,北區,0,1,0,7,2,6,50,4,1,1,5,4,6,6,1,1,10,5,5,2,17,2,9,5,4,C03,7,9,1,10,2,12,,84,84,1,13,4,120.672436,24.169992,2
741,66000,387130000C,(04)23274275,(04)23288582,2025,11,3,11,43,臺中市,西屯區,0,1,0,7,2,6,50,3,1,1,5,4,6,6,4,4,10,5,5,2,12,3,10,1,1,C03,7,7,1,10,2,13,,8,8,1,5,4,120.636294,24.179137,2
742,66000,387130000C,(04)23274275,(04)23288582,2025,11,3,11,46,臺中市,大雅區,0,0,0,7,,,40,,,,,,,,,,,,,,,,,,,C03,,,1,,2,,,84,84,1,13,4,120.673327,24.215738,3
743,66000,387130000C,(04)23274275,(04)23288582,2025,11,3,11,50,臺中市,大甲區,0,1,0,7,2,6,30,4,1,1,5,4,6,6,4,4,10,5,5,2,15,3,10,3,1,B03,7,9,4,19,2,2,,12,12,1,6,4,120.63956,24.410313,2
744,66000,387130000C,(04)23274275,(04)23288582,2025,11,3,11,51,臺中市,西區,0,1,0,7,2,6,50,4,2,1,5,4,6,6,4,4,5,5,5,2,16,2,9,1,1,C03,7,6,1,10,2,12,,48,48,1,13,4,120.658085,24.152565,2
745,66000,387130000C,(04)23274275,(04)23288582,2025,11,3,11,51,臺中市,大里區,0,0,0,7,,,30,,,,,,,,,,,,,,,,,,,A11,,,1,,2,,,8,8,1,12,4,120.669781,24.087116,3
746,66000,387130000C,(04)23274275,(04)23288582,2025,11,3,11,54,臺中市,太平區,0,2,0,7,2,6,40,13,9,1,5,4,6,6,4,4,5,5,5,1,13,3,10,3,1,B03,7,9,1,8,2,5,,39,39,1,12,4,120.717256,24.110994,2
747,66000,387130000C,(04)23274275,(04)23288582,2025,11,3,11,56,臺中市,西區,0,0,0,7,,,50,,,,,,,,,,,,,,,,,,,C03,,,1,,2,,,7,7,1,12,4,120.659687,24.157317,3
748,66000,387130000C,(04)23274275,(04)23288582,2025,11,3,11,57,臺中市,西區,0,0,0,7,,,50,,,,,,,,,,,,,,13,,,,,B03,,,1,,2,,,59,59,1,13,4,120.661558,24.146157,3
749,66000,387130000C,(04)23274275,(04)23288582,2025,11,3,12,0,臺中市,北屯區,0,1,0,7,1,6,50,3,2,1,5,4,6,6,4,4,3,4,4,2,16,3,10,3,1,B03,7,6,1,8,2,7,,14,14,1,13,4,120.68345,24.181801,2
750,66000,387130000C,(04)23274275,(04)23288582,2025,11,3,12,0,臺中市,清水區,0,1,0,7,3,6,50,4,1,1,5,4,6,1,4,4,5,4,4,1,17,3,10,3,1,B03,7,9,1,8,2,2,,12,12,1,12,4,120.556015,24.263026,2
751,66000,387130000C,(04)23274275,(04)23288582,2025,11,3,12,10,臺中市,太平區,0,2,0,7,2,6,50,13,9,1,5,4,6,6,4,4,5,4,5,2,16,2,9,2,1,C03,7,4,1,10,2,14,,84,84,1,12,4,120.710767,24.126873,2
752,66000,387130000C,(04)23274275,(04)23288582,2025,11,3,12,15,臺中市,北屯區,0,2,0,7,2,6,30,4,1,1,5,4,6,6,4,4,10,5,5,2,15,3,10,3,1,B03,7,9,1,8,2,8,,12,12,1,6,4,120.685773,24.195212,2
753,66000,387130000C,(04)23274275,(04)23288582,2025,11,3,12,17,臺中市,沙鹿區,0,0,0,7,,,30,,,,,,,,,,,,,,10,,,,,C03,,,1,,1,,,41,41,1,5,4,120.572671,24.231039,3
754,66000,387130000C,(04)23274275,(04)23288582,2025,11,3,12,19,臺中市,梧棲區,0,0,0,7,,,50,,,,,,,,,,,,,,17,,,,,C03,,,3,,1,,,8,8,1,12,4,120.532403,24.256887,3
755,66000,387130000C,(04)23274275,(04)23288582,2025,11,3,12,20,臺中市,東勢區,0,1,0,7,2,6,30,4,1,1,5,4,6,6,4,4,10,5,5,2,15,3,10,5,4,B03,7,9,1,8,2,7,,12,12,1,12,4,120.799665,24.306882,2
756,66000,387130000C,(04)23274275,(04)23288582,2025,11,3,12,24,臺中市,霧峰區,0,1,0,7,2,6,50,13,7,1,5,4,6,6,4,4,5,5,4,2,18,2,9,2,1,C03,7,9,1,10,2,14,,84,84,1,6,4,120.72593,24.060532,2
757,66000,387130000C,(04)23274275,(04)23288582,2025,11,3,12,25,臺中市,西屯區,0,2,0,7,2,6,30,3,1,1,5,4,6,6,4,4,10,5,5,2,16,2,9,5,1,C03,7,6,1,10,2,11,,11,11,1,12,4,120.653107,24.175464,2
758,66000,387130000C,(04)23274275,(04)23288582,2025,11,3,12,25,臺中市,新社區,0,0,0,7,,,30,,,,,,,,,,,,,,,,,,,B03,,,1,,9,,,49,49,1,12,4,120.786466,24.241506,3
759,66000,387130000C,(04)23274275,(04)23288582,2025,11,3,12,28,臺中市,南屯區,0,0,0,7,,,50,,,,,,,,,,,,,,13,,,,,B12,,,1,,1,,,84,84,1,13,4,120.654722,24.135255,3
760,66000,387130000C,(04)23274275,(04)23288582,2025,11,3,12,34,臺中市,北區,0,0,0,7,,,50,,,,,,,,,,,,,,14,,,,,B03,,,1,,1,,,49,49,1,13,4,120.690446,24.157179,3
761,66000,387130000C,(04)23274275,(04)23288582,2025,11,3,12,39,臺中市,北區,0,0,0,7,,,50,,,,,,,,,,,,,,17,,,,,B03,,,1,,1,,,59,59,1,12,4,120.671279,24.173622,3
762,66000,387130000C,(04)23274275,(04)23288582,2025,11,3,12,39,臺中市,西屯區,0,0,0,7,,,50,,,,,,,,,,,,,,12,,,,,C03,,,1,,1,,,40,40,1,12,4,120.644023,24.171438,3
763,66000,387130000C,(04)23274275,(04)23288582,2025,11,3,12,40,臺中市,西屯區,0,0,0,7,,,50,,,,,,,,,,,,,,,,,,,A12,,,1,,2,,,84,84,1,13,4,120.655993,24.159588,3
764,66000,387130000C,(04)23274275,(04)23288582,2025,11,3,12,42,臺中市,烏日區,0,1,0,7,2,6,30,4,1,1,5,4,6,6,4,4,10,5,5,2,15,3,10,5,4,B03,7,9,1,8,2,5,,15,15,1,13,4,120.6234,24.103905,2
765,66000,387130000C,(04)23274275,(04)23288582,2025,11,3,12,43,臺中市,新社區,0,0,0,7,,,40,,,,,,,,,,,,,,,,,,,C02,,,1,,1,,,84,84,1,12,4,120.820797,24.177261,3
766,66000,387130000C,(04)23274275,(04)23288582,2025,11,3,12,47,臺中市,中區,0,0,0,7,,,50,,,,,,,,,,,,,,,,,,,B03,,,1,8,1,,,84,84,1,13,4,120.681831,24.142493,3
767,66000,387130000C,(04)23274275,(04)23288582,2025,11,3,12,50,臺中市,清水區,0,0,0,7,,,50,,,,,,,,,,,,,,,,,,,B03,,,1,,1,,,49,49,1,12,4,120.573228,24.26606,3
768,66000,387130000C,(04)23274275,(04)23288582,2025,11,3,12,51,臺中市,西屯區,0,0,0,7,,,50,,,,,,,,,,,,,,12,,,,,B03,,,1,,2,,,51,51,1,12,4,120.637483,24.179899,3
769,66000,387130000C,(04)23274275,(04)23288582,2025,11,3,12,51,臺中市,太平區,0,0,0,7,,,50,,,,,,,,,,,,,,16,,,,,B01,,,1,,2,,,45,45,1,12,4,120.709445,24.160226,3
770,66000,387130000C,(04)23274275,(04)23288582,2025,11,3,12,53,臺中市,霧峰區,0,1,0,7,2,6,50,13,9,1,5,4,6,6,4,4,5,2,5,1,12,2,7,2,1,C03,7,9,1,10,2,16,,85,85,1,13,4,120.677532,24.074313,2
771,66000,387130000C,(04)23274275,(04)23288582,2025,11,3,12,54,臺中市,西屯區,0,2,0,7,2,6,70,3,1,1,5,4,6,6,4,4,10,5,5,2,16,3,10,3,1,B03,7,5,1,8,2,6,,14,14,1,12,4,120.626986,24.17739,2
772,66000,387130000C,(04)23274275,(04)23288582,2025,11,3,13,7,臺中市,西屯區,0,1,0,7,2,6,50,13,9,1,5,4,6,6,4,4,1,4,5,2,12,3,10,3,1,B03,7,7,1,4,2,2,,40,40,1,8,4,120.658522,24.194511,2
773,66000,387130000C,(04)23274275,(04)23288582,2025,11,3,13,12,臺中市,霧峰區,0,1,0,7,3,6,50,13,9,1,5,4,6,6,4,4,10,5,5,1,13,2,9,1,1,C03,7,9,1,10,2,11,,7,7,1,12,4,120.666072,24.071484,2
774,66000,387130000C,(04)23274275,(04)23288582,2025,11,3,13,16,臺中市,大雅區,0,0,0,7,,,30,,,,,,,,,,,,,,,,,,,B03,,,1,,1,,,51,51,1,13,4,120.636177,24.235241,3
775,66000,387130000C,(04)23274275,(04)23288582,2025,11,3,13,19,臺中市,西屯區,0,1,0,7,2,6,50,4,1,1,5,4,6,6,1,1,10,5,5,2,13,3,10,5,1,C03,7,9,1,10,2,11,,7,7,1,12,4,120.624311,24.17824,2
776,66000,387130000C,(04)23274275,(04)23288582,2025,11,3,13,19,臺中市,大里區,0,0,0,7,,,50,,,,,,,,,,,,,,,,,,,B03,,,1,,2,,,76,76,1,12,4,120.681138,24.10405,3
777,66000,387130000C,(04)23274275,(04)23288582,2025,11,3,13,24,臺中市,東區,0,0,0,7,,,50,,,,,,,,,,,,,,16,,,,,B12,,,1,,2,,,11,11,1,12,4,120.711261,24.144496,3
778,66000,387130000C,(04)23274275,(04)23288582,2025,11,3,13,25,臺中市,東區,0,0,0,7,,,50,,,,,,,,,,,,,,,,,,,B03,,,1,,2,,,21,21,1,6,4,120.690251,24.140033,3
779,66000,387130000C,(04)23274275,(04)23288582,2025,11,3,13,29,臺中市,西屯區,0,0,0,7,,,50,,,,,,,,,,,,,,17,,,,,B03,,,1,,9,,,8,8,1,12,4,120.645767,24.169968,3
780,66000,387130000C,(04)23274275,(04)23288582,2025,11,3,13,30,臺中市,北區,0,1,0,7,2,6,50,5,2,1,5,4,6,6,1,1,1,4,5,2,17,2,9,5,1,C03,7,9,1,10,2,11,,7,7,1,13,4,120.675934,24.158369,2
781,66000,387130000C,(04)23274275,(04)23288582,2025,11,3,13,30,臺中市,龍井區,0,0,0,7,,,30,,,,,,,,,,,,,,12,,,,,B12,,,1,,2,,,82,82,1,6,4,120.594723,24.185853,3
782,66000,387130000C,(04)23274275,(04)23288582,2025,11,3,13,34,臺中市,西區,0,2,0,7,2,6,50,4,1,1,5,4,6,6,4,4,5,5,5,2,15,3,10,3,1,B03,7,9,1,8,2,2,,15,15,1,12,4,120.670311,24.140758,2
783,66000,387130000C,(04)23274275,(04)23288582,2025,11,3,13,35,臺中市,大甲區,0,1,0,7,3,6,50,13,9,1,5,4,6,6,4,4,4,5,4,2,12,3,10,5,4,B03,7,9,1,8,2,5,,8,8,1,10,4,120.627568,24.347758,2
784,66000,387130000C,(04)23274275,(04)23288582,2025,11,3,13,36,臺中市,西區,0,0,0,7,,,50,,,,,,,,,,,,,,,,,,,B03,,,1,,1,,,7,7,1,12,4,120.666736,24.141067,3
785,66000,387130000C,(04)23274275,(04)23288582,2025,11,3,13,39,臺中市,豐原區,0,0,0,7,,,50,,,,,,,,,,,,,,14,,,,,B12,,,1,,2,,,49,49,1,12,4,120.727136,24.252324,3
786,66000,387130000C,(04)23274275,(04)23288582,2025,11,3,13,40,臺中市,南屯區,0,0,0,7,3,6,50,13,8,1,5,4,6,6,1,1,3,4,1,2,13,,,,,B03,,,1,,2,,,7,7,1,12,4,120.625344,24.132376,3
787,66000,387130000C,(04)23274275,(04)23288582,2025,11,3,13,44,臺中市,豐原區,0,0,0,7,2,6,50,5,9,1,5,4,6,6,2,1,1,2,5,2,15,3,10,6,1,F02,7,9,7,21,9,11,,21,21,1,12,4,120.722465,24.252104,3
788,66000,387130000C,(04)23274275,(04)23288582,2025,11,3,13,46,臺中市,西屯區,0,1,0,7,2,6,40,3,2,1,5,4,6,6,3,1,9,5,5,2,18,2,9,2,1,C03,7,5,1,10,2,12,,59,59,1,12,4,120.642904,24.187382,2
789,66000,387130000C,(04)23274275,(04)23288582,2025,11,3,13,51,臺中市,西區,0,1,0,7,2,6,50,4,1,1,5,4,6,6,2,1,10,5,5,2,15,3,10,3,1,B03,7,9,1,8,2,4,,21,21,1,13,4,120.651239,24.146749,2
790,66000,387130000C,(04)23274275,(04)23288582,2025,11,3,13,53,臺中市,霧峰區,0,0,0,7,,,50,,,,,,,,,,,,,,17,,,,,A04,,,1,,2,,,84,84,1,6,4,120.715011,24.073647,3
791,66000,387130000C,(04)23274275,(04)23288582,2025,11,3,14,0,臺中市,南區,0,0,0,7,,,50,,,,,,,,,,,,,,13,,,,,B13,,,1,,9,,,85,85,1,12,4,120.660047,24.110354,3
792,66000,387130000C,(04)23274275,(04)23288582,2025,11,3,14,2,臺中市,北屯區,0,2,0,7,3,6,50,4,4,1,5,4,6,6,2,1,1,4,4,2,13,2,7,2,1,C03,7,9,1,10,2,11,,7,7,1,6,4,120.721995,24.181471,2
793,66000,387130000C,(04)23274275,(04)23288582,2025,11,3,14,2,臺中市,西屯區,0,2,0,7,2,6,50,4,1,1,5,4,6,6,1,1,10,5,5,2,16,2,9,1,1,C03,7,9,1,10,2,14,,8,8,1,5,4,120.624894,24.179858,2