序號,縣市別代碼,機關代碼,市話,傳真,年,月,日,時,分,縣市,區,死亡數量,受傷數量,2-30,天候,道路照明設備,道路類別,道路速限,道路型態,事故位置,路面鋪裝,路面狀態,路面缺陷,障礙物,視距,號誌種類,號誌動作,分向設施,快車道或一般車道間,快慢車道間,路面邊線,事故類型及型態,受傷程度,主要傷處,保護裝備,行動電話或功能裝置,當事者區分(類別),車輛用途,當事者行動狀態,駕照狀態,駕照種類,飲酒情形,車輛撞擊部位最初,車輛撞擊部位其他,肇事因素個別,肇事因素主要,肇事逃逸,職業,共享經濟或外送平台,GPS座標X,GPS座標Y,事故類別
794,66000,387130000C,(04)23274275,(04)23288582,2025,11,3,14,10,臺中市,南區,0,0,0,7,,,50,,,,,,,,,,,,,,,,,,,B12,,,1,,2,,,49,49,1,6,4,120.659149,24.122933,4
795,66000,387130000C,(04)23274275,(04)23288582,2025,11,3,14,10,臺中市,北屯區,0,0,0,7,,,40,,,,,,,,,,,,,,9,,,,,B03,,,1,8,9,,,49,49,1,12,4,120.670499,24.17591,3
796,66000,387130000C,(04)23274275,(04)23288582,2025,11,3,14,13,臺中市,西區,0,0,0,7,,,30,,,,,,,,,,,,,,15,,,,,C03,,,1,,1,,,6,6,1,12,4,120.658191,24.138532,3
797,66000,387130000C,(04)23274275,(04)23288582,2025,11,3,14,13,臺中市,西屯區,0,0,0,7,,,50,,,,,,,,,,,,,,13,,,,,B03,,,1,,1,,,58,58,1,12,4,120.626046,24.158622,3
798,66000,387130000C,(04)23274275,(04)23288582,2025,11,3,14,13,臺中市,大安區,0,1,0,7,2,6,50,4,1,1,5,4,6,6,1,1,10,5,5,2,16,2,9,2,1,C03,7,5,3,19,2,14,,22,22,1,6,4,120.60191,24.368109,2
799,66000,387130000C,(04)23274275,(04)23288582,2025,11,3,14,17,臺中市,潭子區,0,0,0,7,,,50,,,,,,,,,,,,,,,,,,,A12,,,1,,9,,,93,93,1,6,4,120.70131,24.2246,3
800,66000,387130000C,(04)23274275,(04)23288582,2025,11,3,14,20,臺中市,北屯區,0,0,0,7,,,50,,,,,,,,,,,,,,17,,,,,C03,,,1,,2,,,21,21,1,6,4,120.722536,24.176656,3
801,66000,387130000C,(04)23274275,(04)23288582,2025,11,3,14,21,臺中市,南區,0,0,0,7,,,50,,,,,,,,,,,,,,13,,,,,B03,,,1,,1,,,7,7,1,6,4,120.670171,24.1217,3
802,66000,387130000C,(04)23274275,(04)23288582,2025,11,3,14,23,臺中市,東區,0,0,0,7,,,50,,,,,,,,,,,,,,16,,,,,B03,,,1,,2,,,47,47,1,6,4,120.697296,24.147958,3
803,66000,387130000C,(04)23274275,(04)23288582,2025,11,3,14,24,臺中市,大里區,0,0,0,7,,,40,,,,,,,,,,,,,,,,,,,B03,,,3,,2,,,84,84,1,12,4,120.694275,24.098419,3
804,66000,387130000C,(04)23274275,(04)23288582,2025,11,3,14,24,臺中市,大甲區,0,2,0,7,3,6,50,13,9,1,5,4,6,6,1,1,5,5,5,1,17,2,9,5,4,C03,7,5,1,10,2,12,,84,84,1,12,4,120.620732,24.345668,2
805,66000,387130000C,(04)23274275,(04)23288582,2025,11,3,14,25,臺中市,后里區,0,0,0,7,,,50,,,,,,,,,,,,,,30,,,,,A12,,,1,,2,,,68,68,1,12,4,120.710021,24.307725,3
806,66000,387130000C,(04)23274275,(04)23288582,2025,11,3,14,27,臺中市,清水區,0,1,0,7,2,6,50,3,1,1,5,4,6,6,4,4,8,3,5,1,17,3,10,3,1,B03,7,5,1,8,1,2,,84,84,1,12,4,120.568099,24.26964,2
807,66000,387130000C,(04)23274275,(04)23288582,2025,11,3,14,28,臺中市,南屯區,0,1,0,7,2,6,50,3,7,1,5,4,6,6,1,1,5,4,4,2,13,3,10,3,1,B03,7,9,1,8,2,5,,84,84,1,12,4,120.59541,24.1403,2
808,66000,387130000C,(04)23274275,(04)23288582,2025,11,3,14,30,臺中市,北屯區,0,0,0,7,,,30,,,,,,,,,,,,,,17,,,,,B12,,,1,,1,,,50,50,1,6,4,120.668712,24.190357,3
809,66000,387130000C,(04)23274275,(04)23288582,2025,11,3,14,35,臺中市,西區,0,0,0,7,,,50,,,,,,,,,,,,,,,,,,,C03,,,1,,1,,,85,85,1,13,4,120.656433,24.143385,3
810,66000,387130000C,(04)23274275,(04)23288582,2025,11,3,14,39,臺中市,沙鹿區,0,0,0,7,,,50,,,,,,,,,,,,,,,,,,,B03,,,1,,2,,,50,50,1,13,4,120.564897,24.24891,3
811,66000,387130000C,(04)23274275,(04)23288582,2025,11,3,14,45,臺中市,霧峰區,0,0,0,7,,,30,,,,,,,,,,,,,,14,,,,,B01,,,1,,2,,,42,42,1,12,4,120.673425,24.075569,3
812,66000,387130000C,(04)23274275,(04)23288582,2025,11,3,14,47,臺中市,西屯區,0,1,0,7,2,6,50,4,1,1,5,4,6,6,1,1,10,5,5,2,17,3,10,3,1,B03,7,6,1,8,2,16,,11,11,1,12,4,120.622674,24.17495,2
813,66000,387130000C,(04)23274275,(04)23288582,2025,11,3,14,50,臺中市,南區,0,1,0,7,2,6,50,13,7,1,5,4,6,6,1,1,5,5,4,2,13,3,10,3,1,B02,7,9,1,8,2,1,,7,7,1,12,4,120.659986,24.125835,2
814,66000,387130000C,(04)23274275,(04)23288582,2025,11,3,14,50,臺中市,清水區,0,1,0,7,2,6,30,13,9,1,5,4,6,6,4,4,9,4,5,2,14,3,10,3,1,B03,7,2,1,8,2,3,,49,49,1,12,4,120.613442,24.292445,2
815,66000,387130000C,(04)23274275,(04)23288582,2025,11,3,15,0,臺中市,烏日區,0,1,0,7,3,6,60,4,1,1,5,4,6,6,4,4,1,4,4,2,16,3,10,3,1,B03,7,5,1,8,2,2,,85,85,1,6,4,120.631665,24.105195,2
816,66000,387130000C,(04)23274275,(04)23288582,2025,11,3,15,0,臺中市,梧棲區,0,0,0,7,,,,,,,,,,,,,,,,,24,,,,,,,,,,,,,115,115,1,,,120.545687,24.244831,3
817,66000,387130000C,(04)23274275,(04)23288582,2025,11,3,15,3,臺中市,大里區,0,0,0,7,3,6,30,13,9,1,5,4,6,6,4,4,10,5,5,2,12,3,10,5,4,B03,7,9,1,8,6,5,,53,53,1,12,4,120.704355,24.110823,3
818,66000,387130000C,(04)23274275,(04)23288582,2025,11,3,15,8,臺中市,西屯區,0,0,0,7,,,50,,,,,,,,,,,,,,13,,,,,B12,,,1,,2,,,7,7,1,12,4,120.660712,24.172391,3
819,66000,387130000C,(04)23274275,(04)23288582,2025,11,3,15,8,臺中市,霧峰區,0,0,0,7,,,30,,,,,,,,,,,,,,17,,,,,B12,,,1,8,2,,,84,84,1,13,4,120.690211,24.015897,3
820,66000,387130000C,(04)23274275,(04)23288582,2025,11,3,15,15,臺中市,北區,0,1,0,7,2,6,50,13,9,1,5,4,6,6,4,4,10,5,5,2,16,3,10,1,1,C03,7,4,1,10,2,13,,1,1,1,12,4,120.688455,24.150912,2
821,66000,387130000C,(04)23274275,(04)23288582,2025,11,3,15,22,臺中市,霧峰區,0,0,0,7,,,50,,,,,,,,,,,,,,17,,,,,B03,,,1,,2,,,49,49,1,6,4,120.699889,24.061641,3
822,66000,387130000C,(04)23274275,(04)23288582,2025,11,3,15,28,臺中市,南區,0,1,0,7,2,6,50,4,1,1,5,4,6,6,2,1,10,5,5,2,16,3,10,3,1,B03,7,5,1,8,2,5,,84,84,1,12,4,120.649999,24.115966,2
823,66000,387130000C,(04)23274275,(04)23288582,2025,11,3,15,31,臺中市,霧峰區,0,2,0,7,3,6,50,3,1,1,5,4,6,6,3,1,5,5,5,1,16,2,7,1,1,C03,7,6,1,10,2,11,,24,24,1,12,4,120.702032,24.071033,2
824,66000,387130000C,(04)23274275,(04)23288582,2025,11,3,15,32,臺中市,大里區,0,1,0,7,2,6,50,3,1,1,5,4,6,6,3,1,10,5,5,2,17,2,9,1,1,C03,7,9,3,19,2,11,,7,7,1,12,4,120.674737,24.096914,2
825,66000,387130000C,(04)23274275,(04)23288582,2025,11,3,15,34,臺中市,南屯區,0,0,0,7,,,50,,,,,,,,,,,,,,,,,,,B03,,,1,,2,,,51,51,1,12,4,120.640461,24.150292,3
826,66000,387130000C,(04)23274275,(04)23288582,2025,11,3,15,42,臺中市,西屯區,0,0,0,7,,,50,,,,,,,,,,,,,,13,,,,,B03,,,1,,2,,,84,84,1,13,4,120.611117,24.159518,4
827,66000,387130000C,(04)23274275,(04)23288582,2025,11,3,15,46,臺中市,龍井區,0,0,0,7,,,60,,,,,,,,,,,,,,13,,,,,B03,,,1,,1,,,7,7,1,5,4,120.580357,24.197266,3
828,66000,387130000C,(04)23274275,(04)23288582,2025,11,3,15,48,臺中市,東區,0,0,0,7,,,30,,,,,,,,,,,,,,17,,,,,B03,,,1,,1,,,84,84,1,12,4,120.691406,24.132745,3
829,66000,387130000C,(04)23274275,(04)23288582,2025,11,3,15,50,臺中市,西區,0,0,0,7,,,50,,,,,,,,,,,,,,,,,,,B03,,,1,,1,,,51,51,1,12,4,120.67691,24.13505,3
830,66000,387130000C,(04)23274275,(04)23288582,2025,11,3,15,50,臺中市,西屯區,0,0,0,7,,,50,,,,,,,,,,,,,,16,,,,,C03,,,1,,1,,,39,39,1,12,4,120.633708,24.182524,3
831,66000,387130000C,(04)23274275,(04)23288582,2025,11,3,15,50,臺中市,大甲區,0,0,0,7,,,50,,,,,,,,,,,,,,12,,,,,B03,,,1,,1,,,51,51,1,6,4,120.627686,24.346255,3
832,66000,387130000C,(04)23274275,(04)23288582,2025,11,3,15,53,臺中市,西屯區,0,1,0,7,2,6,50,13,9,1,5,4,6,6,4,4,9,4,5,2,17,3,10,3,1,B03,7,14,5,19,2,2,,76,76,1,12,4,120.636707,24.164113,2
833,66000,387130000C,(04)23274275,(04)23288582,2025,11,3,15,55,臺中市,大里區,0,1,0,7,2,6,50,13,9,1,5,4,6,6,4,4,5,5,5,1,17,2,7,5,4,C03,7,9,1,10,2,11,,84,84,1,13,4,120.695816,24.079624,2
834,66000,387130000C,(04)23274275,(04)23288582,2025,11,3,16,0,臺中市,龍井區,0,0,0,7,,,50,,,,,,,,,,,,,,12,,,,,C03,,,1,,1,,,8,8,1,12,4,120.584226,24.182381,3
835,66000,387130000C,(04)23274275,(04)23288582,2025,11,3,16,9,臺中市,西屯區,0,0,0,7,,,30,,,,,,,,,,,,,,14,,,,,C03,,,1,,2,,,51,51,1,12,4,120.649274,24.159535,3
836,66000,387130000C,(04)23274275,(04)23288582,2025,11,3,16,10,臺中市,北屯區,0,0,0,7,,,50,,,,,,,,,,,,,,13,,,,,B03,,,1,8,1,,,7,7,1,12,4,120.666528,24.180742,3
837,66000,387130000C,(04)23274275,(04)23288582,2025,11,3,16,10,臺中市,西屯區,0,1,0,7,3,6,50,3,1,1,5,4,6,6,4,4,10,5,5,2,13,3,10,5,4,B03,7,9,1,8,2,1,,7,7,1,13,4,120.634613,24.163323,2
838,66000,387130000C,(04)23274275,(04)23288582,2025,11,3,16,10,臺中市,霧峰區,0,0,0,7,,,50,,,,,,,,,,,,,,,,,,,A11,,,1,,11,,,8,8,1,12,4,120.685173,24.059417,3
839,66000,387130000C,(04)23274275,(04)23288582,2025,11,3,16,12,臺中市,梧棲區,0,1,0,7,2,6,40,3,1,1,5,4,6,6,4,4,10,5,5,2,16,2,9,1,1,C03,7,9,1,10,2,11,,6,6,1,5,4,120.537879,24.249185,2
840,66000,387130000C,(04)23274275,(04)23288582,2025,11,3,16,13,臺中市,大肚區,0,3,0,7,3,6,50,4,1,1,5,4,6,6,2,1,10,5,5,2,13,2,8,2,1,C03,7,9,1,10,2,11,,7,7,1,6,4,120.561856,24.125069,2
841,66000,387130000C,(04)23274275,(04)23288582,2025,11,3,16,13,臺中市,清水區,0,1,0,7,2,6,50,4,2,1,5,4,6,6,1,1,8,3,4,1,12,2,9,1,1,C03,7,6,1,10,2,11,,48,48,1,12,4,120.574983,24.267159,2
842,66000,387130000C,(04)23274275,(04)23288582,2025,11,3,16,13,臺中市,豐原區,0,0,0,7,,,50,,,,,,,,,,,,,,14,,,,,B03,,,1,,2,,,49,49,1,12,4,120.73327,24.251466,3
843,66000,387130000C,(04)23274275,(04)23288582,2025,11,3,16,15,臺中市,大里區,0,1,0,6,3,6,50,4,1,1,5,4,6,6,2,1,5,4,5,1,16,3,10,3,1,B03,7,5,1,8,2,6,,11,11,1,12,4,120.688689,24.119857,2
844,66000,387130000C,(04)23274275,(04)23288582,2025,11,3,16,17,臺中市,西區,0,1,0,7,2,6,50,11,9,1,5,4,6,6,4,4,5,5,5,2,17,2,9,5,4,C03,7,8,1,10,2,16,,84,84,1,12,4,120.659056,24.153318,2
845,66000,387130000C,(04)23274275,(04)23288582,2025,11,3,16,17,臺中市,北屯區,0,1,0,7,3,6,50,11,9,1,5,4,6,6,4,4,1,5,5,1,18,2,8,1,1,C03,7,9,1,10,2,14,,59,59,1,4,4,120.784833,24.20434,2
846,66000,387130000C,(04)23274275,(04)23288582,2025,11,3,16,21,臺中市,太平區,0,0,0,7,,,50,,,,,,,,,,,,,,17,,,,,B03,,,1,,9,,,8,8,1,12,4,120.718529,24.129086,3
847,66000,387130000C,(04)23274275,(04)23288582,2025,11,3,16,23,臺中市,大里區,0,2,0,7,2,6,50,13,9,1,5,4,6,6,4,4,10,5,5,2,17,2,9,1,1,C03,7,6,3,19,2,14,,84,84,1,12,4,120.675253,24.115741,2
848,66000,387130000C,(04)23274275,(04)23288582,2025,11,3,16,29,臺中市,北區,0,0,0,7,,,50,,,,,,,,,,,,,,,,,,,C02,,,1,,1,,,7,7,1,12,4,120.6781,24.151674,3
849,66000,387130000C,(04)23274275,(04)23288582,2025,11,3,16,30,臺中市,南屯區,0,0,0,7,,,50,,,,,,,,,,,,,,13,,,,,B03,,,1,,1,,,59,59,1,12,4,120.611848,24.135601,3
850,66000,387130000C,(04)23274275,(04)23288582,2025,11,3,16,30,臺中市,烏日區,0,1,0,7,3,6,50,4,1,1,5,4,6,6,1,1,5,5,4,2,16,3,10,3,1,B03,7,6,1,8,2,8,,11,11,1,12,4,120.621245,24.103111,2
851,66000,387130000C,(04)23274275,(04)23288582,2025,11,3,16,31,臺中市,大里區,0,0,0,7,,,50,,,,,,,,,,,,,,17,,,,,B03,,,1,,1,,,59,59,1,6,4,120.689607,24.092204,3
852,66000,387130000C,(04)23274275,(04)23288582,2025,11,3,16,32,臺中市,北區,0,2,0,7,2,6,40,3,8,1,5,4,6,6,4,4,3,4,4,2,17,2,9,1,1,C04,7,9,5,10,2,12,,84,84,1,12,4,120.685292,24.163714,2
853,66000,387130000C,(04)23274275,(04)23288582,2025,11,3,16,33,臺中市,太平區,0,0,0,7,,,30,,,,,,,,,,,,,,17,,,,,B03,,,1,,2,,,84,84,1,12,4,120.730401,24.111642,3
854,66000,387130000C,(04)23274275,(04)23288582,2025,11,3,16,34,臺中市,豐原區,0,0,0,7,,,,,,,,,,,,,,,,,17,,,,,,,,,,,,,119,119,1,,,120.729026,24.25509,3
855,66000,387130000C,(04)23274275,(04)23288582,2025,11,3,16,40,臺中市,北屯區,0,0,0,7,,3,80,,,,,,,,,,,,,,20,,,,,A12,,,1,,9,,,40,40,1,12,4,120.720714,24.170112,3
856,66000,387130000C,(04)23274275,(04)23288582,2025,11,3,16,42,臺中市,西屯區,0,0,0,7,,,50,,,,,,,,,,,,,,12,,,,,C03,,,1,,2,,,8,8,1,12,4,120.634129,24.182061,3
857,66000,387130000C,(04)23274275,(04)23288582,2025,11,3,16,45,臺中市,南屯區,0,2,0,7,3,6,50,13,9,1,5,4,6,6,1,1,1,4,5,2,13,2,9,1,1,C03,7,9,1,10,2,11,,7,7,1,12,4,120.6468,24.144701,2
858,66000,387130000C,(04)23274275,(04)23288582,2025,11,3,16,45,臺中市,豐原區,0,0,0,7,,,50,,,,,,,,,,,,,,17,,,,,B03,,,1,,2,,,8,8,1,12,4,120.730099,24.248082,3
859,66000,387130000C,(04)23274275,(04)23288582,2025,11,3,16,47,臺中市,北區,0,0,0,7,,,50,,,,,,,,,,,,,,,,,,,C03,,,1,,1,,,7,7,1,12,4,120.68849,24.153945,3
860,66000,387130000C,(04)23274275,(04)23288582,2025,11,3,16,48,臺中市,南區,0,0,0,6,,,50,,,,,,,,,,,,,,17,,,,,B03,,,1,,1,,,45,45,1,12,4,120.66709,24.112539,3
861,66000,387130000C,(04)23274275,(04)23288582,2025,11,3,16,50,臺中市,西屯區,0,0,0,7,,,50,,,,,,,,,,,,,,16,,,,,B03,,,1,,2,,,11,11,1,13,4,120.614022,24.174707,3
862,66000,387130000C,(04)23274275,(04)23288582,2025,11,3,16,53,臺中市,南屯區,0,2,0,7,2,6,50,13,9,1,5,4,6,6,4,4,9,5,5,2,16,2,8,2,1,C03,7,6,1,10,2,12,,84,84,1,13,4,120.643476,24.138219,2
863,66000,387130000C,(04)23274275,(04)23288582,2025,11,3,16,53,臺中市,西屯區,0,0,0,7,,,50,,,,,,,,,,,,,,16,,,,,B03,,,1,,1,,,51,51,1,12,4,120.613219,24.171535,3
864,66000,387130000C,(04)23274275,(04)23288582,2025,11,3,17,1,臺中市,北區,0,0,0,7,,,50,,,,,,,,,,,,,,14,,,,,B12,,,1,,2,,,49,49,1,13,4,120.673997,24.158367,3
865,66000,387130000C,(04)23274275,(04)23288582,2025,11,3,17,1,臺中市,西屯區,0,0,0,7,,,50,,,,,,,,,,,,,,14,,,,,B03,,,1,,9,,,49,49,1,12,4,120.654767,24.196177,3
866,66000,387130000C,(04)23274275,(04)23288582,2025,11,3,17,2,臺中市,南區,0,1,0,7,1,6,50,4,1,1,5,4,6,6,1,1,10,5,5,2,13,3,10,3,1,B03,7,9,1,8,2,5,,59,59,1,13,4,120.653902,24.122307,2
867,66000,387130000C,(04)23274275,(04)23288582,2025,11,3,17,4,臺中市,北屯區,0,0,0,6,,,50,,,,,,,,,,,,,,13,,,,,C03,,,1,,1,,,58,58,1,6,4,120.692794,24.162343,3
868,66000,387130000C,(04)23274275,(04)23288582,2025,11,3,17,4,臺中市,北屯區,0,1,0,7,2,6,50,4,1,1,5,4,6,6,1,1,10,5,5,2,30,2,9,1,1,C03,7,9,1,10,2,12,,84,84,1,6,4,120.682027,24.180402,2
869,66000,387130000C,(04)23274275,(04)23288582,2025,11,3,17,7,臺中市,太平區,0,1,0,7,2,6,40,13,9,1,5,4,6,6,4,4,5,2,5,1,18,2,9,1,1,C03,7,9,1,10,2,12,,84,84,1,12,4,120.716652,24.133568,2
870,66000,387130000C,(04)23274275,(04)23288582,2025,11,3,17,8,臺中市,豐原區,0,1,0,7,1,6,50,13,7,1,5,4,6,6,4,4,5,5,4,2,17,4,11,2,1,C03,7,1,1,10,2,14,,51,51,1,12,4,120.696748,24.241619,2
871,66000,387130000C,(04)23274275,(04)23288582,2025,11,3,17,9,臺中市,北區,0,0,0,7,,,50,,,,,,,,,,,,,,,,,,,B03,,,1,,2,,,40,40,1,12,4,120.689088,24.153538,3
872,66000,387130000C,(04)23274275,(04)23288582,2025,11,3,17,9,臺中市,北屯區,0,1,0,7,2,6,50,13,9,1,5,4,6,6,4,4,1,4,5,2,18,2,9,2,1,C03,7,9,1,10,2,12,,58,58,1,6,4,120.681908,24.172454,2
873,66000,387130000C,(04)23274275,(04)23288582,2025,11,3,17,9,臺中市,烏日區,0,0,0,7,,,40,,,,,,,,,,,,,,13,,,,,B03,,,1,,1,,,59,59,1,13,4,120.584725,24.113009,3
874,66000,387130000C,(04)23274275,(04)23288582,2025,11,3,17,10,臺中市,神岡區,0,0,0,7,,,50,,,,,,,,,,,,,,2,,,,,C03,,,1,,9,,,7,7,1,12,4,120.693138,24.265022,3
875,66000,387130000C,(04)23274275,(04)23288582,2025,11,3,17,15,臺中市,北屯區,0,0,0,7,,,50,,,,,,,,,,,,,,,,,,,C03,,,1,,1,,,1,1,1,12,4,120.73354,24.165965,3
876,66000,387130000C,(04)23274275,(04)23288582,2025,11,3,17,17,臺中市,北屯區,0,0,0,7,,,50,,,,,,,,,,,,,,13,,,,,B03,,,1,8,1,,,7,7,1,12,4,120.686278,24.180428,3
877,66000,387130000C,(04)23274275,(04)23288582,2025,11,3,17,17,臺中市,西屯區,0,0,0,7,,,50,,,,,,,,,,,,,,13,,,,,B03,,,1,,1,,,59,59,1,12,4,120.640886,24.165086,3
878,66000,387130000C,(04)23274275,(04)23288582,2025,11,3,17,18,臺中市,西屯區,0,2,0,7,1,6,40,13,8,1,5,4,6,6,4,4,3,5,5,2,12,2,9,5,4,C03,7,9,1,10,2,11,,84,84,1,13,4,120.625037,24.206583,2
879,66000,387130000C,(04)23274275,(04)23288582,2025,11,3,17,21,臺中市,北區,0,1,0,7,1,6,50,3,1,1,5,4,6,6,4,4,10,5,5,2,17,3,10,1,1,C03,7,9,1,10,2,11,,20,20,1,13,4,120.675125,24.173641,2
880,66000,387130000C,(04)23274275,(04)23288582,2025,11,3,17,23,臺中市,神岡區,0,0,0,6,,,30,,,,,,,,,,,,,,11,,,,,A11,,,1,,2,,,8,8,1,12,4,120.68271,24.272361,3
881,66000,387130000C,(04)23274275,(04)23288582,2025,11,3,17,24,臺中市,霧峰區,0,1,0,7,1,6,50,13,9,1,5,4,6,6,4,4,9,5,5,1,17,2,8,5,4,C03,7,9,1,10,2,15,,84,84,1,13,4,120.690484,24.057295,2
882,66000,387130000C,(04)23274275,(04)23288582,2025,11,3,17,24,臺中市,太平區,0,0,0,7,,,50,,,,,,,,,,,,,,13,,,,,B03,,,1,,2,,,84,84,1,6,4,120.714818,24.149784,3
883,66000,387130000C,(04)23274275,(04)23288582,2025,11,3,17,24,臺中市,外埔區,0,0,0,7,2,6,50,13,7,1,5,4,6,6,4,4,,4,4,1,13,,,,,B03,,,1,,2,,,59,59,1,6,4,120.635648,24.343827,3
884,66000,387130000C,(04)23274275,(04)23288582,2025,11,3,17,26,臺中市,西屯區,0,0,0,7,,,30,,,,,,,,,,,,,,12,,,,,B03,,,1,,2,,,8,8,1,12,4,120.636385,24.181183,3
885,66000,387130000C,(04)23274275,(04)23288582,2025,11,3,17,27,臺中市,北區,0,0,0,7,,,50,,,,,,,,,,,,,,,,,,,C03,,,1,,2,,,51,51,1,12,4,120.679954,24.157503,3
886,66000,387130000C,(04)23274275,(04)23288582,2025,11,3,17,28,臺中市,太平區,0,1,0,7,1,6,50,3,1,1,5,4,6,6,4,4,10,5,5,2,16,2,9,1,1,C03,7,9,3,19,2,11,14,7,7,1,12,4,120.706848,24.117857,2
887,66000,387130000C,(04)23274275,(04)23288582,2025,11,3,17,28,臺中市,豐原區,0,1,0,7,1,6,50,4,1,1,5,4,6,6,4,4,5,5,5,1,17,4,11,2,4,C03,7,5,3,19,2,12,,47,47,1,12,4,120.743665,24.252911,2
888,66000,387130000C,(04)23274275,(04)23288582,2025,11,3,17,29,臺中市,大雅區,0,1,0,7,3,6,50,4,1,1,5,4,6,6,1,1,10,5,5,2,16,2,8,1,1,C03,7,9,1,10,2,11,,21,21,1,12,4,120.653141,24.247854,2
889,66000,387130000C,(04)23274275,(04)23288582,2025,11,3,17,30,臺中市,西屯區,0,0,0,7,,,50,,,,,,,,,,,,,,16,,,,,B03,,,1,,1,,,47,47,1,13,4,120.608763,24.155469,3
890,66000,387130000C,(04)23274275,(04)23288582,2025,11,3,17,33,臺中市,潭子區,0,1,0,7,1,6,50,4,2,1,5,4,6,6,2,1,5,5,5,1,12,3,10,2,1,C03,7,1,1,10,2,11,,51,51,1,13,4,120.719645,24.22887,2
891,66000,387130000C,(04)23274275,(04)23288582,2025,11,3,17,36,臺中市,潭子區,0,0,0,7,,,50,,,,,,,,,,,,,,,,,,,C03,,,1,,2,,,51,51,1,13,4,120.692779,24.224822,3
892,66000,387130000C,(04)23274275,(04)23288582,2025,11,3,17,38,臺中市,西屯區,0,2,0,7,1,6,50,13,7,1,5,4,6,6,4,4,3,4,3,2,13,3,10,1,1,C03,7,9,1,10,2,13,,84,84,1,12,4,120.627417,24.206366,2
893,66000,387130000C,(04)23274275,(04)23288582,2025,11,3,17,39,臺中市,西屯區,0,1,0,7,1,6,50,13,8,1,5,4,6,6,4,4,3,4,4,2,17,3,10,5,4,B03,7,1,1,8,2,1,,51,51,1,12,4,120.639291,24.160903,2
894,66000,387130000C,(04)23274275,(04)23288582,2025,11,3,17,45,臺中市,大雅區,0,0,0,7,,,60,,,,,,,,,,,,,,,,,,,B03,,,1,,1,,,7,7,1,12,4,120.658618,24.231253,3
895,66000,387130000C,(04)23274275,(04)23288582,2025,11,3,17,45,臺中市,西屯區,0,1,0,7,1,6,40,13,8,1,5,4,6,6,2,1,9,4,4,2,12,2,9,2,1,C03,7,9,1,10,2,11,,42,42,1,12,4,120.583383,24.172767,2
896,66000,387130000C,(04)23274275,(04)23288582,2025,11,3,17,45,臺中市,大里區,0,1,0,6,1,6,50,13,9,1,5,4,6,6,4,4,9,5,5,2,11,3,10,3,1,B03,7,1,1,8,2,8,,51,51,1,12,4,120.68534,24.115712,2
897,66000,387130000C,(04)23274275,(04)23288582,2025,11,3,17,47,臺中市,南區,0,0,0,7,,,50,,,,,,,,,,,,,,,,,,,B03,,,1,,1,,,7,7,1,12,4,120.669051,24.128577,3
898,66000,387130000C,(04)23274275,(04)23288582,2025,11,3,17,49,臺中市,西屯區,0,1,0,7,1,6,30,3,1,1,5,4,6,6,4,4,10,5,5,2,16,2,9,5,4,C03,7,6,1,10,2,12,,14,14,1,13,4,120.663603,24.166064,2
899,66000,387130000C,(04)23274275,(04)23288582,2025,11,3,17,50,臺中市,北屯區,0,0,0,6,,,50,,,,,,,,,,,,,,17,,,,,B03,,,1,,1,,,50,50,1,6,4,120.717463,24.163647,3
900,66000,387130000C,(04)23274275,(04)23288582,2025,11,3,17,50,臺中市,西屯區,0,1,0,7,1,6,40,3,1,1,5,4,6,6,4,4,10,5,5,2,12,2,9,6,1,F01,7,6,7,21,1,14,,8,8,1,12,4,120.644283,24.166354,2
901,66000,387130000C,(04)23274275,(04)23288582,2025,11,3,17,52,臺中市,南屯區,0,0,0,7,,,50,,,,,,,,,,,,,,,,,,,B03,,,1,,1,,,40,40,1,12,4,120.648037,24.146803,3
902,66000,387130000C,(04)23274275,(04)23288582,2025,11,3,17,52,臺中市,大里區,0,0,0,6,,3,80,,,,,,,,,,,,,,13,,,,,B03,,,1,,2,,,7,7,1,13,4,120.694228,24.106928,3
903,66000,387130000C,(04)23274275,(04)23288582,2025,11,3,17,56,臺中市,梧棲區,0,0,0,7,,,50,,,,,,,,,,,,,,15,,,,,B03,,,1,,1,,,15,15,1,6,4,120.5546,24.239541,3
904,66000,387130000C,(04)23274275,(04)23288582,2025,11,3,17,58,臺中市,西屯區,0,1,0,7,1,6,50,5,1,1,5,4,6,6,2,1,10,5,5,2,16,3,10,5,4,B02,7,6,1,8,2,5,,11,11,1,13,4,120.616324,24.191034,2
905,66000,387130000C,(04)23274275,(04)23288582,2025,11,3,17,59,臺中市,東區,0,0,0,7,,,50,,,,,,,,,,,,,,2,,,,,B03,,,1,,2,,,40,40,1,12,4,120.68797,24.136192,3
906,66000,387130000C,(04)23274275,(04)23288582,2025,11,3,17,59,臺中市,東區,0,0,0,7,,,50,,,,,,,,,,,,,,13,,,,,B12,,,1,,1,,,7,7,1,12,4,120.688159,24.135877,3
907,66000,387130000C,(04)23274275,(04)23288582,2025,11,3,18,0,臺中市,豐原區,0,0,0,7,,,50,,,,,,,,,,,,,,13,,,,,B01,,,1,,1,,,7,7,1,12,4,120.757015,24.275366,3
908,66000,387130000C,(04)23274275,(04)23288582,2025,11,3,18,1,臺中市,大里區,0,0,0,7,,,50,,,,,,,,,,,,,,13,,,,,B12,,,1,,1,,,58,58,1,12,4,120.688608,24.080627,3