序號,縣市別代碼,機關代碼,市話,傳真,年,月,日,時,分,縣市,區,死亡數量,受傷數量,2-30,天候,道路照明設備,道路類別,道路速限,道路型態,事故位置,路面鋪裝,路面狀態,路面缺陷,障礙物,視距,號誌種類,號誌動作,分向設施,快車道或一般車道間,快慢車道間,路面邊線,事故類型及型態,受傷程度,主要傷處,保護裝備,行動電話或功能裝置,當事者區分(類別),車輛用途,當事者行動狀態,駕照狀態,駕照種類,飲酒情形,車輛撞擊部位最初,車輛撞擊部位其他,肇事因素個別,肇事因素主要,肇事逃逸,職業,共享經濟或外送平台,GPS座標X,GPS座標Y,事故類別
909,66000,387130000C,(04)23274275,(04)23288582,2025,11,3,18,2,臺中市,北區,0,0,0,7,,,50,,,,,,,,,,,,,,12,,,,,B03,,,1,,2,,,42,42,1,13,4,120.68524,24.164738,3
910,66000,387130000C,(04)23274275,(04)23288582,2025,11,3,18,4,臺中市,豐原區,0,0,0,7,,,50,,,,,,,,,,,,,,13,,,,,B03,,,1,,2,,,84,84,1,12,4,120.75528,24.274776,3
911,66000,387130000C,(04)23274275,(04)23288582,2025,11,3,18,5,臺中市,南屯區,0,0,0,7,1,6,50,13,9,1,5,4,6,6,1,1,5,5,5,2,28,,,,,B03,,,1,,2,,,87,87,1,12,4,120.633248,24.124221,3
912,66000,387130000C,(04)23274275,(04)23288582,2025,11,3,18,5,臺中市,大里區,0,1,0,6,1,3,80,13,9,1,5,4,6,6,4,4,1,4,5,1,17,3,10,3,1,B03,7,9,1,8,2,1,,7,7,1,12,4,120.694262,24.10693,2
913,66000,387130000C,(04)23274275,(04)23288582,2025,11,3,18,5,臺中市,神岡區,0,0,0,6,,,50,,,,,,,,,,,,,,13,,,,,B03,,,1,,2,,,59,59,1,12,4,120.664927,24.262468,3
914,66000,387130000C,(04)23274275,(04)23288582,2025,11,3,18,6,臺中市,北屯區,0,0,0,7,,,50,,,,,,,,,,,,,,,,,,,B03,,,1,,2,,,49,49,1,6,4,120.672042,24.187733,3
915,66000,387130000C,(04)23274275,(04)23288582,2025,11,3,18,6,臺中市,西屯區,0,1,0,7,1,6,50,13,5,1,5,4,6,6,4,4,5,5,4,2,16,3,10,5,4,B03,7,5,1,8,2,2,,42,42,1,12,4,120.609135,24.185982,2
916,66000,387130000C,(04)23274275,(04)23288582,2025,11,3,18,6,臺中市,烏日區,0,0,0,7,,3,80,,,,,,,,,,,,,,13,,,,,B03,,,1,,1,,,7,7,1,6,4,120.616521,24.107356,3
917,66000,387130000C,(04)23274275,(04)23288582,2025,11,3,18,7,臺中市,南屯區,0,0,0,7,,,50,,,,,,,,,,,,,,,,,,,C03,,,1,,1,,,84,84,1,13,4,120.637043,24.133524,3
918,66000,387130000C,(04)23274275,(04)23288582,2025,11,3,18,7,臺中市,北屯區,0,0,0,7,,,50,,,,,,,,,,,,,,,,,,,B03,,,1,,1,,,59,59,1,12,4,120.711109,24.180117,3
919,66000,387130000C,(04)23274275,(04)23288582,2025,11,3,18,7,臺中市,烏日區,0,2,0,7,1,6,50,5,1,1,5,4,6,6,1,1,5,4,5,1,16,2,8,1,1,C03,7,9,1,10,2,11,,85,85,1,6,4,120.643664,24.081964,2
920,66000,387130000C,(04)23274275,(04)23288582,2025,11,3,18,8,臺中市,太平區,0,0,0,7,,,50,,,,,,,,,,,,,,2,,,,,C03,,,1,,1,,,59,59,1,12,4,120.71573,24.147624,3
921,66000,387130000C,(04)23274275,(04)23288582,2025,11,3,18,9,臺中市,南屯區,0,0,0,7,,,50,,,,,,,,,,,,,,,,,,,B03,,,1,,1,,,84,84,1,12,4,120.640985,24.141211,3
922,66000,387130000C,(04)23274275,(04)23288582,2025,11,3,18,10,臺中市,大雅區,0,0,0,7,,,50,,,,,,,,,,,,,,,,,,,C03,,,1,,1,,,14,14,1,13,4,120.653492,24.223506,3
923,66000,387130000C,(04)23274275,(04)23288582,2025,11,3,18,10,臺中市,東區,0,0,0,7,,,50,,,,,,,,,,,,,,17,,,,,B03,,,1,,1,,,77,77,1,12,4,120.699818,24.141488,3
924,66000,387130000C,(04)23274275,(04)23288582,2025,11,3,18,12,臺中市,西區,0,1,0,7,1,6,50,3,2,1,5,4,6,6,4,4,9,4,4,2,12,3,10,3,1,B03,7,5,1,8,2,2,,47,47,1,12,4,120.665533,24.148392,2
925,66000,387130000C,(04)23274275,(04)23288582,2025,11,3,18,13,臺中市,西區,0,1,0,7,1,6,50,13,7,1,5,4,6,6,4,4,5,2,4,2,12,2,8,1,1,C03,7,9,1,10,2,11,,84,84,1,13,4,120.672605,24.136098,2
926,66000,387130000C,(04)23274275,(04)23288582,2025,11,3,18,14,臺中市,梧棲區,0,2,0,7,1,6,50,4,1,1,5,4,6,6,2,1,10,5,5,2,15,2,9,1,1,C03,7,9,1,10,2,14,,21,21,1,12,4,120.54983,24.2393,2
927,66000,387130000C,(04)23274275,(04)23288582,2025,11,3,18,15,臺中市,北區,0,1,0,7,1,6,50,4,1,1,5,4,6,6,1,1,5,4,5,2,17,2,9,1,1,C03,7,6,1,10,2,13,,48,48,1,12,4,120.686805,24.166929,2
928,66000,387130000C,(04)23274275,(04)23288582,2025,11,3,18,15,臺中市,太平區,0,0,0,7,1,6,50,4,1,1,5,4,6,6,4,4,5,5,4,1,16,3,10,3,1,C03,7,11,1,8,2,8,,45,45,1,12,4,120.730591,24.111515,3
929,66000,387130000C,(04)23274275,(04)23288582,2025,11,3,18,15,臺中市,豐原區,0,1,0,7,1,6,50,5,19,1,5,4,6,6,2,1,1,4,4,2,9,3,10,5,4,B03,7,6,1,8,2,5,,10,10,1,12,4,120.727484,24.259346,2
930,66000,387130000C,(04)23274275,(04)23288582,2025,11,3,18,18,臺中市,大甲區,0,0,0,7,,,50,,,,,,,,,,,,,,,,,,,B03,,,1,,1,,,51,51,1,6,4,120.627573,24.347,3
931,66000,387130000C,(04)23274275,(04)23288582,2025,11,3,18,18,臺中市,外埔區,0,1,0,7,1,6,50,4,1,1,5,4,6,6,4,4,5,5,4,2,15,3,10,3,1,B03,7,9,3,19,2,1,,6,6,2,12,4,120.657093,24.330435,2
932,66000,387130000C,(04)23274275,(04)23288582,2025,11,3,18,23,臺中市,大肚區,0,1,0,7,1,6,40,4,1,1,5,4,1,6,4,4,10,5,5,2,16,2,8,2,1,C03,7,6,1,10,2,14,,14,14,1,6,4,120.577875,24.112103,2
933,66000,387130000C,(04)23274275,(04)23288582,2025,11,3,18,25,臺中市,東區,0,0,0,7,,,50,,,,,,,,,,,,,,17,,,,,C03,,,6,,1,,,84,84,1,13,4,120.707015,24.136384,4
934,66000,387130000C,(04)23274275,(04)23288582,2025,11,3,18,27,臺中市,西區,0,0,0,7,,,50,,,,,,,,,,,,,,,,,,,C03,,,1,10,1,,,84,84,1,13,4,120.659935,24.147955,3
935,66000,387130000C,(04)23274275,(04)23288582,2025,11,3,18,28,臺中市,大里區,0,0,0,7,,3,80,,,,,,,,,,,,,,17,,,,,B03,,,1,8,2,,,84,84,1,13,4,120.684877,24.07538,3
936,66000,387130000C,(04)23274275,(04)23288582,2025,11,3,18,30,臺中市,大里區,0,1,0,7,1,6,50,13,8,1,5,4,6,6,1,1,1,3,4,1,17,3,10,3,1,B01,7,14,1,8,2,7,,77,77,1,6,4,120.69764,24.082265,2
937,66000,387130000C,(04)23274275,(04)23288582,2025,11,3,18,31,臺中市,北屯區,0,0,0,7,,,50,,,,,,,,,,,,,,13,,,,,B03,,,1,,2,,,7,7,1,12,4,120.716055,24.182306,3
938,66000,387130000C,(04)23274275,(04)23288582,2025,11,3,18,35,臺中市,霧峰區,0,0,0,7,,,50,,,,,,,,,,,,,,13,,,,,B03,,,1,,2,,,58,58,1,12,4,120.700506,24.075603,3
939,66000,387130000C,(04)23274275,(04)23288582,2025,11,3,18,38,臺中市,大里區,0,0,0,7,,,50,,,,,,,,,,,,,,17,,,,,B12,,,1,,2,,,50,50,1,6,4,120.703391,24.094891,3
940,66000,387130000C,(04)23274275,(04)23288582,2025,11,3,18,39,臺中市,中區,0,2,0,7,1,6,50,4,1,1,5,4,6,6,1,1,7,5,5,2,12,2,9,1,1,C03,7,8,1,10,2,14,,35,35,1,12,4,120.680034,24.144657,2
941,66000,387130000C,(04)23274275,(04)23288582,2025,11,3,18,39,臺中市,霧峰區,0,0,0,7,,,50,,,,,,,,,,,,,,12,,,,,C03,,,1,,1,,,84,84,1,12,4,120.714363,24.075586,3
942,66000,387130000C,(04)23274275,(04)23288582,2025,11,3,18,41,臺中市,西屯區,0,0,0,7,,,50,,,,,,,,,,,,,,12,,,,,C03,,,1,,1,,,7,7,1,12,4,120.643136,24.171925,3
943,66000,387130000C,(04)23274275,(04)23288582,2025,11,3,18,42,臺中市,北屯區,0,2,0,7,1,6,50,5,2,1,5,4,6,6,2,1,1,2,5,2,13,2,8,1,1,C03,7,9,1,10,2,11,,84,84,1,12,4,120.690994,24.171429,2
944,66000,387130000C,(04)23274275,(04)23288582,2025,11,3,18,47,臺中市,北屯區,0,0,0,6,,3,80,,,,,,,,,,,,,,13,,,,,B03,,,1,,1,,,59,59,1,6,4,120.72046,24.165624,3
945,66000,387130000C,(04)23274275,(04)23288582,2025,11,3,18,47,臺中市,霧峰區,0,1,0,7,1,6,40,13,8,1,5,4,6,6,4,4,1,4,4,1,17,3,10,5,4,C03,7,15,1,10,2,16,,85,85,1,13,4,120.695384,24.06256,2
946,66000,387130000C,(04)23274275,(04)23288582,2025,11,3,18,47,臺中市,太平區,0,2,0,7,1,6,50,13,9,1,5,4,6,6,4,4,1,4,5,2,13,2,9,1,1,C03,7,9,2,19,2,11,,7,7,1,12,4,120.715343,24.135994,2
947,66000,387130000C,(04)23274275,(04)23288582,2025,11,3,18,47,臺中市,神岡區,0,0,0,6,,,50,,,,,,,,,,,,,,17,,,,,B03,,,1,,2,,,8,8,1,12,4,120.663697,24.258378,3
948,66000,387130000C,(04)23274275,(04)23288582,2025,11,3,18,50,臺中市,北屯區,0,1,0,7,1,6,50,4,1,1,5,4,6,6,1,1,10,5,5,2,17,3,10,3,1,B03,7,9,1,8,2,8,,39,39,1,6,4,120.719536,24.163019,2
949,66000,387130000C,(04)23274275,(04)23288582,2025,11,3,18,50,臺中市,新社區,0,1,0,7,1,6,30,4,1,1,5,4,6,6,3,1,10,5,5,2,15,3,10,5,4,B03,7,9,1,6,2,2,,24,24,1,13,4,120.801906,24.206734,2
950,66000,387130000C,(04)23274275,(04)23288582,2025,11,3,19,0,臺中市,大甲區,0,1,0,7,1,6,50,4,1,1,5,4,6,6,1,1,10,5,5,2,1,3,10,3,1,B03,7,6,1,8,2,8,,10,10,1,12,4,120.620657,24.350555,2
951,66000,387130000C,(04)23274275,(04)23288582,2025,11,3,19,1,臺中市,南屯區,0,0,0,7,,,50,,,,,,,,,,,,,,,,,,,B03,,,1,,1,,,45,45,1,12,4,120.644217,24.13881,4
952,66000,387130000C,(04)23274275,(04)23288582,2025,11,3,19,6,臺中市,太平區,0,0,0,7,,,50,,,,,,,,,,,,,,16,,,,,C03,,,1,,2,,,7,7,1,12,4,120.720866,24.130594,3
953,66000,387130000C,(04)23274275,(04)23288582,2025,11,3,19,11,臺中市,東區,0,3,0,7,1,6,50,5,1,1,5,4,6,6,1,1,9,4,5,2,15,2,3,3,1,B03,7,9,1,8,2,2,,8,8,1,12,4,120.693248,24.13329,2
954,66000,387130000C,(04)23274275,(04)23288582,2025,11,3,19,13,臺中市,龍井區,0,2,0,7,1,6,30,3,1,1,5,4,6,6,4,4,10,5,5,2,16,2,9,2,1,C03,7,6,1,10,2,11,,20,20,1,6,4,120.589046,24.180701,2
955,66000,387130000C,(04)23274275,(04)23288582,2025,11,3,19,14,臺中市,潭子區,0,0,0,7,,,50,,,,,,,,,,,,,,,,,,,B02,,,1,,2,,,59,59,1,12,4,120.698521,24.196174,3
956,66000,387130000C,(04)23274275,(04)23288582,2025,11,3,19,17,臺中市,太平區,0,0,0,7,,3,80,,,,,,,,,,,,,,13,,,,,A12,,,1,,2,,,7,7,1,6,4,120.717079,24.155634,3
957,66000,387130000C,(04)23274275,(04)23288582,2025,11,3,19,20,臺中市,豐原區,0,0,0,7,,,60,,,,,,,,,,,,,,13,,,,,B03,,,3,,1,,,84,84,1,12,4,120.722968,24.23657,4
958,66000,387130000C,(04)23274275,(04)23288582,2025,11,3,19,21,臺中市,西屯區,0,0,0,7,,,30,,,,,,,,,,,,,,14,,,,,B12,,,5,,2,,,50,50,1,12,4,120.617726,24.187359,3
959,66000,387130000C,(04)23274275,(04)23288582,2025,11,3,19,22,臺中市,西屯區,0,0,0,7,,,50,,,,,,,,,,,,,,12,,,,,B03,,,1,,1,,,59,59,1,12,4,120.623425,24.184327,3
960,66000,387130000C,(04)23274275,(04)23288582,2025,11,3,19,23,臺中市,大里區,0,0,0,6,1,6,60,13,7,1,5,4,6,6,4,,1,4,5,2,12,,,,,A31,,,1,,2,,,40,40,1,12,4,120.675418,24.085372,3
961,66000,387130000C,(04)23274275,(04)23288582,2025,11,3,19,31,臺中市,霧峰區,0,0,0,7,,,60,,,,,,,,,,,,,,17,,,,,B03,,,1,,1,,,7,7,1,6,4,120.695205,24.05961,3
962,66000,387130000C,(04)23274275,(04)23288582,2025,11,3,19,35,臺中市,西區,0,1,0,7,1,6,50,4,1,1,5,4,6,6,1,1,10,5,5,2,16,3,10,5,4,B03,7,6,1,8,2,5,,48,48,1,13,4,120.652997,24.146726,2
963,66000,387130000C,(04)23274275,(04)23288582,2025,11,3,19,36,臺中市,南屯區,0,3,0,7,2,6,40,13,7,1,5,4,6,6,4,4,9,4,4,2,12,2,9,6,1,F01,7,6,7,21,2,13,,48,48,1,12,4,120.634979,24.153267,2
964,66000,387130000C,(04)23274275,(04)23288582,2025,11,3,19,37,臺中市,西屯區,0,0,0,7,,,30,,,,,,,,,,,,,,17,,,,,C03,,,1,,2,,,59,59,1,13,4,120.616182,24.183707,3
965,66000,387130000C,(04)23274275,(04)23288582,2025,11,3,19,41,臺中市,西屯區,0,0,0,7,,,50,,,,,,,,,,,,,,11,,,,,C03,,,1,,2,,,4,4,1,12,4,120.648451,24.17019,3
966,66000,387130000C,(04)23274275,(04)23288582,2025,11,3,19,49,臺中市,烏日區,0,1,0,7,1,6,30,13,9,1,5,4,6,6,4,4,10,4,4,2,16,3,10,3,1,B03,7,1,5,19,2,5,,51,51,1,6,4,120.616372,24.110954,2
967,66000,387130000C,(04)23274275,(04)23288582,2025,11,3,19,50,臺中市,西區,0,0,0,7,,,0,,,,,,,,,,,,,,17,,,,,C03,,,1,,2,,,50,50,1,12,4,120.675521,24.138186,3
968,66000,387130000C,(04)23274275,(04)23288582,2025,11,3,19,55,臺中市,南屯區,0,2,0,7,1,6,50,13,9,1,5,4,6,6,4,4,5,5,5,2,13,2,9,1,1,C03,7,9,1,10,2,11,,7,7,1,12,4,120.651405,24.154774,2
969,66000,387130000C,(04)23274275,(04)23288582,2025,11,3,20,5,臺中市,北區,0,0,0,7,,,50,,,,,,,,,,,,,,,,,,,C03,,,1,,2,,,8,8,1,12,4,120.678437,24.161842,3
970,66000,387130000C,(04)23274275,(04)23288582,2025,11,3,20,7,臺中市,沙鹿區,0,0,0,6,,,50,,,,,,,,,,,,,,,,,,,B03,,,1,,2,,,84,84,1,13,4,120.564651,24.232794,3
971,66000,387130000C,(04)23274275,(04)23288582,2025,11,3,20,12,臺中市,大里區,0,1,0,6,1,6,50,4,2,1,5,4,6,6,1,1,10,5,5,2,13,2,8,1,1,C03,7,9,1,10,2,13,,84,84,1,12,4,120.683873,24.113131,2
972,66000,387130000C,(04)23274275,(04)23288582,2025,11,3,20,13,臺中市,西屯區,0,1,0,7,1,6,50,3,1,1,5,4,6,6,2,1,10,5,5,2,16,3,10,5,4,B03,7,5,1,8,2,6,,47,47,1,13,4,120.644753,24.183103,2
973,66000,387130000C,(04)23274275,(04)23288582,2025,11,3,20,15,臺中市,南屯區,0,1,0,7,1,6,40,3,2,1,5,4,6,6,4,4,5,4,5,2,13,2,9,2,1,C03,7,9,1,9,2,11,,7,7,1,13,4,120.60827,24.144866,2
974,66000,387130000C,(04)23274275,(04)23288582,2025,11,3,20,23,臺中市,西區,0,2,0,7,1,6,50,3,19,1,5,4,6,6,4,4,10,5,5,2,3,2,9,1,1,C03,7,9,1,10,2,11,,10,10,1,13,4,120.654189,24.153578,2
975,66000,387130000C,(04)23274275,(04)23288582,2025,11,3,20,23,臺中市,北屯區,0,0,0,7,,,50,,,,,,,,,,,,,,,,,,,B03,,,1,,1,,,58,58,1,6,4,120.727298,24.167313,3
976,66000,387130000C,(04)23274275,(04)23288582,2025,11,3,20,27,臺中市,龍井區,0,0,0,7,,,30,,,,,,,,,,,,,,14,,,,,B03,,,1,,2,,,49,49,1,6,4,120.583321,24.178724,3
977,66000,387130000C,(04)23274275,(04)23288582,2025,11,3,20,33,臺中市,南區,0,0,0,7,,,50,,,,,,,,,,,,,,13,,,,,C03,,,1,,1,,,7,7,1,12,4,120.679361,24.119237,3
978,66000,387130000C,(04)23274275,(04)23288582,2025,11,3,20,40,臺中市,龍井區,0,0,0,7,,,50,,,,,,,,,,,,,,13,,,,,C03,,,1,,1,,,7,7,1,6,4,120.549241,24.212345,3
979,66000,387130000C,(04)23274275,(04)23288582,2025,11,3,20,44,臺中市,梧棲區,0,0,0,7,,,50,,,,,,,,,,,,,,17,,,,,B03,,,1,,9,,,50,50,1,6,4,120.530846,24.254825,3
980,66000,387130000C,(04)23274275,(04)23288582,2025,11,3,20,46,臺中市,北區,0,0,0,7,,,50,,,,,,,,,,,,,,17,,,,,C03,,,1,,2,,,84,84,1,13,4,120.682415,24.16135,3
981,66000,387130000C,(04)23274275,(04)23288582,2025,11,3,20,50,臺中市,北區,0,1,0,7,1,6,50,13,7,1,5,4,6,6,4,4,5,5,4,2,17,2,9,1,1,C03,7,9,1,9,2,14,,84,84,1,6,4,120.676878,24.171402,2
982,66000,387130000C,(04)23274275,(04)23288582,2025,11,3,20,50,臺中市,南屯區,0,0,0,7,,,50,,,,,,,,,,,,,,,,,,,B03,,,1,,2,,,59,59,1,12,4,120.651242,24.14379,4
983,66000,387130000C,(04)23274275,(04)23288582,2025,11,3,20,55,臺中市,清水區,0,1,0,7,1,6,50,3,1,1,5,4,6,6,1,1,1,4,4,2,16,2,5,3,1,B03,7,11,1,8,1,2,6,20,20,1,12,4,120.571006,24.259167,2
984,66000,387130000C,(04)23274275,(04)23288582,2025,11,3,21,2,臺中市,石岡區,0,0,0,7,,,50,,,,,,,,,,,,,,,,,,,B03,,,1,,1,,,50,50,1,12,4,120.776859,24.276422,3
985,66000,387130000C,(04)23274275,(04)23288582,2025,11,3,21,6,臺中市,北屯區,0,0,0,7,,,50,,,,,,,,,,,,,,13,,,,,B03,,,1,,1,,,59,59,1,12,4,120.697745,24.170349,3
986,66000,387130000C,(04)23274275,(04)23288582,2025,11,3,21,11,臺中市,龍井區,0,0,0,7,,,30,,,,,,,,,,,,,,11,,,,,B03,,,1,,1,,,8,8,1,6,4,120.59152,24.179745,3
987,66000,387130000C,(04)23274275,(04)23288582,2025,11,3,21,14,臺中市,東區,0,0,0,7,,,50,,,,,,,,,,,,,,17,,,,,B03,,,1,,2,,,8,8,1,13,4,120.692058,24.14408,4
988,66000,387130000C,(04)23274275,(04)23288582,2025,11,3,21,22,臺中市,南屯區,0,0,0,7,1,6,50,13,9,1,5,4,6,6,4,4,3,4,5,2,17,,,,,C03,,,1,,9,,,85,85,1,12,4,120.628251,24.148052,3
989,66000,387130000C,(04)23274275,(04)23288582,2025,11,3,21,24,臺中市,霧峰區,0,1,0,7,1,6,50,4,2,1,5,4,6,6,4,4,4,5,5,2,17,2,9,2,1,C03,7,9,1,10,2,16,,84,84,1,6,4,120.691408,24.042801,2
990,66000,387130000C,(04)23274275,(04)23288582,2025,11,3,21,37,臺中市,北屯區,0,1,0,7,1,6,50,13,7,1,5,4,6,6,4,4,1,4,4,2,13,3,10,3,1,B03,7,9,1,8,2,1,,7,7,1,12,4,120.663673,24.185992,2
991,66000,387130000C,(04)23274275,(04)23288582,2025,11,3,21,39,臺中市,西屯區,0,1,0,7,1,6,50,3,1,1,5,4,6,6,1,1,10,5,5,2,16,3,10,5,4,C03,7,6,1,10,1,12,,11,11,1,12,4,120.6449,24.182803,2
992,66000,387130000C,(04)23274275,(04)23288582,2025,11,3,21,43,臺中市,大甲區,0,1,0,7,1,6,50,13,8,1,5,4,6,6,4,4,10,5,5,2,18,2,1,1,1,F03,7,9,7,21,1,12,,59,59,1,6,4,120.65443,24.39678,2
993,66000,387130000C,(04)23274275,(04)23288582,2025,11,3,21,44,臺中市,北屯區,0,0,0,7,,,50,,,,,,,,,,,,,,14,,,,,B01,,,1,,2,,,49,49,1,6,4,120.728572,24.17138,3
994,66000,387130000C,(04)23274275,(04)23288582,2025,11,3,21,48,臺中市,南區,0,1,0,7,1,6,50,4,1,1,5,4,6,6,2,1,10,5,5,2,13,2,9,2,1,C03,7,9,1,10,2,11,,84,84,1,13,4,120.655331,24.115062,2
995,66000,387130000C,(04)23274275,(04)23288582,2025,11,3,21,58,臺中市,沙鹿區,0,3,0,6,1,6,70,3,2,1,5,4,6,6,1,1,3,3,3,1,17,2,9,5,4,B03,7,9,1,8,2,1,,59,59,1,13,4,120.616975,24.243475,2
996,66000,387130000C,(04)23274275,(04)23288582,2025,11,3,22,1,臺中市,南屯區,0,1,0,7,1,6,50,3,1,1,5,4,6,6,4,4,8,3,4,1,17,3,10,3,1,B03,7,5,1,8,2,1,,14,14,1,12,4,120.638287,24.141395,2
997,66000,387130000C,(04)23274275,(04)23288582,2025,11,3,22,10,臺中市,南屯區,0,1,0,7,1,6,50,13,9,1,5,4,6,6,1,1,5,4,5,2,12,3,10,3,1,B03,7,5,1,8,2,2,,47,47,1,12,4,120.632419,24.126789,2
998,66000,387130000C,(04)23274275,(04)23288582,2025,11,3,22,26,臺中市,北屯區,0,1,0,7,1,6,50,13,9,1,5,4,6,6,2,1,1,4,5,2,17,2,1,3,1,B03,7,9,1,8,2,5,,84,84,1,6,4,120.684413,24.172197,2
999,66000,387130000C,(04)23274275,(04)23288582,2025,11,3,22,29,臺中市,霧峰區,0,1,0,7,1,6,50,4,1,1,5,4,6,6,4,4,10,5,5,2,17,2,9,5,4,C03,7,9,1,10,2,14,,84,84,1,13,4,120.711138,24.07697,2
1000,66000,387130000C,(04)23274275,(04)23288582,2025,11,3,22,42,臺中市,潭子區,0,0,0,7,,,50,,,,,,,,,,,,,,,,,,,B02,,,1,,2,,,59,59,1,12,4,120.72369,24.218507,3
1001,66000,387130000C,(04)23274275,(04)23288582,2025,11,3,22,48,臺中市,烏日區,0,2,0,7,1,6,50,3,1,1,5,4,6,6,1,1,10,5,5,2,17,2,9,2,1,C03,7,6,1,10,2,12,,48,48,1,6,4,120.627344,24.108743,2
1002,66000,387130000C,(04)23274275,(04)23288582,2025,11,3,22,54,臺中市,北屯區,0,2,0,7,1,6,50,5,1,1,5,4,6,6,1,1,10,5,5,2,15,2,9,5,4,C03,7,9,2,19,2,11,,21,21,1,12,4,120.730265,24.177114,2
1003,66000,387130000C,(04)23274275,(04)23288582,2025,11,3,23,0,臺中市,北區,0,0,0,7,,,,,,,,,,,,,,,,,17,,,,,,,,,,,,,84,84,1,,,120.683255,24.157317,3
1004,66000,387130000C,(04)23274275,(04)23288582,2025,11,3,23,1,臺中市,西屯區,0,2,0,7,1,6,50,4,1,1,5,4,6,6,2,1,10,5,5,2,16,2,9,1,1,C03,7,6,1,10,2,12,,11,11,1,13,4,120.635324,24.167191,2
1005,66000,387130000C,(04)23274275,(04)23288582,2025,11,3,23,4,臺中市,潭子區,0,0,0,7,,,50,,,,,,,,,,,,,,,,,,,B03,,,1,,2,,,84,84,1,12,4,120.717832,24.202628,3
1006,66000,387130000C,(04)23274275,(04)23288582,2025,11,3,23,13,臺中市,大里區,0,1,0,7,1,6,50,4,19,1,5,4,6,6,1,1,5,4,5,1,3,3,10,3,1,B03,7,5,1,8,6,5,,10,10,1,13,4,120.688666,24.119756,2
1007,66000,387130000C,(04)23274275,(04)23288582,2025,11,3,23,52,臺中市,西區,0,0,0,7,,,50,,,,,,,,,,,,,,12,,,,,B01,,,1,,1,,,11,11,1,12,4,120.665591,24.136582,3
1008,66000,387130000C,(04)23274275,(04)23288582,2025,11,4,0,22,臺中市,西屯區,0,1,0,7,1,6,30,4,1,1,5,4,6,6,4,4,10,5,5,2,15,2,9,1,1,C03,7,9,1,10,2,11,,15,15,1,12,4,120.61715,24.18913,2
1009,66000,387130000C,(04)23274275,(04)23288582,2025,11,4,0,27,臺中市,烏日區,0,2,0,7,1,6,50,4,1,1,5,4,6,6,4,4,10,5,5,2,16,2,9,2,1,C03,7,6,1,10,2,14,,48,48,1,6,4,120.624412,24.10321,2
1010,66000,387130000C,(04)23274275,(04)23288582,2025,11,4,1,23,臺中市,北屯區,0,2,0,7,1,6,50,4,1,1,5,4,6,6,2,1,1,4,5,2,13,2,9,2,1,C03,7,9,3,19,2,11,,21,21,1,12,4,120.694259,24.16491,2
1011,66000,387130000C,(04)23274275,(04)23288582,2025,11,4,2,8,臺中市,中區,0,1,0,6,1,6,50,4,1,1,5,4,6,6,3,1,10,5,5,2,17,2,9,1,1,C03,7,9,1,10,2,11,,24,24,1,12,4,120.675795,24.142883,2
1012,66000,387130000C,(04)23274275,(04)23288582,2025,11,4,2,21,臺中市,大里區,0,0,0,7,1,6,50,4,1,1,5,4,6,6,1,1,5,2,5,1,16,,,,,B03,,,5,,2,,,47,47,1,13,4,120.679091,24.114943,3
1013,66000,387130000C,(04)23274275,(04)23288582,2025,11,4,2,35,臺中市,大里區,0,0,0,7,1,6,40,8,9,1,5,4,6,6,1,1,1,2,5,1,13,,,,,C03,,,3,,2,,,59,59,1,6,4,120.695256,24.097056,3
1014,66000,387130000C,(04)23274275,(04)23288582,2025,11,4,3,4,臺中市,北屯區,0,1,0,7,1,6,50,4,2,1,5,4,6,6,2,1,9,4,5,1,13,2,1,2,1,C03,7,9,3,19,8,11,,84,84,1,12,4,120.667866,24.187676,2
1015,66000,387130000C,(04)23274275,(04)23288582,2025,11,4,4,50,臺中市,沙鹿區,0,0,0,7,1,6,50,13,8,1,5,4,6,6,4,4,1,3,4,1,12,,,,,B03,,,1,,2,,,59,59,1,12,4,120.570589,24.241161,3
1016,66000,387130000C,(04)23274275,(04)23288582,2025,11,4,5,40,臺中市,中區,0,1,0,7,2,6,50,3,2,1,5,4,6,6,2,1,8,3,5,2,17,3,10,2,1,C03,7,9,1,10,2,16,,68,68,1,12,4,120.682739,24.143695,2
1017,66000,387130000C,(04)23274275,(04)23288582,2025,11,4,6,12,臺中市,北屯區,0,2,0,7,2,6,50,4,1,1,5,4,6,6,2,1,5,5,4,2,16,3,10,3,1,B03,7,5,1,8,2,2,,85,85,1,12,4,120.668606,24.192689,2
1018,66000,387130000C,(04)23274275,(04)23288582,2025,11,4,6,32,臺中市,東區,0,0,0,7,,,50,,,,,,,,,,,,,,14,,,,,C03,,,1,,1,,,49,49,1,12,4,120.706136,24.140596,3
1019,66000,387130000C,(04)23274275,(04)23288582,2025,11,4,6,33,臺中市,石岡區,0,0,0,7,,,70,,,,,,,,,,,,,,,,,,,B03,,,1,,1,,,40,40,1,12,4,120.773637,24.274836,3
1020,66000,387130000C,(04)23274275,(04)23288582,2025,11,4,6,41,臺中市,北區,0,1,0,7,2,6,50,3,1,1,5,4,6,6,4,4,5,5,5,2,17,2,9,1,1,C04,7,9,5,19,2,11,,34,34,1,12,4,120.683673,24.157643,2
1021,66000,387130000C,(04)23274275,(04)23288582,2025,11,4,6,46,臺中市,南區,0,1,0,7,2,6,40,13,7,1,5,4,6,6,4,4,7,5,4,2,17,3,10,3,1,B03,7,1,1,8,2,4,,51,51,1,12,4,120.660882,24.117055,2
1022,66000,387130000C,(04)23274275,(04)23288582,2025,11,4,6,47,臺中市,太平區,0,0,0,7,,,30,,,,,,,,,,,,,,,,,,,B03,,,1,,2,,,84,84,1,12,4,120.71575,24.123146,3