序號,縣市別代碼,機關代碼,市話,傳真,年,月,日,時,分,縣市,區,死亡數量,受傷數量,2-30,天候,道路照明設備,道路類別,道路速限,道路型態,事故位置,路面鋪裝,路面狀態,路面缺陷,障礙物,視距,號誌種類,號誌動作,分向設施,快車道或一般車道間,快慢車道間,路面邊線,事故類型及型態,受傷程度,主要傷處,保護裝備,行動電話或功能裝置,當事者區分(類別),車輛用途,當事者行動狀態,駕照狀態,駕照種類,飲酒情形,車輛撞擊部位最初,車輛撞擊部位其他,肇事因素個別,肇事因素主要,肇事逃逸,職業,共享經濟或外送平台,GPS座標X,GPS座標Y,事故類別
1023,66000,387130000C,(04)23274275,(04)23288582,2025,11,4,6,47,臺中市,大甲區,0,1,0,7,1,6,50,4,1,1,5,4,6,6,4,4,9,5,5,1,15,2,9,1,1,C03,7,9,1,10,2,11,,15,15,1,12,4,120.644738,24.406556,2
1024,66000,387130000C,(04)23274275,(04)23288582,2025,11,4,6,50,臺中市,豐原區,0,0,0,7,2,6,50,3,1,1,5,4,6,6,4,4,5,5,4,1,15,3,10,6,1,F01,7,9,7,21,2,14,,84,84,1,3,4,120.725747,24.25737,3
1025,66000,387130000C,(04)23274275,(04)23288582,2025,11,4,6,51,臺中市,大里區,0,0,0,7,2,6,50,13,9,1,5,4,6,6,4,,5,5,5,2,11,,,,,B03,,,1,,1,,,8,8,1,13,4,120.702274,24.103319,3
1026,66000,387130000C,(04)23274275,(04)23288582,2025,11,4,6,51,臺中市,豐原區,0,1,0,7,2,6,50,11,9,1,5,4,6,6,4,4,5,5,5,2,2,3,10,1,1,F03,7,9,7,21,2,12,,84,84,1,12,4,120.747657,24.254389,2
1027,66000,387130000C,(04)23274275,(04)23288582,2025,11,4,6,55,臺中市,北區,0,0,0,7,,,50,,,,,,,,,,,,,,13,,,,,B03,,,1,,1,,,7,7,1,13,4,120.684871,24.160512,3
1028,66000,387130000C,(04)23274275,(04)23288582,2025,11,4,6,57,臺中市,神岡區,0,0,0,7,,,30,,,,,,,,,,,,,,1,,,,,B12,,,1,,9,,,43,43,1,12,4,120.666044,24.254043,3
1029,66000,387130000C,(04)23274275,(04)23288582,2025,11,4,7,0,臺中市,烏日區,0,0,0,7,,,30,,,,,,,,,,,,,,13,,,,,C03,,,1,,1,,,7,7,1,6,4,120.641822,24.103956,3
1030,66000,387130000C,(04)23274275,(04)23288582,2025,11,4,7,1,臺中市,龍井區,0,2,0,7,2,6,30,4,1,1,5,4,6,6,4,4,10,5,5,2,15,2,9,1,1,C03,7,9,1,10,2,11,,15,15,1,12,4,120.546521,24.217757,2
1031,66000,387130000C,(04)23274275,(04)23288582,2025,11,4,7,9,臺中市,潭子區,0,0,0,7,,,30,,,,,,,,,,,,,,25,,,,,B03,,,1,,2,,,54,54,1,13,4,120.699985,24.199274,3
1032,66000,387130000C,(04)23274275,(04)23288582,2025,11,4,7,13,臺中市,大里區,0,1,0,7,3,6,60,13,8,1,5,4,6,6,4,4,3,4,4,2,16,3,10,5,4,B03,7,5,1,8,2,3,,20,20,1,13,4,120.662469,24.108421,2
1033,66000,387130000C,(04)23274275,(04)23288582,2025,11,4,7,13,臺中市,石岡區,0,0,0,7,,,50,,,,,,,,,,,,,,,,,,,B12,,,1,,1,,,88,88,1,12,4,120.816285,24.259875,3
1034,66000,387130000C,(04)23274275,(04)23288582,2025,11,4,7,14,臺中市,西屯區,0,2,0,7,2,6,40,13,8,1,5,4,6,6,4,4,5,4,4,2,16,2,7,2,1,C03,7,5,1,10,2,12,,47,47,1,12,4,120.649119,24.175158,2
1035,66000,387130000C,(04)23274275,(04)23288582,2025,11,4,7,15,臺中市,龍井區,0,1,0,7,1,6,50,13,9,1,5,4,6,6,4,4,9,5,5,1,18,2,9,1,1,C03,7,9,1,10,2,11,,87,87,1,6,4,120.582005,24.177112,2
1036,66000,387130000C,(04)23274275,(04)23288582,2025,11,4,7,16,臺中市,梧棲區,0,1,0,7,2,6,30,4,1,1,5,4,6,6,4,4,10,5,5,2,15,3,10,3,1,B03,7,9,1,8,2,1,,15,15,1,12,4,120.548467,24.260571,2
1037,66000,387130000C,(04)23274275,(04)23288582,2025,11,4,7,16,臺中市,清水區,0,1,0,7,2,6,50,13,14,1,5,4,6,6,4,4,9,4,5,1,13,2,8,2,1,C03,7,9,1,10,2,11,,84,84,1,13,4,120.552315,24.264578,2
1038,66000,387130000C,(04)23274275,(04)23288582,2025,11,4,7,18,臺中市,龍井區,0,0,0,7,,,50,,,,,,,,,,,,,,,,,,,B03,,,1,,2,,,87,87,1,12,4,120.523846,24.208304,3
1039,66000,387130000C,(04)23274275,(04)23288582,2025,11,4,7,20,臺中市,北區,0,1,0,7,2,6,50,3,1,1,5,4,6,6,4,4,5,5,5,2,13,2,9,1,1,C03,7,9,1,10,2,11,,7,7,1,13,4,120.698705,24.158243,2
1040,66000,387130000C,(04)23274275,(04)23288582,2025,11,4,7,23,臺中市,西區,0,1,0,7,3,6,50,4,1,1,5,4,6,6,1,1,10,5,5,2,18,2,9,1,1,C03,7,9,1,10,2,14,,84,84,1,6,4,120.656751,24.146718,2
1041,66000,387130000C,(04)23274275,(04)23288582,2025,11,4,7,23,臺中市,霧峰區,0,0,0,6,,,40,,,,,,,,,,,,,,17,,,,,B12,,,1,,1,,,84,84,1,13,4,120.700713,24.068351,3
1042,66000,387130000C,(04)23274275,(04)23288582,2025,11,4,7,30,臺中市,西屯區,0,2,0,7,2,6,50,4,1,1,5,4,6,6,1,1,10,5,5,2,13,3,10,5,1,C03,7,9,1,10,11,13,12,7,7,1,12,4,120.655771,24.19961,2
1043,66000,387130000C,(04)23274275,(04)23288582,2025,11,4,7,30,臺中市,沙鹿區,0,2,0,7,2,6,40,13,7,1,5,4,6,6,4,4,1,4,4,1,17,2,9,2,1,C03,7,8,1,10,2,13,,40,40,1,6,4,120.554764,24.213426,2
1044,66000,387130000C,(04)23274275,(04)23288582,2025,11,4,7,33,臺中市,太平區,0,0,0,7,,,50,,,,,,,,,,,,,,17,,,,,B03,,,1,,9,,,8,8,1,12,4,120.730575,24.127986,3
1045,66000,387130000C,(04)23274275,(04)23288582,2025,11,4,7,37,臺中市,北屯區,0,0,0,7,,,50,,,,,,,,,,,,,,12,,,,,C03,,,1,,1,,,8,8,1,6,4,120.693338,24.163677,3
1046,66000,387130000C,(04)23274275,(04)23288582,2025,11,4,7,40,臺中市,梧棲區,0,0,0,7,,,40,,,,,,,,,,,,,,13,,,,,B03,,,1,,2,,,7,7,1,12,4,120.538846,24.258042,3
1047,66000,387130000C,(04)23274275,(04)23288582,2025,11,4,7,41,臺中市,太平區,0,2,0,7,3,6,5,13,9,1,5,4,6,6,4,4,3,4,5,2,13,2,9,2,1,C03,7,9,1,10,2,11,,7,7,1,12,4,120.715049,24.135974,2
1048,66000,387130000C,(04)23274275,(04)23288582,2025,11,4,7,42,臺中市,南屯區,0,0,0,7,,3,40,,,,,,,,,,,,,,12,,,,,A12,,,1,,1,,,8,8,1,12,4,120.623562,24.148643,3
1049,66000,387130000C,(04)23274275,(04)23288582,2025,11,4,7,42,臺中市,西屯區,0,0,0,7,,,50,,,,,,,,,,,,,,13,,,,,B03,,,1,,1,,,59,59,1,12,4,120.651061,24.157342,3
1050,66000,387130000C,(04)23274275,(04)23288582,2025,11,4,7,43,臺中市,東區,0,1,0,7,2,6,50,4,1,1,5,4,6,6,2,1,10,5,5,2,16,3,10,3,1,B12,7,5,1,8,2,5,,11,11,1,12,4,120.697203,24.133263,2
1051,66000,387130000C,(04)23274275,(04)23288582,2025,11,4,7,43,臺中市,北屯區,0,1,0,7,1,6,50,4,1,1,5,4,6,6,4,4,10,5,5,2,16,2,9,1,1,C03,7,9,1,10,2,11,,15,15,1,13,4,120.666725,24.189388,2
1052,66000,387130000C,(04)23274275,(04)23288582,2025,11,4,7,43,臺中市,太平區,0,0,0,7,,,30,,,,,,,,,,,,,,17,,,,,B03,,,1,,2,,,8,8,1,13,4,120.720792,24.116822,3
1053,66000,387130000C,(04)23274275,(04)23288582,2025,11,4,7,44,臺中市,大肚區,0,1,0,7,2,6,50,11,9,1,5,4,6,6,4,4,10,1,5,1,17,3,10,1,1,C03,7,9,1,10,2,12,,8,8,1,5,4,120.562531,24.153403,2
1054,66000,387130000C,(04)23274275,(04)23288582,2025,11,4,7,44,臺中市,沙鹿區,0,1,0,7,2,6,40,13,8,1,5,4,6,6,4,4,3,5,3,2,17,2,9,1,1,C03,7,9,1,10,2,13,,42,42,1,13,4,120.570444,24.236159,2
1055,66000,387130000C,(04)23274275,(04)23288582,2025,11,4,7,44,臺中市,神岡區,0,1,0,7,2,6,50,3,1,1,5,4,6,6,4,4,10,5,5,1,17,2,9,5,4,C03,7,6,1,10,4,12,,14,14,1,13,4,120.698694,24.274336,2
1056,66000,387130000C,(04)23274275,(04)23288582,2025,11,4,7,45,臺中市,太平區,0,1,0,7,2,6,50,13,9,1,5,4,6,6,4,4,5,5,5,1,17,3,10,3,1,B03,7,13,1,8,2,8,,76,76,1,12,4,120.723288,24.13656,2
1057,66000,387130000C,(04)23274275,(04)23288582,2025,11,4,7,47,臺中市,西區,0,1,0,7,2,6,40,13,8,1,5,4,6,6,4,4,1,5,5,2,18,2,9,5,4,C03,7,9,1,10,2,14,,84,84,1,12,4,120.673244,24.148218,2
1058,66000,387130000C,(04)23274275,(04)23288582,2025,11,4,7,48,臺中市,南區,0,0,0,7,,,50,,,,,,,,,,,,,,,,,,,B03,,,1,,2,,,40,40,1,13,4,120.657882,24.11706,3
1059,66000,387130000C,(04)23274275,(04)23288582,2025,11,4,7,48,臺中市,大里區,0,0,0,7,,,50,,,,,,,,,,,,,,13,,,,,B03,,,1,,1,,,7,7,1,13,4,120.691743,24.093938,3
1060,66000,387130000C,(04)23274275,(04)23288582,2025,11,4,7,48,臺中市,太平區,0,0,0,7,,,50,,,,,,,,,,,,,,16,,,,,C03,,,1,,1,,,51,51,1,12,4,120.719881,24.154213,3
1061,66000,387130000C,(04)23274275,(04)23288582,2025,11,4,7,49,臺中市,北屯區,0,0,0,7,,,50,,,,,,,,,,,,,,9,,,,,B03,,,1,,1,,,51,51,1,6,4,120.729219,24.167349,3
1062,66000,387130000C,(04)23274275,(04)23288582,2025,11,4,7,49,臺中市,大甲區,0,0,0,7,,,40,,,,,,,,,,,,,,,,,,,B03,,,1,,1,,,7,7,1,12,4,120.654367,24.382185,3
1063,66000,387130000C,(04)23274275,(04)23288582,2025,11,4,7,50,臺中市,南屯區,0,1,0,7,2,6,50,4,1,1,5,4,6,6,2,1,10,5,5,2,12,2,9,2,1,C03,7,15,1,10,2,14,,84,84,1,13,4,120.637279,24.147006,2
1064,66000,387130000C,(04)23274275,(04)23288582,2025,11,4,7,50,臺中市,石岡區,0,2,0,7,3,6,30,11,9,1,5,4,5,6,4,4,10,5,5,1,10,2,8,5,4,C03,7,9,1,10,2,11,,41,41,1,12,4,120.807702,24.273798,2
1065,66000,387130000C,(04)23274275,(04)23288582,2025,11,4,7,52,臺中市,大甲區,0,1,0,7,2,6,50,11,9,1,5,4,6,6,4,4,10,5,5,2,18,2,9,2,1,C03,7,9,1,10,2,14,,59,59,1,6,4,120.625362,24.349365,2
1066,66000,387130000C,(04)23274275,(04)23288582,2025,11,4,7,54,臺中市,北區,0,0,0,7,,,,,,,,,,,,,,,,,13,,,,,,,,,,,,,119,119,1,,,120.675394,24.163332,3
1067,66000,387130000C,(04)23274275,(04)23288582,2025,11,4,7,59,臺中市,北區,0,0,0,7,,,50,,,,,,,,,,,,,,17,,,,,C03,,,1,,2,,,7,7,1,13,4,120.68758,24.157669,3
1068,66000,387130000C,(04)23274275,(04)23288582,2025,11,4,7,59,臺中市,東區,0,2,0,7,3,6,50,3,1,1,5,4,6,6,4,4,10,5,5,2,13,2,9,2,1,C03,7,9,1,10,2,11,,7,7,1,6,4,120.70459,24.129261,2
1069,66000,387130000C,(04)23274275,(04)23288582,2025,11,4,8,0,臺中市,龍井區,0,1,0,7,2,6,30,13,9,1,5,4,6,6,4,4,10,5,5,2,17,3,10,3,1,B03,7,11,1,8,2,5,,20,20,1,12,4,120.51546,24.211586,2
1070,66000,387130000C,(04)23274275,(04)23288582,2025,11,4,8,2,臺中市,大里區,0,0,0,7,,,50,,,,,,,,,,,,,,17,,,,,B03,,,1,,2,,,47,47,1,6,4,120.689303,24.118946,3
1071,66000,387130000C,(04)23274275,(04)23288582,2025,11,4,8,3,臺中市,西屯區,0,0,0,7,,,30,,,,,,,,,,,,,,15,,,,,C03,,,1,,1,,,15,15,1,12,4,120.662075,24.167588,3
1072,66000,387130000C,(04)23274275,(04)23288582,2025,11,4,8,5,臺中市,大里區,0,2,0,7,2,6,50,3,1,1,5,4,6,6,4,4,10,5,5,2,17,2,9,2,1,C03,7,9,1,10,2,12,,39,39,1,6,4,120.700924,24.086004,2
1073,66000,387130000C,(04)23274275,(04)23288582,2025,11,4,8,6,臺中市,北屯區,0,1,0,7,3,6,50,3,1,1,5,4,6,6,4,4,10,5,5,2,16,3,10,3,1,B03,7,11,1,8,2,5,,45,45,1,6,4,120.722631,24.158655,2
1074,66000,387130000C,(04)23274275,(04)23288582,2025,11,4,8,7,臺中市,太平區,0,0,0,7,,,50,,,,,,,,,,,,,,,,,,,B03,,,1,,2,,,7,7,1,12,4,120.724025,24.111108,3
1075,66000,387130000C,(04)23274275,(04)23288582,2025,11,4,8,10,臺中市,西屯區,0,2,0,7,2,6,50,13,9,1,5,4,6,6,4,4,1,4,1,1,12,2,9,1,1,C03,7,7,1,10,2,15,,40,40,1,12,4,120.662007,24.201271,2
1076,66000,387130000C,(04)23274275,(04)23288582,2025,11,4,8,12,臺中市,北屯區,0,1,0,7,2,6,50,4,2,1,5,4,6,6,2,1,3,4,5,2,17,2,9,4,1,F01,7,11,7,21,2,11,,46,46,1,12,4,120.671097,24.173859,2
1077,66000,387130000C,(04)23274275,(04)23288582,2025,11,4,8,15,臺中市,西屯區,0,0,0,7,,,50,,,,,,,,,,,,,,17,,,,,B03,,,1,,2,,,59,59,1,13,4,120.650202,24.175837,3
1078,66000,387130000C,(04)23274275,(04)23288582,2025,11,4,8,19,臺中市,大里區,0,1,0,7,3,6,50,13,9,1,5,4,6,6,4,4,5,4,5,1,16,3,10,5,4,B03,7,5,1,4,2,5,,20,20,1,13,4,120.685318,24.096348,2
1079,66000,387130000C,(04)23274275,(04)23288582,2025,11,4,8,24,臺中市,南屯區,0,0,0,7,,,60,,,,,,,,,,,,,,20,,,,,B03,,,1,,11,,,85,85,2,12,4,120.622888,24.140467,3
1080,66000,387130000C,(04)23274275,(04)23288582,2025,11,4,8,25,臺中市,東區,0,0,0,7,,,50,,,,,,,,,,,,,,17,,,,,B13,,,1,,2,,,8,8,1,6,4,120.685537,24.134024,3
1081,66000,387130000C,(04)23274275,(04)23288582,2025,11,4,8,25,臺中市,北屯區,0,1,0,7,1,6,50,13,9,1,5,4,6,6,4,4,3,4,5,2,18,2,9,1,1,C03,7,9,3,19,2,11,,84,84,1,13,4,120.698274,24.171273,2
1082,66000,387130000C,(04)23274275,(04)23288582,2025,11,4,8,25,臺中市,大里區,0,1,0,7,2,6,50,4,1,1,5,4,6,6,1,1,10,5,5,1,18,2,9,1,1,C03,7,5,1,10,2,12,,20,20,1,13,4,120.695318,24.097074,2
1083,66000,387130000C,(04)23274275,(04)23288582,2025,11,4,8,26,臺中市,西區,0,1,0,7,1,6,40,5,1,1,5,4,6,6,2,1,10,5,5,2,16,2,9,2,1,C03,7,6,1,10,2,13,,11,11,1,13,4,120.669184,24.144495,2
1084,66000,387130000C,(04)23274275,(04)23288582,2025,11,4,8,30,臺中市,清水區,0,1,0,7,3,6,30,4,1,1,5,4,6,6,4,4,10,4,5,2,17,3,10,3,1,B12,7,9,1,8,2,1,,15,15,1,12,4,120.576407,24.269548,2
1085,66000,387130000C,(04)23274275,(04)23288582,2025,11,4,8,32,臺中市,西屯區,0,1,0,7,1,6,50,13,9,1,5,4,6,6,4,4,5,4,5,2,13,2,9,1,1,C03,7,9,1,10,2,11,,7,7,1,12,4,120.642678,24.164482,2
1086,66000,387130000C,(04)23274275,(04)23288582,2025,11,4,8,35,臺中市,北區,0,2,0,7,2,6,50,4,1,1,5,4,6,6,4,4,10,5,5,2,3,2,9,6,5,H01,8,16,7,21,10,17,,95,95,1,13,5,120.688975,24.158549,2
1087,66000,387130000C,(04)23274275,(04)23288582,2025,11,4,8,38,臺中市,北屯區,0,0,0,7,,,50,,,,,,,,,,,,,,12,,,,,B03,,,1,,2,,,8,8,1,12,4,120.700688,24.179432,3
1088,66000,387130000C,(04)23274275,(04)23288582,2025,11,4,8,38,臺中市,沙鹿區,0,1,0,7,2,6,50,3,1,1,5,4,6,6,1,1,10,5,5,2,16,3,10,3,1,A12,7,6,1,3,2,2,,11,11,1,6,4,120.567839,24.206002,2
1089,66000,387130000C,(04)23274275,(04)23288582,2025,11,4,8,41,臺中市,大里區,0,2,0,7,2,6,50,3,2,1,5,4,6,6,4,4,9,5,5,1,13,2,9,1,1,C03,7,9,1,10,2,11,,7,7,1,6,4,120.67104,24.106309,2
1090,66000,387130000C,(04)23274275,(04)23288582,2025,11,4,8,42,臺中市,南屯區,0,0,0,7,,,50,,,,,,,,,,,,,,12,,,,,B03,,,1,,2,,,40,40,1,12,4,120.617019,24.153541,3
1091,66000,387130000C,(04)23274275,(04)23288582,2025,11,4,8,43,臺中市,北區,0,2,0,7,2,6,50,4,2,1,5,4,6,6,1,1,5,4,5,1,13,2,9,1,1,C03,7,9,1,10,2,11,,7,7,1,12,4,120.665304,24.160384,2
1092,66000,387130000C,(04)23274275,(04)23288582,2025,11,4,8,43,臺中市,霧峰區,0,0,0,7,,,50,,,,,,,,,,,,,,14,,,,,B12,,,1,,1,,,49,49,1,13,4,120.661969,24.069876,3
1093,66000,387130000C,(04)23274275,(04)23288582,2025,11,4,8,45,臺中市,北區,0,1,0,7,2,6,50,4,1,1,5,4,6,6,1,1,5,4,5,2,17,3,10,5,1,B03,7,5,1,8,1,2,,20,20,1,13,4,120.685008,24.16719,2
1094,66000,387130000C,(04)23274275,(04)23288582,2025,11,4,8,46,臺中市,南區,0,0,0,7,,,50,,,,,,,,,,,,,,12,,,,,B03,,,1,,1,,,84,84,1,12,4,120.649826,24.120868,3
1095,66000,387130000C,(04)23274275,(04)23288582,2025,11,4,8,46,臺中市,西屯區,0,0,0,7,,,30,,,,,,,,,,,,,,14,,,,,B03,,,1,,1,,,49,49,1,12,4,120.661828,24.168003,3
1096,66000,387130000C,(04)23274275,(04)23288582,2025,11,4,8,48,臺中市,西屯區,0,0,0,7,,,50,,,,,,,,,,,,,,14,,,,,B12,,,1,,1,,,49,49,1,12,4,120.594195,24.16859,3
1097,66000,387130000C,(04)23274275,(04)23288582,2025,11,4,8,52,臺中市,北區,0,2,0,7,2,6,50,3,9,1,5,4,6,6,4,4,1,4,5,2,17,2,9,5,4,C03,7,12,1,10,2,12,,84,84,1,13,4,120.68496,24.166028,2
1098,66000,387130000C,(04)23274275,(04)23288582,2025,11,4,8,53,臺中市,太平區,0,1,0,7,2,6,50,5,1,1,5,4,6,6,1,1,10,5,5,2,13,3,10,3,1,B01,7,9,1,4,3,8,,84,84,1,12,4,120.724532,24.149528,2
1099,66000,387130000C,(04)23274275,(04)23288582,2025,11,4,9,0,臺中市,南屯區,0,1,0,7,3,6,50,4,4,1,5,4,6,6,1,1,5,5,4,2,17,2,9,1,1,C04,7,7,1,8,2,13,,40,40,1,12,4,120.612662,24.138788,2
1100,66000,387130000C,(04)23274275,(04)23288582,2025,11,4,9,3,臺中市,大安區,0,0,0,7,,,40,,,,,,,,,,,,,,,,,,,A12,,,1,,2,,,49,49,1,12,4,120.586412,24.3651,3
1101,66000,387130000C,(04)23274275,(04)23288582,2025,11,4,9,4,臺中市,東區,0,0,0,7,,,30,,,,,,,,,,,,,,17,,,,,C03,,,1,,9,,,84,84,1,7,4,120.689827,24.134815,3
1102,66000,387130000C,(04)23274275,(04)23288582,2025,11,4,9,7,臺中市,中區,0,0,0,7,3,6,50,4,21,4,5,4,6,6,4,4,10,5,5,2,14,3,10,1,1,C03,7,15,1,10,1,13,,84,84,1,6,4,120.679497,24.142426,3
1103,66000,387130000C,(04)23274275,(04)23288582,2025,11,4,9,9,臺中市,大雅區,0,0,0,7,,,50,,,,,,,,,,,,,,,,,,,A12,,,1,,2,,,73,73,1,12,4,120.66788,24.216966,3
1104,66000,387130000C,(04)23274275,(04)23288582,2025,11,4,9,10,臺中市,龍井區,0,1,0,7,2,6,50,11,9,1,5,4,6,6,4,4,5,5,4,2,17,2,9,1,1,C03,7,6,1,10,2,12,,84,84,1,12,4,120.556368,24.201203,2
1105,66000,387130000C,(04)23274275,(04)23288582,2025,11,4,9,18,臺中市,大雅區,0,1,0,7,1,6,70,13,9,1,5,4,6,6,1,1,1,5,5,1,12,3,10,3,1,A12,7,7,1,1,2,2,,85,85,1,12,4,120.64436,24.227029,2
1106,66000,387130000C,(04)23274275,(04)23288582,2025,11,4,9,19,臺中市,西屯區,0,0,0,7,,,50,,,,,,,,,,,,,,12,,,,,B03,,,1,,2,,,51,51,1,12,4,120.604227,24.185258,3
1107,66000,387130000C,(04)23274275,(04)23288582,2025,11,4,9,21,臺中市,南區,0,0,0,7,,,30,,,,,,,,,,,,,,,,,,,C03,,,1,,2,,,84,84,1,13,4,120.661971,24.122037,3
1108,66000,387130000C,(04)23274275,(04)23288582,2025,11,4,9,26,臺中市,豐原區,0,0,0,7,,,30,,,,,,,,,,,,,,27,,,,,B03,,,1,,2,,,84,84,1,13,4,120.760322,24.254914,3
1109,66000,387130000C,(04)23274275,(04)23288582,2025,11,4,9,30,臺中市,豐原區,0,0,0,7,,,50,,,,,,,,,,,,,,13,,,,,B12,,,1,,2,,,84,84,1,12,4,120.710616,24.237039,3
1110,66000,387130000C,(04)23274275,(04)23288582,2025,11,4,9,35,臺中市,大肚區,0,1,0,7,1,6,60,4,1,1,5,4,6,6,2,1,10,5,5,2,12,3,10,3,1,B03,7,1,1,8,2,7,,85,85,1,6,4,120.542218,24.169174,2
1111,66000,387130000C,(04)23274275,(04)23288582,2025,11,4,9,42,臺中市,大安區,0,2,0,7,2,6,50,4,1,1,5,4,6,6,4,4,4,5,4,1,16,2,9,2,1,C03,7,6,1,10,2,14,,39,39,1,6,4,120.60329,24.361343,2
1112,66000,387130000C,(04)23274275,(04)23288582,2025,11,4,9,44,臺中市,南區,0,1,0,7,3,6,50,4,1,1,5,4,6,6,2,1,1,4,4,2,12,2,8,2,1,C03,7,9,1,10,2,11,,84,84,1,6,4,120.655509,24.115183,2
1113,66000,387130000C,(04)23274275,(04)23288582,2025,11,4,9,44,臺中市,南屯區,0,1,0,7,2,6,50,4,1,1,5,4,6,6,1,1,10,5,5,2,12,2,9,4,1,F01,7,6,7,21,2,14,,11,11,1,12,4,120.613149,24.149658,2
1114,66000,387130000C,(04)23274275,(04)23288582,2025,11,4,9,50,臺中市,北屯區,0,1,0,7,3,6,50,4,1,1,5,4,6,6,1,1,10,5,5,2,16,2,9,1,1,C03,7,4,1,9,2,11,,1,1,1,6,4,120.720566,24.171255,2
1115,66000,387130000C,(04)23274275,(04)23288582,2025,11,4,9,50,臺中市,太平區,0,2,0,7,2,6,50,13,9,1,5,4,6,6,4,4,5,5,5,1,16,2,5,2,1,C03,7,1,1,10,1,13,,51,51,1,12,4,120.724818,24.142405,2
1116,66000,387130000C,(04)23274275,(04)23288582,2025,11,4,9,51,臺中市,大甲區,0,0,0,7,,,50,,,,,,,,,,,,,,11,,,,,B03,,,1,,2,,,48,48,1,12,4,120.622506,24.354257,3
1117,66000,387130000C,(04)23274275,(04)23288582,2025,11,4,9,55,臺中市,大雅區,0,1,0,7,3,6,60,4,2,1,5,4,6,6,1,1,5,2,5,1,17,2,9,1,1,C03,7,1,1,10,2,14,,51,51,1,12,4,120.667094,24.235661,2
1118,66000,387130000C,(04)23274275,(04)23288582,2025,11,4,9,55,臺中市,西區,0,1,0,7,2,6,50,4,1,1,5,4,6,6,1,1,10,5,5,2,16,3,10,5,4,B03,7,6,1,8,2,5,,11,11,1,12,4,120.66783,24.140179,2
1119,66000,387130000C,(04)23274275,(04)23288582,2025,11,4,9,58,臺中市,大里區,0,1,0,7,3,6,50,4,1,1,5,4,6,6,2,1,3,4,5,1,16,2,9,5,4,C03,7,9,1,10,2,11,,26,26,1,13,4,120.671677,24.102241,2
1120,66000,387130000C,(04)23274275,(04)23288582,2025,11,4,10,0,臺中市,大甲區,0,1,0,7,2,6,40,4,9,1,5,4,6,6,4,4,6,3,5,1,17,3,10,1,1,C03,7,14,1,10,1,16,,85,85,1,12,4,120.618713,24.346603,2
1121,66000,387130000C,(04)23274275,(04)23288582,2025,11,4,10,4,臺中市,大里區,0,0,0,7,,,50,,,,,,,,,,,,,,17,,,,,C03,,,1,,2,,,35,35,1,6,4,120.682658,24.079154,3
1122,66000,387130000C,(04)23274275,(04)23288582,2025,11,4,10,11,臺中市,南屯區,0,1,0,7,2,6,50,13,9,1,5,4,6,6,4,4,9,4,5,2,12,2,9,1,1,C03,7,9,5,19,2,15,,59,59,1,12,4,120.653646,24.155454,2
1123,66000,387130000C,(04)23274275,(04)23288582,2025,11,4,10,14,臺中市,南屯區,0,0,0,7,,,50,,,,,,,,,,,,,,15,,,,,B03,,,1,,2,,,12,12,1,12,4,120.628229,24.153045,4
1124,66000,387130000C,(04)23274275,(04)23288582,2025,11,4,10,18,臺中市,北屯區,0,1,0,7,1,6,50,13,9,1,5,4,6,6,4,4,3,4,5,2,14,3,10,3,1,B03,7,2,1,8,2,3,,49,49,1,13,4,120.69541,24.171221,2
1125,66000,387130000C,(04)23274275,(04)23288582,2025,11,4,10,20,臺中市,北區,0,0,0,7,,,50,,,,,,,,,,,,,,17,,,,,B03,,,1,,2,,,84,84,1,12,4,120.670604,24.162899,3
1126,66000,387130000C,(04)23274275,(04)23288582,2025,11,4,10,21,臺中市,烏日區,0,1,0,7,2,6,50,3,2,1,5,4,6,6,4,4,5,5,4,2,12,2,9,5,4,C03,7,15,1,10,2,12,,4,4,1,13,4,120.634039,24.107437,2
1127,66000,387130000C,(04)23274275,(04)23288582,2025,11,4,10,23,臺中市,東勢區,0,0,0,7,,,40,,,,,,,,,,,,,,14,,,,,B03,,,1,,1,,,49,49,1,13,4,120.829612,24.249076,3
1128,66000,387130000C,(04)23274275,(04)23288582,2025,11,4,10,24,臺中市,石岡區,0,0,0,7,,,30,,,,,,,,,,,,,,14,,,,,B03,,,1,,1,,,49,49,1,6,4,120.78114,24.274553,3
1129,66000,387130000C,(04)23274275,(04)23288582,2025,11,4,10,29,臺中市,沙鹿區,0,1,0,7,3,6,50,3,1,1,5,4,6,6,4,4,10,5,5,2,17,2,9,2,1,C03,7,9,1,10,2,11,,85,85,1,12,4,120.551061,24.22649,2
1130,66000,387130000C,(04)23274275,(04)23288582,2025,11,4,10,29,臺中市,豐原區,0,1,0,7,2,6,50,13,9,1,5,4,6,6,4,4,1,2,5,2,13,2,8,1,1,C03,7,9,3,19,2,11,,7,7,1,12,4,120.703108,24.238654,2
1131,66000,387130000C,(04)23274275,(04)23288582,2025,11,4,10,30,臺中市,外埔區,0,0,0,7,,,30,,,,,,,,,,,,,,12,,,,,B03,,,1,,9,,,8,8,2,12,4,120.634569,24.343719,3
1132,66000,387130000C,(04)23274275,(04)23288582,2025,11,4,10,35,臺中市,霧峰區,0,0,0,7,,,50,,,,,,,,,,,,,,17,,,,,B03,,,1,,1,,,7,7,1,13,4,120.69658,24.055011,3
1133,66000,387130000C,(04)23274275,(04)23288582,2025,11,4,10,37,臺中市,霧峰區,0,1,0,7,3,6,30,4,1,1,5,4,6,6,4,4,10,5,5,2,15,3,10,3,1,B12,7,9,1,8,2,4,,39,39,1,13,4,120.713129,24.078258,2