序號,縣市別代碼,機關代碼,市話,傳真,年,月,日,時,分,縣市,區,死亡數量,受傷數量,2-30,天候,道路照明設備,道路類別,道路速限,道路型態,事故位置,路面鋪裝,路面狀態,路面缺陷,障礙物,視距,號誌種類,號誌動作,分向設施,快車道或一般車道間,快慢車道間,路面邊線,事故類型及型態,受傷程度,主要傷處,保護裝備,行動電話或功能裝置,當事者區分(類別),車輛用途,當事者行動狀態,駕照狀態,駕照種類,飲酒情形,車輛撞擊部位最初,車輛撞擊部位其他,肇事因素個別,肇事因素主要,肇事逃逸,職業,共享經濟或外送平台,GPS座標X,GPS座標Y,事故類別
1134,66000,387130000C,(04)23274275,(04)23288582,2025,11,4,10,40,臺中市,潭子區,0,2,0,7,2,6,60,3,4,1,5,4,6,6,2,1,1,4,5,1,12,2,9,1,1,C03,7,9,3,19,3,12,,84,84,1,13,4,120.708665,24.23153,2
1135,66000,387130000C,(04)23274275,(04)23288582,2025,11,4,10,41,臺中市,東區,0,2,0,7,3,6,50,3,2,1,5,4,6,6,1,1,1,4,5,2,13,2,9,1,1,C03,7,9,1,10,2,11,,7,7,1,6,4,120.686701,24.135938,2
1136,66000,387130000C,(04)23274275,(04)23288582,2025,11,4,10,43,臺中市,霧峰區,0,1,0,7,2,6,50,3,1,1,5,4,6,6,3,1,10,5,5,2,16,3,10,3,1,B03,7,6,1,8,2,5,,11,11,1,6,4,120.701996,24.071019,2
1137,66000,387130000C,(04)23274275,(04)23288582,2025,11,4,10,47,臺中市,南屯區,0,1,0,7,3,6,50,4,1,1,5,4,6,6,1,1,10,5,5,2,17,2,9,2,1,C03,7,6,1,10,2,14,,48,48,1,12,4,120.630716,24.142809,2
1138,66000,387130000C,(04)23274275,(04)23288582,2025,11,4,10,49,臺中市,南屯區,0,0,0,7,,,50,,,,,,,,,,,,,,,,,,,B12,,,1,,1,,,84,84,1,12,4,120.587507,24.160907,3
1139,66000,387130000C,(04)23274275,(04)23288582,2025,11,4,10,49,臺中市,西屯區,0,0,0,7,,,50,,,,,,,,,,,,,,15,,,,,B12,,,1,,1,,,4,4,1,12,4,120.62495,24.181353,3
1140,66000,387130000C,(04)23274275,(04)23288582,2025,11,4,10,49,臺中市,豐原區,0,0,0,7,2,6,50,11,9,4,5,4,6,6,4,4,10,5,5,2,25,3,10,3,1,A11,7,9,1,3,9,2,,8,8,1,12,4,120.738763,24.267232,3
1141,66000,387130000C,(04)23274275,(04)23288582,2025,11,4,10,58,臺中市,東區,0,1,0,7,2,6,50,4,4,1,5,4,6,6,2,1,10,5,5,2,16,2,9,2,1,C03,7,5,1,10,2,11,12,11,11,1,12,4,120.695384,24.141615,2
1142,66000,387130000C,(04)23274275,(04)23288582,2025,11,4,10,58,臺中市,西屯區,0,1,0,7,2,6,50,3,8,1,5,4,6,6,1,1,9,4,4,2,12,3,10,1,1,C03,7,7,1,10,2,13,,40,40,1,12,4,120.610695,24.170579,2
1143,66000,387130000C,(04)23274275,(04)23288582,2025,11,4,11,0,臺中市,南區,0,1,0,7,1,6,50,4,1,1,5,4,6,5,4,4,10,5,5,2,3,3,10,5,4,B03,7,9,1,8,3,1,,84,84,1,13,4,120.668456,24.113834,2
1144,66000,387130000C,(04)23274275,(04)23288582,2025,11,4,11,3,臺中市,東區,0,1,0,7,3,6,50,4,1,1,5,4,6,6,4,4,5,5,5,2,15,2,9,2,1,C03,7,9,1,10,2,12,,15,15,1,6,4,120.696462,24.149734,2
1145,66000,387130000C,(04)23274275,(04)23288582,2025,11,4,11,9,臺中市,烏日區,0,1,0,7,3,6,50,4,1,1,5,4,6,6,2,1,5,5,4,2,17,3,10,3,1,B03,7,6,1,8,2,1,5,39,39,1,6,4,120.607642,24.112129,2
1146,66000,387130000C,(04)23274275,(04)23288582,2025,11,4,11,10,臺中市,清水區,0,1,0,7,3,6,50,3,1,1,5,4,6,6,1,1,1,4,5,2,17,2,9,3,1,B03,7,9,1,8,5,5,,39,39,1,12,4,120.540638,24.269421,2
1147,66000,387130000C,(04)23274275,(04)23288582,2025,11,4,11,17,臺中市,西屯區,0,0,0,7,,,50,,,,,,,,,,,,,,13,,,,,B03,,,1,,2,,,7,7,1,13,4,120.651292,24.198138,3
1148,66000,387130000C,(04)23274275,(04)23288582,2025,11,4,11,22,臺中市,霧峰區,0,1,0,7,2,6,30,3,1,1,5,4,6,6,4,4,10,5,5,1,17,2,9,1,1,C03,7,9,1,10,2,13,,84,84,1,13,4,120.664545,24.064135,2
1149,66000,387130000C,(04)23274275,(04)23288582,2025,11,4,11,22,臺中市,大甲區,0,0,0,7,,,50,,,,,,,,,,,,,,,,,,,B03,,,1,,2,,,51,51,1,6,4,120.621607,24.343862,3
1150,66000,387130000C,(04)23274275,(04)23288582,2025,11,4,11,23,臺中市,西屯區,0,0,0,7,,,40,,,,,,,,,,,,,,13,,,,,B03,,,1,,1,,,59,59,1,12,4,120.617274,24.182262,3
1151,66000,387130000C,(04)23274275,(04)23288582,2025,11,4,11,26,臺中市,南屯區,0,0,0,7,,,60,,,,,,,,,,,,,,17,,,,,B03,,,1,,1,,,40,40,1,12,4,120.622888,24.140467,3
1152,66000,387130000C,(04)23274275,(04)23288582,2025,11,4,11,26,臺中市,南屯區,0,0,0,7,,,50,,,,,,,,,,,,,,13,,,,,B03,,,1,,1,,,7,7,1,12,4,120.610234,24.151237,3
1153,66000,387130000C,(04)23274275,(04)23288582,2025,11,4,11,26,臺中市,西屯區,0,0,0,7,,,50,,,,,,,,,,,,,,12,,,,,B03,,,1,,2,,,40,40,1,12,4,120.653564,24.2033,3
1154,66000,387130000C,(04)23274275,(04)23288582,2025,11,4,11,29,臺中市,烏日區,0,0,0,6,,,50,,,,,,,,,,,,,,9,,,,,B12,,,1,,1,,,84,84,1,13,4,120.612438,24.10646,3
1155,66000,387130000C,(04)23274275,(04)23288582,2025,11,4,11,32,臺中市,西屯區,0,1,0,7,2,6,50,4,1,1,5,4,6,6,1,1,10,5,5,2,16,3,10,5,1,A41,7,6,1,1,2,2,,11,11,1,12,4,120.655489,24.174044,2
1156,66000,387130000C,(04)23274275,(04)23288582,2025,11,4,11,35,臺中市,北屯區,0,0,0,7,,,50,,,,,,,,,,,,,,17,,,,,B03,,,1,,1,,,50,50,1,12,4,120.717187,24.175232,3
1157,66000,387130000C,(04)23274275,(04)23288582,2025,11,4,11,37,臺中市,潭子區,0,0,0,7,,,50,,,,,,,,,,,,,,,,,,,B12,,,1,,2,,,78,78,1,13,4,120.701587,24.207387,3
1158,66000,387130000C,(04)23274275,(04)23288582,2025,11,4,11,37,臺中市,西區,0,2,0,7,2,6,50,4,1,1,5,4,6,6,1,1,10,5,5,2,16,2,8,2,1,C03,7,4,1,10,2,12,,34,34,1,13,4,120.672977,24.150053,2
1159,66000,387130000C,(04)23274275,(04)23288582,2025,11,4,11,38,臺中市,北區,0,2,0,7,2,6,30,4,1,1,5,4,6,6,4,4,10,5,5,2,17,2,9,5,1,C03,7,9,1,10,2,12,,15,15,1,13,4,120.681661,24.161997,2
1160,66000,387130000C,(04)23274275,(04)23288582,2025,11,4,11,43,臺中市,西區,0,0,0,7,,,50,,,,,,,,,,,,,,17,,,,,F01,,,7,21,1,,,84,84,1,13,4,120.661884,24.146525,3
1161,66000,387130000C,(04)23274275,(04)23288582,2025,11,4,11,44,臺中市,西屯區,0,1,0,7,2,6,50,3,2,1,5,4,6,6,4,4,10,5,5,2,16,3,10,3,1,B01,7,11,1,4,2,4,,45,45,1,12,4,120.64837,24.173748,2
1162,66000,387130000C,(04)23274275,(04)23288582,2025,11,4,11,54,臺中市,東勢區,0,0,0,7,,,50,,,,,,,,,,,,,,13,,,,,B12,,,1,,1,,,7,7,1,13,4,120.823834,24.268186,3
1163,66000,387130000C,(04)23274275,(04)23288582,2025,11,4,11,56,臺中市,沙鹿區,0,0,0,7,,,50,,,,,,,,,,,,,,,,,,,B03,,,1,,1,,,8,8,1,13,4,120.561412,24.237631,3
1164,66000,387130000C,(04)23274275,(04)23288582,2025,11,4,11,59,臺中市,北區,0,2,0,7,2,6,30,13,9,1,5,4,6,6,3,1,1,2,5,2,13,2,9,1,1,C03,7,9,1,10,2,11,,7,7,1,13,4,120.66789,24.156825,2
1165,66000,387130000C,(04)23274275,(04)23288582,2025,11,4,12,0,臺中市,北區,0,0,0,7,,,50,,,,,,,,,,,,,,17,,,,,C03,,,1,,1,,,84,84,1,13,4,120.684914,24.16767,4
1166,66000,387130000C,(04)23274275,(04)23288582,2025,11,4,12,3,臺中市,豐原區,0,0,0,7,,,50,,,,,,,,,,,,,,14,,,,,B03,,,1,,2,,,49,49,1,12,4,120.730845,24.248839,3
1167,66000,387130000C,(04)23274275,(04)23288582,2025,11,4,12,4,臺中市,北區,0,0,0,7,,,50,,,,,,,,,,,,,,16,,,,,B03,,,1,,1,,,47,47,1,12,4,120.698334,24.156473,3
1168,66000,387130000C,(04)23274275,(04)23288582,2025,11,4,12,7,臺中市,潭子區,0,1,0,7,2,6,50,4,5,1,5,4,6,6,2,1,1,5,5,2,23,2,8,3,1,B03,7,6,1,8,2,8,,58,58,1,13,4,120.705103,24.215671,2
1169,66000,387130000C,(04)23274275,(04)23288582,2025,11,4,12,9,臺中市,西區,0,0,0,7,,,50,,,,,,,,,,,,,,13,,,,,B01,,,1,,1,,,84,84,1,12,4,120.674373,24.137219,3
1170,66000,387130000C,(04)23274275,(04)23288582,2025,11,4,12,11,臺中市,中區,0,0,0,7,,,50,,,,,,,,,,,,,,,,,,,C03,,,2,19,1,,,84,84,1,13,4,120.680317,24.143041,3
1171,66000,387130000C,(04)23274275,(04)23288582,2025,11,4,12,12,臺中市,北屯區,0,2,0,7,1,6,50,5,2,1,5,4,6,6,4,4,5,4,4,2,12,2,9,1,1,C03,7,6,1,10,2,12,,48,48,1,13,4,120.688962,24.165103,2
1172,66000,387130000C,(04)23274275,(04)23288582,2025,11,4,12,12,臺中市,西屯區,0,1,0,7,2,6,30,4,1,1,5,4,6,6,4,4,10,5,5,2,15,2,9,2,1,C03,7,9,1,10,2,12,,12,12,1,12,4,120.644143,24.180403,2
1173,66000,387130000C,(04)23274275,(04)23288582,2025,11,4,12,13,臺中市,外埔區,0,0,0,7,2,6,50,13,9,1,5,4,6,6,4,4,10,5,5,2,14,3,10,3,1,B03,7,2,1,8,2,3,,49,49,1,12,4,120.627852,24.33575,3
1174,66000,387130000C,(04)23274275,(04)23288582,2025,11,4,12,14,臺中市,烏日區,0,2,0,7,2,6,40,13,7,1,5,4,6,6,4,4,5,4,4,2,16,2,9,1,1,C03,7,11,1,10,2,11,,39,39,1,6,4,120.654875,24.095111,2
1175,66000,387130000C,(04)23274275,(04)23288582,2025,11,4,12,15,臺中市,清水區,0,1,0,7,3,6,50,4,1,1,5,4,6,6,1,1,5,4,5,1,17,3,10,3,1,B03,7,5,1,8,2,2,,11,11,1,12,4,120.566475,24.268413,2
1176,66000,387130000C,(04)23274275,(04)23288582,2025,11,4,12,16,臺中市,潭子區,0,0,0,7,,,50,,,,,,,,,,,,,,,,,,,A12,,,1,,11,,,8,8,1,13,4,120.71295,24.229595,3
1177,66000,387130000C,(04)23274275,(04)23288582,2025,11,4,12,16,臺中市,中區,0,0,0,7,,,30,,,,,,,,,,,,,,,,,,,,,,,,,,,86,86,1,,,120.681166,24.137503,3
1178,66000,387130000C,(04)23274275,(04)23288582,2025,11,4,12,20,臺中市,北屯區,0,1,0,7,2,6,50,4,2,1,5,4,6,6,2,1,10,5,5,2,12,2,9,2,1,C03,7,15,3,19,2,14,,40,40,1,6,4,120.690675,24.172821,2
1179,66000,387130000C,(04)23274275,(04)23288582,2025,11,4,12,20,臺中市,豐原區,0,0,0,7,,,50,,,,,,,,,,,,,,17,,,,,B03,,,1,,2,,,8,8,1,6,4,120.7201,24.264309,3
1180,66000,387130000C,(04)23274275,(04)23288582,2025,11,4,12,27,臺中市,西屯區,0,1,0,7,3,6,50,13,9,1,5,4,6,6,4,4,9,5,5,2,13,2,9,5,4,C03,7,9,1,8,2,11,,84,84,1,13,4,120.596132,24.16768,2
1181,66000,387130000C,(04)23274275,(04)23288582,2025,11,4,12,29,臺中市,北區,0,1,0,7,2,6,50,4,7,1,5,4,6,6,1,1,1,4,4,2,13,2,9,5,4,C03,7,12,1,10,2,11,,7,7,1,13,4,120.679431,24.151911,2
1182,66000,387130000C,(04)23274275,(04)23288582,2025,11,4,12,29,臺中市,大里區,0,1,0,7,2,6,50,13,9,1,5,4,6,6,4,4,5,2,4,1,17,3,10,3,1,B12,7,15,1,8,2,4,,76,76,1,13,4,120.703555,24.092227,2
1183,66000,387130000C,(04)23274275,(04)23288582,2025,11,4,12,31,臺中市,豐原區,0,0,0,7,,,50,,,,,,,,,,,,,,13,,,,,B13,,,1,,1,,,59,59,1,13,4,120.711373,24.250404,3
1184,66000,387130000C,(04)23274275,(04)23288582,2025,11,4,12,32,臺中市,北屯區,0,1,0,7,3,6,50,3,1,1,5,4,6,6,4,4,10,5,5,2,13,2,9,1,1,C03,7,9,1,10,2,11,,7,7,1,6,4,120.720775,24.17547,2
1185,66000,387130000C,(04)23274275,(04)23288582,2025,11,4,12,34,臺中市,西區,0,1,0,7,2,6,50,4,1,1,5,4,6,6,4,4,10,5,5,2,15,3,10,5,4,C03,7,9,1,10,2,11,,15,15,1,12,4,120.65625,24.135165,2
1186,66000,387130000C,(04)23274275,(04)23288582,2025,11,4,12,36,臺中市,北屯區,0,0,0,7,,,50,,,,,,,,,,,,,,,,,,,B03,,,1,,9,,,84,84,1,13,4,120.704357,24.16932,3
1187,66000,387130000C,(04)23274275,(04)23288582,2025,11,4,12,38,臺中市,南區,0,1,0,7,2,6,50,4,1,1,5,4,6,6,2,1,10,5,5,2,16,3,10,3,1,B03,7,5,1,8,2,5,,11,11,1,12,4,120.661548,24.13233,2
1188,66000,387130000C,(04)23274275,(04)23288582,2025,11,4,12,40,臺中市,南區,0,1,0,7,2,6,40,13,7,1,5,4,6,6,4,4,5,5,4,2,17,3,10,3,1,B03,7,1,1,8,2,8,,51,51,1,12,4,120.672,24.121997,2
1189,66000,387130000C,(04)23274275,(04)23288582,2025,11,4,12,55,臺中市,南屯區,0,2,0,7,3,6,50,3,1,1,5,4,6,6,4,4,10,5,5,2,17,2,9,2,1,C03,7,1,1,10,2,14,,51,51,1,12,4,120.64268,24.134749,2
1190,66000,387130000C,(04)23274275,(04)23288582,2025,11,4,12,59,臺中市,烏日區,0,1,0,7,2,6,50,4,1,1,5,4,6,6,1,1,10,5,5,2,15,3,10,3,1,B03,7,9,1,8,2,8,,21,21,1,6,4,120.593839,24.111069,2
1191,66000,387130000C,(04)23274275,(04)23288582,2025,11,4,13,0,臺中市,潭子區,0,0,0,7,,,50,,,,,,,,,,,,,,,,,,,,,,,,,,,119,119,1,,,120.706592,24.209924,3
1192,66000,387130000C,(04)23274275,(04)23288582,2025,11,4,13,0,臺中市,太平區,0,0,0,7,,,50,,,,,,,,,,,,,,,,,,,A11,,,1,,2,,,84,84,1,12,4,120.712562,24.125931,3
1193,66000,387130000C,(04)23274275,(04)23288582,2025,11,4,13,3,臺中市,北區,0,1,0,7,2,6,50,13,9,1,5,4,6,6,4,4,5,4,5,2,30,,,,,,,,,,,,,118,118,1,,,120.675551,24.146145,2
1194,66000,387130000C,(04)23274275,(04)23288582,2025,11,4,13,10,臺中市,北屯區,0,0,0,7,,,40,,,,,,,,,,,,,,14,,,,,B03,,,1,,2,,,49,49,1,12,4,120.690882,24.172593,3
1195,66000,387130000C,(04)23274275,(04)23288582,2025,11,4,13,12,臺中市,北區,0,1,0,7,2,6,50,13,8,1,5,4,6,6,4,4,5,5,4,2,18,2,9,1,1,C03,7,9,1,10,2,14,,84,84,1,12,4,120.686051,24.159162,2
1196,66000,387130000C,(04)23274275,(04)23288582,2025,11,4,13,14,臺中市,大肚區,0,1,0,6,2,6,30,13,9,1,5,4,6,6,4,4,10,5,5,1,19,2,9,2,1,C03,7,9,3,19,2,16,,84,84,1,6,4,120.546686,24.138618,2
1197,66000,387130000C,(04)23274275,(04)23288582,2025,11,4,13,25,臺中市,北屯區,0,1,0,7,1,6,50,13,9,1,5,4,6,6,4,4,3,4,5,2,12,3,10,3,1,B03,7,9,1,8,2,2,,85,85,1,13,4,120.685928,24.172404,2
1198,66000,387130000C,(04)23274275,(04)23288582,2025,11,4,13,37,臺中市,霧峰區,0,0,0,7,,,50,,,,,,,,,,,,,,17,,,,,C03,,,1,,2,,,40,40,1,6,4,120.696434,24.070622,3
1199,66000,387130000C,(04)23274275,(04)23288582,2025,11,4,13,40,臺中市,北區,0,1,0,7,2,6,50,13,9,1,5,4,6,6,4,4,5,4,5,2,17,2,9,5,1,C03,7,9,1,10,2,11,,59,59,1,13,4,120.684422,24.151159,2
1200,66000,387130000C,(04)23274275,(04)23288582,2025,11,4,13,44,臺中市,豐原區,0,0,0,7,2,6,50,13,9,1,5,4,6,6,4,4,10,5,5,2,11,3,10,3,1,A11,7,9,1,8,1,7,,8,8,1,12,4,120.704707,24.234038,3
1201,66000,387130000C,(04)23274275,(04)23288582,2025,11,4,13,45,臺中市,北屯區,0,3,0,7,3,6,50,3,2,1,5,4,6,6,4,4,10,4,5,2,17,2,9,1,1,C03,7,9,1,10,1,11,,85,85,1,12,4,120.688148,24.174511,2
1202,66000,387130000C,(04)23274275,(04)23288582,2025,11,4,13,50,臺中市,神岡區,1,0,0,7,2,6,50,5,1,1,5,4,6,6,1,1,10,5,5,2,12,3,10,5,4,A11,7,6,1,1,2,1,,84,84,1,12,4,120.665344,24.273728,1
1203,66000,387130000C,(04)23274275,(04)23288582,2025,11,4,13,53,臺中市,北屯區,0,2,0,7,3,6,40,13,8,1,5,4,6,6,4,4,9,5,4,2,12,2,9,2,1,C03,7,9,1,10,2,13,,84,84,1,12,4,120.662906,24.186175,2
1204,66000,387130000C,(04)23274275,(04)23288582,2025,11,4,13,54,臺中市,北屯區,0,1,0,7,3,6,50,4,2,1,5,4,6,6,1,1,5,5,5,2,18,2,7,1,1,C03,7,9,1,10,2,12,,84,84,1,6,4,120.681458,24.177972,2
1205,66000,387130000C,(04)23274275,(04)23288582,2025,11,4,13,58,臺中市,沙鹿區,0,1,0,7,2,6,30,13,9,1,5,4,6,6,4,4,10,5,5,2,19,2,9,1,1,C03,7,9,1,10,2,14,,82,82,1,12,4,120.602704,24.238388,2
1206,66000,387130000C,(04)23274275,(04)23288582,2025,11,4,14,5,臺中市,太平區,0,1,0,7,3,6,30,3,1,1,5,4,6,6,4,4,10,5,5,2,16,2,9,2,1,C03,7,6,1,10,2,11,,14,14,1,12,4,120.716536,24.123865,2
1207,66000,387130000C,(04)23274275,(04)23288582,2025,11,4,14,15,臺中市,西區,0,0,0,6,3,6,50,13,9,1,5,4,6,6,4,,4,1,5,2,12,,,,,B03,,,1,,2,,,50,50,1,13,4,120.661475,24.144287,3
1208,66000,387130000C,(04)23274275,(04)23288582,2025,11,4,14,16,臺中市,西屯區,0,0,0,7,,,40,,,,,,,,,,,,,,12,,,,,B03,,,1,,1,,,40,40,1,12,4,120.6579,24.158475,3
1209,66000,387130000C,(04)23274275,(04)23288582,2025,11,4,14,18,臺中市,大里區,0,1,0,7,2,6,50,3,1,1,5,4,6,6,4,4,10,5,5,2,17,3,10,3,1,B03,7,6,1,8,2,7,,20,20,1,6,4,120.69746,24.095048,2
1210,66000,387130000C,(04)23274275,(04)23288582,2025,11,4,14,23,臺中市,沙鹿區,0,1,0,7,2,6,40,13,8,1,5,4,6,6,4,4,5,4,4,2,17,3,10,4,1,B03,7,13,1,8,2,4,,76,76,1,13,4,120.580047,24.221677,2
1211,66000,387130000C,(04)23274275,(04)23288582,2025,11,4,14,27,臺中市,東區,0,0,0,7,,,50,,,,,,,,,,,,,,,,,,,B12,,,1,,9,,,91,91,1,6,4,120.700082,24.132455,3
1212,66000,387130000C,(04)23274275,(04)23288582,2025,11,4,14,31,臺中市,南屯區,0,0,0,7,,,50,,,,,,,,,,,,,,,,,,,C03,,,1,,1,,,84,84,1,13,4,120.642039,24.137404,3
1213,66000,387130000C,(04)23274275,(04)23288582,2025,11,4,14,31,臺中市,梧棲區,0,0,0,7,,,50,,,,,,,,,,,,,,14,,,,,B03,,,1,,2,,,49,49,1,6,4,120.552507,24.249343,3
1214,66000,387130000C,(04)23274275,(04)23288582,2025,11,4,14,34,臺中市,霧峰區,0,2,0,6,2,6,30,3,1,1,5,4,6,6,4,4,10,5,5,1,17,2,9,1,1,C03,7,6,1,10,2,12,,15,15,1,13,4,120.665433,24.07247,2
1215,66000,387130000C,(04)23274275,(04)23288582,2025,11,4,14,35,臺中市,北屯區,0,1,0,7,1,6,50,13,9,1,5,4,6,6,4,4,9,4,5,2,12,3,10,3,1,B03,7,5,1,8,2,2,,85,85,1,13,4,120.69254,24.170355,2
1216,66000,387130000C,(04)23274275,(04)23288582,2025,11,4,14,36,臺中市,西區,0,0,0,7,,,0,,,,,,,,,,,,,,17,,,,,C03,,,3,,2,,,84,84,1,12,4,120.671493,24.145599,3
1217,66000,387130000C,(04)23274275,(04)23288582,2025,11,4,14,40,臺中市,后里區,0,0,0,7,2,6,50,13,14,1,5,4,6,6,4,4,9,5,5,1,17,3,10,3,1,B03,7,9,1,8,2,2,,50,50,1,12,4,120.723186,24.308774,3
1218,66000,387130000C,(04)23274275,(04)23288582,2025,11,4,14,48,臺中市,霧峰區,0,0,0,7,,,50,,,,,,,,,,,,,,13,,,,,B03,,,1,,1,,,7,7,1,13,4,120.683987,24.050671,3
1219,66000,387130000C,(04)23274275,(04)23288582,2025,11,4,14,48,臺中市,沙鹿區,0,1,0,7,2,6,50,4,1,1,5,4,6,6,2,1,10,5,5,2,16,2,3,3,1,B03,7,6,1,8,2,2,,11,11,1,12,4,120.559324,24.236441,2
1220,66000,387130000C,(04)23274275,(04)23288582,2025,11,4,14,50,臺中市,龍井區,0,0,0,6,,,60,,,,,,,,,,,,,,17,,,,,B03,,,1,,2,,,82,82,1,12,4,120.572412,24.193658,3
1221,66000,387130000C,(04)23274275,(04)23288582,2025,11,4,14,53,臺中市,神岡區,0,0,0,7,,,50,,,,,,,,,,,,,,2,,,,,B12,,,1,,2,,,59,59,1,12,4,120.656007,24.25903,3
1222,66000,387130000C,(04)23274275,(04)23288582,2025,11,4,14,56,臺中市,西屯區,0,1,0,7,2,6,40,4,2,1,5,4,6,6,1,1,1,5,1,2,13,2,9,2,1,C03,7,9,1,10,2,11,,7,7,1,12,4,120.646081,24.164353,2
1223,66000,387130000C,(04)23274275,(04)23288582,2025,11,4,14,58,臺中市,北屯區,0,1,0,7,2,6,50,4,1,1,5,4,6,6,4,4,10,5,5,2,16,2,9,2,1,C03,7,9,2,19,2,11,,12,12,1,6,4,120.706474,24.18131,2
1224,66000,387130000C,(04)23274275,(04)23288582,2025,11,4,14,59,臺中市,西屯區,0,1,0,7,2,6,40,13,9,1,5,4,6,6,4,4,8,3,5,2,11,3,10,3,4,B03,7,1,1,8,2,1,,51,51,1,12,4,120.591373,24.171791,2
1225,66000,387130000C,(04)23274275,(04)23288582,2025,11,4,15,0,臺中市,南屯區,0,0,0,7,,,50,,,,,,,,,,,,,,,,,,,C03,,,1,,2,,,50,50,1,5,4,120.607065,24.137855,3
1226,66000,387130000C,(04)23274275,(04)23288582,2025,11,4,15,0,臺中市,梧棲區,0,1,0,7,3,6,50,13,8,1,5,4,6,6,4,4,5,4,4,2,16,2,9,1,1,C03,7,9,1,10,2,14,,6,6,1,6,4,120.530451,24.255035,2
1227,66000,387130000C,(04)23274275,(04)23288582,2025,11,4,15,3,臺中市,西屯區,0,0,0,7,,,50,,,,,,,,,,,,,,13,,,,,B03,,,1,,2,,,88,88,1,13,4,120.655567,24.179482,3
1228,66000,387130000C,(04)23274275,(04)23288582,2025,11,4,15,4,臺中市,南區,0,0,0,7,,,50,,,,,,,,,,,,,,,,,,,,,,,,,,,87,87,1,,,120.661614,24.123542,3
1229,66000,387130000C,(04)23274275,(04)23288582,2025,11,4,15,4,臺中市,龍井區,0,1,0,6,2,6,60,13,7,1,5,4,6,6,4,4,3,4,2,1,13,3,10,5,1,B03,7,13,1,8,2,3,,80,80,1,12,4,120.572302,24.193465,2
1230,66000,387130000C,(04)23274275,(04)23288582,2025,11,4,15,6,臺中市,西屯區,0,0,0,7,,,40,,,,,,,,,,,,,,12,,,,,B03,,,1,,2,,,8,8,1,12,4,120.650297,24.163835,3
1231,66000,387130000C,(04)23274275,(04)23288582,2025,11,4,15,7,臺中市,后里區,0,1,0,7,2,6,50,11,9,1,5,4,6,6,4,4,10,5,5,1,18,2,8,1,1,C03,7,9,1,10,2,12,,59,59,1,6,4,120.716984,24.295625,2
1232,66000,387130000C,(04)23274275,(04)23288582,2025,11,4,15,10,臺中市,烏日區,0,3,0,7,3,6,40,3,2,1,5,4,6,6,4,4,1,4,4,2,13,2,9,1,1,C03,7,9,3,19,2,11,12,7,7,1,6,4,120.634761,24.111089,2
1233,66000,387130000C,(04)23274275,(04)23288582,2025,11,4,15,10,臺中市,豐原區,0,1,0,7,1,6,50,13,8,1,5,4,6,6,4,4,1,4,4,1,17,2,9,1,1,C03,7,9,1,10,2,11,,7,7,1,6,4,120.699994,24.236402,2
1234,66000,387130000C,(04)23274275,(04)23288582,2025,11,4,15,17,臺中市,北區,0,0,0,7,,,50,,,,,,,,,,,,,,,,,,,A12,,,1,,9,,,84,84,1,12,4,120.677688,24.157991,3
1235,66000,387130000C,(04)23274275,(04)23288582,2025,11,4,15,18,臺中市,西屯區,0,0,0,7,,,30,,,,,,,,,,,,,,14,,,,,C03,,,1,,1,,,49,49,1,12,4,120.646318,24.181809,3
1236,66000,387130000C,(04)23274275,(04)23288582,2025,11,4,15,21,臺中市,西屯區,0,1,0,7,2,6,40,4,2,1,5,4,6,6,1,1,1,5,1,2,12,3,10,3,1,B03,7,5,1,8,2,5,,47,47,1,12,4,120.655807,24.158989,2
1237,66000,387130000C,(04)23274275,(04)23288582,2025,11,4,15,21,臺中市,霧峰區,0,0,0,7,,,50,,,,,,,,,,,,,,,,,,,B01,,,1,,2,,,59,59,1,12,4,120.659945,24.040369,3
1238,66000,387130000C,(04)23274275,(04)23288582,2025,11,4,15,24,臺中市,大里區,0,0,0,7,,3,50,,,,,,,,,,,,,,17,,,,,B03,,,1,,1,,,7,7,1,12,4,120.692909,24.103665,3
1239,66000,387130000C,(04)23274275,(04)23288582,2025,11,4,15,24,臺中市,太平區,0,0,0,7,,,30,,,,,,,,,,,,,,,,,,,B12,,,1,,2,,,58,58,1,12,4,120.733453,24.118418,3
1240,66000,387130000C,(04)23274275,(04)23288582,2025,11,4,15,24,臺中市,豐原區,0,1,0,7,2,6,50,3,1,1,5,4,6,6,4,4,5,5,5,2,12,3,10,5,4,B03,7,11,1,8,2,8,,45,45,1,13,4,120.736475,24.252073,2
1241,66000,387130000C,(04)23274275,(04)23288582,2025,11,4,15,33,臺中市,神岡區,0,0,0,7,,,30,,,,,,,,,,,,,,27,,,,,B03,,,1,,2,,,59,59,1,12,4,120.678392,24.26334,3
1242,66000,387130000C,(04)23274275,(04)23288582,2025,11,4,15,37,臺中市,東區,0,2,0,7,1,6,50,3,1,1,5,4,6,6,1,1,10,5,5,2,17,3,10,5,4,C03,7,9,1,8,2,11,,84,84,1,12,4,120.708245,24.135807,2
1243,66000,387130000C,(04)23274275,(04)23288582,2025,11,4,15,37,臺中市,大肚區,0,2,0,7,2,6,30,4,1,1,5,4,6,6,4,4,10,5,5,2,15,2,9,2,1,C03,7,9,1,10,2,11,,15,15,1,6,4,120.535198,24.165695,2
1244,66000,387130000C,(04)23274275,(04)23288582,2025,11,4,15,39,臺中市,石岡區,0,1,0,7,2,6,70,13,7,1,5,4,6,6,4,4,1,4,4,1,12,3,10,5,4,B03,7,9,1,8,2,2,,84,84,1,13,4,120.80223,24.268302,2
1245,66000,387130000C,(04)23274275,(04)23288582,2025,11,4,15,43,臺中市,豐原區,0,0,0,7,2,6,50,5,1,1,5,4,6,6,4,4,1,4,4,2,30,3,10,3,1,B03,7,3,1,8,2,5,,8,8,1,12,4,120.709386,24.253147,3