序號,縣市別代碼,機關代碼,市話,傳真,年,月,日,時,分,縣市,區,死亡數量,受傷數量,2-30,天候,道路照明設備,道路類別,道路速限,道路型態,事故位置,路面鋪裝,路面狀態,路面缺陷,障礙物,視距,號誌種類,號誌動作,分向設施,快車道或一般車道間,快慢車道間,路面邊線,事故類型及型態,受傷程度,主要傷處,保護裝備,行動電話或功能裝置,當事者區分(類別),車輛用途,當事者行動狀態,駕照狀態,駕照種類,飲酒情形,車輛撞擊部位最初,車輛撞擊部位其他,肇事因素個別,肇事因素主要,肇事逃逸,職業,共享經濟或外送平台,GPS座標X,GPS座標Y,事故類別
1246,66000,387130000C,(04)23274275,(04)23288582,2025,11,4,15,44,臺中市,西屯區,0,0,0,7,,,40,,,,,,,,,,,,,,13,,,,,C03,,,1,,1,,,59,59,1,12,4,120.611034,24.18482,3
1247,66000,387130000C,(04)23274275,(04)23288582,2025,11,4,15,45,臺中市,大雅區,0,0,0,7,,,30,,,,,,,,,,,,,,,,,,,B03,,,1,,1,,,49,49,1,12,4,120.669615,24.230279,3
1248,66000,387130000C,(04)23274275,(04)23288582,2025,11,4,15,45,臺中市,大里區,0,1,0,7,2,6,80,13,9,1,5,4,6,6,4,4,1,4,5,1,13,3,10,3,1,B12,7,9,1,7,2,1,,55,55,1,12,4,120.69132,24.099639,2
1249,66000,387130000C,(04)23274275,(04)23288582,2025,11,4,15,47,臺中市,西屯區,0,1,0,7,2,6,50,8,9,1,5,4,6,6,4,4,1,4,5,2,12,3,10,5,4,A41,7,9,1,1,2,2,,8,8,1,13,4,120.628107,24.176931,2
1250,66000,387130000C,(04)23274275,(04)23288582,2025,11,4,15,50,臺中市,南屯區,0,0,0,7,,,50,,,,,,,,,,,,,,14,,,,,B03,,,1,,2,,,49,49,1,12,4,120.62951,24.147144,3
1251,66000,387130000C,(04)23274275,(04)23288582,2025,11,4,15,50,臺中市,太平區,0,1,0,7,2,6,50,4,1,1,5,4,6,6,2,1,10,5,5,2,13,3,10,3,1,B12,7,9,1,8,2,1,,21,21,1,12,4,120.719142,24.11584,2
1252,66000,387130000C,(04)23274275,(04)23288582,2025,11,4,15,53,臺中市,西區,0,0,0,7,,,50,,,,,,,,,,,,,,,,,,,C03,,,1,10,2,,,47,47,1,13,4,120.654997,24.151531,3
1253,66000,387130000C,(04)23274275,(04)23288582,2025,11,4,15,53,臺中市,西屯區,0,0,0,7,,,30,,,,,,,,,,,,,,16,,,,,B01,,,1,,2,,,14,14,1,12,4,120.640228,24.176518,3
1254,66000,387130000C,(04)23274275,(04)23288582,2025,11,4,15,59,臺中市,北屯區,0,1,0,7,2,6,50,3,1,1,5,4,6,6,3,1,4,3,4,2,16,3,10,3,1,B03,7,6,1,8,2,1,,24,24,1,13,4,120.750712,24.198392,2
1255,66000,387130000C,(04)23274275,(04)23288582,2025,11,4,16,1,臺中市,潭子區,0,0,0,7,,,60,,,,,,,,,,,,,,,,,,,B03,,,1,,2,,,8,8,1,12,4,120.705359,24.211544,3
1256,66000,387130000C,(04)23274275,(04)23288582,2025,11,4,16,3,臺中市,沙鹿區,0,0,0,7,,,50,,,,,,,,,,,,,,,,,,,B03,,,1,,2,,,12,12,1,12,4,120.562521,24.241175,3
1257,66000,387130000C,(04)23274275,(04)23288582,2025,11,4,16,6,臺中市,沙鹿區,0,0,0,7,,,50,,,,,,,,,,,,,,,,,,,B03,,,1,,2,,,82,82,1,13,4,120.574557,24.213605,3
1258,66000,387130000C,(04)23274275,(04)23288582,2025,11,4,16,9,臺中市,南區,0,1,0,7,2,6,50,4,1,1,5,4,6,6,2,1,10,5,5,2,16,2,9,2,1,C03,7,6,3,19,2,13,,48,48,1,12,4,120.6574,24.125087,2
1259,66000,387130000C,(04)23274275,(04)23288582,2025,11,4,16,11,臺中市,北屯區,0,0,0,7,,,50,,,,,,,,,,,,,,12,,,,,B03,,,1,,9,,,8,8,1,13,4,120.673899,24.18865,3
1260,66000,387130000C,(04)23274275,(04)23288582,2025,11,4,16,13,臺中市,太平區,0,0,0,7,,,30,,,,,,,,,,,,,,13,,,,,B12,,,1,,2,,,84,84,1,13,4,120.728598,24.150132,3
1261,66000,387130000C,(04)23274275,(04)23288582,2025,11,4,16,15,臺中市,南屯區,0,1,0,7,3,6,50,13,9,1,5,4,6,6,4,4,3,4,5,2,12,3,10,3,1,B12,7,5,1,8,2,2,,20,20,1,12,4,120.624176,24.149305,2
1262,66000,387130000C,(04)23274275,(04)23288582,2025,11,4,16,15,臺中市,大里區,0,1,0,7,2,6,50,13,9,1,5,4,6,6,4,4,5,5,5,1,17,3,10,2,1,C03,7,9,1,10,2,12,,1,1,1,12,4,120.708978,24.086646,2
1263,66000,387130000C,(04)23274275,(04)23288582,2025,11,4,16,18,臺中市,大雅區,0,1,0,7,3,6,50,13,9,1,5,4,6,6,4,4,5,5,5,1,18,2,9,2,1,C03,7,9,1,10,2,12,,43,43,1,12,4,120.647178,24.217917,2
1264,66000,387130000C,(04)23274275,(04)23288582,2025,11,4,16,18,臺中市,北屯區,0,0,0,7,,,50,,,,,,,,,,,,,,12,,,,,B03,,,1,,1,,,40,40,1,12,4,120.731463,24.177123,3
1265,66000,387130000C,(04)23274275,(04)23288582,2025,11,4,16,20,臺中市,烏日區,0,2,0,7,2,6,40,13,8,1,5,4,6,6,4,4,1,4,4,2,17,3,10,5,4,A04,7,1,1,2,2,8,,51,51,1,13,4,120.64872,24.111055,2
1266,66000,387130000C,(04)23274275,(04)23288582,2025,11,4,16,26,臺中市,太平區,0,1,0,7,3,6,50,4,19,1,5,4,6,6,1,1,10,5,5,2,8,3,10,3,1,B03,7,2,3,19,2,6,,49,49,1,12,4,120.725182,24.144464,2
1267,66000,387130000C,(04)23274275,(04)23288582,2025,11,4,16,28,臺中市,霧峰區,0,2,0,7,2,6,50,3,1,1,5,4,6,6,1,1,10,5,5,2,16,2,9,1,1,C03,7,9,1,10,2,12,,21,21,1,12,4,120.710947,24.080503,2
1268,66000,387130000C,(04)23274275,(04)23288582,2025,11,4,16,33,臺中市,南屯區,0,0,0,7,,,40,,,,,,,,,,,,,,,,,,,B03,,,1,,1,,,8,8,1,12,4,120.625036,24.152126,3
1269,66000,387130000C,(04)23274275,(04)23288582,2025,11,4,16,36,臺中市,后里區,0,0,0,7,2,6,50,13,,1,5,4,6,6,4,4,5,4,5,1,12,,,,,A12,,,1,,11,,,84,84,1,6,4,120.7081,24.29628,3
1270,66000,387130000C,(04)23274275,(04)23288582,2025,11,4,16,40,臺中市,北區,0,1,0,7,3,6,50,4,2,1,5,4,6,6,1,1,5,4,5,2,17,3,10,5,4,C03,7,9,1,10,2,12,,8,8,1,13,4,120.676128,24.17341,2
1271,66000,387130000C,(04)23274275,(04)23288582,2025,11,4,16,40,臺中市,西屯區,0,0,0,7,,,40,,,,,,,,,,,,,,13,,,,,C03,,,1,,1,,,59,59,1,12,4,120.615163,24.182966,3
1272,66000,387130000C,(04)23274275,(04)23288582,2025,11,4,16,40,臺中市,梧棲區,0,0,0,7,,,70,,,,,,,,,,,,,,17,,,,,A32,,,1,,2,,,59,59,1,6,4,120.522619,24.249266,3
1273,66000,387130000C,(04)23274275,(04)23288582,2025,11,4,16,42,臺中市,西區,0,1,0,7,3,6,50,13,12,1,5,4,6,6,4,4,9,5,4,2,11,3,10,1,1,C03,7,11,1,10,2,12,,84,84,1,6,4,120.666034,24.132038,2
1274,66000,387130000C,(04)23274275,(04)23288582,2025,11,4,16,42,臺中市,北屯區,0,0,0,6,,,50,,,,,,,,,,,,,,13,,,,,C03,,,1,,1,,,59,59,1,6,4,120.685782,24.177459,4
1275,66000,387130000C,(04)23274275,(04)23288582,2025,11,4,16,42,臺中市,東勢區,0,0,0,7,,,30,,,,,,,,,,,,,,14,,,,,B02,,,1,,2,,,49,49,1,13,4,120.887907,24.220641,3
1276,66000,387130000C,(04)23274275,(04)23288582,2025,11,4,16,45,臺中市,大雅區,0,0,0,7,,,50,,,,,,,,,,,,,,,,,,,C03,,,1,,2,,,40,40,1,13,4,120.64787,24.220832,3
1277,66000,387130000C,(04)23274275,(04)23288582,2025,11,4,16,45,臺中市,南區,0,0,0,7,,,50,,,,,,,,,,,,,,13,,,,,C03,,,1,,1,,,84,84,1,12,4,120.656537,24.113772,4
1278,66000,387130000C,(04)23274275,(04)23288582,2025,11,4,16,47,臺中市,北區,0,0,0,7,,,50,,,,,,,,,,,,,,12,,,,,F01,,,7,,1,,,84,84,1,13,4,120.67123,24.171848,3
1279,66000,387130000C,(04)23274275,(04)23288582,2025,11,4,16,47,臺中市,西屯區,0,0,0,7,,,30,,,,,,,,,,,,,,11,,,,,B03,,,1,,1,,,8,8,1,13,4,120.650608,24.165017,3
1280,66000,387130000C,(04)23274275,(04)23288582,2025,11,4,16,48,臺中市,太平區,0,0,0,7,,,50,,,,,,,,,,,,,,12,,,,,C03,,,1,,1,,,84,84,1,13,4,120.723166,24.149437,3
1281,66000,387130000C,(04)23274275,(04)23288582,2025,11,4,16,53,臺中市,南屯區,0,2,0,7,2,6,50,4,1,1,5,4,6,6,2,1,5,5,5,2,15,2,9,1,1,C03,7,9,1,10,2,11,,21,21,1,6,4,120.610653,24.131935,2
1282,66000,387130000C,(04)23274275,(04)23288582,2025,11,4,16,57,臺中市,太平區,0,0,0,7,,,30,,,,,,,,,,,,,,17,,,,,C03,,,1,,2,,,84,84,1,12,4,120.71825,24.122987,3
1283,66000,387130000C,(04)23274275,(04)23288582,2025,11,4,16,58,臺中市,烏日區,0,0,0,7,2,6,40,3,1,1,5,4,6,6,4,4,10,5,5,1,16,3,10,3,1,A42,1,5,1,1,2,8,,14,14,1,6,4,120.648514,24.088412,3
1284,66000,387130000C,(04)23274275,(04)23288582,2025,11,4,17,1,臺中市,北屯區,0,0,0,7,,,50,,,,,,,,,,,,,,17,,,,,B03,,,1,,2,,,20,20,1,6,4,120.719208,24.175849,3
1285,66000,387130000C,(04)23274275,(04)23288582,2025,11,4,17,4,臺中市,北屯區,0,0,0,7,,,50,,,,,,,,,,,,,,,,,,,B03,,,1,,2,,,59,59,1,12,4,120.665997,24.186658,3
1286,66000,387130000C,(04)23274275,(04)23288582,2025,11,4,17,13,臺中市,北區,0,1,0,7,1,6,50,13,9,1,5,4,6,6,4,4,5,5,5,2,18,2,9,5,4,C03,7,5,1,10,2,12,,84,84,1,13,4,120.689844,24.15046,2
1287,66000,387130000C,(04)23274275,(04)23288582,2025,11,4,17,14,臺中市,東區,0,1,0,7,2,6,50,13,9,1,5,4,6,6,4,4,9,4,5,2,17,3,10,3,1,B03,7,6,1,10,2,4,,85,85,1,12,4,120.693609,24.14224,2
1288,66000,387130000C,(04)23274275,(04)23288582,2025,11,4,17,14,臺中市,烏日區,0,1,0,7,1,6,50,13,24,1,5,4,6,6,1,1,10,5,5,2,13,2,8,1,1,C03,7,12,1,10,2,11,14,7,7,1,12,4,120.635087,24.104736,2
1289,66000,387130000C,(04)23274275,(04)23288582,2025,11,4,17,14,臺中市,梧棲區,0,0,0,7,,3,90,,,,,,,,,,,,,,12,,,,,A31,,,1,,1,,,8,8,1,6,4,120.537496,24.253059,3
1290,66000,387130000C,(04)23274275,(04)23288582,2025,11,4,17,15,臺中市,南區,0,0,0,7,,,50,,,,,,,,,,,,,,,,,,,C03,,,1,,1,,,7,7,1,12,4,120.680997,24.129303,3
1291,66000,387130000C,(04)23274275,(04)23288582,2025,11,4,17,15,臺中市,西屯區,0,1,0,7,2,6,30,14,9,1,5,4,6,6,4,4,10,5,5,2,14,3,10,5,4,B12,7,2,6,20,9,3,,49,49,1,12,4,120.618514,24.177317,2
1292,66000,387130000C,(04)23274275,(04)23288582,2025,11,4,17,19,臺中市,南區,0,1,0,7,1,6,50,3,1,1,5,4,6,6,4,4,10,5,5,2,17,3,10,5,4,C03,7,6,1,10,2,14,,84,84,1,12,4,120.663083,24.125862,2
1293,66000,387130000C,(04)23274275,(04)23288582,2025,11,4,17,22,臺中市,北屯區,0,0,0,7,,,50,,,,,,,,,,,,,,13,,,,,B12,,,5,,2,,,7,7,1,13,4,120.685067,24.172112,3
1294,66000,387130000C,(04)23274275,(04)23288582,2025,11,4,17,23,臺中市,霧峰區,0,1,0,7,1,6,50,13,9,1,5,4,6,6,4,4,5,5,5,1,13,2,9,1,1,C03,7,9,1,10,2,11,,7,7,1,12,4,120.700729,24.078723,2
1295,66000,387130000C,(04)23274275,(04)23288582,2025,11,4,17,23,臺中市,豐原區,0,0,0,7,,,50,,,,,,,,,,,,,,13,,,,,C03,,,1,,2,,,7,7,1,12,4,120.729746,24.276162,4
1296,66000,387130000C,(04)23274275,(04)23288582,2025,11,4,17,24,臺中市,西屯區,0,0,0,7,,,50,,,,,,,,,,,,,,12,,,,,B03,,,1,,1,,,40,40,1,12,4,120.652714,24.16682,3
1297,66000,387130000C,(04)23274275,(04)23288582,2025,11,4,17,30,臺中市,沙鹿區,0,1,0,7,1,6,50,13,8,1,5,4,6,6,1,1,1,3,4,2,12,3,10,3,1,B03,7,8,1,8,2,8,,40,40,1,12,4,120.563492,24.206423,2
1298,66000,387130000C,(04)23274275,(04)23288582,2025,11,4,17,34,臺中市,東區,0,2,0,7,1,6,50,3,1,1,5,4,6,6,2,1,10,5,5,2,3,3,10,3,1,B03,7,6,1,8,2,8,,10,10,1,12,4,120.689176,24.136672,2
1299,66000,387130000C,(04)23274275,(04)23288582,2025,11,4,17,35,臺中市,西屯區,0,2,0,7,1,6,40,3,1,1,5,4,6,6,4,4,10,5,5,2,16,2,7,2,1,C03,7,5,1,10,2,11,,47,47,1,12,4,120.656898,24.163404,2
1300,66000,387130000C,(04)23274275,(04)23288582,2025,11,4,17,37,臺中市,西區,0,2,0,7,1,6,50,4,1,1,5,4,6,6,4,4,9,4,4,2,15,2,9,1,1,C03,7,9,1,10,2,11,,6,6,1,12,4,120.655347,24.154366,2
1301,66000,387130000C,(04)23274275,(04)23288582,2025,11,4,17,38,臺中市,北區,0,1,0,7,1,6,50,3,1,1,5,4,5,6,2,1,5,4,5,2,18,2,9,1,1,C03,7,12,1,10,2,12,,84,84,1,13,4,120.688113,24.151003,2
1302,66000,387130000C,(04)23274275,(04)23288582,2025,11,4,17,40,臺中市,烏日區,0,0,0,7,,,50,,,,,,,,,,,,,,13,,,,,B03,,,1,,1,,,7,7,1,13,4,120.61056,24.10752,3
1303,66000,387130000C,(04)23274275,(04)23288582,2025,11,4,17,41,臺中市,東區,0,0,0,7,,,40,,,,,,,,,,,,,,17,,,,,C03,,,1,,11,,,85,85,1,12,4,120.69009,24.129239,3
1304,66000,387130000C,(04)23274275,(04)23288582,2025,11,4,17,42,臺中市,太平區,0,0,0,7,,,50,,,,,,,,,,,,,,,,,,,C03,,,1,,2,,,84,84,1,12,4,120.716633,24.151315,3
1305,66000,387130000C,(04)23274275,(04)23288582,2025,11,4,17,43,臺中市,后里區,0,1,0,6,1,6,50,4,2,1,5,4,6,6,4,4,5,4,4,1,12,3,10,3,1,B12,7,10,1,8,11,6,,40,40,1,6,4,120.71542,24.310115,2
1306,66000,387130000C,(04)23274275,(04)23288582,2025,11,4,17,44,臺中市,烏日區,0,0,0,7,1,3,40,13,8,1,5,4,6,6,4,4,1,5,1,1,13,3,10,1,1,C03,7,9,1,9,1,11,,84,84,1,6,4,120.612251,24.102341,3
1307,66000,387130000C,(04)23274275,(04)23288582,2025,11,4,17,46,臺中市,東區,0,0,0,7,,,50,,,,,,,,,,,,,,13,,,,,,,,,,,,,86,86,1,,,120.694105,24.147915,4
1308,66000,387130000C,(04)23274275,(04)23288582,2025,11,4,17,47,臺中市,西區,0,0,0,7,,,50,,,,,,,,,,,,,,13,,,,,C02,,,1,,2,,,7,7,1,13,4,120.668365,24.129905,3
1309,66000,387130000C,(04)23274275,(04)23288582,2025,11,4,17,48,臺中市,西屯區,0,0,0,7,,3,80,,,,,,,,,,,,,,,,,,,B03,,,1,,1,,,40,40,1,12,4,120.633409,24.173018,3
1310,66000,387130000C,(04)23274275,(04)23288582,2025,11,4,17,49,臺中市,北區,0,0,0,7,,,50,,,,,,,,,,,,,,14,,,,,B03,,,1,,1,,,49,49,1,13,4,120.680322,24.152274,3
1311,66000,387130000C,(04)23274275,(04)23288582,2025,11,4,17,49,臺中市,南區,0,1,0,7,1,6,50,4,1,1,5,4,6,6,1,1,9,4,4,2,17,3,10,3,1,B03,7,5,1,8,2,2,,47,47,1,12,4,120.679286,24.119037,2
1312,66000,387130000C,(04)23274275,(04)23288582,2025,11,4,17,49,臺中市,西屯區,0,1,0,7,1,6,50,4,1,1,5,4,6,6,1,1,10,5,5,2,12,2,9,5,4,C03,7,6,1,10,2,14,,48,48,1,12,4,120.606275,24.161786,2
1313,66000,387130000C,(04)23274275,(04)23288582,2025,11,4,17,50,臺中市,北屯區,0,2,0,7,1,6,50,3,1,1,5,4,6,6,1,1,10,5,5,2,3,2,9,1,1,C03,7,9,1,10,2,11,,21,21,1,6,4,120.714826,24.174166,2
1314,66000,387130000C,(04)23274275,(04)23288582,2025,11,4,17,50,臺中市,西屯區,0,0,0,7,,,50,,,,,,,,,,,,,,17,,,,,B03,,,1,,1,,,84,84,1,12,4,120.654132,24.170382,3
1315,66000,387130000C,(04)23274275,(04)23288582,2025,11,4,17,50,臺中市,豐原區,0,1,0,7,1,6,50,4,1,1,5,4,6,6,1,1,10,5,5,2,17,2,9,2,1,C03,7,9,1,10,2,11,,84,84,1,13,4,120.716226,24.239245,2
1316,66000,387130000C,(04)23274275,(04)23288582,2025,11,4,17,51,臺中市,潭子區,0,1,0,7,1,6,50,13,9,1,5,4,6,6,4,4,5,4,5,1,17,2,9,1,1,C03,7,9,1,10,2,11,,84,84,1,12,4,120.701315,24.21183,2
1317,66000,387130000C,(04)23274275,(04)23288582,2025,11,4,17,51,臺中市,大里區,0,2,0,7,1,6,50,13,9,1,5,4,6,6,4,4,5,4,5,1,13,2,9,1,1,C03,7,9,1,10,2,11,,84,84,1,12,4,120.677668,24.115012,2
1318,66000,387130000C,(04)23274275,(04)23288582,2025,11,4,17,55,臺中市,西屯區,0,0,0,7,,3,80,,,,,,,,,,,,,,13,,,,,B03,,,1,,2,,,59,59,1,12,4,120.633042,24.171976,3
1319,66000,387130000C,(04)23274275,(04)23288582,2025,11,4,17,55,臺中市,大里區,0,1,0,7,1,6,40,3,8,1,5,4,6,6,4,4,9,4,4,2,13,3,10,1,1,C03,7,9,1,10,2,11,,7,7,1,12,4,120.69239,24.118694,2
1320,66000,387130000C,(04)23274275,(04)23288582,2025,11,4,17,57,臺中市,外埔區,0,2,0,7,1,6,50,3,2,1,5,4,6,6,4,4,4,3,4,1,13,2,9,2,1,C03,7,9,1,10,2,11,,7,7,1,12,4,120.672806,24.317335,2
1321,66000,387130000C,(04)23274275,(04)23288582,2025,11,4,17,59,臺中市,南屯區,0,2,0,7,2,6,30,5,1,1,5,4,6,6,4,4,9,4,5,2,17,2,9,1,1,C03,7,9,1,10,2,11,,12,12,1,12,4,120.643749,24.137656,2
1322,66000,387130000C,(04)23274275,(04)23288582,2025,11,4,17,59,臺中市,西屯區,0,1,0,7,1,6,40,3,1,1,5,4,6,6,4,4,9,5,5,2,17,2,9,2,1,C03,7,9,1,10,2,14,,59,59,1,12,4,120.623012,24.185842,2
1323,66000,387130000C,(04)23274275,(04)23288582,2025,11,4,18,1,臺中市,大里區,0,0,0,7,,,50,,,,,,,,,,,,,,17,,,,,B03,,,1,,2,,,35,35,1,12,4,120.689625,24.101012,3
1324,66000,387130000C,(04)23274275,(04)23288582,2025,11,4,18,2,臺中市,外埔區,0,2,0,6,1,6,50,4,2,1,5,4,6,6,1,1,5,4,5,1,13,2,8,1,1,C03,7,9,1,10,2,11,14,59,59,1,6,4,120.634727,24.330784,2
1325,66000,387130000C,(04)23274275,(04)23288582,2025,11,4,18,4,臺中市,梧棲區,0,1,0,5,1,6,50,3,1,1,4,4,6,6,4,4,10,5,5,2,17,3,10,5,1,F01,7,5,7,21,2,16,,14,14,1,3,4,120.557729,24.257505,2
1326,66000,387130000C,(04)23274275,(04)23288582,2025,11,4,18,6,臺中市,南區,0,0,0,7,,,50,,,,,,,,,,,,,,,,,,,C03,,,1,,11,,,84,84,1,12,4,120.658035,24.124547,3
1327,66000,387130000C,(04)23274275,(04)23288582,2025,11,4,18,9,臺中市,西屯區,0,2,0,7,2,9,0,13,21,2,5,4,6,6,4,4,10,5,5,2,13,2,9,2,1,C03,7,9,1,10,2,11,,39,39,1,12,4,120.602545,24.182472,2
1328,66000,387130000C,(04)23274275,(04)23288582,2025,11,4,18,9,臺中市,西屯區,0,1,0,7,1,6,40,13,9,1,5,4,6,6,4,4,1,4,5,2,16,2,9,2,4,C03,7,5,1,10,2,14,,20,20,1,13,4,120.600699,24.182145,2
1329,66000,387130000C,(04)23274275,(04)23288582,2025,11,4,18,9,臺中市,神岡區,0,1,0,7,1,6,1,13,9,1,5,4,6,6,4,4,9,4,4,1,17,3,10,5,4,B03,7,11,1,8,2,1,,39,39,1,12,4,120.67468,24.252054,2
1330,66000,387130000C,(04)23274275,(04)23288582,2025,11,4,18,10,臺中市,北屯區,0,1,0,7,1,6,50,4,1,1,5,4,6,6,1,1,10,5,5,2,12,3,10,5,4,B03,7,9,1,8,2,2,,85,85,1,12,4,120.671032,24.175084,2
1331,66000,387130000C,(04)23274275,(04)23288582,2025,11,4,18,10,臺中市,龍井區,0,1,0,7,1,6,50,4,1,1,5,4,6,6,4,4,10,5,5,2,16,3,10,3,1,B03,7,5,1,8,2,7,,8,8,1,9,4,120.593076,24.189725,2
1332,66000,387130000C,(04)23274275,(04)23288582,2025,11,4,18,11,臺中市,南區,0,1,0,7,1,6,40,3,4,1,5,4,6,6,2,1,5,4,4,2,18,2,9,2,1,C03,7,15,1,10,2,14,,84,84,1,12,4,120.68064,24.133446,2
1333,66000,387130000C,(04)23274275,(04)23288582,2025,11,4,18,11,臺中市,西屯區,0,0,0,7,,,50,,,,,,,,,,,,,,2,,,,,B03,,,1,,1,,,39,39,1,12,4,120.628939,24.16283,3
1334,66000,387130000C,(04)23274275,(04)23288582,2025,11,4,18,11,臺中市,豐原區,0,1,0,7,1,6,50,13,8,1,5,4,6,6,4,4,5,4,4,2,28,2,9,5,4,C03,7,9,1,9,2,11,,85,85,1,12,4,120.745873,24.261635,2
1335,66000,387130000C,(04)23274275,(04)23288582,2025,11,4,18,12,臺中市,西區,0,3,0,7,1,6,50,3,1,1,5,4,6,6,2,1,1,4,4,2,3,2,9,2,1,C03,7,9,1,10,2,11,,10,10,1,12,4,120.658502,24.155427,2
1336,66000,387130000C,(04)23274275,(04)23288582,2025,11,4,18,12,臺中市,東區,0,0,0,7,,,50,,,,,,,,,,,,,,35,,,,,C03,,,1,,2,,,1,1,1,12,4,120.700521,24.127502,3
1337,66000,387130000C,(04)23274275,(04)23288582,2025,11,4,18,15,臺中市,豐原區,0,0,0,7,,,50,,,,,,,,,,,,,,17,,,,,B03,,,1,,2,,,84,84,1,6,4,120.734505,24.237995,3
1338,66000,387130000C,(04)23274275,(04)23288582,2025,11,4,18,16,臺中市,南區,0,0,0,7,,,50,,,,,,,,,,,,,,17,,,,,B03,,,1,,1,,,21,21,1,12,4,120.648262,24.11412,3
1339,66000,387130000C,(04)23274275,(04)23288582,2025,11,4,18,17,臺中市,太平區,0,1,0,7,1,6,40,13,9,1,5,4,6,6,4,4,9,5,5,1,17,2,7,3,1,B03,7,9,1,8,2,5,,84,84,1,12,4,120.726985,24.120976,2
1340,66000,387130000C,(04)23274275,(04)23288582,2025,11,4,18,18,臺中市,大雅區,0,1,0,7,3,6,50,11,9,1,5,4,6,6,4,4,5,5,5,1,17,2,7,2,1,C03,7,9,1,10,2,12,,43,43,1,12,4,120.64406,24.224653,2
1341,66000,387130000C,(04)23274275,(04)23288582,2025,11,4,18,18,臺中市,大里區,0,2,0,7,1,6,50,4,1,1,5,4,6,6,1,1,10,5,5,1,17,2,9,1,1,C03,7,9,1,10,2,11,,84,84,1,12,4,120.672307,24.114847,2
1342,66000,387130000C,(04)23274275,(04)23288582,2025,11,4,18,19,臺中市,大里區,0,0,0,7,,,50,,,,,,,,,,,,,,17,,,,,B03,,,3,19,2,,,84,84,1,13,4,120.705744,24.095523,3
1343,66000,387130000C,(04)23274275,(04)23288582,2025,11,4,18,21,臺中市,大里區,0,0,0,7,,,50,,,,,,,,,,,,,,17,,,,,C03,,,1,,2,,,4,4,1,12,4,120.666281,24.096743,3
1344,66000,387130000C,(04)23274275,(04)23288582,2025,11,4,18,22,臺中市,大里區,0,3,0,6,1,6,30,3,2,1,5,4,6,6,4,4,10,5,5,2,12,2,9,1,1,C03,7,6,5,19,2,12,,14,14,1,12,4,120.671587,24.085275,2
1345,66000,387130000C,(04)23274275,(04)23288582,2025,11,4,18,25,臺中市,大雅區,0,1,0,7,1,6,50,4,2,1,5,4,6,6,4,4,4,3,5,1,17,3,10,5,4,B03,7,1,1,8,2,5,,51,51,1,13,4,120.655068,24.22963,2
1346,66000,387130000C,(04)23274275,(04)23288582,2025,11,4,18,28,臺中市,南屯區,0,0,0,7,,,40,,,,,,,,,,,,,,,,,,,C03,,,1,,1,,,84,84,1,13,4,120.645325,24.150832,3
1347,66000,387130000C,(04)23274275,(04)23288582,2025,11,4,18,30,臺中市,中區,0,0,0,7,,,50,,,,,,,,,,,,,,,,,,,C03,,,1,,1,,,47,47,1,6,4,120.679263,24.145577,3
1348,66000,387130000C,(04)23274275,(04)23288582,2025,11,4,18,30,臺中市,南屯區,0,0,0,7,,,50,,,,,,,,,,,,,,,,,,,B02,,,1,,1,,,7,7,1,12,4,120.646274,24.134495,3
1349,66000,387130000C,(04)23274275,(04)23288582,2025,11,4,18,30,臺中市,西屯區,0,0,0,7,,,50,,,,,,,,,,,,,,13,,,,,C03,,,1,,1,,,59,59,1,12,4,120.618035,24.18523,3
1350,66000,387130000C,(04)23274275,(04)23288582,2025,11,4,18,31,臺中市,沙鹿區,0,0,0,7,,,50,,,,,,,,,,,,,,,,,,,B03,,,1,,1,,,58,58,1,12,4,120.580745,24.209739,3
1351,66000,387130000C,(04)23274275,(04)23288582,2025,11,4,18,31,臺中市,豐原區,0,0,0,7,,,50,,,,,,,,,,,,,,17,,,,,B03,,,1,,2,,,48,48,1,12,4,120.72568,24.250159,4
1352,66000,387130000C,(04)23274275,(04)23288582,2025,11,4,18,32,臺中市,龍井區,0,0,0,7,,,50,,,,,,,,,,,,,,,,,,,,,,,,,,,119,119,1,,,120.548518,24.213727,3
1353,66000,387130000C,(04)23274275,(04)23288582,2025,11,4,18,32,臺中市,梧棲區,0,0,0,7,,,50,,,,,,,,,,,,,,14,,,,,B02,,,1,,2,,,49,49,1,6,4,120.532215,24.252371,3
1354,66000,387130000C,(04)23274275,(04)23288582,2025,11,4,18,33,臺中市,中區,0,2,0,6,1,6,50,4,1,1,5,4,6,6,1,1,10,5,5,2,17,2,9,1,1,C03,7,6,1,10,2,11,,25,25,1,12,4,120.681518,24.136507,2
1355,66000,387130000C,(04)23274275,(04)23288582,2025,11,4,18,34,臺中市,烏日區,0,0,0,7,,,50,,,,,,,,,,,,,,12,,,,,B03,,,1,,2,,,59,59,1,6,4,120.64305,24.077742,3
1356,66000,387130000C,(04)23274275,(04)23288582,2025,11,4,18,35,臺中市,沙鹿區,0,1,0,7,1,6,50,4,8,1,5,4,6,6,4,4,4,3,4,2,18,2,9,2,1,C03,7,9,1,10,1,12,,84,84,1,12,4,120.569773,24.205293,2
1357,66000,387130000C,(04)23274275,(04)23288582,2025,11,4,18,35,臺中市,東勢區,0,1,0,6,3,6,60,13,9,1,5,4,6,6,4,4,5,4,5,1,11,3,10,3,1,B03,7,9,1,1,2,8,,34,34,1,6,4,120.796648,24.289289,2