序號,縣市別代碼,機關代碼,市話,傳真,年,月,日,時,分,縣市,區,死亡數量,受傷數量,2-30,天候,道路照明設備,道路類別,道路速限,道路型態,事故位置,路面鋪裝,路面狀態,路面缺陷,障礙物,視距,號誌種類,號誌動作,分向設施,快車道或一般車道間,快慢車道間,路面邊線,事故類型及型態,受傷程度,主要傷處,保護裝備,行動電話或功能裝置,當事者區分(類別),車輛用途,當事者行動狀態,駕照狀態,駕照種類,飲酒情形,車輛撞擊部位最初,車輛撞擊部位其他,肇事因素個別,肇事因素主要,肇事逃逸,職業,共享經濟或外送平台,GPS座標X,GPS座標Y,事故類別
1358,66000,387130000C,(04)23274275,(04)23288582,2025,11,4,18,36,臺中市,西屯區,0,1,0,7,1,6,30,13,9,1,5,4,6,6,4,4,10,5,5,1,18,2,9,6,4,F01,7,9,7,21,2,15,,59,59,1,12,4,120.64569,24.161121,2
1359,66000,387130000C,(04)23274275,(04)23288582,2025,11,4,18,36,臺中市,烏日區,0,2,0,7,1,6,50,13,9,1,5,4,3,3,4,4,1,4,5,2,17,2,9,5,4,C03,7,9,1,10,2,12,,59,59,1,13,4,120.616583,24.112959,2
1360,66000,387130000C,(04)23274275,(04)23288582,2025,11,4,18,37,臺中市,西屯區,0,0,0,7,,,50,,,,,,,,,,,,,,13,,,,,B03,,,1,,1,,,8,8,1,12,4,120.606877,24.193803,3
1361,66000,387130000C,(04)23274275,(04)23288582,2025,11,4,18,39,臺中市,龍井區,0,0,0,7,,,40,,,,,,,,,,,,,,12,,,,,B03,,,1,,1,,,8,8,1,12,4,120.581768,24.175953,3
1362,66000,387130000C,(04)23274275,(04)23288582,2025,11,4,18,39,臺中市,清水區,0,1,0,7,2,6,40,13,9,1,5,4,6,6,4,4,9,3,4,1,17,3,10,3,1,B03,7,1,1,8,2,16,,84,84,1,12,4,120.568728,24.27255,2
1363,66000,387130000C,(04)23274275,(04)23288582,2025,11,4,18,44,臺中市,西屯區,0,0,0,7,,,50,,,,,,,,,,,,,,16,,,,,B03,,,1,,2,,,12,12,1,13,4,120.64987,24.163251,3
1364,66000,387130000C,(04)23274275,(04)23288582,2025,11,4,18,45,臺中市,北區,0,2,0,7,1,6,50,13,9,1,5,4,6,6,4,4,9,5,5,2,17,2,9,1,1,C03,7,11,1,10,2,11,,45,45,1,13,4,120.683485,24.151983,2
1365,66000,387130000C,(04)23274275,(04)23288582,2025,11,4,18,46,臺中市,北區,0,1,0,7,1,6,50,13,7,1,5,4,6,6,4,4,1,2,4,2,13,3,10,3,1,B03,7,9,1,8,2,5,,7,7,1,12,4,120.682931,24.153495,2
1366,66000,387130000C,(04)23274275,(04)23288582,2025,11,4,18,46,臺中市,西屯區,0,2,0,7,1,6,30,4,1,1,5,4,6,6,4,4,10,5,5,2,15,2,8,5,4,C03,7,9,1,10,2,12,,15,15,1,12,4,120.657756,24.160339,2
1367,66000,387130000C,(04)23274275,(04)23288582,2025,11,4,18,59,臺中市,霧峰區,0,0,0,7,,,0,,,,,,,,,,,,,,17,,,,,B03,,,1,8,2,,,85,85,1,13,4,120.698173,24.061283,3
1368,66000,387130000C,(04)23274275,(04)23288582,2025,11,4,19,0,臺中市,南屯區,0,0,0,7,,,50,,,,,,,,,,,,,,13,,,,,B03,,,1,,1,,,56,56,1,6,4,120.64735,24.123981,3
1369,66000,387130000C,(04)23274275,(04)23288582,2025,11,4,19,5,臺中市,大雅區,0,0,0,7,,,50,,,,,,,,,,,,,,,,,,,C03,,,1,,1,,,7,7,1,12,4,120.656432,24.220792,3
1370,66000,387130000C,(04)23274275,(04)23288582,2025,11,4,19,7,臺中市,大里區,0,0,0,7,,,40,,,,,,,,,,,,,,,,,,,C03,,,1,,2,,,15,15,1,12,4,120.707283,24.085636,3
1371,66000,387130000C,(04)23274275,(04)23288582,2025,11,4,19,9,臺中市,龍井區,0,0,0,7,,,50,,,,,,,,,,,,,,14,,,,,B03,,,1,,1,,,49,49,1,6,4,120.545706,24.190582,3
1372,66000,387130000C,(04)23274275,(04)23288582,2025,11,4,19,11,臺中市,沙鹿區,0,1,0,7,2,6,40,3,4,1,5,4,6,6,4,4,1,5,4,2,13,3,10,1,1,C03,7,9,1,10,2,11,,59,59,1,12,4,120.580759,24.215931,2
1373,66000,387130000C,(04)23274275,(04)23288582,2025,11,4,19,16,臺中市,太平區,0,0,0,7,,,50,,,,,,,,,,,,,,13,,,,,C03,,,1,,2,,,84,84,1,13,4,120.721258,24.13398,3
1374,66000,387130000C,(04)23274275,(04)23288582,2025,11,4,19,18,臺中市,東區,0,0,0,7,,,50,,,,,,,,,,,,,,17,,,,,B03,,,1,,9,,,84,84,1,12,4,120.70222,24.141427,3
1375,66000,387130000C,(04)23274275,(04)23288582,2025,11,4,19,22,臺中市,龍井區,0,2,0,7,1,6,50,3,1,1,5,4,6,6,4,4,10,5,5,2,16,2,9,1,1,C03,7,9,1,10,2,11,,7,7,1,6,4,120.544258,24.205356,2
1376,66000,387130000C,(04)23274275,(04)23288582,2025,11,4,19,24,臺中市,西區,0,0,0,7,,,50,,,,,,,,,,,,,,,,,,,B12,,,1,8,2,,,49,49,1,13,4,120.660067,24.152047,3
1377,66000,387130000C,(04)23274275,(04)23288582,2025,11,4,19,25,臺中市,大雅區,0,1,0,7,1,6,50,4,2,1,5,4,6,6,1,1,3,5,5,1,18,2,9,2,1,C03,7,9,1,10,2,14,,43,43,1,12,4,120.662307,24.219408,2
1378,66000,387130000C,(04)23274275,(04)23288582,2025,11,4,19,26,臺中市,大里區,0,1,0,7,1,6,30,4,1,1,5,4,6,6,1,1,10,5,5,1,15,2,9,1,1,C03,7,9,1,10,2,14,,21,21,1,12,4,120.676177,24.101681,2
1379,66000,387130000C,(04)23274275,(04)23288582,2025,11,4,19,30,臺中市,大里區,0,1,0,7,1,6,50,13,7,1,5,4,6,6,4,4,5,4,4,1,17,3,10,3,1,B03,7,9,1,8,2,1,,7,7,1,12,4,120.689561,24.110041,2
1380,66000,387130000C,(04)23274275,(04)23288582,2025,11,4,19,32,臺中市,西屯區,0,1,0,7,1,6,40,13,8,1,5,4,6,6,4,4,1,4,1,2,18,2,9,1,1,C03,7,9,1,10,2,12,,59,59,1,12,4,120.591496,24.183857,2
1381,66000,387130000C,(04)23274275,(04)23288582,2025,11,4,19,34,臺中市,北屯區,0,0,0,7,,,50,,,,,,,,,,,,,,14,,,,,B03,,,1,,1,,,84,84,1,12,4,120.685987,24.178243,3
1382,66000,387130000C,(04)23274275,(04)23288582,2025,11,4,19,35,臺中市,沙鹿區,0,0,0,7,,,30,,,,,,,,,,,,,,15,,,,,B03,,,1,,2,,,14,14,1,12,4,120.571871,24.239407,3
1383,66000,387130000C,(04)23274275,(04)23288582,2025,11,4,19,42,臺中市,西屯區,0,1,0,7,1,6,50,3,9,1,5,4,6,6,4,4,1,5,5,2,16,3,10,3,1,B02,7,5,1,8,2,8,,12,12,1,12,4,120.646895,24.158712,2
1384,66000,387130000C,(04)23274275,(04)23288582,2025,11,4,19,51,臺中市,大里區,0,1,0,7,1,6,50,4,1,1,5,4,6,6,1,1,10,5,5,1,17,3,10,3,1,B03,7,5,1,8,2,16,,47,47,1,12,4,120.676315,24.11497,2
1385,66000,387130000C,(04)23274275,(04)23288582,2025,11,4,19,56,臺中市,北屯區,0,0,0,7,,,50,,,,,,,,,,,,,,12,,,,,B03,,,1,,1,,,50,50,1,6,4,120.69625,24.18076,3
1386,66000,387130000C,(04)23274275,(04)23288582,2025,11,4,19,58,臺中市,南區,0,1,0,7,1,6,50,4,1,1,5,4,6,6,2,1,10,5,5,2,16,3,10,2,1,C03,7,9,1,10,2,12,,84,84,1,12,4,120.681075,24.123735,2
1387,66000,387130000C,(04)23274275,(04)23288582,2025,11,4,20,7,臺中市,西屯區,0,1,0,7,1,6,40,3,1,1,5,4,6,6,2,1,10,5,5,2,13,2,9,2,1,C03,7,5,1,10,2,13,,65,65,1,12,4,120.660616,24.164175,2
1388,66000,387130000C,(04)23274275,(04)23288582,2025,11,4,20,8,臺中市,烏日區,0,0,0,6,1,6,40,4,1,1,5,4,6,6,4,4,10,5,5,2,15,3,10,1,1,C03,7,9,1,10,2,11,,12,12,1,6,4,120.642025,24.103199,3
1389,66000,387130000C,(04)23274275,(04)23288582,2025,11,4,20,9,臺中市,中區,0,0,0,7,,,50,,,,,,,,,,,,,,,,,,,A02,,,1,,1,,,8,8,1,6,4,120.682906,24.136375,3
1390,66000,387130000C,(04)23274275,(04)23288582,2025,11,4,20,11,臺中市,大里區,0,0,0,7,,,50,,,,,,,,,,,,,,17,,,,,C03,,,1,,2,,,84,84,1,12,4,120.697185,24.111082,3
1391,66000,387130000C,(04)23274275,(04)23288582,2025,11,4,20,16,臺中市,潭子區,0,0,0,6,,,,,,,,,,,,,,,,,,,,,,,,,,,,,,86,86,1,,,120.723317,24.194694,3
1392,66000,387130000C,(04)23274275,(04)23288582,2025,11,4,20,20,臺中市,南區,0,0,0,7,,,50,,,,,,,,,,,,,,17,,,,,C03,,,1,,1,,,87,87,1,12,4,120.654909,24.109347,3
1393,66000,387130000C,(04)23274275,(04)23288582,2025,11,4,20,26,臺中市,烏日區,0,0,0,7,1,6,30,13,9,1,5,4,6,6,4,4,10,5,5,2,12,3,10,3,1,B03,7,9,1,8,2,2,,8,8,1,6,4,120.627399,24.112271,4
1394,66000,387130000C,(04)23274275,(04)23288582,2025,11,4,20,27,臺中市,北屯區,0,2,0,7,1,6,50,13,8,1,5,4,6,6,4,4,1,4,4,1,12,2,9,1,1,C03,7,15,1,10,2,12,,42,42,1,6,4,120.668979,24.178083,2
1395,66000,387130000C,(04)23274275,(04)23288582,2025,11,4,20,33,臺中市,西區,0,1,0,6,1,6,40,13,8,1,5,4,6,6,4,4,1,4,4,2,17,2,9,1,1,C03,7,9,1,10,2,11,,84,84,1,13,4,120.661688,24.140163,2
1396,66000,387130000C,(04)23274275,(04)23288582,2025,11,4,20,34,臺中市,北區,0,0,0,7,,,50,,,,,,,,,,,,,,17,,,,,C03,,,1,,2,,,84,84,1,13,4,120.680358,24.158314,3
1397,66000,387130000C,(04)23274275,(04)23288582,2025,11,4,20,43,臺中市,北屯區,0,0,0,7,,,50,,,,,,,,,,,,,,,,,,,C03,,,1,,2,,,84,,1,13,4,120.694977,24.179862,3
1398,66000,387130000C,(04)23274275,(04)23288582,2025,11,4,20,52,臺中市,東區,0,0,0,7,,,50,,,,,,,,,,,,,,17,,,,,C03,,,1,,9,,,84,84,1,6,4,120.684208,24.132148,3
1399,66000,387130000C,(04)23274275,(04)23288582,2025,11,4,20,52,臺中市,南屯區,0,1,0,7,1,6,50,4,1,1,5,4,6,6,1,1,5,5,5,2,16,3,10,3,1,B03,7,6,1,8,2,2,,11,11,1,6,4,120.620839,24.140039,2
1400,66000,387130000C,(04)23274275,(04)23288582,2025,11,4,20,52,臺中市,太平區,0,1,0,7,1,6,50,13,7,1,5,4,6,6,4,4,5,2,4,1,17,2,9,1,1,C03,7,9,1,10,2,12,,58,58,1,6,4,120.729945,24.109858,2
1401,66000,387130000C,(04)23274275,(04)23288582,2025,11,4,20,54,臺中市,西屯區,0,1,0,7,1,6,50,5,1,1,5,4,6,6,2,1,10,5,5,2,12,2,7,2,4,C03,7,7,1,10,2,12,,40,40,1,13,4,120.641948,24.163243,2
1402,66000,387130000C,(04)23274275,(04)23288582,2025,11,4,20,58,臺中市,南屯區,0,0,0,7,,,50,,,,,,,,,,,,,,12,,,,,B03,,,1,,9,,,84,84,1,12,4,120.616944,24.152504,3
1403,66000,387130000C,(04)23274275,(04)23288582,2025,11,4,21,0,臺中市,大里區,0,0,0,7,,,50,,,,,,,,,,,,,,,,,,,B12,,,1,,2,,,51,51,1,12,4,120.68981,24.107882,3
1404,66000,387130000C,(04)23274275,(04)23288582,2025,11,4,21,1,臺中市,中區,0,0,0,6,,,50,,,,,,,,,,,,,,,,,,,B03,,,1,,2,,,49,49,1,12,4,120.676195,24.144875,3
1405,66000,387130000C,(04)23274275,(04)23288582,2025,11,4,21,1,臺中市,南屯區,0,3,0,7,1,6,50,13,7,1,5,4,6,6,4,4,1,4,1,2,18,2,9,5,4,C04,7,9,1,10,2,12,,84,84,1,13,4,120.620746,24.117463,2
1406,66000,387130000C,(04)23274275,(04)23288582,2025,11,4,21,2,臺中市,西屯區,0,1,0,7,1,6,40,3,1,1,5,4,6,6,2,1,10,5,5,2,16,3,10,5,4,B03,7,5,1,8,2,2,,47,47,1,12,4,120.602526,24.182538,2
1407,66000,387130000C,(04)23274275,(04)23288582,2025,11,4,21,4,臺中市,潭子區,0,0,0,6,,3,40,,,,,,,,,,,,,,,,,,,B03,,,1,,2,,,84,84,1,13,4,120.706606,24.200723,3
1408,66000,387130000C,(04)23274275,(04)23288582,2025,11,4,21,5,臺中市,西區,0,0,0,6,,,50,,,,,,,,,,,,,,,,,,,C03,,,1,,1,,,84,84,1,13,4,120.655291,24.151167,3
1409,66000,387130000C,(04)23274275,(04)23288582,2025,11,4,21,5,臺中市,南屯區,0,2,0,7,1,6,50,13,7,1,5,4,6,6,4,4,5,5,4,2,13,2,9,1,1,C03,7,9,1,10,2,11,,7,7,1,12,4,120.634773,24.154719,2
1410,66000,387130000C,(04)23274275,(04)23288582,2025,11,4,21,6,臺中市,大里區,0,0,0,7,,,50,,,,,,,,,,,,,,,,,,,B03,,,1,,2,,,1,1,1,12,4,120.702021,24.099053,4
1411,66000,387130000C,(04)23274275,(04)23288582,2025,11,4,21,18,臺中市,西屯區,0,0,0,7,,,40,,,,,,,,,,,,,,17,,,,,B03,,,1,,2,,,51,51,1,12,4,120.663106,24.180188,3
1412,66000,387130000C,(04)23274275,(04)23288582,2025,11,4,21,25,臺中市,東區,0,1,0,7,1,6,50,3,1,1,5,4,6,6,4,4,10,5,5,2,17,2,9,5,4,C03,7,9,1,10,2,11,,84,84,1,13,4,120.690928,24.147593,2
1413,66000,387130000C,(04)23274275,(04)23288582,2025,11,4,21,43,臺中市,西屯區,0,2,0,7,1,6,50,13,9,1,5,4,6,6,4,4,9,4,5,2,13,2,9,2,1,C03,7,1,1,10,2,13,11,51,51,1,12,4,120.655167,24.175501,2
1414,66000,387130000C,(04)23274275,(04)23288582,2025,11,4,21,45,臺中市,西區,0,0,0,7,,,50,,,,,,,,,,,,,,,,,,,C03,,,1,,1,,,7,7,1,5,4,120.658976,24.156165,3
1415,66000,387130000C,(04)23274275,(04)23288582,2025,11,4,21,48,臺中市,西屯區,0,0,0,7,,,40,,,,,,,,,,,,,,12,,,,,C03,,,1,,1,,,8,8,1,12,4,120.647417,24.183962,3
1416,66000,387130000C,(04)23274275,(04)23288582,2025,11,4,21,49,臺中市,北屯區,0,0,0,7,,,50,,,,,,,,,,,,,,17,,,,,B12,,,1,,2,,,35,35,1,6,4,120.70396,24.182162,3
1417,66000,387130000C,(04)23274275,(04)23288582,2025,11,4,22,0,臺中市,烏日區,0,0,0,7,,,50,,,,,,,,,,,,,,9,,,,,B03,,,1,,1,,,20,20,1,6,4,120.638998,24.108158,3
1418,66000,387130000C,(04)23274275,(04)23288582,2025,11,4,22,1,臺中市,豐原區,0,0,0,7,,,30,,,,,,,,,,,,,,13,,,,,B03,,,1,,2,,,7,7,1,12,4,120.720627,24.278277,3
1419,66000,387130000C,(04)23274275,(04)23288582,2025,11,4,22,3,臺中市,大里區,0,2,0,7,1,6,50,13,9,1,5,4,6,6,4,4,1,4,5,1,18,2,9,1,1,C03,7,9,1,10,2,11,,59,59,1,12,4,120.700046,24.116013,2
1420,66000,387130000C,(04)23274275,(04)23288582,2025,11,4,22,9,臺中市,西屯區,0,1,0,7,1,6,60,5,1,1,5,4,6,6,2,1,10,5,5,2,16,3,10,5,4,B03,7,5,1,8,2,5,,11,11,1,13,4,120.649759,24.162404,2
1421,66000,387130000C,(04)23274275,(04)23288582,2025,11,4,22,15,臺中市,北區,0,1,0,7,1,6,50,3,1,1,5,4,6,6,4,4,5,5,5,2,17,3,10,1,1,C03,7,5,1,10,1,13,,85,85,1,12,4,120.681761,24.15389,2
1422,66000,387130000C,(04)23274275,(04)23288582,2025,11,4,22,18,臺中市,南屯區,0,0,0,7,,,50,,,,,,,,,,,,,,17,,,,,,,,,,,,,119,119,1,,,120.591884,24.142413,3
1423,66000,387130000C,(04)23274275,(04)23288582,2025,11,4,22,19,臺中市,潭子區,0,2,0,6,1,6,60,3,1,1,5,4,6,6,1,1,1,4,4,1,17,2,9,2,1,C03,7,5,1,10,2,12,,11,11,1,13,4,120.704587,24.204476,2
1424,66000,387130000C,(04)23274275,(04)23288582,2025,11,4,22,23,臺中市,龍井區,0,3,0,7,1,6,30,4,1,1,5,4,6,6,4,4,10,5,5,2,15,2,9,1,1,C03,7,9,1,10,2,11,,15,15,1,6,4,120.51874,24.204737,2
1425,66000,387130000C,(04)23274275,(04)23288582,2025,11,4,22,26,臺中市,南屯區,0,1,0,7,1,6,50,13,9,1,5,4,6,6,1,1,1,4,5,2,17,2,9,6,1,F01,7,9,7,21,5,12,,21,21,1,12,4,120.646579,24.134661,2
1426,66000,387130000C,(04)23274275,(04)23288582,2025,11,4,22,30,臺中市,烏日區,0,0,0,7,,,40,,,,,,,,,,,,,,13,,,,,C03,,,1,,2,,,84,84,1,6,4,120.598105,24.111308,4
1427,66000,387130000C,(04)23274275,(04)23288582,2025,11,4,22,56,臺中市,東區,0,0,0,7,,,50,,,,,,,,,,,,,,,,,,,C03,,,1,,9,,,49,49,1,6,2,120.695796,24.150086,3
1428,66000,387130000C,(04)23274275,(04)23288582,2025,11,4,22,58,臺中市,西屯區,0,0,0,7,,,50,,,,,,,,,,,,,,9,,,,,B03,,,1,,9,,,87,87,1,13,4,120.589639,24.176266,3
1429,66000,387130000C,(04)23274275,(04)23288582,2025,11,4,23,0,臺中市,霧峰區,0,2,0,7,1,6,50,13,7,1,5,4,6,6,4,4,9,5,4,1,12,2,8,1,1,C03,7,11,1,10,2,14,,46,46,1,12,4,120.707215,24.076478,2
1430,66000,387130000C,(04)23274275,(04)23288582,2025,11,4,23,0,臺中市,沙鹿區,0,1,0,7,1,6,50,4,9,1,5,4,6,6,4,4,4,4,5,1,16,3,10,3,1,B03,7,6,1,8,2,5,,12,12,1,12,4,120.572037,24.219724,2
1431,66000,387130000C,(04)23274275,(04)23288582,2025,11,4,23,3,臺中市,西區,0,2,0,6,1,6,50,5,1,1,5,4,6,6,1,1,10,5,5,2,17,2,9,1,1,C03,7,6,1,10,2,14,,84,84,1,12,4,120.670492,24.153412,2
1432,66000,387130000C,(04)23274275,(04)23288582,2025,11,4,23,8,臺中市,西區,0,2,0,6,1,6,50,4,1,1,5,4,6,6,1,1,10,5,5,2,17,2,9,1,1,C03,7,9,1,10,2,11,,84,84,1,12,4,120.669808,24.147874,2
1433,66000,387130000C,(04)23274275,(04)23288582,2025,11,4,23,14,臺中市,西屯區,0,2,0,7,1,6,50,13,9,1,5,4,6,6,4,4,9,5,5,2,17,2,8,1,1,C03,7,1,1,10,2,14,,51,51,1,13,4,120.627275,24.18247,2
1434,66000,387130000C,(04)23274275,(04)23288582,2025,11,4,23,21,臺中市,北屯區,0,1,0,7,1,3,80,13,9,1,5,4,6,6,4,4,1,4,5,2,18,2,9,2,1,C01,7,7,1,9,2,14,,58,58,1,6,4,120.721196,24.179179,2
1435,66000,387130000C,(04)23274275,(04)23288582,2025,11,5,0,1,臺中市,西屯區,0,0,0,7,,,60,,,,,,,,,,,,,,13,,,,,B03,,,1,,1,,,59,59,1,13,4,120.632195,24.162101,3
1436,66000,387130000C,(04)23274275,(04)23288582,2025,11,5,0,22,臺中市,北屯區,0,1,0,7,2,6,50,3,1,1,5,4,6,6,4,4,5,5,5,1,17,2,7,2,1,C03,7,9,1,10,2,12,,58,58,1,12,4,120.674207,24.203924,2
1437,66000,387130000C,(04)23274275,(04)23288582,2025,11,5,0,35,臺中市,西屯區,0,2,0,7,1,6,50,4,1,1,5,4,6,6,2,1,10,5,5,2,15,2,9,2,1,C03,7,9,1,10,2,11,,21,21,1,13,4,120.653293,24.160822,2
1438,66000,387130000C,(04)23274275,(04)23288582,2025,11,5,0,56,臺中市,南區,0,1,0,7,1,6,50,4,1,1,5,4,6,6,4,4,9,4,5,2,15,3,10,3,1,B12,7,9,1,8,2,8,,20,20,1,12,4,120.667278,24.125659,2
1439,66000,387130000C,(04)23274275,(04)23288582,2025,11,5,1,0,臺中市,北屯區,0,0,0,7,,,50,,,,,,,,,,,,,,,,,,,B03,,,1,,2,,,59,59,1,6,4,120.690455,24.183403,3
1440,66000,387130000C,(04)23274275,(04)23288582,2025,11,5,1,53,臺中市,龍井區,0,0,0,7,,,50,,,,,,,,,,,,,,,,,,,B03,,,1,,1,,,7,7,1,12,4,120.585716,24.185847,3
1441,66000,387130000C,(04)23274275,(04)23288582,2025,11,5,2,52,臺中市,北屯區,0,1,0,7,1,6,40,13,8,1,5,4,6,6,4,4,5,5,4,2,17,2,9,2,2,C03,7,9,1,10,2,11,,62,62,1,12,4,120.723373,24.169748,2
1442,66000,387130000C,(04)23274275,(04)23288582,2025,11,5,3,6,臺中市,西區,0,1,0,6,1,9,30,18,24,4,5,4,6,6,4,4,10,5,5,2,30,2,9,5,1,F07,7,9,7,21,2,15,,84,84,1,13,4,120.655816,24.136458,2
1443,66000,387130000C,(04)23274275,(04)23288582,2025,11,5,3,7,臺中市,西屯區,0,1,0,7,1,6,50,3,1,1,5,4,6,6,2,1,10,5,5,2,10,2,9,3,1,B12,7,9,1,7,2,1,,59,59,1,13,4,120.619333,24.168385,2
1444,66000,387130000C,(04)23274275,(04)23288582,2025,11,5,5,52,臺中市,潭子區,0,1,0,7,1,6,30,4,1,1,5,4,6,6,3,1,10,5,5,2,15,2,7,6,1,F01,7,9,7,21,2,12,,59,59,1,12,4,120.705133,24.204605,2
1445,66000,387130000C,(04)23274275,(04)23288582,2025,11,5,6,17,臺中市,龍井區,0,2,0,7,2,6,50,4,1,1,5,4,6,6,4,4,10,5,5,2,16,2,9,1,1,C03,7,6,1,10,2,11,,14,14,1,6,4,120.548137,24.202916,2
1446,66000,387130000C,(04)23274275,(04)23288582,2025,11,5,6,23,臺中市,梧棲區,0,1,0,7,3,6,50,13,9,1,5,4,6,6,4,4,5,5,5,2,16,3,10,3,1,B03,7,6,1,8,2,2,,26,26,1,6,4,120.541788,24.249029,2
1447,66000,387130000C,(04)23274275,(04)23288582,2025,11,5,6,30,臺中市,西屯區,0,1,0,7,2,6,40,13,8,1,5,4,6,6,4,4,1,4,1,2,18,2,9,1,1,C03,7,9,1,10,2,16,,59,59,1,13,4,120.607874,24.184164,2
1448,66000,387130000C,(04)23274275,(04)23288582,2025,11,5,6,37,臺中市,南區,0,1,0,7,2,6,50,11,9,1,5,4,6,6,4,4,5,5,5,2,12,2,9,2,1,C03,7,9,1,10,2,14,,84,84,1,12,4,120.659594,24.130358,2
1449,66000,387130000C,(04)23274275,(04)23288582,2025,11,5,6,39,臺中市,大里區,0,1,0,7,3,6,40,13,8,1,5,4,6,6,4,4,5,5,4,1,30,2,9,1,1,C03,7,9,1,10,2,11,14,84,84,1,12,4,120.70723,24.095129,2
1450,66000,387130000C,(04)23274275,(04)23288582,2025,11,5,6,45,臺中市,南屯區,0,0,0,7,,3,40,,,,,,,,,,,,,,13,,,,,B03,,,1,,1,,,7,7,1,12,4,120.621618,24.134699,3
1451,66000,387130000C,(04)23274275,(04)23288582,2025,11,5,6,50,臺中市,沙鹿區,0,2,0,7,2,6,50,3,1,1,5,4,6,6,1,1,10,5,5,2,15,2,9,2,1,C03,7,9,1,10,2,11,,21,21,1,6,4,120.573296,24.226217,2
1452,66000,387130000C,(04)23274275,(04)23288582,2025,11,5,6,58,臺中市,西屯區,0,1,0,7,2,6,50,13,9,1,5,4,6,6,4,4,1,4,5,2,9,3,10,2,1,C03,7,9,1,10,2,11,,83,83,1,12,4,120.651111,24.166278,2
1453,66000,387130000C,(04)23274275,(04)23288582,2025,11,5,6,58,臺中市,西屯區,0,1,0,7,2,6,50,3,2,1,5,4,6,6,2,1,1,3,1,2,13,3,10,5,4,A12,7,9,1,8,2,1,,59,59,1,13,4,120.62904,24.163157,2
1454,66000,387130000C,(04)23274275,(04)23288582,2025,11,5,7,8,臺中市,大甲區,0,2,0,7,2,6,50,13,9,1,5,4,6,6,4,4,5,5,5,1,16,2,7,2,1,C03,7,9,1,10,2,12,,7,7,1,6,4,120.654943,24.388852,2
1455,66000,387130000C,(04)23274275,(04)23288582,2025,11,5,7,9,臺中市,沙鹿區,0,1,0,7,2,6,50,4,1,1,5,4,6,6,1,1,10,5,5,2,16,2,8,1,1,C03,7,6,1,10,2,12,,48,48,1,6,4,120.56481,24.240959,2
1456,66000,387130000C,(04)23274275,(04)23288582,2025,11,5,7,13,臺中市,北區,0,0,0,7,3,9,0,13,21,4,5,4,6,6,4,4,10,5,5,2,17,,,,,C03,,,1,,9,,,84,84,1,12,4,120.68321,24.146342,3
1457,66000,387130000C,(04)23274275,(04)23288582,2025,11,5,7,13,臺中市,西屯區,0,0,0,7,,,50,,,,,,,,,,,,,,12,,,,,B03,,,1,,1,,,40,40,1,12,4,120.617285,24.185562,3
1458,66000,387130000C,(04)23274275,(04)23288582,2025,11,5,7,14,臺中市,北屯區,0,0,0,7,,3,80,,,,,,,,,,,,,,17,,,,,A41,,,1,,9,,,40,40,1,6,4,120.720874,24.171857,3
1459,66000,387130000C,(04)23274275,(04)23288582,2025,11,5,7,15,臺中市,霧峰區,0,1,0,7,3,6,50,4,1,1,5,4,6,6,1,1,10,5,5,1,15,3,10,3,1,B02,7,9,1,8,2,1,,21,21,1,12,4,120.695639,24.071376,2
1460,66000,387130000C,(04)23274275,(04)23288582,2025,11,5,7,16,臺中市,北屯區,0,1,0,7,3,6,50,4,1,1,5,4,6,6,2,1,10,5,5,2,17,3,10,3,1,B03,7,5,1,8,2,6,,20,20,1,6,4,120.678355,24.183995,2
1461,66000,387130000C,(04)23274275,(04)23288582,2025,11,5,7,16,臺中市,西屯區,0,0,0,7,,,40,,,,,,,,,,,,,,,,,,,B03,,,1,,1,,,51,51,1,12,4,120.658339,24.195372,3
1462,66000,387130000C,(04)23274275,(04)23288582,2025,11,5,7,20,臺中市,太平區,0,2,0,7,2,6,50,4,1,1,5,4,6,6,4,4,10,5,5,2,15,2,9,1,4,C03,7,9,1,10,2,11,,15,15,1,13,4,120.717318,24.116338,2
1463,66000,387130000C,(04)23274275,(04)23288582,2025,11,5,7,21,臺中市,南屯區,0,1,0,7,3,6,50,4,1,1,5,4,6,6,1,1,10,5,5,2,16,3,10,3,1,B03,7,6,1,8,3,1,,11,11,1,12,4,120.652969,24.153591,2
1464,66000,387130000C,(04)23274275,(04)23288582,2025,11,5,7,23,臺中市,大里區,0,0,0,6,,,50,,,,,,,,,,,,,,17,,,,,C03,,,1,,2,,,48,48,1,13,4,120.690526,24.090038,3
1465,66000,387130000C,(04)23274275,(04)23288582,2025,11,5,7,25,臺中市,南區,0,1,0,7,2,6,50,4,1,1,5,4,6,6,2,1,10,5,5,2,17,2,8,2,1,C03,7,6,1,10,1,14,,48,48,1,6,4,120.666673,24.113943,2
1466,66000,387130000C,(04)23274275,(04)23288582,2025,11,5,7,26,臺中市,潭子區,0,0,0,7,,,30,,,,,,,,,,,,,,,,,,,B03,,,1,,2,,,49,49,1,13,4,120.712907,24.230194,3
1467,66000,387130000C,(04)23274275,(04)23288582,2025,11,5,7,30,臺中市,西區,0,1,0,7,3,6,50,4,1,1,5,4,6,6,1,1,10,5,5,2,9,3,10,3,1,A04,7,6,1,1,2,15,,84,84,1,12,4,120.673587,24.147661,2
1468,66000,387130000C,(04)23274275,(04)23288582,2025,11,5,7,30,臺中市,南屯區,0,0,0,7,,3,40,,,,,,,,,,,,,,13,,,,,B03,,,1,,1,,,7,7,1,13,4,120.619885,24.124576,3