序號,縣市別代碼,機關代碼,市話,傳真,年,月,日,時,分,縣市,區,死亡數量,受傷數量,2-30,天候,道路照明設備,道路類別,道路速限,道路型態,事故位置,路面鋪裝,路面狀態,路面缺陷,障礙物,視距,號誌種類,號誌動作,分向設施,快車道或一般車道間,快慢車道間,路面邊線,事故類型及型態,受傷程度,主要傷處,保護裝備,行動電話或功能裝置,當事者區分(類別),車輛用途,當事者行動狀態,駕照狀態,駕照種類,飲酒情形,車輛撞擊部位最初,車輛撞擊部位其他,肇事因素個別,肇事因素主要,肇事逃逸,職業,共享經濟或外送平台,GPS座標X,GPS座標Y,事故類別
1469,66000,387130000C,(04)23274275,(04)23288582,2025,11,5,7,30,臺中市,大甲區,0,0,0,7,,,50,,,,,,,,,,,,,,13,,,,,B03,,,1,,1,,,7,7,1,6,4,120.651877,24.405051,3
1470,66000,387130000C,(04)23274275,(04)23288582,2025,11,5,7,31,臺中市,大里區,0,0,0,7,,,40,,,,,,,,,,,,,,13,,,,,C03,,,1,,2,,,7,7,1,6,4,120.729437,24.092691,3
1471,66000,387130000C,(04)23274275,(04)23288582,2025,11,5,7,32,臺中市,南屯區,0,1,0,7,2,6,40,13,9,1,5,4,6,6,4,4,9,4,5,2,17,2,9,1,1,C03,7,9,1,11,2,11,,84,84,1,12,4,120.61676,24.139574,2
1472,66000,387130000C,(04)23274275,(04)23288582,2025,11,5,7,32,臺中市,北屯區,0,0,0,7,,3,80,,,,,,,,,,,,,,13,,,,,B03,,,1,,1,,,7,7,1,6,4,120.694144,24.201018,3
1473,66000,387130000C,(04)23274275,(04)23288582,2025,11,5,7,33,臺中市,北屯區,0,0,0,7,,,50,,,,,,,,,,,,,,,,,,,F01,,,7,,1,,,84,84,1,13,4,120.692817,24.16273,3
1474,66000,387130000C,(04)23274275,(04)23288582,2025,11,5,7,33,臺中市,西屯區,0,1,0,7,2,6,50,4,1,1,5,4,6,6,1,1,10,5,5,2,13,2,8,1,4,C03,7,5,1,10,2,11,14,7,7,1,12,4,120.624316,24.194298,2
1475,66000,387130000C,(04)23274275,(04)23288582,2025,11,5,7,35,臺中市,大雅區,0,2,0,7,2,6,50,4,2,1,5,4,6,6,1,1,5,5,4,1,12,2,9,2,1,C03,7,6,3,19,2,13,,48,48,1,13,4,120.653212,24.217783,2
1476,66000,387130000C,(04)23274275,(04)23288582,2025,11,5,7,35,臺中市,大雅區,0,1,0,7,2,6,50,13,9,1,5,4,6,6,4,4,5,4,5,1,17,3,10,3,1,B03,7,1,1,8,2,1,,51,51,1,12,4,120.674869,24.233333,2
1477,66000,387130000C,(04)23274275,(04)23288582,2025,11,5,7,35,臺中市,北屯區,0,2,0,7,2,6,50,4,1,1,5,4,6,6,1,1,10,5,5,2,16,2,8,1,1,C03,7,6,1,10,2,11,,11,11,1,6,4,120.66515,24.18389,2
1478,66000,387130000C,(04)23274275,(04)23288582,2025,11,5,7,35,臺中市,太平區,0,1,0,7,2,6,30,3,1,1,5,4,6,6,4,4,10,5,5,2,16,2,9,2,1,C03,7,4,1,10,1,12,,1,1,1,12,4,120.729356,24.129593,2
1479,66000,387130000C,(04)23274275,(04)23288582,2025,11,5,7,37,臺中市,豐原區,0,1,0,7,2,9,50,4,1,1,5,4,6,6,1,1,5,5,4,2,13,2,9,5,4,C03,7,9,1,10,2,11,,7,7,1,13,4,120.712753,24.25084,2
1480,66000,387130000C,(04)23274275,(04)23288582,2025,11,5,7,38,臺中市,北屯區,0,1,0,7,1,6,50,13,9,1,5,4,6,6,4,4,5,4,5,2,12,3,10,3,1,B03,7,9,1,8,2,2,,1,1,1,13,4,120.679186,24.174213,2
1481,66000,387130000C,(04)23274275,(04)23288582,2025,11,5,7,38,臺中市,霧峰區,0,0,0,7,,,60,,,,,,,,,,,,,,17,,,,,,,,,,,,,86,86,1,,,120.696722,24.070251,3
1482,66000,387130000C,(04)23274275,(04)23288582,2025,11,5,7,40,臺中市,北屯區,0,3,0,7,1,6,50,3,9,1,5,4,6,6,2,1,1,3,5,2,13,2,8,1,1,C03,7,9,1,10,2,11,,7,7,1,6,4,120.71518,24.17434,2
1483,66000,387130000C,(04)23274275,(04)23288582,2025,11,5,7,40,臺中市,西屯區,0,0,0,7,,,50,,,,,,,,,,,,,,13,,,,,C03,,,1,,1,,,7,7,1,13,4,120.657995,24.200981,3
1484,66000,387130000C,(04)23274275,(04)23288582,2025,11,5,7,41,臺中市,大雅區,0,0,0,7,,,30,,,,,,,,,,,,,,,,,,,B03,,,1,,1,,,49,49,1,13,4,120.663595,24.220304,3
1485,66000,387130000C,(04)23274275,(04)23288582,2025,11,5,7,41,臺中市,梧棲區,0,0,0,7,,,50,,,,,,,,,,,,,,16,,,,,B03,,,1,,1,,,12,12,1,12,4,120.532928,24.252164,3
1486,66000,387130000C,(04)23274275,(04)23288582,2025,11,5,7,41,臺中市,梧棲區,0,3,0,7,2,6,50,4,1,1,5,4,6,6,3,1,10,5,5,2,16,2,9,1,1,C03,7,6,1,10,2,11,,48,48,1,12,4,120.535755,24.264607,2
1487,66000,387130000C,(04)23274275,(04)23288582,2025,11,5,7,42,臺中市,北屯區,0,0,0,7,,3,80,,,,,,,,,,,,,,17,,,,,B03,,,1,,1,,,40,40,1,6,4,120.694144,24.201018,3
1488,66000,387130000C,(04)23274275,(04)23288582,2025,11,5,7,43,臺中市,西區,0,0,0,7,,,50,,,,,,,,,,,,,,,,,,,B12,,,1,,1,,,7,7,1,6,4,120.657614,24.133942,3
1489,66000,387130000C,(04)23274275,(04)23288582,2025,11,5,7,45,臺中市,烏日區,0,0,0,7,,,50,,,,,,,,,,,,,,17,,,,,B03,,,1,,2,,,7,7,1,13,4,120.616757,24.11585,3
1490,66000,387130000C,(04)23274275,(04)23288582,2025,11,5,7,45,臺中市,沙鹿區,0,1,0,7,2,6,50,4,1,1,5,4,6,6,1,1,10,5,5,2,17,3,10,3,1,B03,7,9,1,8,2,1,,87,87,1,6,4,120.566683,24.202869,2
1491,66000,387130000C,(04)23274275,(04)23288582,2025,11,5,7,46,臺中市,北屯區,0,0,0,7,,,,,,,,,,,,,,,,,24,,,,,,,,,,,,,116,116,1,,5,120.70328,24.182151,3
1492,66000,387130000C,(04)23274275,(04)23288582,2025,11,5,7,47,臺中市,潭子區,0,1,0,7,3,6,50,3,1,1,5,4,6,6,4,4,10,5,5,1,13,3,10,2,1,C03,7,5,1,10,2,11,,7,7,1,12,4,120.678094,24.223283,2
1493,66000,387130000C,(04)23274275,(04)23288582,2025,11,5,7,47,臺中市,東勢區,0,0,0,7,,,40,,,,,,,,,,,,,,,,,,,F01,,,7,,2,,,40,40,1,12,4,120.829618,24.257952,3
1494,66000,387130000C,(04)23274275,(04)23288582,2025,11,5,7,50,臺中市,北屯區,0,0,0,7,,3,80,,,,,,,,,,,,,,13,,,,,B12,,,1,,1,,,7,7,1,6,4,120.694144,24.201018,3
1495,66000,387130000C,(04)23274275,(04)23288582,2025,11,5,7,50,臺中市,清水區,0,0,0,7,,,60,,,,,,,,,,,,,,12,,,,,A11,,,1,,2,,,40,40,1,6,4,120.570932,24.267526,3
1496,66000,387130000C,(04)23274275,(04)23288582,2025,11,5,7,52,臺中市,北區,0,0,0,7,,,50,,,,,,,,,,,,,,17,,,,,B02,,,1,,1,,,84,84,1,12,4,120.688902,24.159543,3
1497,66000,387130000C,(04)23274275,(04)23288582,2025,11,5,7,55,臺中市,東區,0,0,0,7,,,50,,,,,,,,,,,,,,12,,,,,B03,,,1,,1,,,40,40,1,12,4,120.689263,24.140063,3
1498,66000,387130000C,(04)23274275,(04)23288582,2025,11,5,7,55,臺中市,霧峰區,0,1,0,7,2,6,40,5,1,1,5,4,6,6,4,4,10,5,5,1,17,3,10,1,1,F03,7,9,7,21,2,14,,4,4,1,13,4,120.675303,24.056461,2
1499,66000,387130000C,(04)23274275,(04)23288582,2025,11,5,7,55,臺中市,大肚區,0,1,0,7,1,6,40,3,2,1,5,4,6,6,2,1,1,4,5,1,13,3,10,2,1,C03,7,9,1,10,2,11,,7,7,1,6,4,120.552568,24.135886,2
1500,66000,387130000C,(04)23274275,(04)23288582,2025,11,5,7,57,臺中市,神岡區,0,1,0,7,3,6,50,3,1,1,5,4,6,6,1,1,5,5,5,2,16,3,10,3,1,B03,7,6,1,8,2,8,,41,41,1,13,4,120.652002,24.28109,2
1501,66000,387130000C,(04)23274275,(04)23288582,2025,11,5,7,58,臺中市,外埔區,0,0,0,7,2,6,30,3,1,1,5,4,6,6,4,4,10,5,5,1,16,3,10,3,1,B03,7,6,1,8,2,2,,14,14,1,12,4,120.654779,24.327443,3
1502,66000,387130000C,(04)23274275,(04)23288582,2025,11,5,8,0,臺中市,西屯區,0,1,0,7,2,6,40,3,1,1,5,4,6,6,1,1,10,5,5,2,16,2,9,5,1,C03,7,9,1,10,2,14,,7,7,1,12,4,120.632195,24.162101,2
1503,66000,387130000C,(04)23274275,(04)23288582,2025,11,5,8,0,臺中市,清水區,0,1,0,7,2,6,40,10,17,1,5,4,6,6,4,4,1,4,1,1,13,2,9,2,1,C03,7,9,1,10,2,11,,59,59,1,13,4,120.571001,24.267122,2
1504,66000,387130000C,(04)23274275,(04)23288582,2025,11,5,8,2,臺中市,西區,0,1,0,7,2,6,50,13,9,1,5,4,1,6,4,4,5,5,5,2,18,2,9,5,4,C03,7,9,1,10,2,15,,84,84,1,12,4,120.671956,24.151317,2
1505,66000,387130000C,(04)23274275,(04)23288582,2025,11,5,8,2,臺中市,北屯區,0,0,0,7,,,50,,,,,,,,,,,,,,17,,,,,B02,,,1,,2,,,59,59,1,6,4,120.779642,24.210781,3
1506,66000,387130000C,(04)23274275,(04)23288582,2025,11,5,8,4,臺中市,北區,0,0,0,7,,,50,,,,,,,,,,,,,,17,,,,,B03,,,1,,2,,,84,84,1,13,4,120.67697,24.156205,4
1507,66000,387130000C,(04)23274275,(04)23288582,2025,11,5,8,7,臺中市,西區,0,2,0,7,2,6,50,4,3,1,5,4,6,6,1,1,1,2,5,2,13,2,8,2,1,C03,7,9,1,10,2,12,,7,7,1,12,4,120.667365,24.131657,2
1508,66000,387130000C,(04)23274275,(04)23288582,2025,11,5,8,8,臺中市,西屯區,0,2,0,7,2,6,50,4,1,1,5,4,6,6,1,1,10,5,5,1,16,2,9,2,1,C03,7,6,1,10,2,11,,11,11,1,12,4,120.638016,24.172758,2
1509,66000,387130000C,(04)23274275,(04)23288582,2025,11,5,8,10,臺中市,大肚區,0,1,0,7,2,6,50,4,1,1,5,4,6,6,2,1,5,5,5,2,12,2,9,2,1,C03,7,6,1,10,2,14,13,85,85,1,6,4,120.572346,24.155758,2
1510,66000,387130000C,(04)23274275,(04)23288582,2025,11,5,8,15,臺中市,東區,0,1,0,7,1,6,50,4,1,1,5,4,6,6,4,4,10,5,5,2,15,3,10,5,4,B03,7,9,1,8,2,2,,12,12,1,13,4,120.708335,24.141188,2
1511,66000,387130000C,(04)23274275,(04)23288582,2025,11,5,8,16,臺中市,南區,0,1,0,7,3,6,50,13,9,1,5,4,6,6,4,4,1,5,5,2,13,2,9,2,1,C03,7,9,1,10,2,11,,7,7,1,6,4,120.679442,24.12446,2
1512,66000,387130000C,(04)23274275,(04)23288582,2025,11,5,8,16,臺中市,大里區,0,0,0,7,,,60,,,,,,,,,,,,,,13,,,,,B03,,,1,,2,,,59,59,1,6,4,120.6667,24.105505,3
1513,66000,387130000C,(04)23274275,(04)23288582,2025,11,5,8,16,臺中市,霧峰區,0,0,0,7,,,5,,,,,,,,,,,,,,17,,,,,B12,,,1,,2,,,45,45,1,6,4,120.712467,24.074846,3
1514,66000,387130000C,(04)23274275,(04)23288582,2025,11,5,8,17,臺中市,南屯區,0,1,0,7,3,6,50,4,1,1,5,4,6,6,1,1,10,5,5,2,16,3,10,3,1,B01,7,6,1,4,2,1,,11,11,1,12,4,120.649742,24.153647,2
1515,66000,387130000C,(04)23274275,(04)23288582,2025,11,5,8,17,臺中市,大甲區,0,0,0,7,,,70,,,,,,,,,,,,,,12,,,,,B03,,,1,,2,,,40,40,1,6,4,120.648582,24.376594,3
1516,66000,387130000C,(04)23274275,(04)23288582,2025,11,5,8,20,臺中市,北屯區,0,0,0,7,,,50,,,,,,,,,,,,,,,,,,,B03,,,1,,1,,,41,41,1,13,4,120.695348,24.200347,4
1517,66000,387130000C,(04)23274275,(04)23288582,2025,11,5,8,21,臺中市,潭子區,0,0,0,7,,,50,,,,,,,,,,,,,,,,,,,B12,,,1,,2,,,56,56,1,13,4,120.67959,24.205631,3
1518,66000,387130000C,(04)23274275,(04)23288582,2025,11,5,8,22,臺中市,北屯區,0,0,0,7,,,50,,,,,,,,,,,,,,12,,,,,B03,,,1,,2,,,8,8,1,6,4,120.719574,24.163201,3
1519,66000,387130000C,(04)23274275,(04)23288582,2025,11,5,8,23,臺中市,烏日區,0,0,0,7,2,6,70,13,7,1,5,4,6,6,1,1,1,4,4,1,12,3,10,3,1,B03,7,9,1,8,1,2,,8,8,1,6,4,120.603676,24.109561,3
1520,66000,387130000C,(04)23274275,(04)23288582,2025,11,5,8,23,臺中市,沙鹿區,0,1,0,7,2,6,50,4,1,1,5,4,6,6,4,4,10,5,5,2,16,2,9,2,1,C03,7,6,1,10,2,13,,48,48,1,6,4,120.561525,24.233667,2
1521,66000,387130000C,(04)23274275,(04)23288582,2025,11,5,8,26,臺中市,北區,0,1,0,7,2,6,50,3,1,1,5,4,6,6,4,4,1,4,5,2,16,3,10,3,1,B03,7,5,1,8,2,2,,47,47,1,12,4,120.685887,24.155351,2
1522,66000,387130000C,(04)23274275,(04)23288582,2025,11,5,8,27,臺中市,北屯區,0,0,0,7,,,50,,,,,,,,,,,,,,,,,,,B03,,,1,,1,,,39,39,1,13,4,120.691327,24.170858,3
1523,66000,387130000C,(04)23274275,(04)23288582,2025,11,5,8,27,臺中市,西屯區,0,0,0,7,,,30,,,,,,,,,,,,,,14,,,,,B03,,,1,,1,,,49,49,1,12,4,120.640325,24.169217,3
1524,66000,387130000C,(04)23274275,(04)23288582,2025,11,5,8,29,臺中市,西屯區,0,1,0,7,2,6,35,3,2,1,5,4,6,6,4,4,10,5,5,2,14,3,10,5,4,B03,7,2,1,8,2,3,,49,49,1,13,4,120.627522,24.17685,2
1525,66000,387130000C,(04)23274275,(04)23288582,2025,11,5,8,29,臺中市,大肚區,0,2,0,7,2,6,50,13,9,1,5,4,6,6,4,4,5,4,5,1,12,2,7,5,1,F01,7,6,7,21,2,11,,48,48,1,12,4,120.544192,24.155791,2
1526,66000,387130000C,(04)23274275,(04)23288582,2025,11,5,8,30,臺中市,西區,0,1,0,7,3,6,50,13,9,1,5,4,6,6,4,4,5,5,5,2,13,2,9,2,1,C03,7,9,1,10,1,14,,7,7,1,12,4,120.655103,24.13845,2
1527,66000,387130000C,(04)23274275,(04)23288582,2025,11,5,8,30,臺中市,北屯區,0,0,0,7,,,50,,,,,,,,,,,,,,,,,,,B03,,,1,,1,,,84,84,1,13,4,120.686611,24.197561,3
1528,66000,387130000C,(04)23274275,(04)23288582,2025,11,5,8,31,臺中市,東區,0,0,0,7,,,30,,,,,,,,,,,,,,16,,,,,B03,,,1,,1,,,14,14,1,6,4,120.691665,24.132809,3
1529,66000,387130000C,(04)23274275,(04)23288582,2025,11,5,8,32,臺中市,大雅區,0,2,0,7,2,6,70,11,7,1,5,4,6,6,4,4,1,4,5,1,17,2,9,1,1,C03,7,9,1,10,2,11,,84,84,1,12,4,120.629138,24.241655,2
1530,66000,387130000C,(04)23274275,(04)23288582,2025,11,5,8,32,臺中市,中區,0,0,0,7,,,50,,,,,,,,,,,,,,,,,,,B03,,,1,,1,,,84,84,1,6,4,120.678226,24.141336,3
1531,66000,387130000C,(04)23274275,(04)23288582,2025,11,5,8,32,臺中市,北屯區,0,1,0,7,2,6,50,13,9,1,5,4,6,6,4,4,4,3,5,2,12,3,10,3,1,B03,7,7,1,8,2,5,,85,85,1,11,4,120.695757,24.164987,2
1532,66000,387130000C,(04)23274275,(04)23288582,2025,11,5,8,32,臺中市,西屯區,0,2,0,7,2,6,50,4,1,1,5,4,6,6,1,1,1,4,5,2,13,2,9,2,1,C03,7,9,1,10,2,11,,7,7,1,12,4,120.64942,24.162465,2
1533,66000,387130000C,(04)23274275,(04)23288582,2025,11,5,8,33,臺中市,西區,0,0,0,7,,,50,,,,,,,,,,,,,,12,,,,,B03,,,1,,1,,,2,2,1,12,4,120.659687,24.157317,3
1534,66000,387130000C,(04)23274275,(04)23288582,2025,11,5,8,34,臺中市,石岡區,0,1,0,7,2,6,30,13,9,1,5,4,6,6,4,4,10,5,5,1,13,2,9,5,4,C03,7,9,1,10,2,11,,7,7,1,13,4,120.791229,24.274208,2
1535,66000,387130000C,(04)23274275,(04)23288582,2025,11,5,8,36,臺中市,大雅區,0,2,0,7,2,6,50,13,9,1,5,4,6,6,4,4,5,5,5,1,12,2,9,2,1,C03,7,9,1,10,2,13,,84,84,1,13,4,120.64999,24.221361,2
1536,66000,387130000C,(04)23274275,(04)23288582,2025,11,5,8,36,臺中市,西區,0,0,0,7,,,50,,,,,,,,,,,,,,13,,,,,B03,,,1,,1,,,84,84,1,12,4,120.653671,24.153403,3
1537,66000,387130000C,(04)23274275,(04)23288582,2025,11,5,8,38,臺中市,南屯區,0,0,0,7,,,50,,,,,,,,,,,,,,13,,,,,C03,,,1,,1,,,7,7,1,13,4,120.647385,24.141777,3
1538,66000,387130000C,(04)23274275,(04)23288582,2025,11,5,8,38,臺中市,太平區,0,2,0,7,2,6,50,13,9,1,5,4,6,6,4,4,5,5,5,1,16,2,9,1,4,C03,7,11,1,10,2,12,,45,45,1,13,4,120.718844,24.126988,2
1539,66000,387130000C,(04)23274275,(04)23288582,2025,11,5,8,38,臺中市,烏日區,0,0,0,7,,,40,,,,,,,,,,,,,,19,,,,,B03,,,1,,2,,,82,82,1,12,4,120.593596,24.108118,3
1540,66000,387130000C,(04)23274275,(04)23288582,2025,11,5,8,39,臺中市,南區,0,1,0,7,1,6,50,4,1,1,5,4,6,6,2,1,10,5,5,2,17,3,10,5,4,B03,7,1,1,8,1,8,,51,51,1,13,4,120.648486,24.119814,2
1541,66000,387130000C,(04)23274275,(04)23288582,2025,11,5,8,44,臺中市,大肚區,0,1,0,7,2,6,50,13,9,1,5,4,6,6,4,4,5,5,5,2,16,3,10,3,1,B03,7,5,1,8,2,2,,20,20,1,6,4,120.57212,24.155328,2
1542,66000,387130000C,(04)23274275,(04)23288582,2025,11,5,8,45,臺中市,西屯區,0,2,0,7,2,6,30,4,1,1,5,4,6,6,4,4,10,5,5,2,15,2,9,5,1,C03,7,9,1,10,2,11,,15,15,1,12,4,120.652656,24.16481,2
1543,66000,387130000C,(04)23274275,(04)23288582,2025,11,5,8,45,臺中市,西屯區,0,0,0,7,,,60,,,,,,,,,,,,,,,,,,,B03,,,1,,2,,,59,59,1,12,4,120.62086,24.179946,3
1544,66000,387130000C,(04)23274275,(04)23288582,2025,11,5,8,45,臺中市,烏日區,0,0,0,7,,,60,,,,,,,,,,,,,,13,,,,,B03,,,1,,1,,,59,59,1,12,4,120.607685,24.11216,3
1545,66000,387130000C,(04)23274275,(04)23288582,2025,11,5,8,47,臺中市,南區,0,0,0,7,,,50,,,,,,,,,,,,,,,,,,,B03,,,1,,1,,,47,47,1,6,4,120.669661,24.127414,3
1546,66000,387130000C,(04)23274275,(04)23288582,2025,11,5,8,47,臺中市,北屯區,0,2,0,7,3,6,50,13,9,1,5,4,6,6,4,4,5,4,5,2,13,2,9,1,1,C03,7,9,1,10,2,11,,7,7,1,6,4,120.687313,24.169572,2
1547,66000,387130000C,(04)23274275,(04)23288582,2025,11,5,8,47,臺中市,西屯區,0,1,0,7,2,6,50,3,1,1,5,4,6,6,4,4,10,5,5,2,16,3,10,5,4,B03,7,6,1,8,2,8,,14,14,1,12,4,120.593244,24.179445,2
1548,66000,387130000C,(04)23274275,(04)23288582,2025,11,5,8,47,臺中市,后里區,0,1,0,7,2,6,50,4,1,1,5,4,6,6,1,1,5,5,5,1,16,3,10,1,1,C03,7,6,1,10,2,11,,11,11,1,12,4,120.73078,24.308116,2
1549,66000,387130000C,(04)23274275,(04)23288582,2025,11,5,8,48,臺中市,后里區,0,0,0,7,,,60,,,,,,,,,,,,,,12,,,,,B13,,,1,,2,,,8,8,1,6,4,120.72285,24.310421,3
1550,66000,387130000C,(04)23274275,(04)23288582,2025,11,5,8,52,臺中市,北屯區,0,2,0,7,3,6,50,3,2,1,5,4,6,6,1,1,5,5,5,2,13,2,9,1,1,C03,7,9,1,10,2,11,,59,59,1,5,4,120.709662,24.175486,2
1551,66000,387130000C,(04)23274275,(04)23288582,2025,11,5,8,55,臺中市,西屯區,0,1,0,7,2,6,50,4,1,1,5,4,6,6,2,1,9,5,5,2,16,3,10,3,1,B03,7,6,1,8,2,6,,11,11,1,12,4,120.642978,24.176991,2
1552,66000,387130000C,(04)23274275,(04)23288582,2025,11,5,8,58,臺中市,霧峰區,0,1,0,7,3,6,30,11,9,1,5,4,6,6,4,4,10,5,5,1,11,3,10,3,1,B03,7,9,1,8,2,4,,84,84,1,12,4,120.691126,24.024759,2
1553,66000,387130000C,(04)23274275,(04)23288582,2025,11,5,9,1,臺中市,潭子區,0,1,0,7,3,6,50,3,1,1,5,4,6,6,1,1,10,5,5,2,16,3,10,3,1,B03,7,6,1,8,2,8,,84,84,1,12,4,120.710634,24.227095,2
1554,66000,387130000C,(04)23274275,(04)23288582,2025,11,5,9,1,臺中市,南屯區,0,0,0,7,,,50,,,,,,,,,,,,,,13,,,,,B03,,,1,,1,,,59,59,1,12,4,120.62308,24.149715,3
1555,66000,387130000C,(04)23274275,(04)23288582,2025,11,5,9,3,臺中市,西屯區,0,2,0,7,2,6,50,13,9,1,5,4,6,6,4,4,4,4,5,2,12,2,9,5,4,C03,7,8,1,10,2,13,,40,40,1,13,4,120.63052,24.158622,2
1556,66000,387130000C,(04)23274275,(04)23288582,2025,11,5,9,5,臺中市,潭子區,0,1,0,7,3,6,50,4,1,1,5,4,6,6,1,1,3,4,5,1,17,3,10,3,1,B03,7,11,1,8,2,8,,45,45,1,13,4,120.711606,24.210205,2
1557,66000,387130000C,(04)23274275,(04)23288582,2025,11,5,9,6,臺中市,北屯區,0,0,0,7,,,50,,,,,,,,,,,,,,17,,,,,B12,,,1,,2,,,50,50,1,6,4,120.696398,24.181085,3
1558,66000,387130000C,(04)23274275,(04)23288582,2025,11,5,9,6,臺中市,北屯區,0,1,0,7,1,6,50,4,2,1,5,4,6,6,4,4,10,4,5,2,17,2,8,1,1,C03,7,5,1,10,2,11,,20,20,1,13,4,120.664146,24.198912,2
1559,66000,387130000C,(04)23274275,(04)23288582,2025,11,5,9,6,臺中市,清水區,0,0,0,7,,,50,,,,,,,,,,,,,,,,,,,B12,,,1,,2,,,76,76,1,12,4,120.561823,24.267488,3
1560,66000,387130000C,(04)23274275,(04)23288582,2025,11,5,9,8,臺中市,南屯區,0,0,0,7,3,6,50,13,8,1,5,4,6,6,4,4,1,4,1,2,12,,,,,B03,,,3,,1,,,51,51,1,12,4,120.622879,24.148211,3
1561,66000,387130000C,(04)23274275,(04)23288582,2025,11,5,9,10,臺中市,北區,0,2,0,7,2,6,50,4,2,1,5,4,6,6,1,1,5,5,5,2,17,2,9,5,1,C03,7,9,1,10,2,11,,7,7,1,13,4,120.6854,24.163418,2
1562,66000,387130000C,(04)23274275,(04)23288582,2025,11,5,9,10,臺中市,南區,0,1,0,7,2,6,50,4,1,1,5,4,6,6,4,4,10,5,5,2,15,2,8,2,1,C03,7,9,1,10,2,11,,15,15,1,6,4,120.65617,24.126185,2
1563,66000,387130000C,(04)23274275,(04)23288582,2025,11,5,9,11,臺中市,北區,0,2,0,7,2,6,50,3,1,1,5,4,6,6,1,1,10,5,5,2,13,2,9,5,4,C03,7,9,1,10,2,11,,84,84,1,12,4,120.681667,24.148916,2
1564,66000,387130000C,(04)23274275,(04)23288582,2025,11,5,9,12,臺中市,大里區,0,0,0,7,,,50,,,,,,,,,,,,,,14,,,,,B03,,,1,,2,,,49,49,1,13,4,120.683943,24.100759,3
1565,66000,387130000C,(04)23274275,(04)23288582,2025,11,5,9,18,臺中市,豐原區,0,0,0,7,,,60,,,,,,,,,,,,,,13,,,,,B12,,,1,,2,,,7,7,1,12,4,120.72143,24.236367,3
1566,66000,387130000C,(04)23274275,(04)23288582,2025,11,5,9,22,臺中市,神岡區,0,0,0,7,,,50,,,,,,,,,,,,,,12,,,,,B03,,,1,,2,,,34,34,1,13,4,120.713542,24.257259,3
1567,66000,387130000C,(04)23274275,(04)23288582,2025,11,5,9,29,臺中市,西區,0,1,0,7,3,6,50,11,7,1,5,4,3,6,4,4,1,4,4,2,13,2,9,2,1,C03,7,9,1,10,2,11,,7,7,1,6,4,120.665502,24.142716,2
1568,66000,387130000C,(04)23274275,(04)23288582,2025,11,5,9,34,臺中市,烏日區,0,0,0,7,2,6,40,3,1,1,5,4,6,6,4,4,10,5,5,1,16,3,10,3,1,B03,7,6,1,8,2,5,,20,20,1,6,4,120.638963,24.098293,3
1569,66000,387130000C,(04)23274275,(04)23288582,2025,11,5,9,40,臺中市,大里區,0,0,0,7,,,50,,,,,,,,,,,,,,17,,,,,A11,,,1,,1,,,8,8,1,12,4,120.667722,24.096654,3
1570,66000,387130000C,(04)23274275,(04)23288582,2025,11,5,9,41,臺中市,南區,0,0,0,7,,,50,,,,,,,,,,,,,,14,,,,,B12,,,1,,1,,,49,49,1,12,4,120.650433,24.107415,3
1571,66000,387130000C,(04)23274275,(04)23288582,2025,11,5,9,45,臺中市,大里區,0,0,0,7,,,60,,,,,,,,,,,,,,13,,,,,B03,,,1,,2,,,84,84,1,6,4,120.672049,24.102319,3
1572,66000,387130000C,(04)23274275,(04)23288582,2025,11,5,9,46,臺中市,大里區,0,1,0,7,3,6,50,13,9,1,5,4,6,6,4,4,5,4,5,2,10,2,9,5,4,C03,7,9,5,19,2,11,,39,39,1,12,4,120.667087,24.094375,2
1573,66000,387130000C,(04)23274275,(04)23288582,2025,11,5,9,47,臺中市,大肚區,0,2,0,7,2,6,50,5,1,1,5,4,6,6,1,1,10,5,5,2,15,2,9,1,1,C03,7,9,1,10,2,14,,21,21,1,6,4,120.54306,24.150457,2
1574,66000,387130000C,(04)23274275,(04)23288582,2025,11,5,9,49,臺中市,北屯區,0,0,0,7,,,50,,,,,,,,,,,,,,,,,,,B03,,,1,,2,,,13,13,1,13,4,120.664775,24.184107,3
1575,66000,387130000C,(04)23274275,(04)23288582,2025,11,5,9,50,臺中市,豐原區,0,1,0,7,1,6,30,4,1,1,5,4,6,6,4,4,5,4,5,2,17,2,9,1,1,C03,7,9,1,10,2,14,,20,20,1,6,4,120.721004,24.252854,2
1576,66000,387130000C,(04)23274275,(04)23288582,2025,11,5,9,52,臺中市,太平區,0,1,0,7,3,6,50,13,9,1,5,4,6,6,4,4,5,5,4,2,12,3,10,2,1,C04,7,9,1,8,9,12,,85,85,1,12,4,120.705083,24.148373,2
1577,66000,387130000C,(04)23274275,(04)23288582,2025,11,5,9,54,臺中市,西屯區,0,2,0,7,2,6,50,13,9,1,5,4,6,6,1,1,5,4,5,2,13,2,8,2,1,C03,7,9,1,10,2,11,,7,7,1,5,4,120.636065,24.181849,2
1578,66000,387130000C,(04)23274275,(04)23288582,2025,11,5,9,59,臺中市,太平區,0,1,0,7,2,6,50,4,19,1,5,4,6,6,2,1,10,5,5,2,3,3,10,5,4,B03,7,6,1,8,2,1,,10,10,1,13,4,120.714594,24.136438,2
1579,66000,387130000C,(04)23274275,(04)23288582,2025,11,5,10,0,臺中市,霧峰區,0,0,0,7,,,40,,,,,,,,,,,,,,17,,,,,B03,,,1,,1,,,7,7,1,13,4,120.691511,24.057671,3
1580,66000,387130000C,(04)23274275,(04)23288582,2025,11,5,10,0,臺中市,太平區,0,1,0,7,2,6,50,3,1,1,5,4,6,6,4,4,5,5,5,2,16,2,9,2,1,C04,7,6,1,8,2,12,,39,39,1,12,4,120.71404,24.152471,2
1581,66000,387130000C,(04)23274275,(04)23288582,2025,11,5,10,1,臺中市,大里區,0,0,0,7,3,6,70,13,7,1,5,4,6,6,4,4,1,4,5,2,12,,,,,B03,,,1,,2,,,40,40,1,12,4,120.66746,24.097508,3