序號,縣市別代碼,機關代碼,市話,傳真,年,月,日,時,分,縣市,區,死亡數量,受傷數量,2-30,天候,道路照明設備,道路類別,道路速限,道路型態,事故位置,路面鋪裝,路面狀態,路面缺陷,障礙物,視距,號誌種類,號誌動作,分向設施,快車道或一般車道間,快慢車道間,路面邊線,事故類型及型態,受傷程度,主要傷處,保護裝備,行動電話或功能裝置,當事者區分(類別),車輛用途,當事者行動狀態,駕照狀態,駕照種類,飲酒情形,車輛撞擊部位最初,車輛撞擊部位其他,肇事因素個別,肇事因素主要,肇事逃逸,職業,共享經濟或外送平台,GPS座標X,GPS座標Y,事故類別
1582,66000,387130000C,(04)23274275,(04)23288582,2025,11,5,10,2,臺中市,西屯區,0,1,0,7,2,6,50,4,1,1,5,4,6,6,1,1,10,5,5,2,16,3,10,5,1,B03,7,5,1,8,2,5,,11,11,1,12,4,120.655099,24.176111,2
1583,66000,387130000C,(04)23274275,(04)23288582,2025,11,5,10,5,臺中市,霧峰區,0,0,0,7,,,,,,,,,,,,,,,,,17,,,,,,,,,,,,,119,119,1,,,120.670903,24.026359,3
1584,66000,387130000C,(04)23274275,(04)23288582,2025,11,5,10,8,臺中市,霧峰區,0,1,0,7,3,6,50,4,1,1,5,4,6,6,1,1,10,5,5,2,16,2,9,1,1,C03,7,6,1,10,2,13,,65,65,1,12,4,120.674113,24.042157,2
1585,66000,387130000C,(04)23274275,(04)23288582,2025,11,5,10,10,臺中市,大里區,0,0,0,7,,,50,,,,,,,,,,,,,,17,,,,,B01,,,1,,2,,,7,7,1,13,4,120.684914,24.079903,3
1586,66000,387130000C,(04)23274275,(04)23288582,2025,11,5,10,19,臺中市,北屯區,0,1,0,7,3,6,40,13,8,1,5,4,6,6,4,4,1,4,1,2,13,2,9,1,1,C03,7,9,1,10,2,11,,84,84,1,6,4,120.725365,24.161386,2
1587,66000,387130000C,(04)23274275,(04)23288582,2025,11,5,10,20,臺中市,太平區,0,1,0,7,2,6,50,13,9,1,5,4,6,6,4,4,5,2,5,1,13,2,7,1,4,C03,7,9,1,10,2,12,11,7,7,1,13,4,120.735947,24.133282,2
1588,66000,387130000C,(04)23274275,(04)23288582,2025,11,5,10,21,臺中市,西區,0,1,0,7,2,6,50,3,1,1,5,4,6,6,4,4,10,5,5,2,16,2,9,5,4,C03,7,6,1,8,2,12,,48,48,1,12,4,120.667867,24.14438,2
1589,66000,387130000C,(04)23274275,(04)23288582,2025,11,5,10,28,臺中市,西屯區,0,2,0,7,2,6,50,4,1,1,5,4,6,6,1,1,10,5,5,1,3,3,10,3,1,B03,7,6,1,8,2,8,,10,10,1,12,4,120.60791,24.185963,2
1590,66000,387130000C,(04)23274275,(04)23288582,2025,11,5,10,33,臺中市,北屯區,0,0,0,7,,,50,,,,,,,,,,,,,,,,,,,B03,,,1,,2,,,82,82,1,13,4,120.660224,24.192639,3
1591,66000,387130000C,(04)23274275,(04)23288582,2025,11,5,10,38,臺中市,大雅區,0,1,0,7,2,6,50,3,2,1,5,4,6,6,4,4,5,5,5,1,16,2,7,2,1,C03,7,6,1,10,2,11,,14,14,1,13,4,120.666509,24.232998,2
1592,66000,387130000C,(04)23274275,(04)23288582,2025,11,5,10,39,臺中市,西屯區,0,1,0,7,2,6,50,3,1,1,5,4,6,6,4,4,4,4,5,2,16,3,10,5,4,B03,7,6,1,8,2,4,,14,14,1,13,4,120.61513,24.182394,2
1593,66000,387130000C,(04)23274275,(04)23288582,2025,11,5,10,42,臺中市,中區,0,0,0,7,,,50,,,,,,,,,,,,,,,,,,,B03,,,1,,1,,,59,59,1,12,4,120.684773,24.142317,3
1594,66000,387130000C,(04)23274275,(04)23288582,2025,11,5,10,57,臺中市,北屯區,0,1,0,7,2,6,50,13,9,1,5,4,6,6,4,4,1,4,5,2,13,2,9,1,1,C03,7,9,1,10,2,11,,7,7,1,6,4,120.670063,24.176181,2
1595,66000,387130000C,(04)23274275,(04)23288582,2025,11,5,10,57,臺中市,太平區,0,0,0,7,,,50,,,,,,,,,,,,,,13,,,,,B12,,,1,,2,,,7,7,1,13,4,120.71279,24.144141,3
1596,66000,387130000C,(04)23274275,(04)23288582,2025,11,5,10,57,臺中市,沙鹿區,0,0,0,7,,,40,,,,,,,,,,,,,,13,,,,,B03,,,1,,1,,,7,7,1,6,4,120.577691,24.241815,3
1597,66000,387130000C,(04)23274275,(04)23288582,2025,11,5,10,58,臺中市,太平區,0,1,0,7,2,6,50,3,1,1,5,4,6,6,1,1,5,5,5,1,16,3,10,3,1,B03,7,6,1,8,2,1,,11,11,1,12,4,120.72429,24.122059,2
1598,66000,387130000C,(04)23274275,(04)23288582,2025,11,5,10,59,臺中市,中區,0,1,0,7,3,6,50,4,1,1,5,4,6,6,1,1,10,5,5,2,16,3,10,3,1,B03,7,6,1,8,2,1,,11,11,1,6,4,120.678815,24.147178,2
1599,66000,387130000C,(04)23274275,(04)23288582,2025,11,5,11,3,臺中市,太平區,0,1,0,7,3,6,50,3,9,4,5,4,6,6,4,4,10,5,5,2,30,2,9,1,1,C03,7,5,1,10,2,11,,58,58,1,12,4,120.719718,24.154843,2
1600,66000,387130000C,(04)23274275,(04)23288582,2025,11,5,11,5,臺中市,梧棲區,0,1,0,7,3,6,50,13,14,1,5,4,6,6,4,4,5,5,5,1,17,2,8,1,1,C03,7,9,1,10,2,12,,59,59,1,6,4,120.538412,24.248035,2
1601,66000,387130000C,(04)23274275,(04)23288582,2025,11,5,11,6,臺中市,霧峰區,0,1,0,7,3,6,50,13,9,1,5,4,6,6,4,4,5,5,5,2,18,2,9,1,1,C03,7,9,1,10,2,16,,84,84,1,5,4,120.725692,24.060938,2
1602,66000,387130000C,(04)23274275,(04)23288582,2025,11,5,11,8,臺中市,沙鹿區,0,1,0,7,2,6,50,13,9,1,5,4,6,6,4,4,5,5,5,2,17,3,10,3,1,B12,7,9,1,8,2,1,,7,7,1,13,4,120.580401,24.212,2
1603,66000,387130000C,(04)23274275,(04)23288582,2025,11,5,11,12,臺中市,北區,0,1,0,7,2,6,50,4,19,1,5,4,6,6,1,1,10,5,5,2,3,3,10,3,1,B03,7,5,1,7,2,1,,10,10,1,13,4,120.678909,24.157233,2
1604,66000,387130000C,(04)23274275,(04)23288582,2025,11,5,11,13,臺中市,西區,0,0,0,7,,,50,,,,,,,,,,,,,,13,,,,,B03,,,1,,2,,,84,84,1,12,4,120.659926,24.150993,3
1605,66000,387130000C,(04)23274275,(04)23288582,2025,11,5,11,14,臺中市,東區,0,0,0,7,,,50,,,,,,,,,,,,,,,,,,,B03,,,1,,1,,,84,84,1,13,4,120.698245,24.144476,3
1606,66000,387130000C,(04)23274275,(04)23288582,2025,11,5,11,14,臺中市,烏日區,0,1,0,7,2,6,30,13,9,1,5,4,6,6,4,4,10,5,5,2,11,3,10,3,1,B03,7,9,1,8,2,4,7,8,8,1,6,4,120.64704,24.108219,2
1607,66000,387130000C,(04)23274275,(04)23288582,2025,11,5,11,15,臺中市,大雅區,0,1,0,7,3,6,50,3,2,1,5,4,6,6,1,1,5,5,5,2,13,2,9,5,4,C03,7,9,1,10,2,11,,85,85,1,12,4,120.649577,24.224103,2
1608,66000,387130000C,(04)23274275,(04)23288582,2025,11,5,11,15,臺中市,西屯區,0,1,0,7,2,6,50,13,9,1,5,4,6,6,4,4,1,4,5,2,13,2,7,2,1,C03,7,9,3,19,2,11,,7,7,1,12,4,120.655019,24.16813,2
1609,66000,387130000C,(04)23274275,(04)23288582,2025,11,5,11,17,臺中市,潭子區,0,0,0,7,,,30,,,,,,,,,,,,,,,,,,,B12,,,1,,2,,,49,49,1,12,4,120.71353,24.228111,3
1610,66000,387130000C,(04)23274275,(04)23288582,2025,11,5,11,19,臺中市,北屯區,0,0,0,7,,3,50,,,,,,,,,,,,,,,,,,,B03,,,1,,1,,,84,84,1,13,4,120.718928,24.161952,3
1611,66000,387130000C,(04)23274275,(04)23288582,2025,11,5,11,19,臺中市,新社區,0,0,0,7,,,30,,,,,,,,,,,,,,15,,,,,D03,,,1,,2,,,12,12,1,10,4,120.783019,24.219661,3
1612,66000,387130000C,(04)23274275,(04)23288582,2025,11,5,11,20,臺中市,烏日區,0,0,0,7,,,30,,,,,,,,,,,,,,11,,,,,A12,,,1,,2,,,8,8,1,13,4,120.65825,24.056218,3
1613,66000,387130000C,(04)23274275,(04)23288582,2025,11,5,11,24,臺中市,北區,0,1,0,7,2,6,50,3,1,1,5,4,6,6,4,4,5,5,5,2,16,3,10,3,1,B03,7,5,1,8,2,7,,12,12,1,12,4,120.677171,24.152209,2
1614,66000,387130000C,(04)23274275,(04)23288582,2025,11,5,11,27,臺中市,西屯區,0,0,0,7,,,50,,,,,,,,,,,,,,16,,,,,B03,,,1,,2,,,47,47,1,12,4,120.664726,24.178119,3
1615,66000,387130000C,(04)23274275,(04)23288582,2025,11,5,11,28,臺中市,西屯區,0,0,0,7,,,60,,,,,,,,,,,,,,,,,,,B02,,,1,,1,,,59,59,1,12,4,120.608815,24.183831,3
1616,66000,387130000C,(04)23274275,(04)23288582,2025,11,5,11,29,臺中市,大里區,0,1,0,7,2,6,50,4,1,1,5,4,6,6,4,4,10,5,5,2,15,2,9,2,1,C03,7,9,1,10,2,11,,15,15,1,6,4,120.697128,24.088945,2
1617,66000,387130000C,(04)23274275,(04)23288582,2025,11,5,11,30,臺中市,西區,0,0,0,7,,,50,,,,,,,,,,,,,,,,,,,B13,,,1,,2,,,84,84,1,12,4,120.659855,24.145623,3
1618,66000,387130000C,(04)23274275,(04)23288582,2025,11,5,11,32,臺中市,和平區,0,0,0,7,3,6,30,13,9,1,5,4,6,6,4,4,10,5,5,1,13,3,10,1,1,C03,7,9,1,10,2,12,,7,7,1,6,4,121.00376,24.202622,3
1619,66000,387130000C,(04)23274275,(04)23288582,2025,11,5,11,33,臺中市,西屯區,0,1,0,7,2,6,50,3,19,1,5,4,6,6,1,1,10,5,5,2,3,3,10,5,4,B03,7,6,1,8,2,1,,10,10,1,12,4,120.663192,24.163828,2
1620,66000,387130000C,(04)23274275,(04)23288582,2025,11,5,11,33,臺中市,龍井區,0,0,0,7,2,6,50,13,9,1,5,4,6,6,4,4,10,5,5,1,14,,,,,B03,,,1,,1,,,49,49,1,6,4,120.588715,24.181041,3
1621,66000,387130000C,(04)23274275,(04)23288582,2025,11,5,11,37,臺中市,西屯區,0,2,0,7,2,6,50,13,9,1,5,4,6,6,2,1,9,4,5,2,13,3,10,3,1,B03,7,9,5,19,2,1,,55,55,1,12,4,120.648589,24.193454,2
1622,66000,387130000C,(04)23274275,(04)23288582,2025,11,5,11,37,臺中市,大里區,0,1,0,7,2,6,40,4,1,1,5,4,6,6,1,1,10,5,5,1,17,3,10,3,1,B12,7,6,1,8,2,1,,84,84,1,13,4,120.700083,24.092214,2
1623,66000,387130000C,(04)23274275,(04)23288582,2025,11,5,11,39,臺中市,大甲區,0,0,0,7,,,50,,,,,,,,,,,,,,,,,,,B03,,,1,,1,,,51,51,1,6,4,120.627724,24.346071,4
1624,66000,387130000C,(04)23274275,(04)23288582,2025,11,5,11,41,臺中市,東區,0,1,0,7,3,6,50,4,1,1,5,4,6,5,2,1,5,5,5,2,11,3,10,3,1,B03,7,6,1,8,2,1,,11,11,1,13,4,120.687713,24.137065,2
1625,66000,387130000C,(04)23274275,(04)23288582,2025,11,5,11,41,臺中市,大里區,0,1,0,7,2,6,30,3,2,1,5,4,6,6,4,4,10,5,5,2,18,2,9,2,1,C03,7,9,3,19,2,14,,84,84,1,6,4,120.734952,24.087534,2
1626,66000,387130000C,(04)23274275,(04)23288582,2025,11,5,11,43,臺中市,豐原區,0,0,0,7,,,50,,,,,,,,,,,,,,17,,,,,B12,,,1,,9,,,50,50,1,13,4,120.708814,24.251167,3
1627,66000,387130000C,(04)23274275,(04)23288582,2025,11,5,11,44,臺中市,霧峰區,0,2,0,7,3,6,50,4,2,1,5,4,6,6,3,1,5,5,5,1,13,2,9,1,1,C03,7,9,3,19,2,11,,7,7,1,12,4,120.683449,24.050399,2
1628,66000,387130000C,(04)23274275,(04)23288582,2025,11,5,11,45,臺中市,北區,0,2,0,7,2,6,40,4,1,1,5,4,6,6,1,1,5,4,4,2,17,2,9,5,1,C03,7,1,1,10,2,14,,51,51,1,13,4,120.688351,24.156652,2
1629,66000,387130000C,(04)23274275,(04)23288582,2025,11,5,11,45,臺中市,大里區,0,1,0,7,2,6,25,8,12,1,5,4,6,6,4,4,1,3,4,1,12,3,10,3,1,B03,7,9,1,10,2,2,,84,84,1,6,4,120.697133,24.111098,2
1630,66000,387130000C,(04)23274275,(04)23288582,2025,11,5,11,45,臺中市,神岡區,0,1,0,7,3,6,40,3,1,1,5,4,6,6,4,4,10,5,5,2,12,3,10,3,1,B03,7,6,1,8,2,1,,7,7,1,13,4,120.674178,24.252566,2
1631,66000,387130000C,(04)23274275,(04)23288582,2025,11,5,11,51,臺中市,南區,0,2,0,7,2,6,50,13,9,1,5,4,6,6,4,4,5,5,5,2,17,2,8,2,1,C03,7,6,1,10,2,13,,48,48,1,6,4,120.682164,24.131177,2
1632,66000,387130000C,(04)23274275,(04)23288582,2025,11,5,11,53,臺中市,霧峰區,0,0,0,7,,,30,,,,,,,,,,,,,,18,,,,,B12,,,2,,11,,,84,84,1,13,4,120.69854,24.013106,3
1633,66000,387130000C,(04)23274275,(04)23288582,2025,11,5,11,54,臺中市,豐原區,0,1,0,7,2,6,0,3,21,1,5,4,6,6,4,4,10,5,5,2,14,3,10,5,4,B03,7,2,1,8,2,3,,49,49,1,12,4,120.70995,24.23653,2
1634,66000,387130000C,(04)23274275,(04)23288582,2025,11,5,11,55,臺中市,豐原區,0,0,0,7,,,50,,,,,,,,,,,,,,17,,,,,B03,,,1,,2,,,85,85,1,6,4,120.72042,24.231861,3
1635,66000,387130000C,(04)23274275,(04)23288582,2025,11,5,11,56,臺中市,西屯區,0,1,0,7,2,6,50,13,9,1,5,4,6,6,4,4,4,5,5,2,17,2,9,5,4,C03,7,9,1,10,2,12,,84,84,1,13,4,120.658562,24.159722,2
1636,66000,387130000C,(04)23274275,(04)23288582,2025,11,5,11,57,臺中市,南屯區,0,2,0,7,3,6,50,13,9,1,5,4,6,6,4,4,9,5,5,2,17,2,9,1,2,C03,7,9,1,10,2,11,,56,56,1,12,4,120.642952,24.132046,2
1637,66000,387130000C,(04)23274275,(04)23288582,2025,11,5,11,58,臺中市,豐原區,0,2,0,7,2,6,40,13,7,1,5,4,6,6,4,4,9,5,4,2,3,2,9,6,5,H01,8,16,7,21,10,17,,95,95,1,13,5,120.714555,24.25038,2
1638,66000,387130000C,(04)23274275,(04)23288582,2025,11,5,12,0,臺中市,南屯區,0,0,0,7,,,50,,,,,,,,,,,,,,,,,,,C03,,,1,,1,,,84,84,1,13,4,120.613273,24.145551,4
1639,66000,387130000C,(04)23274275,(04)23288582,2025,11,5,12,1,臺中市,南區,0,1,0,7,2,6,50,13,12,1,5,4,6,6,4,4,5,4,4,2,12,2,9,2,1,C03,7,1,1,10,2,11,14,51,51,1,12,4,120.651018,24.121245,2
1640,66000,387130000C,(04)23274275,(04)23288582,2025,11,5,12,2,臺中市,北區,0,0,0,7,,,50,,,,,,,,,,,,,,13,,,,,B03,,,1,,1,,,84,84,1,12,4,120.668804,24.171665,3
1641,66000,387130000C,(04)23274275,(04)23288582,2025,11,5,12,3,臺中市,北屯區,0,0,0,7,,,50,,,,,,,,,,,,,,17,,,,,B03,,,1,,1,,,8,8,1,5,4,120.664775,24.184107,3
1642,66000,387130000C,(04)23274275,(04)23288582,2025,11,5,12,4,臺中市,南屯區,0,0,0,7,,,50,,,,,,,,,,,,,,13,,,,,C03,,,1,,1,,,7,7,1,13,4,120.612187,24.150204,3
1643,66000,387130000C,(04)23274275,(04)23288582,2025,11,5,12,11,臺中市,西屯區,0,0,0,7,,,60,,,,,,,,,,,,,,13,,,,,B03,,,1,,2,,,7,7,1,12,4,120.646801,24.164183,3
1644,66000,387130000C,(04)23274275,(04)23288582,2025,11,5,12,11,臺中市,龍井區,0,0,0,7,,,50,,,,,,,,,,,,,,,,,,,C03,,,1,,2,,,7,7,1,6,4,120.52358,24.206983,3
1645,66000,387130000C,(04)23274275,(04)23288582,2025,11,5,12,15,臺中市,烏日區,0,2,0,7,2,6,50,3,1,1,5,4,5,6,4,4,10,5,5,2,13,2,9,5,4,C03,7,9,1,10,2,11,,7,7,1,5,4,120.646746,24.085912,2
1646,66000,387130000C,(04)23274275,(04)23288582,2025,11,5,12,18,臺中市,北屯區,0,1,0,7,1,6,50,4,2,1,5,4,6,6,1,1,5,4,5,2,12,3,10,3,1,B03,7,11,1,8,2,8,,45,45,1,13,4,120.682918,24.183642,2
1647,66000,387130000C,(04)23274275,(04)23288582,2025,11,5,12,21,臺中市,北區,0,0,0,7,,,50,,,,,,,,,,,,,,12,,,,,B03,,,1,,1,,,1,1,1,13,4,120.667584,24.154065,3
1648,66000,387130000C,(04)23274275,(04)23288582,2025,11,5,12,22,臺中市,大雅區,0,1,0,7,2,6,50,4,1,1,5,4,6,6,1,1,5,5,5,1,16,2,9,2,1,F03,7,9,7,21,2,12,,21,21,1,6,4,120.653182,24.24787,2
1649,66000,387130000C,(04)23274275,(04)23288582,2025,11,5,12,26,臺中市,西區,0,0,0,7,,,30,,,,,,,,,,,,,,17,,,,,B03,,,1,,2,,,8,8,1,12,4,120.66913,24.141307,3
1650,66000,387130000C,(04)23274275,(04)23288582,2025,11,5,12,26,臺中市,南屯區,0,0,0,7,,,50,,,,,,,,,,,,,,17,,,,,B02,,,1,,1,,,84,84,1,12,4,120.641729,24.125665,3
1651,66000,387130000C,(04)23274275,(04)23288582,2025,11,5,12,27,臺中市,烏日區,0,0,0,7,,,30,,,,,,,,,,,,,,17,,,,,A11,,,1,,9,,,59,59,1,6,4,120.643347,24.060993,3
1652,66000,387130000C,(04)23274275,(04)23288582,2025,11,5,12,28,臺中市,大雅區,0,0,0,7,,,30,,,,,,,,,,,,,,,,,,,B03,,,1,,2,,,15,15,1,12,4,120.653991,24.233438,3
1653,66000,387130000C,(04)23274275,(04)23288582,2025,11,5,12,31,臺中市,西屯區,0,2,0,7,2,6,40,4,1,1,5,4,6,6,1,1,10,5,5,1,16,2,9,2,1,C03,7,6,1,10,2,14,,36,36,1,12,4,120.649558,24.16258,2
1654,66000,387130000C,(04)23274275,(04)23288582,2025,11,5,12,32,臺中市,太平區,0,1,0,7,2,6,50,3,1,1,5,4,6,6,1,1,2,4,5,2,16,2,9,2,1,C03,7,6,1,10,2,11,,23,23,1,12,4,120.714708,24.135805,2
1655,66000,387130000C,(04)23274275,(04)23288582,2025,11,5,12,35,臺中市,南屯區,0,0,0,7,,,50,,,,,,,,,,,,,,13,,,,,B03,,,1,,1,,,84,84,1,13,4,120.623497,24.149515,3
1656,66000,387130000C,(04)23274275,(04)23288582,2025,11,5,12,40,臺中市,北屯區,0,1,0,7,1,6,50,4,2,1,5,4,6,6,1,1,5,4,4,2,13,3,10,3,1,B03,7,6,1,8,2,1,,84,84,1,13,4,120.704567,24.186493,2
1657,66000,387130000C,(04)23274275,(04)23288582,2025,11,5,12,41,臺中市,大里區,0,2,0,7,3,6,50,3,2,1,5,4,6,6,1,1,5,4,4,2,16,2,9,5,4,C03,7,6,1,10,2,11,,11,11,1,13,4,120.686905,24.09669,2
1658,66000,387130000C,(04)23274275,(04)23288582,2025,11,5,12,44,臺中市,北屯區,0,0,0,7,,,40,,,,,,,,,,,,,,7,,,,,B03,,,1,,9,,,50,50,1,12,4,120.690777,24.172353,3
1659,66000,387130000C,(04)23274275,(04)23288582,2025,11,5,12,49,臺中市,南區,0,1,0,7,1,6,50,4,1,1,5,4,6,6,2,1,10,5,5,2,17,3,10,5,4,B03,7,6,1,8,2,6,,11,11,1,13,4,120.659314,24.113177,2
1660,66000,387130000C,(04)23274275,(04)23288582,2025,11,5,12,49,臺中市,西屯區,0,0,0,7,,,50,,,,,,,,,,,,,,13,,,,,C03,,,1,,1,,,7,7,1,12,4,120.654903,24.16468,3
1661,66000,387130000C,(04)23274275,(04)23288582,2025,11,5,12,50,臺中市,西區,0,2,0,7,3,6,50,4,1,1,5,4,6,6,4,4,10,5,5,2,15,2,8,2,1,C03,7,9,1,10,2,11,,15,15,1,12,4,120.670311,24.135237,2
1662,66000,387130000C,(04)23274275,(04)23288582,2025,11,5,12,51,臺中市,西屯區,0,0,0,7,,,30,,,,,,,,,,,,,,17,,,,,B12,,,1,,1,,,82,78,1,12,4,120.646578,24.177338,3
1663,66000,387130000C,(04)23274275,(04)23288582,2025,11,5,12,55,臺中市,東區,0,0,0,7,,,50,,,,,,,,,,,,,,,,,,,B03,,,1,,1,,,51,51,1,13,4,120.68729,24.135294,3
1664,66000,387130000C,(04)23274275,(04)23288582,2025,11,5,12,58,臺中市,龍井區,0,1,0,7,2,6,50,13,9,1,5,4,6,6,4,4,10,5,5,2,2,3,10,3,1,B03,7,9,1,8,2,2,,84,84,1,6,4,120.590325,24.182475,2
1665,66000,387130000C,(04)23274275,(04)23288582,2025,11,5,13,1,臺中市,北屯區,0,0,0,7,,,50,,,,,,,,,,,,,,,,,,,C04,,,1,,1,,,7,7,1,12,4,120.703106,24.169635,3
1666,66000,387130000C,(04)23274275,(04)23288582,2025,11,5,13,5,臺中市,北區,0,1,0,7,2,6,50,3,1,1,5,4,6,6,4,4,1,4,5,2,17,2,9,1,1,C03,7,9,1,10,2,11,,85,85,1,12,4,120.67459,24.153965,2
1667,66000,387130000C,(04)23274275,(04)23288582,2025,11,5,13,13,臺中市,西屯區,0,0,0,7,,,40,,,,,,,,,,,,,,17,,,,,B01,,,1,,1,,,87,87,1,13,4,120.616881,24.18254,4
1668,66000,387130000C,(04)23274275,(04)23288582,2025,11,5,13,13,臺中市,大甲區,0,1,0,7,2,6,60,13,12,1,5,4,6,6,4,4,1,4,4,1,12,3,10,2,1,C03,7,7,1,10,2,13,,40,40,1,6,4,120.618346,24.340254,2
1669,66000,387130000C,(04)23274275,(04)23288582,2025,11,5,13,14,臺中市,西屯區,0,0,0,7,,,1,,,,,,,,,,,,,,17,,,,,C03,,,1,,1,,,49,49,1,12,4,120.644286,24.182475,3
1670,66000,387130000C,(04)23274275,(04)23288582,2025,11,5,13,14,臺中市,清水區,0,0,0,7,,,50,,,,,,,,,,,,,,,,,,,B03,,,1,,2,,,12,12,1,12,4,120.577776,24.27112,3
1671,66000,387130000C,(04)23274275,(04)23288582,2025,11,5,13,15,臺中市,豐原區,0,3,0,7,2,6,50,4,1,1,5,4,6,6,1,1,1,4,5,1,17,2,9,1,1,C03,7,9,1,10,2,11,,21,21,1,12,4,120.720305,24.262366,2
1672,66000,387130000C,(04)23274275,(04)23288582,2025,11,5,13,18,臺中市,沙鹿區,0,1,0,7,2,6,50,4,1,1,5,4,6,6,4,4,10,5,5,2,15,3,10,3,1,B03,7,1,1,8,2,8,,12,12,1,12,4,120.566621,24.236224,2
1673,66000,387130000C,(04)23274275,(04)23288582,2025,11,5,13,25,臺中市,北區,0,1,0,7,3,6,50,4,1,1,5,4,6,6,1,1,10,5,5,2,13,2,9,1,1,C03,7,9,1,10,2,11,,7,7,1,12,4,120.677458,24.150571,2
1674,66000,387130000C,(04)23274275,(04)23288582,2025,11,5,13,28,臺中市,太平區,0,2,0,7,3,6,50,13,9,1,5,4,6,6,4,4,5,5,5,1,3,2,9,6,5,H01,8,16,7,21,10,17,,95,95,1,12,5,120.716623,24.13209,2
1675,66000,387130000C,(04)23274275,(04)23288582,2025,11,5,13,30,臺中市,南區,0,0,0,7,,,50,,,,,,,,,,,,,,24,,,,,B12,,,1,,2,,,84,84,1,12,4,120.682821,24.131466,3
1676,66000,387130000C,(04)23274275,(04)23288582,2025,11,5,13,30,臺中市,北屯區,0,0,0,7,,,50,,,,,,,,,,,,,,17,,,,,B03,,,1,,1,,,51,51,1,12,4,120.69282,24.1714,3
1677,66000,387130000C,(04)23274275,(04)23288582,2025,11,5,13,32,臺中市,大里區,0,0,0,7,,,50,,,,,,,,,,,,,,14,,,,,B03,,,1,,2,,,49,49,1,13,4,120.688665,24.110319,3
1678,66000,387130000C,(04)23274275,(04)23288582,2025,11,5,13,33,臺中市,北屯區,0,0,0,7,,,50,,,,,,,,,,,,,,,,,,,B03,,,1,,1,,,84,84,1,13,4,120.730073,24.177467,3
1679,66000,387130000C,(04)23274275,(04)23288582,2025,11,5,13,34,臺中市,西區,0,1,0,7,3,6,50,5,1,1,5,4,6,6,1,1,10,5,5,2,18,2,9,1,1,C03,7,9,1,10,2,12,,85,85,1,6,4,120.669181,24.144399,2
1680,66000,387130000C,(04)23274275,(04)23288582,2025,11,5,13,34,臺中市,豐原區,0,1,0,7,3,6,30,13,9,1,5,4,6,6,4,4,10,5,5,1,27,2,9,5,4,B03,7,9,1,8,2,1,,84,84,1,12,4,120.748207,24.251354,2
1681,66000,387130000C,(04)23274275,(04)23288582,2025,11,5,13,37,臺中市,北屯區,0,0,0,7,,,50,,,,,,,,,,,,,,,,,,,B03,,,1,,1,,,84,84,1,13,4,120.707547,24.18655,4
1682,66000,387130000C,(04)23274275,(04)23288582,2025,11,5,13,40,臺中市,北屯區,0,1,0,7,3,6,40,4,1,1,5,4,6,6,2,1,10,5,5,2,12,2,9,2,1,C03,7,6,1,10,2,14,,48,48,1,12,4,120.659327,24.190807,2
1683,66000,387130000C,(04)23274275,(04)23288582,2025,11,5,13,40,臺中市,沙鹿區,0,0,0,7,2,6,60,3,7,1,5,4,6,6,1,1,1,3,4,1,13,,,,,B03,,,1,,1,,,7,7,1,12,4,120.615128,24.244076,3
1684,66000,387130000C,(04)23274275,(04)23288582,2025,11,5,13,42,臺中市,北區,0,0,0,7,,,50,,,,,,,,,,,,,,13,,,,,C03,,,1,,2,,,84,84,1,12,4,120.679818,24.15215,3
1685,66000,387130000C,(04)23274275,(04)23288582,2025,11,5,13,42,臺中市,西屯區,0,1,0,7,2,6,30,13,9,1,5,4,6,6,4,4,1,4,5,1,17,3,10,3,1,B03,7,1,1,8,2,8,,51,51,1,12,4,120.654977,24.168686,2
1686,66000,387130000C,(04)23274275,(04)23288582,2025,11,5,13,45,臺中市,新社區,0,0,0,7,,,30,,,,,,,,,,,,,,17,,,,,B02,,,1,,2,,,51,51,1,8,4,120.794298,24.205691,3
1687,66000,387130000C,(04)23274275,(04)23288582,2025,11,5,13,47,臺中市,東區,0,1,0,7,1,6,50,4,20,1,5,4,6,5,2,1,10,5,5,2,6,3,10,5,4,B03,7,5,1,8,2,1,,84,84,1,13,4,120.696364,24.137013,2
1688,66000,387130000C,(04)23274275,(04)23288582,2025,11,5,13,47,臺中市,西屯區,0,0,0,7,,,50,,,,,,,,,,,,,,16,,,,,C01,,,1,,1,,,59,59,1,12,4,120.646979,24.158455,3
1689,66000,387130000C,(04)23274275,(04)23288582,2025,11,5,13,47,臺中市,烏日區,0,0,0,7,,,40,,,,,,,,,,,,,,14,,,,,B03,,,1,,2,,,49,49,1,13,4,120.627149,24.102187,3
1690,66000,387130000C,(04)23274275,(04)23288582,2025,11,5,13,48,臺中市,大雅區,0,0,0,7,,,60,,,,,,,,,,,,,,,,,,,A12,,,1,,1,,,7,7,1,12,4,120.647522,24.220665,3
1691,66000,387130000C,(04)23274275,(04)23288582,2025,11,5,13,49,臺中市,烏日區,0,1,0,7,2,6,50,4,2,1,5,4,6,6,1,1,5,4,4,2,17,3,10,5,4,B03,7,5,1,8,2,8,,83,83,1,12,4,120.625526,24.106164,2
1692,66000,387130000C,(04)23274275,(04)23288582,2025,11,5,13,50,臺中市,西屯區,0,1,0,7,2,6,50,3,1,1,5,4,6,6,4,4,10,5,5,2,16,2,9,5,1,C03,7,6,1,10,2,12,,14,14,1,12,4,120.64862,24.155672,2