序號,縣市別代碼,機關代碼,市話,傳真,年,月,日,時,分,縣市,區,死亡數量,受傷數量,2-30,天候,道路照明設備,道路類別,道路速限,道路型態,事故位置,路面鋪裝,路面狀態,路面缺陷,障礙物,視距,號誌種類,號誌動作,分向設施,快車道或一般車道間,快慢車道間,路面邊線,事故類型及型態,受傷程度,主要傷處,保護裝備,行動電話或功能裝置,當事者區分(類別),車輛用途,當事者行動狀態,駕照狀態,駕照種類,飲酒情形,車輛撞擊部位最初,車輛撞擊部位其他,肇事因素個別,肇事因素主要,肇事逃逸,職業,共享經濟或外送平台,GPS座標X,GPS座標Y,事故類別
1693,66000,387130000C,(04)23274275,(04)23288582,2025,11,5,13,51,臺中市,大甲區,0,1,0,7,2,6,50,5,2,1,5,4,6,6,1,1,1,5,5,2,16,3,10,3,1,B03,7,5,1,8,2,5,,47,47,1,6,4,120.618324,24.339164,2
1694,66000,387130000C,(04)23274275,(04)23288582,2025,11,5,13,53,臺中市,北區,0,0,0,7,,,50,,,,,,,,,,,,,,13,,,,,B03,,,1,,1,,,59,59,1,12,4,120.678375,24.163233,3
1695,66000,387130000C,(04)23274275,(04)23288582,2025,11,5,13,53,臺中市,北區,0,0,0,7,,,50,,,,,,,,,,,,,,13,,,,,C03,,,1,,1,,,59,59,1,13,4,120.684104,24.149913,3
1696,66000,387130000C,(04)23274275,(04)23288582,2025,11,5,13,54,臺中市,太平區,0,2,0,7,2,6,50,4,1,1,5,4,6,6,1,1,5,4,5,2,16,2,9,2,1,C03,7,5,1,10,2,12,,84,84,1,12,4,120.716097,24.148834,2
1697,66000,387130000C,(04)23274275,(04)23288582,2025,11,5,13,58,臺中市,西屯區,0,1,0,7,2,6,50,3,1,1,5,4,6,6,2,1,10,5,5,2,16,3,10,3,3,B03,7,5,1,8,2,5,,11,11,1,12,4,120.653366,24.198396,2
1698,66000,387130000C,(04)23274275,(04)23288582,2025,11,5,13,59,臺中市,西屯區,0,0,0,7,,,50,,,,,,,,,,,,,,24,,,,,B03,,,1,,11,,,84,84,1,13,4,120.661086,24.165777,3
1699,66000,387130000C,(04)23274275,(04)23288582,2025,11,5,14,2,臺中市,西屯區,0,0,0,7,,,50,,,,,,,,,,,,,,13,,,,,B03,,,1,,1,,,59,59,1,12,4,120.63232,24.170746,3
1700,66000,387130000C,(04)23274275,(04)23288582,2025,11,5,14,3,臺中市,北區,0,0,0,7,,,50,,,,,,,,,,,,,,13,,,,,B03,,,1,,1,,,59,59,1,12,4,120.6993,24.157415,3
1701,66000,387130000C,(04)23274275,(04)23288582,2025,11,5,14,3,臺中市,神岡區,0,0,0,7,,,30,,,,,,,,,,,,,,14,,,,,B03,,,1,,2,,,49,49,1,12,4,120.663024,24.264653,3
1702,66000,387130000C,(04)23274275,(04)23288582,2025,11,5,14,10,臺中市,大肚區,0,0,0,7,,,50,,,,,,,,,,,,,,,,,,,B03,,,1,,2,,,49,49,1,6,4,120.548022,24.155848,3
1703,66000,387130000C,(04)23274275,(04)23288582,2025,11,5,14,19,臺中市,霧峰區,0,1,0,7,2,6,50,13,9,1,5,4,6,6,1,1,5,5,4,2,13,3,10,3,1,B03,7,9,1,8,2,1,,7,7,1,6,4,120.687288,24.047179,2
1704,66000,387130000C,(04)23274275,(04)23288582,2025,11,5,14,29,臺中市,北區,0,0,0,7,,,30,,,,,,,,,,,,,,17,,,,,B03,,,1,,2,,,51,51,1,13,4,120.674924,24.164509,3
1705,66000,387130000C,(04)23274275,(04)23288582,2025,11,5,14,30,臺中市,外埔區,0,1,0,7,2,6,50,11,9,1,5,4,6,6,4,4,5,4,5,1,27,2,9,3,1,A41,7,9,1,2,2,1,5,84,84,1,6,4,120.620358,24.329407,2
1706,66000,387130000C,(04)23274275,(04)23288582,2025,11,5,14,32,臺中市,龍井區,0,0,0,7,,,60,,,,,,,,,,,,,,13,,,,,B03,,,1,,1,,,7,7,1,6,4,120.573865,24.185589,3
1707,66000,387130000C,(04)23274275,(04)23288582,2025,11,5,14,33,臺中市,東區,0,1,0,7,2,6,30,4,1,1,5,4,6,6,4,4,10,5,5,2,15,2,9,1,1,C03,7,9,1,10,2,12,,15,15,1,12,4,120.69499,24.146349,2
1708,66000,387130000C,(04)23274275,(04)23288582,2025,11,5,14,33,臺中市,沙鹿區,0,1,0,7,2,6,40,3,1,1,5,4,6,6,1,1,10,5,5,2,16,2,8,1,1,C04,7,6,1,10,2,14,,36,36,1,6,4,120.567821,24.205989,2
1709,66000,387130000C,(04)23274275,(04)23288582,2025,11,5,14,33,臺中市,清水區,0,0,0,7,,,50,,,,,,,,,,,,,,12,,,,,A12,,,1,,2,,,35,35,1,6,4,120.536641,24.272635,3
1710,66000,387130000C,(04)23274275,(04)23288582,2025,11,5,14,35,臺中市,大雅區,0,0,0,7,,,30,,,,,,,,,,,,,,,,,,,A12,,,1,,2,,,84,84,1,13,4,120.669732,24.222286,3
1711,66000,387130000C,(04)23274275,(04)23288582,2025,11,5,14,35,臺中市,北屯區,0,0,0,7,,,50,,,,,,,,,,,,,,14,,,,,B12,,,1,,1,,,49,49,1,6,4,120.708009,24.181423,3
1712,66000,387130000C,(04)23274275,(04)23288582,2025,11,5,14,37,臺中市,沙鹿區,0,1,0,7,2,6,50,4,1,1,5,4,6,6,2,1,10,5,5,2,16,2,8,2,1,C03,7,5,1,10,2,11,,11,11,1,5,4,120.5625,24.233689,2
1713,66000,387130000C,(04)23274275,(04)23288582,2025,11,5,14,41,臺中市,大雅區,0,0,0,7,,,50,,,,,,,,,,,,,,13,,,,,B03,,,1,,1,,,84,84,1,13,4,120.668882,24.214651,3
1714,66000,387130000C,(04)23274275,(04)23288582,2025,11,5,14,45,臺中市,西屯區,0,0,0,7,,,50,,,,,,,,,,,,,,,,,,,C03,,,1,,1,,,59,59,1,12,4,120.618575,24.184093,3
1715,66000,387130000C,(04)23274275,(04)23288582,2025,11,5,14,45,臺中市,大里區,0,1,0,7,3,6,50,3,1,1,5,4,6,6,4,4,5,4,5,1,16,3,10,5,4,B03,7,5,1,7,2,5,,14,14,1,13,4,120.676251,24.09916,2
1716,66000,387130000C,(04)23274275,(04)23288582,2025,11,5,14,49,臺中市,南屯區,0,0,0,7,,,50,,,,,,,,,,,,,,17,,,,,B03,,,1,,2,,,2,2,1,12,4,120.646712,24.153511,3
1717,66000,387130000C,(04)23274275,(04)23288582,2025,11,5,14,49,臺中市,太平區,0,1,0,7,2,6,50,4,1,1,5,4,6,6,1,1,10,5,5,2,16,2,9,1,4,C03,7,9,3,19,2,11,,84,84,1,13,4,120.737736,24.131531,2
1718,66000,387130000C,(04)23274275,(04)23288582,2025,11,5,14,49,臺中市,清水區,0,0,0,7,,,50,,,,,,,,,,,,,,,,,,,C03,,,1,,2,,,23,23,1,12,4,120.570831,24.258996,3
1719,66000,387130000C,(04)23274275,(04)23288582,2025,11,5,14,50,臺中市,烏日區,0,0,0,7,,,50,,,,,,,,,,,,,,17,,,,,B03,,,1,,2,,,14,14,1,6,4,120.644632,24.089649,3
1720,66000,387130000C,(04)23274275,(04)23288582,2025,11,5,14,51,臺中市,西屯區,0,0,0,7,,,50,,,,,,,,,,,,,,17,,,,,B03,,,1,,2,,,8,8,1,12,4,120.66175,24.165661,3
1721,66000,387130000C,(04)23274275,(04)23288582,2025,11,5,14,52,臺中市,南區,0,0,0,7,,,50,,,,,,,,,,,,,,12,,,,,B11,,,1,,1,,,84,84,1,12,4,120.662184,24.124628,3
1722,66000,387130000C,(04)23274275,(04)23288582,2025,11,5,14,54,臺中市,烏日區,0,1,0,7,2,6,50,3,1,1,5,4,6,6,4,4,5,4,4,2,16,2,8,1,1,C03,7,6,1,10,2,11,,13,13,1,6,4,120.631901,24.108569,2
1723,66000,387130000C,(04)23274275,(04)23288582,2025,11,5,14,58,臺中市,外埔區,0,0,0,7,2,6,30,4,1,1,5,4,6,6,1,1,10,5,5,1,14,3,10,3,1,B03,7,2,1,8,1,3,,49,49,1,12,4,120.688343,24.33401,3
1724,66000,387130000C,(04)23274275,(04)23288582,2025,11,5,14,59,臺中市,沙鹿區,0,1,0,7,2,6,50,3,2,1,5,4,6,6,1,1,5,5,4,2,13,2,9,1,1,C03,7,9,1,10,2,11,,7,7,1,12,4,120.567142,24.208522,2
1725,66000,387130000C,(04)23274275,(04)23288582,2025,11,5,15,0,臺中市,神岡區,0,0,0,7,,,50,,,,,,,,,,,,,,14,,,,,A12,,,1,,2,,,49,49,1,13,4,120.664549,24.273404,3
1726,66000,387130000C,(04)23274275,(04)23288582,2025,11,5,15,1,臺中市,太平區,0,0,0,7,,,50,,,,,,,,,,,,,,,,,,,B03,,,1,,2,,,58,58,1,12,4,120.703796,24.111243,3
1727,66000,387130000C,(04)23274275,(04)23288582,2025,11,5,15,2,臺中市,烏日區,0,0,0,7,,,50,,,,,,,,,,,,,,,,,,,B12,,,1,,1,,,40,40,1,6,4,120.649804,24.094694,3
1728,66000,387130000C,(04)23274275,(04)23288582,2025,11,5,15,2,臺中市,大甲區,0,1,0,7,2,6,50,4,1,1,5,4,6,6,4,4,5,5,4,2,15,2,9,2,1,C03,7,9,1,10,2,11,,15,15,1,6,4,120.651636,24.399537,2
1729,66000,387130000C,(04)23274275,(04)23288582,2025,11,5,15,10,臺中市,大甲區,0,0,0,7,,,70,,,,,,,,,,,,,,,,,,,B03,,,1,,1,,,59,59,1,6,4,120.641661,24.366075,3
1730,66000,387130000C,(04)23274275,(04)23288582,2025,11,5,15,13,臺中市,北區,0,2,0,7,3,6,50,13,9,1,5,4,6,6,4,4,5,5,5,2,17,2,9,5,4,F03,7,9,7,21,2,11,,84,84,1,13,4,120.673884,24.164173,2
1731,66000,387130000C,(04)23274275,(04)23288582,2025,11,5,15,13,臺中市,西屯區,0,0,0,7,,,50,,,,,,,,,,,,,,17,,,,,A41,,,1,,2,,,68,68,1,13,4,120.618495,24.165351,3
1732,66000,387130000C,(04)23274275,(04)23288582,2025,11,5,15,13,臺中市,太平區,0,2,0,7,2,6,50,4,4,1,5,4,6,6,1,1,10,5,5,2,13,2,4,2,1,C03,7,9,1,10,2,11,,84,84,1,12,4,120.724506,24.130134,2
1733,66000,387130000C,(04)23274275,(04)23288582,2025,11,5,15,14,臺中市,太平區,0,0,0,7,,3,80,,,,,,,,,,,,,,13,,,,,B02,,,1,,2,,,84,84,1,13,4,120.707048,24.129129,3
1734,66000,387130000C,(04)23274275,(04)23288582,2025,11,5,15,17,臺中市,北屯區,0,0,0,7,,,30,,,,,,,,,,,,,,14,,,,,B03,,,1,,1,,,49,49,1,12,4,120.670417,24.185735,3
1735,66000,387130000C,(04)23274275,(04)23288582,2025,11,5,15,17,臺中市,西屯區,0,1,0,7,2,6,40,5,9,1,5,4,6,6,1,1,9,5,5,2,30,2,9,2,1,C03,7,9,1,10,2,14,,59,59,1,12,4,120.661259,24.17627,2
1736,66000,387130000C,(04)23274275,(04)23288582,2025,11,5,15,17,臺中市,大里區,0,0,0,7,,,50,,,,,,,,,,,,,,,,,,,B03,,,1,,2,,,51,51,1,12,4,120.699388,24.110068,3
1737,66000,387130000C,(04)23274275,(04)23288582,2025,11,5,15,27,臺中市,烏日區,0,2,0,7,3,6,70,4,1,1,5,4,6,6,1,1,10,4,4,1,13,2,9,2,1,C03,7,9,1,10,2,11,,7,7,1,6,4,120.589638,24.113397,2
1738,66000,387130000C,(04)23274275,(04)23288582,2025,11,5,15,30,臺中市,西屯區,0,0,0,7,,,50,,,,,,,,,,,,,,13,,,,,B03,,,3,,1,,,7,7,1,12,4,120.649526,24.162837,3
1739,66000,387130000C,(04)23274275,(04)23288582,2025,11,5,15,30,臺中市,后里區,0,1,0,7,2,6,40,13,9,1,5,4,6,6,4,4,5,4,5,1,18,2,9,1,1,C03,7,9,1,10,2,12,,59,59,1,6,4,120.687083,24.312562,2
1740,66000,387130000C,(04)23274275,(04)23288582,2025,11,5,15,31,臺中市,潭子區,0,0,0,7,,,50,,,,,,,,,,,,,,,,,,,A05,,,1,,2,,,40,40,1,13,4,120.702221,24.201072,3
1741,66000,387130000C,(04)23274275,(04)23288582,2025,11,5,15,35,臺中市,大雅區,0,0,0,7,,,50,,,,,,,,,,,,,,,,,,,B02,,,1,,1,,,84,84,1,13,4,120.644329,24.209355,3
1742,66000,387130000C,(04)23274275,(04)23288582,2025,11,5,15,40,臺中市,潭子區,0,0,0,7,,,50,,,,,,,,,,,,,,,,,,,B03,,,1,,2,,,8,8,1,12,4,120.709422,24.200329,3
1743,66000,387130000C,(04)23274275,(04)23288582,2025,11,5,15,41,臺中市,潭子區,0,2,0,7,3,6,40,4,1,1,5,4,6,6,1,1,1,4,4,1,15,2,9,2,1,C03,7,9,1,10,2,11,,21,21,1,13,4,120.705291,24.215536,2
1744,66000,387130000C,(04)23274275,(04)23288582,2025,11,5,15,43,臺中市,大里區,0,0,0,7,,,50,,,,,,,,,,,,,,13,,,,,B03,,,1,,2,,,84,84,1,12,4,120.698897,24.109865,3
1745,66000,387130000C,(04)23274275,(04)23288582,2025,11,5,15,53,臺中市,大肚區,0,0,0,7,,,50,,,,,,,,,,,,,,,,,,,B03,,,1,,5,,,7,7,1,6,4,120.567263,24.122195,3
1746,66000,387130000C,(04)23274275,(04)23288582,2025,11,5,15,55,臺中市,北區,0,2,0,7,2,6,50,13,9,1,5,4,6,6,4,4,5,4,5,2,13,2,9,1,1,C03,7,9,1,10,2,11,,7,7,1,12,4,120.687871,24.151376,2
1747,66000,387130000C,(04)23274275,(04)23288582,2025,11,5,15,56,臺中市,龍井區,0,1,0,7,2,6,30,3,1,1,5,4,6,6,1,1,5,5,5,1,16,2,9,2,1,C03,7,6,1,10,2,11,,85,85,1,12,4,120.51655,24.18973,2
1748,66000,387130000C,(04)23274275,(04)23288582,2025,11,5,15,58,臺中市,大里區,0,0,0,7,3,6,50,13,24,1,5,4,6,6,4,4,3,4,4,2,13,,,,,C03,,,1,,2,,,84,84,1,12,4,120.693289,24.100179,3
1749,66000,387130000C,(04)23274275,(04)23288582,2025,11,5,16,0,臺中市,北區,0,1,0,7,2,6,50,4,1,1,5,4,6,6,4,4,10,5,5,2,15,3,10,5,4,B03,7,9,1,8,2,1,,20,20,1,13,4,120.680996,24.153491,2
1750,66000,387130000C,(04)23274275,(04)23288582,2025,11,5,16,0,臺中市,和平區,0,1,0,7,3,9,30,12,9,1,5,4,6,6,4,4,10,5,5,1,18,2,9,1,1,C03,7,9,3,19,7,12,,53,53,1,7,4,121.25773,24.251487,2
1751,66000,387130000C,(04)23274275,(04)23288582,2025,11,5,16,4,臺中市,大里區,0,1,0,7,2,6,50,4,1,1,5,4,6,6,1,1,10,5,5,1,13,3,10,3,1,B03,7,5,1,8,2,5,,7,7,1,13,4,120.70361,24.093072,2
1752,66000,387130000C,(04)23274275,(04)23288582,2025,11,5,16,5,臺中市,南屯區,0,0,0,7,,,50,,,,,,,,,,,,,,,,,,,B03,,,1,,1,,,84,84,1,6,4,120.653704,24.13839,3
1753,66000,387130000C,(04)23274275,(04)23288582,2025,11,5,16,6,臺中市,北屯區,0,0,0,7,,,30,,,,,,,,,,,,,,17,,,,,B03,,,1,,9,,,84,84,2,12,4,120.741099,24.178777,3
1754,66000,387130000C,(04)23274275,(04)23288582,2025,11,5,16,12,臺中市,南區,0,1,0,7,1,6,50,3,1,1,5,4,6,6,4,4,10,5,5,2,17,3,10,5,4,B03,7,9,1,8,2,1,,15,15,1,12,4,120.66262,24.119974,2
1755,66000,387130000C,(04)23274275,(04)23288582,2025,11,5,16,12,臺中市,后里區,0,1,0,7,2,6,50,13,9,1,5,4,6,6,4,4,9,4,5,1,18,2,9,6,1,F01,7,9,7,21,2,14,,59,59,1,6,4,120.706883,24.314055,2
1756,66000,387130000C,(04)23274275,(04)23288582,2025,11,5,16,13,臺中市,西屯區,0,0,0,7,,,30,,,,,,,,,,,,,,13,,,,,C03,,,1,,1,,,7,7,1,13,4,120.638993,24.173799,3
1757,66000,387130000C,(04)23274275,(04)23288582,2025,11,5,16,13,臺中市,大里區,0,1,0,7,2,6,50,4,1,1,5,4,6,6,1,1,10,5,5,2,16,2,8,1,1,C03,7,6,1,10,2,12,,11,11,1,12,4,120.702806,24.088147,2
1758,66000,387130000C,(04)23274275,(04)23288582,2025,11,5,16,14,臺中市,南屯區,0,2,0,7,2,6,50,4,1,1,5,4,6,6,1,1,9,4,5,2,3,2,9,6,5,H01,8,16,7,21,10,17,,95,95,1,12,5,120.646977,24.150798,2
1759,66000,387130000C,(04)23274275,(04)23288582,2025,11,5,16,14,臺中市,西屯區,0,1,0,7,2,6,50,4,1,1,5,4,6,6,1,1,8,4,5,1,17,3,10,5,4,B12,7,9,1,8,2,16,,21,21,1,13,4,120.622054,24.180807,2
1760,66000,387130000C,(04)23274275,(04)23288582,2025,11,5,16,15,臺中市,潭子區,0,3,0,7,3,6,60,4,1,1,5,4,6,6,1,1,1,4,5,1,17,2,9,5,1,F01,7,9,7,21,2,12,,21,21,1,13,4,120.705385,24.209873,2
1761,66000,387130000C,(04)23274275,(04)23288582,2025,11,5,16,16,臺中市,烏日區,0,1,0,7,2,6,50,13,8,1,5,4,6,6,4,4,5,4,4,2,18,2,9,5,4,F01,7,1,7,21,5,12,,84,84,1,6,4,120.625264,24.10626,2
1762,66000,387130000C,(04)23274275,(04)23288582,2025,11,5,16,19,臺中市,北屯區,0,1,0,7,2,6,50,4,2,1,5,4,6,6,2,1,4,3,5,2,16,3,10,3,1,B03,7,5,1,8,2,2,5,11,11,1,13,4,120.709664,24.174538,2
1763,66000,387130000C,(04)23274275,(04)23288582,2025,11,5,16,20,臺中市,西屯區,0,1,0,7,2,6,50,4,1,1,5,4,6,6,1,1,10,5,5,2,16,3,10,3,1,B03,7,6,1,8,2,1,,25,25,1,12,4,120.64551,24.192343,2
1764,66000,387130000C,(04)23274275,(04)23288582,2025,11,5,16,21,臺中市,西屯區,0,1,0,7,2,6,40,13,8,1,5,4,6,6,4,4,1,3,4,1,12,2,9,2,1,C03,7,1,1,10,2,14,,20,20,1,12,4,120.668799,24.177627,2
1765,66000,387130000C,(04)23274275,(04)23288582,2025,11,5,16,25,臺中市,東區,0,2,0,7,2,6,50,13,9,1,5,4,6,6,4,4,1,4,5,2,9,2,9,2,1,C03,7,9,1,10,2,12,,84,84,1,12,4,120.684132,24.135001,2
1766,66000,387130000C,(04)23274275,(04)23288582,2025,11,5,16,25,臺中市,北屯區,0,1,0,7,2,6,50,13,9,1,5,4,6,6,3,1,10,5,5,2,17,2,9,5,4,C03,7,4,1,10,2,11,,1,1,1,12,4,120.690083,24.180862,2
1767,66000,387130000C,(04)23274275,(04)23288582,2025,11,5,16,26,臺中市,太平區,0,1,0,7,3,6,50,3,1,1,5,4,6,6,4,4,10,5,5,2,13,3,10,1,1,C03,7,9,1,10,2,11,,7,7,1,12,4,120.715326,24.127082,2
1768,66000,387130000C,(04)23274275,(04)23288582,2025,11,5,16,31,臺中市,南區,0,0,0,7,,,50,,,,,,,,,,,,,,13,,,,,B03,,,1,,8,,,84,84,1,12,4,120.656476,24.124571,3
1769,66000,387130000C,(04)23274275,(04)23288582,2025,11,5,16,33,臺中市,西區,0,1,0,7,2,6,50,13,9,1,5,4,6,6,4,4,5,4,5,2,17,3,10,3,1,B03,7,1,1,8,2,1,,51,51,1,12,4,120.653449,24.153734,2
1770,66000,387130000C,(04)23274275,(04)23288582,2025,11,5,16,33,臺中市,太平區,0,0,0,7,,,50,,,,,,,,,,,,,,12,,,,,B03,,,1,,2,,,40,40,1,12,4,120.724777,24.15857,3
1771,66000,387130000C,(04)23274275,(04)23288582,2025,11,5,16,33,臺中市,龍井區,0,1,0,7,2,6,50,13,9,1,5,4,6,6,4,4,4,5,5,1,17,3,10,3,1,B03,7,1,1,8,2,8,,51,51,1,6,4,120.547376,24.196527,2
1772,66000,387130000C,(04)23274275,(04)23288582,2025,11,5,16,41,臺中市,大雅區,0,0,0,7,,,60,,,,,,,,,,,,,,,,,,,A12,,,1,,9,,,40,40,1,12,4,120.646581,24.222711,3
1773,66000,387130000C,(04)23274275,(04)23288582,2025,11,5,16,46,臺中市,西屯區,0,0,0,7,,,50,,,,,,,,,,,,,,13,,,,,B03,,,1,,1,,,59,59,1,13,4,120.661525,24.171876,3
1774,66000,387130000C,(04)23274275,(04)23288582,2025,11,5,16,47,臺中市,東區,0,0,0,7,2,6,50,13,9,1,5,4,6,6,4,4,5,4,5,2,12,,,,,C03,,,1,,1,,,84,84,1,13,4,120.682903,24.13524,3
1775,66000,387130000C,(04)23274275,(04)23288582,2025,11,5,16,50,臺中市,西屯區,0,1,0,7,1,6,50,3,2,1,5,4,6,6,1,1,5,4,5,2,13,3,10,5,4,C03,7,5,1,10,2,13,,84,84,1,12,4,120.604887,24.187556,2
1776,66000,387130000C,(04)23274275,(04)23288582,2025,11,5,16,51,臺中市,梧棲區,0,1,0,7,3,6,50,4,2,1,5,4,6,6,1,1,10,5,5,2,16,2,9,4,1,F01,7,6,7,21,2,14,,48,48,1,2,4,120.533124,24.260107,2
1777,66000,387130000C,(04)23274275,(04)23288582,2025,11,5,16,55,臺中市,南區,0,0,0,7,,,50,,,,,,,,,,,,,,,,,,,B03,,,1,,1,,,8,8,1,12,4,120.651775,24.12409,3
1778,66000,387130000C,(04)23274275,(04)23288582,2025,11,5,16,56,臺中市,西屯區,0,0,0,7,,,50,,,,,,,,,,,,,,14,,,,,B03,,,1,,1,,,49,49,1,13,4,120.659968,24.166026,3
1779,66000,387130000C,(04)23274275,(04)23288582,2025,11,5,16,58,臺中市,龍井區,0,2,0,7,2,6,50,13,9,1,5,4,6,6,4,4,9,5,5,1,12,2,9,2,1,C03,7,9,5,19,2,11,,7,7,1,12,4,120.545532,24.187552,2
1780,66000,387130000C,(04)23274275,(04)23288582,2025,11,5,16,59,臺中市,后里區,0,1,0,7,1,6,50,13,9,1,5,4,6,6,4,4,5,4,5,1,11,3,10,1,1,C03,7,6,3,19,11,11,,48,48,1,6,4,120.693002,24.312863,2
1781,66000,387130000C,(04)23274275,(04)23288582,2025,11,5,17,0,臺中市,南屯區,0,1,0,7,2,6,50,3,1,1,5,4,6,6,4,4,1,4,5,2,12,3,10,3,1,B03,7,5,1,8,2,5,,59,59,1,12,4,120.646653,24.15244,2
1782,66000,387130000C,(04)23274275,(04)23288582,2025,11,5,17,0,臺中市,西屯區,0,1,0,7,2,6,50,13,9,1,5,4,6,6,4,4,9,5,5,2,12,3,10,2,1,C03,7,10,1,10,2,11,,84,84,1,12,4,120.619345,24.181883,2
1783,66000,387130000C,(04)23274275,(04)23288582,2025,11,5,17,1,臺中市,潭子區,0,0,0,6,,,50,,,,,,,,,,,,,,,,,,,B03,,,1,,2,,,11,11,1,13,4,120.697944,24.194648,3
1784,66000,387130000C,(04)23274275,(04)23288582,2025,11,5,17,1,臺中市,北屯區,0,1,0,7,3,6,50,13,8,1,5,4,6,6,4,4,3,4,4,2,18,2,9,1,1,C03,7,9,1,10,2,16,,85,85,1,12,4,120.664239,24.184876,2
1785,66000,387130000C,(04)23274275,(04)23288582,2025,11,5,17,1,臺中市,烏日區,0,0,0,7,,,50,,,,,,,,,,,,,,13,,,,,B12,,,1,,2,,,7,7,1,13,4,120.647898,24.086649,3
1786,66000,387130000C,(04)23274275,(04)23288582,2025,11,5,17,3,臺中市,西屯區,0,0,0,7,,,50,,,,,,,,,,,,,,13,,,,,B03,,,1,,1,,,59,59,1,12,4,120.655398,24.173314,3
1787,66000,387130000C,(04)23274275,(04)23288582,2025,11,5,17,3,臺中市,西屯區,0,0,0,7,,,0,,,,,,,,,,,,,,16,,,,,F01,,,1,,1,,,84,84,1,13,1,120.613916,24.183535,3
1788,66000,387130000C,(04)23274275,(04)23288582,2025,11,5,17,5,臺中市,西屯區,0,0,0,7,,,50,,,,,,,,,,,,,,,,,,,C03,,,1,,1,,,48,48,1,12,4,120.637463,24.175925,3
1789,66000,387130000C,(04)23274275,(04)23288582,2025,11,5,17,6,臺中市,太平區,0,0,0,7,,,50,,,,,,,,,,,,,,17,,,,,B03,,,1,,1,,,85,85,1,12,4,120.716773,24.154431,3
1790,66000,387130000C,(04)23274275,(04)23288582,2025,11,5,17,6,臺中市,神岡區,0,0,0,7,,,50,,,,,,,,,,,,,,13,,,,,C03,,,1,,2,,,7,7,1,13,4,120.682773,24.251325,3
1791,66000,387130000C,(04)23274275,(04)23288582,2025,11,5,17,7,臺中市,西區,0,1,0,7,1,6,50,3,1,1,5,4,6,6,4,4,9,4,5,2,17,2,7,1,1,C03,7,6,1,10,2,12,,14,14,1,12,4,120.670748,24.142064,2
1792,66000,387130000C,(04)23274275,(04)23288582,2025,11,5,17,8,臺中市,龍井區,0,1,0,7,2,6,50,4,1,1,5,4,6,6,4,4,1,2,4,2,15,2,9,2,1,C03,7,9,1,10,2,11,,12,12,1,12,4,120.516921,24.197759,2
1793,66000,387130000C,(04)23274275,(04)23288582,2025,11,5,17,10,臺中市,中區,0,0,0,7,,,50,,,,,,,,,,,,,,,,,,,B12,,,1,8,1,,,85,85,1,13,4,120.676714,24.143274,3
1794,66000,387130000C,(04)23274275,(04)23288582,2025,11,5,17,10,臺中市,龍井區,0,2,0,7,2,6,50,13,8,1,5,4,6,6,4,4,1,5,5,1,13,2,9,2,1,C03,7,9,1,10,3,11,,7,7,1,12,4,120.522073,24.216132,2
1795,66000,387130000C,(04)23274275,(04)23288582,2025,11,5,17,10,臺中市,神岡區,0,0,0,7,,,50,,,,,,,,,,,,,,13,,,,,C03,,,1,,2,,,7,7,1,12,4,120.696587,24.253919,3
1796,66000,387130000C,(04)23274275,(04)23288582,2025,11,5,17,14,臺中市,西屯區,0,0,0,7,,,50,,,,,,,,,,,,,,17,,,,,A06,,,1,,1,,,84,84,1,13,4,120.654234,24.170317,3
1797,66000,387130000C,(04)23274275,(04)23288582,2025,11,5,17,14,臺中市,西屯區,0,1,0,7,1,6,50,4,1,1,5,4,6,6,1,1,8,4,5,1,17,2,9,5,4,C03,7,6,1,10,1,12,,11,11,1,13,4,120.649855,24.171529,2
1798,66000,387130000C,(04)23274275,(04)23288582,2025,11,5,17,15,臺中市,北區,0,1,0,7,2,6,50,4,1,1,5,4,6,6,1,1,10,5,5,2,18,2,9,1,1,C03,7,6,1,10,2,14,,43,43,1,12,4,120.692829,24.159728,2
1799,66000,387130000C,(04)23274275,(04)23288582,2025,11,5,17,15,臺中市,北區,0,0,0,7,,,50,,,,,,,,,,,,,,,,,,,B03,,,1,,2,,,84,84,1,13,4,120.693546,24.155611,3
1800,66000,387130000C,(04)23274275,(04)23288582,2025,11,5,17,17,臺中市,北區,0,0,0,7,,,50,,,,,,,,,,,,,,,,,,,C03,,,1,,2,,,78,78,1,12,4,120.692848,24.160035,3
1801,66000,387130000C,(04)23274275,(04)23288582,2025,11,5,17,20,臺中市,清水區,0,2,0,7,1,6,50,3,1,1,5,4,6,6,4,4,8,2,4,1,17,2,9,1,1,C03,7,6,1,10,2,12,,20,20,1,12,4,120.578581,24.277761,2
1802,66000,387130000C,(04)23274275,(04)23288582,2025,11,5,17,21,臺中市,梧棲區,0,1,0,7,1,6,50,4,1,1,5,4,6,6,1,1,10,5,5,2,16,2,8,1,1,C03,7,9,1,10,9,12,,4,4,1,6,4,120.53729,24.243913,2
1803,66000,387130000C,(04)23274275,(04)23288582,2025,11,5,17,22,臺中市,西屯區,0,0,0,7,,,50,,,,,,,,,,,,,,12,,,,,A05,,,1,,1,,,8,8,1,12,4,120.661121,24.171806,3
1804,66000,387130000C,(04)23274275,(04)23288582,2025,11,5,17,22,臺中市,大甲區,0,0,0,7,,,50,,,,,,,,,,,,,,13,,,,,B03,,,1,,2,,,84,84,1,6,4,120.616795,24.347325,3
1805,66000,387130000C,(04)23274275,(04)23288582,2025,11,5,17,30,臺中市,豐原區,0,0,0,7,,,50,,,,,,,,,,,,,,13,,,,,B03,,,1,,2,,,59,59,1,13,4,120.701877,24.249252,3