序號,縣市別代碼,機關代碼,市話,傳真,年,月,日,時,分,縣市,區,死亡數量,受傷數量,2-30,天候,道路照明設備,道路類別,道路速限,道路型態,事故位置,路面鋪裝,路面狀態,路面缺陷,障礙物,視距,號誌種類,號誌動作,分向設施,快車道或一般車道間,快慢車道間,路面邊線,事故類型及型態,受傷程度,主要傷處,保護裝備,行動電話或功能裝置,當事者區分(類別),車輛用途,當事者行動狀態,駕照狀態,駕照種類,飲酒情形,車輛撞擊部位最初,車輛撞擊部位其他,肇事因素個別,肇事因素主要,肇事逃逸,職業,共享經濟或外送平台,GPS座標X,GPS座標Y,事故類別
1806,66000,387130000C,(04)23274275,(04)23288582,2025,11,5,17,31,臺中市,東區,0,0,0,7,,,50,,,,,,,,,,,,,,12,,,,,B03,,,1,,1,,,84,84,1,12,4,120.699337,24.140153,3
1807,66000,387130000C,(04)23274275,(04)23288582,2025,11,5,17,31,臺中市,太平區,0,1,0,7,1,6,50,5,9,1,5,4,6,6,2,1,3,4,5,2,12,3,10,3,1,B03,7,9,1,1,2,5,,7,7,1,12,4,120.711981,24.147935,2
1808,66000,387130000C,(04)23274275,(04)23288582,2025,11,5,17,32,臺中市,北屯區,0,1,0,7,1,6,50,4,1,1,5,4,6,6,1,1,10,5,5,2,16,2,8,1,1,C03,7,9,5,19,2,11,,21,21,1,12,4,120.690994,24.171429,2
1809,66000,387130000C,(04)23274275,(04)23288582,2025,11,5,17,34,臺中市,西屯區,0,0,0,7,,,50,,,,,,,,,,,,,,14,,,,,B02,,,1,,9,,,49,49,1,13,4,120.640868,24.155564,3
1810,66000,387130000C,(04)23274275,(04)23288582,2025,11,5,17,38,臺中市,南屯區,0,0,0,7,,,50,,,,,,,,,,,,,,,,,,,B03,,,1,,1,,,43,43,1,6,4,120.609871,24.131077,3
1811,66000,387130000C,(04)23274275,(04)23288582,2025,11,5,17,40,臺中市,北區,0,1,0,7,1,6,30,3,1,1,5,4,6,6,4,4,10,5,5,2,17,3,10,5,4,B03,7,6,1,8,2,8,,84,84,1,13,4,120.670535,24.165778,2
1812,66000,387130000C,(04)23274275,(04)23288582,2025,11,5,17,40,臺中市,烏日區,0,0,0,7,1,6,50,13,7,1,5,4,6,6,4,4,5,4,4,2,13,3,10,1,1,C03,7,12,1,10,1,13,,8,8,1,6,4,120.607888,24.120167,3
1813,66000,387130000C,(04)23274275,(04)23288582,2025,11,5,17,42,臺中市,南區,0,2,0,7,1,6,50,4,1,1,5,4,6,6,1,1,10,5,5,2,17,2,9,5,4,C03,7,9,1,10,2,13,,84,84,1,12,4,120.668624,24.116892,2
1814,66000,387130000C,(04)23274275,(04)23288582,2025,11,5,17,42,臺中市,南屯區,0,1,0,7,2,6,50,4,1,1,5,4,6,6,4,4,9,5,5,2,3,3,10,3,1,B03,7,9,1,8,9,1,,10,10,1,12,4,120.650584,24.133529,2
1815,66000,387130000C,(04)23274275,(04)23288582,2025,11,5,17,42,臺中市,霧峰區,0,0,0,7,,,50,,,,,,,,,,,,,,17,,,,,A12,,,1,,2,,,7,7,1,13,4,120.691455,24.071399,3
1816,66000,387130000C,(04)23274275,(04)23288582,2025,11,5,17,45,臺中市,南屯區,0,3,0,7,1,3,80,13,9,1,5,4,6,6,4,4,1,4,5,2,13,3,10,3,1,B12,7,9,1,8,2,1,,7,7,1,12,4,120.61968,24.122452,2
1817,66000,387130000C,(04)23274275,(04)23288582,2025,11,5,17,46,臺中市,西屯區,0,1,0,7,1,6,50,3,1,1,5,4,6,6,1,1,8,4,5,1,17,3,10,5,4,B03,7,11,1,8,2,1,,59,59,1,13,4,120.646462,24.178825,2
1818,66000,387130000C,(04)23274275,(04)23288582,2025,11,5,17,47,臺中市,北區,0,0,0,7,,,50,,,,,,,,,,,,,,,,,,,B03,,,1,,1,,,84,84,1,13,4,120.678689,24.152372,3
1819,66000,387130000C,(04)23274275,(04)23288582,2025,11,5,17,47,臺中市,北屯區,0,1,0,7,2,6,50,3,2,1,5,4,6,6,1,1,4,3,5,2,3,3,10,3,1,B03,7,6,1,8,2,8,,10,10,1,13,4,120.72071,24.161575,2
1820,66000,387130000C,(04)23274275,(04)23288582,2025,11,5,17,48,臺中市,北屯區,0,1,0,7,1,6,50,4,1,1,5,4,6,6,1,1,10,5,5,2,16,2,9,5,4,C03,7,9,1,10,2,14,,21,21,1,12,4,120.727428,24.169209,2
1821,66000,387130000C,(04)23274275,(04)23288582,2025,11,5,17,48,臺中市,大里區,0,0,0,7,,,50,,,,,,,,,,,,,,,,,,,B03,,,1,,2,,,11,11,1,12,4,120.672261,24.114829,3
1822,66000,387130000C,(04)23274275,(04)23288582,2025,11,5,17,49,臺中市,北屯區,0,0,0,7,,3,80,,,,,,,,,,,,,,13,,,,,B03,,,1,,2,,,7,7,1,12,4,120.722427,24.189191,3
1823,66000,387130000C,(04)23274275,(04)23288582,2025,11,5,17,50,臺中市,中區,0,0,0,7,,,,,,,,,,,,,,,,,17,,,,,,,,,,,,,86,86,1,,,120.684312,24.142321,3
1824,66000,387130000C,(04)23274275,(04)23288582,2025,11,5,17,51,臺中市,北屯區,0,0,0,7,,,50,,,,,,,,,,,,,,17,,,,,B12,,,1,,2,,,49,49,1,6,4,120.687755,24.195766,3
1825,66000,387130000C,(04)23274275,(04)23288582,2025,11,5,17,51,臺中市,北屯區,0,0,0,7,,,50,,,,,,,,,,,,,,13,,,,,C03,,,1,,2,,,8,8,1,6,4,120.687678,24.171873,4
1826,66000,387130000C,(04)23274275,(04)23288582,2025,11,5,17,53,臺中市,大雅區,0,2,0,7,1,6,50,3,1,1,5,4,6,6,1,1,10,5,5,2,17,2,8,2,1,C03,7,9,1,10,2,11,,21,21,1,12,4,120.656995,24.230491,2
1827,66000,387130000C,(04)23274275,(04)23288582,2025,11,5,17,54,臺中市,西區,0,1,0,7,1,6,50,4,1,1,5,4,6,6,4,4,10,5,5,2,17,2,9,2,1,C03,7,9,1,10,2,11,,84,84,1,12,4,120.659482,24.146698,2
1828,66000,387130000C,(04)23274275,(04)23288582,2025,11,5,17,54,臺中市,南屯區,0,0,0,7,1,6,40,13,9,1,5,4,6,6,4,4,10,5,5,2,12,,,,,B03,,,1,,1,,,8,8,1,12,4,120.623693,24.149225,3
1829,66000,387130000C,(04)23274275,(04)23288582,2025,11,5,17,54,臺中市,北屯區,0,0,0,7,,,50,,,,,,,,,,,,,,,,,,,,,,,,,,,86,86,1,,,120.686226,24.192681,3
1830,66000,387130000C,(04)23274275,(04)23288582,2025,11,5,17,55,臺中市,大雅區,0,0,0,7,,,50,,,,,,,,,,,,,,,,,,,B03,,,1,,1,,,59,59,1,13,4,120.644963,24.225307,3
1831,66000,387130000C,(04)23274275,(04)23288582,2025,11,5,17,55,臺中市,東區,0,0,0,7,,,50,,,,,,,,,,,,,,12,,,,,C03,,,1,,1,,,11,11,1,13,4,120.692382,24.139455,3
1832,66000,387130000C,(04)23274275,(04)23288582,2025,11,5,17,55,臺中市,太平區,0,0,0,7,,,30,,,,,,,,,,,,,,,,,,,B02,,,1,,2,,,58,58,1,12,4,120.737051,24.142806,3
1833,66000,387130000C,(04)23274275,(04)23288582,2025,11,5,17,55,臺中市,梧棲區,0,1,0,7,1,6,30,4,2,1,5,4,6,6,3,1,10,5,5,2,13,3,10,3,1,B03,7,6,1,8,2,1,,59,59,1,6,4,120.54737,24.227994,2
1834,66000,387130000C,(04)23274275,(04)23288582,2025,11,5,17,57,臺中市,西屯區,0,1,0,7,1,6,40,13,8,1,5,4,6,6,4,4,1,5,1,1,13,2,9,2,4,C03,7,9,1,10,2,11,,59,59,1,12,4,120.631111,24.205024,2
1835,66000,387130000C,(04)23274275,(04)23288582,2025,11,5,17,57,臺中市,后里區,0,0,0,7,1,6,50,3,1,1,5,4,6,6,4,4,3,4,4,1,12,,,,,B03,,,1,,2,,,40,40,1,6,4,120.728557,24.32596,3
1836,66000,387130000C,(04)23274275,(04)23288582,2025,11,5,17,58,臺中市,西屯區,0,0,0,7,,,50,,,,,,,,,,,,,,13,,,,,B03,,,1,,1,,,7,7,1,12,4,120.644207,24.161231,3
1837,66000,387130000C,(04)23274275,(04)23288582,2025,11,5,18,0,臺中市,南屯區,0,0,0,7,,3,80,,,,,,,,,,,,,,13,,,,,B03,,,1,,2,,,7,7,1,12,4,120.621618,24.134699,3
1838,66000,387130000C,(04)23274275,(04)23288582,2025,11,5,18,0,臺中市,西屯區,0,1,0,7,1,6,40,13,8,1,5,4,6,6,4,4,1,5,1,1,13,2,9,2,4,C03,7,9,1,10,2,11,,59,59,1,12,4,120.631111,24.205024,2
1839,66000,387130000C,(04)23274275,(04)23288582,2025,11,5,18,1,臺中市,南屯區,0,0,0,7,,,60,,,,,,,,,,,,,,13,,,,,A11,,,1,,1,,,84,84,1,6,4,120.605708,24.151342,3
1840,66000,387130000C,(04)23274275,(04)23288582,2025,11,5,18,2,臺中市,太平區,0,0,0,7,,,30,,,,,,,,,,,,,,17,,,,,B03,,,1,,1,,,84,84,1,12,4,120.723096,24.10637,3
1841,66000,387130000C,(04)23274275,(04)23288582,2025,11,5,18,2,臺中市,烏日區,0,1,0,7,1,6,50,4,1,1,5,4,6,6,3,1,10,5,5,2,17,2,9,5,4,C03,7,9,1,10,2,12,,6,6,1,6,4,120.61824,24.105193,2
1842,66000,387130000C,(04)23274275,(04)23288582,2025,11,5,18,3,臺中市,北屯區,0,0,0,7,,,50,,,,,,,,,,,,,,12,,,,,B03,,,1,,1,,,40,40,1,12,4,120.70213,24.169871,3
1843,66000,387130000C,(04)23274275,(04)23288582,2025,11,5,18,4,臺中市,西區,0,0,0,7,,,50,,,,,,,,,,,,,,12,,,,,B03,,,1,,11,,,8,8,1,13,4,120.667365,24.131657,3
1844,66000,387130000C,(04)23274275,(04)23288582,2025,11,5,18,4,臺中市,烏日區,0,0,0,7,,,30,,,,,,,,,,,,,,17,,,,,C03,,,1,,2,,,20,20,1,6,4,120.640655,24.097197,3
1845,66000,387130000C,(04)23274275,(04)23288582,2025,11,5,18,4,臺中市,豐原區,0,1,0,7,1,6,50,13,7,1,5,4,6,6,4,4,5,5,4,2,18,2,8,5,4,C03,7,9,1,10,2,16,,59,59,1,12,4,120.733326,24.257502,2
1846,66000,387130000C,(04)23274275,(04)23288582,2025,11,5,18,5,臺中市,南區,0,0,0,7,,,50,,,,,,,,,,,,,,,,,,,C03,,,1,,2,,,8,8,1,12,4,120.679531,24.121844,3
1847,66000,387130000C,(04)23274275,(04)23288582,2025,11,5,18,7,臺中市,大雅區,0,1,0,7,3,6,30,13,9,1,5,4,6,6,4,4,10,5,5,1,11,2,8,1,1,F03,7,9,7,21,2,14,,8,8,1,12,4,120.652639,24.217558,2
1848,66000,387130000C,(04)23274275,(04)23288582,2025,11,5,18,7,臺中市,南區,0,0,0,7,,,50,,,,,,,,,,,,,,17,,,,,,,,,,,,,86,86,1,,,120.682443,24.129658,3
1849,66000,387130000C,(04)23274275,(04)23288582,2025,11,5,18,7,臺中市,南區,0,1,0,7,1,6,50,4,1,1,5,4,6,6,1,1,10,5,5,2,16,3,10,3,1,B03,7,5,1,8,2,5,,11,11,1,12,4,120.668652,24.129444,2
1850,66000,387130000C,(04)23274275,(04)23288582,2025,11,5,18,8,臺中市,西屯區,0,0,0,7,,,50,,,,,,,,,,,,,,12,,,,,B03,,,1,,2,,,85,85,1,13,4,120.652888,24.165443,3
1851,66000,387130000C,(04)23274275,(04)23288582,2025,11,5,18,8,臺中市,龍井區,0,1,0,7,1,6,50,13,9,1,5,4,6,6,4,4,5,5,5,1,18,2,9,1,1,C03,7,9,1,10,2,12,,82,82,1,12,4,120.545131,24.192038,2
1852,66000,387130000C,(04)23274275,(04)23288582,2025,11,5,18,9,臺中市,西屯區,0,0,0,7,,,50,,,,,,,,,,,,,,13,,,,,C03,,,1,,1,,,7,7,1,13,4,120.644281,24.202019,3
1853,66000,387130000C,(04)23274275,(04)23288582,2025,11,5,18,10,臺中市,北區,0,0,0,7,,,50,,,,,,,,,,,,,,17,,,,,B12,,,1,,1,,,59,59,1,6,4,120.693828,24.161218,3
1854,66000,387130000C,(04)23274275,(04)23288582,2025,11,5,18,10,臺中市,北屯區,0,0,0,7,,,50,,,,,,,,,,,,,,13,,,,,B03,,,1,8,1,,,7,7,1,12,4,120.722721,24.16156,3
1855,66000,387130000C,(04)23274275,(04)23288582,2025,11,5,18,10,臺中市,西屯區,0,0,0,7,,,50,,,,,,,,,,,,,,13,,,,,B03,,,1,,1,,,7,7,1,12,4,120.635108,24.179386,3
1856,66000,387130000C,(04)23274275,(04)23288582,2025,11,5,18,11,臺中市,西屯區,0,0,0,7,,,50,,,,,,,,,,,,,,13,,,,,B03,,,1,,1,,,7,7,1,13,4,120.64098,24.167824,3
1857,66000,387130000C,(04)23274275,(04)23288582,2025,11,5,18,11,臺中市,豐原區,0,0,0,7,,,50,,,,,,,,,,,,,,17,,,,,B03,,,1,,9,,,49,49,1,12,4,120.724764,24.246864,3
1858,66000,387130000C,(04)23274275,(04)23288582,2025,11,5,18,14,臺中市,西屯區,0,1,0,7,1,6,50,4,2,1,5,4,6,6,1,1,1,5,1,2,12,3,10,3,1,B12,7,9,1,8,2,2,,8,8,1,12,4,120.637117,24.186049,2
1859,66000,387130000C,(04)23274275,(04)23288582,2025,11,5,18,15,臺中市,大甲區,0,0,0,7,,,50,,,,,,,,,,,,,,,,,,,B03,,,1,,2,,,8,8,1,6,4,120.647136,24.402261,3
1860,66000,387130000C,(04)23274275,(04)23288582,2025,11,5,18,17,臺中市,北屯區,0,0,0,7,,,40,,,,,,,,,,,,,,14,,,,,B12,,,1,,2,,,49,49,1,12,4,120.718182,24.182186,3
1861,66000,387130000C,(04)23274275,(04)23288582,2025,11,5,18,19,臺中市,北區,0,0,0,7,,,50,,,,,,,,,,,,,,16,,,,,C03,,,1,,1,,,47,47,1,13,4,120.698883,24.160424,3
1862,66000,387130000C,(04)23274275,(04)23288582,2025,11,5,18,20,臺中市,豐原區,0,1,0,7,1,6,50,5,1,1,5,4,6,6,1,1,10,5,5,2,17,3,10,3,1,B03,7,6,1,8,2,5,,11,11,1,13,4,120.729763,24.243619,2
1863,66000,387130000C,(04)23274275,(04)23288582,2025,11,5,18,24,臺中市,西區,0,2,0,6,1,6,50,4,1,1,5,4,6,6,3,1,10,5,5,2,17,2,9,1,1,C03,7,11,1,10,2,12,,45,45,1,12,4,120.665166,24.131936,2
1864,66000,387130000C,(04)23274275,(04)23288582,2025,11,5,18,30,臺中市,霧峰區,0,0,0,7,,,50,,,,,,,,,,,,,,,,,,,C03,,,1,,2,,,59,59,1,12,4,120.709241,24.080841,3
1865,66000,387130000C,(04)23274275,(04)23288582,2025,11,5,18,30,臺中市,豐原區,0,1,0,7,1,6,30,3,2,1,5,4,6,6,4,4,10,5,5,1,16,3,10,1,1,C03,7,6,1,10,2,12,14,14,14,1,13,4,120.705274,24.239889,2
1866,66000,387130000C,(04)23274275,(04)23288582,2025,11,5,18,33,臺中市,北屯區,0,0,0,7,,,50,,,,,,,,,,,,,,12,,,,,B03,,,1,,2,,,84,84,1,12,4,120.692317,24.162265,3
1867,66000,387130000C,(04)23274275,(04)23288582,2025,11,5,18,38,臺中市,北屯區,0,1,0,7,1,6,50,4,1,1,5,4,6,6,1,1,10,5,5,2,16,3,10,5,4,B03,7,6,1,8,1,2,,11,11,1,12,4,120.699619,24.164779,2
1868,66000,387130000C,(04)23274275,(04)23288582,2025,11,5,18,38,臺中市,龍井區,0,1,0,7,1,6,50,13,7,1,5,4,6,6,4,4,1,4,4,2,17,2,9,2,1,C03,7,9,1,9,2,14,,84,84,1,12,4,120.546604,24.196364,2
1869,66000,387130000C,(04)23274275,(04)23288582,2025,11,5,18,39,臺中市,西屯區,0,0,0,7,,,50,,,,,,,,,,,,,,,,,,,B03,,,1,,1,,,40,40,1,12,4,120.634904,24.172018,3
1870,66000,387130000C,(04)23274275,(04)23288582,2025,11,5,18,40,臺中市,大雅區,0,0,0,7,,,50,,,,,,,,,,,,,,,,,,,B03,,,1,,1,,,7,7,1,13,4,120.649964,24.221653,3
1871,66000,387130000C,(04)23274275,(04)23288582,2025,11,5,18,40,臺中市,北屯區,0,0,0,7,,,50,,,,,,,,,,,,,,13,,,,,C03,,,1,,1,,,7,7,1,13,4,120.677591,24.183441,3
1872,66000,387130000C,(04)23274275,(04)23288582,2025,11,5,18,41,臺中市,西屯區,0,1,0,7,1,6,40,13,8,1,5,4,6,6,4,4,1,4,1,1,17,3,10,5,4,C03,7,7,1,10,2,14,,40,40,1,13,4,120.651863,24.161136,2
1873,66000,387130000C,(04)23274275,(04)23288582,2025,11,5,18,43,臺中市,西屯區,0,0,0,7,,,50,,,,,,,,,,,,,,14,,,,,C03,,,1,,2,,,49,49,1,12,4,120.645777,24.172534,3
1874,66000,387130000C,(04)23274275,(04)23288582,2025,11,5,18,44,臺中市,大雅區,0,2,0,7,1,6,50,11,9,1,5,4,6,6,4,4,5,5,5,1,17,2,8,2,1,C03,7,9,1,10,2,14,,84,84,1,12,4,120.644414,24.224968,2
1875,66000,387130000C,(04)23274275,(04)23288582,2025,11,5,18,44,臺中市,北區,0,0,0,7,,,50,,,,,,,,,,,,,,,,,,,C03,,,1,,2,,,51,51,1,13,4,120.678687,24.159177,3
1876,66000,387130000C,(04)23274275,(04)23288582,2025,11,5,18,46,臺中市,西屯區,0,0,0,7,,,30,,,,,,,,,,,,,,,,,,,B12,,,1,,9,,,49,49,1,12,4,120.644685,24.177046,3
1877,66000,387130000C,(04)23274275,(04)23288582,2025,11,5,18,47,臺中市,北屯區,0,3,0,7,1,6,50,13,9,1,5,4,6,6,4,4,1,4,5,2,12,2,8,1,1,C03,7,9,1,10,2,14,,84,84,1,12,4,120.672648,24.174234,2
1878,66000,387130000C,(04)23274275,(04)23288582,2025,11,5,18,48,臺中市,石岡區,0,0,0,7,,,70,,,,,,,,,,,,,,17,,,,,A04,,,1,,2,,,50,50,1,6,4,120.816135,24.260251,3
1879,66000,387130000C,(04)23274275,(04)23288582,2025,11,5,18,51,臺中市,潭子區,0,0,0,7,,,50,,,,,,,,,,,,,,,,,,,B03,,,1,,2,,,59,59,1,12,4,120.706818,24.207054,3
1880,66000,387130000C,(04)23274275,(04)23288582,2025,11,5,18,53,臺中市,南區,0,0,0,7,1,6,30,3,1,1,5,4,6,6,4,4,10,5,5,2,15,,,,,C03,,,1,,1,,,13,13,1,12,4,120.654338,24.121775,3
1881,66000,387130000C,(04)23274275,(04)23288582,2025,11,5,18,54,臺中市,南屯區,0,1,0,7,1,6,50,13,9,1,5,4,6,6,1,1,5,5,5,2,17,3,10,1,1,C03,7,9,1,10,2,12,,85,85,1,12,4,120.654959,24.14248,2
1882,66000,387130000C,(04)23274275,(04)23288582,2025,11,5,18,55,臺中市,北區,0,1,0,7,1,6,50,13,7,1,5,4,6,6,2,1,1,4,4,2,13,2,9,2,1,C03,7,9,1,3,2,11,,7,7,1,12,4,120.698845,24.152947,2
1883,66000,387130000C,(04)23274275,(04)23288582,2025,11,5,18,55,臺中市,西屯區,0,1,0,7,2,6,50,4,9,1,5,4,6,6,2,1,4,3,5,1,13,3,10,2,4,C03,7,9,1,10,2,11,,59,59,1,12,4,120.639169,24.159209,2
1884,66000,387130000C,(04)23274275,(04)23288582,2025,11,5,18,57,臺中市,南屯區,0,2,0,7,1,6,50,4,1,1,5,4,6,6,2,1,5,4,5,2,13,2,9,2,1,C03,7,9,1,10,2,11,,7,7,1,12,4,120.612581,24.138487,2
1885,66000,387130000C,(04)23274275,(04)23288582,2025,11,5,19,5,臺中市,南屯區,0,0,0,7,1,6,50,13,9,1,5,4,6,6,4,4,9,5,5,2,14,,,,,B03,,,1,,2,,,50,50,1,12,4,120.654621,24.131682,3
1886,66000,387130000C,(04)23274275,(04)23288582,2025,11,5,19,20,臺中市,東勢區,0,1,0,6,1,6,40,13,9,1,5,4,6,6,4,4,5,5,5,1,17,2,9,2,1,C03,7,9,1,10,2,12,,59,59,1,6,4,120.835006,24.24553,2
1887,66000,387130000C,(04)23274275,(04)23288582,2025,11,5,19,29,臺中市,太平區,0,1,0,7,1,6,50,4,19,1,5,4,6,6,2,1,10,5,5,2,3,3,10,3,1,B03,7,6,1,8,2,1,,10,10,1,12,4,120.705059,24.159478,2
1888,66000,387130000C,(04)23274275,(04)23288582,2025,11,5,19,30,臺中市,西屯區,0,2,0,7,1,6,40,13,9,1,5,4,6,6,4,4,1,4,4,2,16,3,10,5,4,B03,7,5,1,8,2,2,,47,47,1,13,4,120.651383,24.207884,2
1889,66000,387130000C,(04)23274275,(04)23288582,2025,11,5,19,31,臺中市,大雅區,0,1,0,7,1,6,30,13,9,1,5,4,6,6,4,4,10,5,5,1,28,2,1,2,1,C03,7,9,1,10,2,11,,84,84,1,12,4,120.631822,24.219703,2
1890,66000,387130000C,(04)23274275,(04)23288582,2025,11,5,19,36,臺中市,西屯區,0,1,0,7,1,6,50,3,1,1,5,4,6,6,4,4,5,4,5,2,16,3,10,5,4,B12,7,6,1,8,2,2,,14,14,1,12,4,120.607224,24.194734,2
1891,66000,387130000C,(04)23274275,(04)23288582,2025,11,5,19,49,臺中市,潭子區,0,1,0,7,1,6,20,13,13,1,5,4,6,6,4,4,10,5,5,2,3,2,1,6,5,H01,8,16,7,21,10,17,,98,98,1,12,5,120.703367,24.19325,2
1892,66000,387130000C,(04)23274275,(04)23288582,2025,11,5,19,55,臺中市,北屯區,0,0,0,7,,,50,,,,,,,,,,,,,,,,,,,B03,,,1,,1,,,59,59,1,12,4,120.705738,24.1648,3
1893,66000,387130000C,(04)23274275,(04)23288582,2025,11,5,19,55,臺中市,太平區,0,1,0,7,1,6,50,4,1,1,5,4,6,6,4,4,10,5,5,2,15,3,10,1,1,C03,7,9,1,10,2,11,,12,12,1,12,4,120.711817,24.151386,2
1894,66000,387130000C,(04)23274275,(04)23288582,2025,11,5,20,2,臺中市,沙鹿區,0,1,0,7,2,6,60,13,8,1,5,4,6,6,4,4,1,4,4,1,17,2,8,1,1,C03,7,9,1,10,2,11,,59,59,1,5,4,120.608243,24.246333,2
1895,66000,387130000C,(04)23274275,(04)23288582,2025,11,5,20,16,臺中市,東區,0,2,0,7,1,6,50,4,1,1,5,4,6,6,2,1,5,4,5,2,12,2,9,2,1,C03,7,8,1,10,2,14,,40,40,1,13,4,120.687749,24.131982,2
1896,66000,387130000C,(04)23274275,(04)23288582,2025,11,5,20,17,臺中市,南屯區,0,0,0,7,,,50,,,,,,,,,,,,,,,,,,,B03,,,1,,1,,,7,7,1,6,4,120.611798,24.141958,3
1897,66000,387130000C,(04)23274275,(04)23288582,2025,11,5,20,21,臺中市,北屯區,0,0,0,7,,,50,,,,,,,,,,,,,,13,,,,,B03,,,1,,1,,,7,7,1,13,4,120.685435,24.169464,3
1898,66000,387130000C,(04)23274275,(04)23288582,2025,11,5,20,25,臺中市,大雅區,0,0,0,7,,,50,,,,,,,,,,,,,,,,,,,C03,,,1,,2,,,7,7,1,13,4,120.654354,24.229388,3
1899,66000,387130000C,(04)23274275,(04)23288582,2025,11,5,20,26,臺中市,北屯區,0,0,0,7,,,50,,,,,,,,,,,,,,13,,,,,B03,,,1,8,2,,,59,59,1,12,4,120.69029,24.16276,3
1900,66000,387130000C,(04)23274275,(04)23288582,2025,11,5,20,35,臺中市,北區,0,0,0,7,,,50,,,,,,,,,,,,,,,,,,,B03,,,1,,1,,,7,7,1,12,4,120.66397,24.160693,3
1901,66000,387130000C,(04)23274275,(04)23288582,2025,11,5,20,40,臺中市,北屯區,0,2,0,7,1,6,50,4,1,1,5,4,6,6,2,1,10,5,5,2,13,2,8,1,1,C03,7,9,1,10,2,11,,85,85,1,12,4,120.70009,24.164793,2
1902,66000,387130000C,(04)23274275,(04)23288582,2025,11,5,20,43,臺中市,西屯區,0,1,0,7,1,6,50,4,1,1,5,4,6,6,1,1,1,4,5,1,16,3,10,5,4,B03,7,5,1,8,2,2,,11,11,1,13,4,120.617498,24.185346,2
1903,66000,387130000C,(04)23274275,(04)23288582,2025,11,5,20,45,臺中市,南屯區,0,1,0,7,2,6,40,13,8,1,5,4,6,6,4,4,9,4,4,2,13,3,10,1,1,F03,7,9,7,21,2,11,,7,7,1,12,4,120.645717,24.151109,2
1904,66000,387130000C,(04)23274275,(04)23288582,2025,11,5,20,50,臺中市,太平區,0,0,0,7,,,50,,,,,,,,,,,,,,,,,,,C03,,,1,,2,,,59,59,1,6,4,120.714486,24.143214,3
1905,66000,387130000C,(04)23274275,(04)23288582,2025,11,5,20,56,臺中市,潭子區,0,0,0,6,,,40,,,,,,,,,,,,,,,,,,,B03,,,1,,2,,,50,50,1,13,4,120.708066,24.210834,3
1906,66000,387130000C,(04)23274275,(04)23288582,2025,11,5,21,4,臺中市,東區,0,0,0,7,,,50,,,,,,,,,,,,,,13,,,,,F01,,,7,,1,,,84,84,1,12,4,120.704141,24.141075,3
1907,66000,387130000C,(04)23274275,(04)23288582,2025,11,5,21,5,臺中市,東勢區,0,1,0,7,1,6,50,3,1,1,2,4,6,6,1,1,5,5,5,2,18,2,9,5,4,C03,7,5,1,10,1,16,,87,87,1,13,4,120.833055,24.24691,2
1908,66000,387130000C,(04)23274275,(04)23288582,2025,11,5,21,6,臺中市,神岡區,0,1,0,7,2,6,50,3,1,1,5,4,6,6,2,1,10,5,5,1,17,3,10,5,4,B03,7,5,1,8,2,5,,84,84,1,13,4,120.692868,24.24831,2
1909,66000,387130000C,(04)23274275,(04)23288582,2025,11,5,21,8,臺中市,神岡區,0,0,0,7,,,50,,,,,,,,,,,,,,30,,,,,B03,,,1,,2,,,84,84,1,13,4,120.674114,24.282275,3
1910,66000,387130000C,(04)23274275,(04)23288582,2025,11,5,21,16,臺中市,沙鹿區,0,1,0,7,3,6,50,4,1,1,5,4,6,6,1,1,1,4,4,2,23,2,1,5,4,B03,7,9,1,8,2,8,,6,6,1,13,4,120.566877,24.252118,2
1911,66000,387130000C,(04)23274275,(04)23288582,2025,11,5,21,19,臺中市,大里區,0,0,0,7,,,50,,,,,,,,,,,,,,13,,,,,B03,,,1,,2,,,7,7,1,13,4,120.687642,24.086638,3
1912,66000,387130000C,(04)23274275,(04)23288582,2025,11,5,21,23,臺中市,大雅區,0,0,0,7,,,50,,,,,,,,,,,,,,,,,,,B03,,,1,,1,,,84,84,1,12,4,120.667816,24.215955,3
1913,66000,387130000C,(04)23274275,(04)23288582,2025,11,5,21,26,臺中市,西屯區,0,0,0,7,,,40,,,,,,,,,,,,,,13,,,,,C03,,,1,,1,,,14,14,1,12,4,120.642859,24.166719,3
1914,66000,387130000C,(04)23274275,(04)23288582,2025,11,5,21,28,臺中市,中區,0,0,0,6,,,50,,,,,,,,,,,,,,,,,,,B03,,,1,,2,,,12,12,1,13,4,120.677819,24.145231,3
1915,66000,387130000C,(04)23274275,(04)23288582,2025,11,5,21,30,臺中市,沙鹿區,0,2,0,7,1,6,50,3,8,1,5,4,6,6,1,1,4,3,5,2,12,2,8,2,1,C03,7,8,1,10,2,14,,39,39,1,12,4,120.558557,24.231246,2
1916,66000,387130000C,(04)23274275,(04)23288582,2025,11,5,21,47,臺中市,東區,0,0,0,7,,,50,,,,,,,,,,,,,,12,,,,,B03,,,1,,1,,,8,8,1,12,4,120.701029,24.144602,3
1917,66000,387130000C,(04)23274275,(04)23288582,2025,11,5,21,52,臺中市,中區,0,0,0,7,,,50,,,,,,,,,,,,,,13,,,,,B03,,,1,,1,,,7,7,1,12,4,120.684342,24.142254,3
1918,66000,387130000C,(04)23274275,(04)23288582,2025,11,5,21,56,臺中市,豐原區,0,1,0,7,1,6,50,3,1,1,5,4,6,6,1,1,10,4,5,2,17,4,11,2,1,C03,7,7,1,10,2,11,,40,40,1,13,4,120.722458,24.253705,2