序號,縣市別代碼,機關代碼,市話,傳真,年,月,日,時,分,縣市,區,死亡數量,受傷數量,2-30,天候,道路照明設備,道路類別,道路速限,道路型態,事故位置,路面鋪裝,路面狀態,路面缺陷,障礙物,視距,號誌種類,號誌動作,分向設施,快車道或一般車道間,快慢車道間,路面邊線,事故類型及型態,受傷程度,主要傷處,保護裝備,行動電話或功能裝置,當事者區分(類別),車輛用途,當事者行動狀態,駕照狀態,駕照種類,飲酒情形,車輛撞擊部位最初,車輛撞擊部位其他,肇事因素個別,肇事因素主要,肇事逃逸,職業,共享經濟或外送平台,GPS座標X,GPS座標Y,事故類別
1919,66000,387130000C,(04)23274275,(04)23288582,2025,11,5,22,0,臺中市,西區,0,0,0,7,,,50,,,,,,,,,,,,,,13,,,,,B03,,,1,,1,,,84,84,1,12,4,120.658967,24.156979,3
1920,66000,387130000C,(04)23274275,(04)23288582,2025,11,5,22,0,臺中市,東區,0,0,0,7,,,50,,,,,,,,,,,,,,12,,,,,C03,,,1,,1,,,51,51,1,13,4,120.706049,24.144484,4
1921,66000,387130000C,(04)23274275,(04)23288582,2025,11,5,22,0,臺中市,南區,0,0,0,7,,,50,,,,,,,,,,,,,,17,,,,,,,,,,,,,86,86,1,,,120.677303,24.130575,3
1922,66000,387130000C,(04)23274275,(04)23288582,2025,11,5,22,0,臺中市,西屯區,0,1,0,7,1,6,40,5,1,1,5,2,6,6,2,1,10,5,5,2,18,2,9,2,4,C04,7,12,1,10,2,14,,84,84,1,13,4,120.65828,24.195061,2
1923,66000,387130000C,(04)23274275,(04)23288582,2025,11,5,22,10,臺中市,北區,0,1,0,7,1,6,50,4,1,1,5,4,6,6,1,1,10,5,5,2,13,2,9,5,4,C03,7,6,1,10,2,11,,7,7,1,13,4,120.690635,24.157243,2
1924,66000,387130000C,(04)23274275,(04)23288582,2025,11,5,22,12,臺中市,太平區,0,1,0,7,1,6,30,13,9,1,5,4,6,6,4,4,10,5,5,2,17,2,7,1,1,C03,7,10,1,10,2,11,,7,7,1,6,4,120.734256,24.148236,2
1925,66000,387130000C,(04)23274275,(04)23288582,2025,11,5,22,36,臺中市,北屯區,0,0,0,7,,,50,,,,,,,,,,,,,,17,,,,,,,,,,,,,119,119,1,,,120.696805,24.170951,3
1926,66000,387130000C,(04)23274275,(04)23288582,2025,11,5,22,42,臺中市,西屯區,0,1,0,7,1,6,50,4,1,1,5,4,6,6,1,1,8,4,5,1,18,2,9,5,4,C03,7,9,1,10,2,14,,59,59,1,13,4,120.635264,24.182059,2
1927,66000,387130000C,(04)23274275,(04)23288582,2025,11,5,22,50,臺中市,西屯區,0,0,0,7,,,40,,,,,,,,,,,,,,13,,,,,C03,,,1,,1,,,8,8,1,12,4,120.648515,24.169071,3
1928,66000,387130000C,(04)23274275,(04)23288582,2025,11,5,23,0,臺中市,西屯區,0,1,0,7,1,3,80,13,9,1,5,4,6,6,4,4,1,4,5,2,29,2,3,3,1,B03,7,9,1,10,1,1,,59,59,1,13,4,120.650891,24.197615,2
1929,66000,387130000C,(04)23274275,(04)23288582,2025,11,5,23,9,臺中市,北區,0,0,0,7,,,50,,,,,,,,,,,,,,12,,,,,A12,,,1,,1,,,84,84,1,13,4,120.665639,24.154102,3
1930,66000,387130000C,(04)23274275,(04)23288582,2025,11,5,23,51,臺中市,西屯區,0,2,0,7,1,6,50,3,1,1,5,4,6,6,2,1,10,5,5,2,16,2,9,1,1,C03,7,6,1,10,2,14,,36,36,1,13,4,120.647847,24.196114,2
1931,66000,387130000C,(04)23274275,(04)23288582,2025,11,6,0,18,臺中市,西屯區,0,0,0,7,,,30,,,,,,,,,,,,,,35,,,,,B03,,,1,,2,,,23,23,1,13,4,120.648286,24.182886,3
1932,66000,387130000C,(04)23274275,(04)23288582,2025,11,6,0,25,臺中市,西屯區,0,1,0,7,1,6,50,4,1,1,5,4,6,6,2,1,10,5,5,2,16,3,10,1,1,C03,7,5,1,10,2,12,,11,11,1,13,4,120.593516,24.191252,2
1933,66000,387130000C,(04)23274275,(04)23288582,2025,11,6,0,25,臺中市,霧峰區,0,2,0,7,2,6,30,13,9,1,5,4,6,6,4,4,5,4,5,1,17,2,9,2,1,C03,7,9,1,10,2,11,,84,84,1,5,4,120.695717,24.063834,2
1934,66000,387130000C,(04)23274275,(04)23288582,2025,11,6,0,46,臺中市,南屯區,0,2,0,7,1,6,50,4,1,1,5,4,6,6,1,1,9,5,5,2,17,2,7,2,1,C03,7,6,1,10,2,11,,11,11,1,13,4,120.615231,24.147953,2
1935,66000,387130000C,(04)23274275,(04)23288582,2025,11,6,1,10,臺中市,大甲區,0,0,0,7,,,40,,,,,,,,,,,,,,,,,,,B03,,,1,,2,,,15,15,1,12,4,120.622167,24.352237,3
1936,66000,387130000C,(04)23274275,(04)23288582,2025,11,6,2,8,臺中市,北屯區,0,1,0,7,1,6,50,4,1,1,5,4,6,6,1,1,10,5,5,2,17,3,10,3,1,B03,7,11,1,8,2,1,,45,45,1,6,4,120.683507,24.172443,2
1937,66000,387130000C,(04)23274275,(04)23288582,2025,11,6,2,20,臺中市,西屯區,0,1,0,7,1,6,50,13,9,1,5,4,6,6,4,4,1,4,5,2,13,2,9,2,1,C03,7,9,1,10,2,11,,7,7,1,13,4,120.597262,24.191431,2
1938,66000,387130000C,(04)23274275,(04)23288582,2025,11,6,3,3,臺中市,北區,0,1,0,7,1,6,50,4,1,1,5,4,6,6,3,1,10,5,5,2,15,3,10,3,1,B03,7,9,3,19,2,8,,24,24,1,13,4,120.673636,24.153047,2
1939,66000,387130000C,(04)23274275,(04)23288582,2025,11,6,3,45,臺中市,清水區,0,1,0,7,3,6,50,11,9,1,5,4,6,6,4,4,5,4,5,1,30,2,9,2,1,C03,7,9,1,10,2,11,,8,8,1,12,4,120.578357,24.267193,2
1940,66000,387130000C,(04)23274275,(04)23288582,2025,11,6,4,57,臺中市,南屯區,0,1,0,7,1,6,50,4,1,1,5,4,6,6,2,1,1,2,1,2,18,2,9,5,4,C03,7,9,1,10,2,11,,84,84,1,13,4,120.623497,24.149515,2
1941,66000,387130000C,(04)23274275,(04)23288582,2025,11,6,5,26,臺中市,大里區,0,0,0,7,3,6,50,3,2,1,5,4,6,6,4,4,5,5,4,2,12,3,10,3,1,B03,7,6,1,8,4,5,,84,84,1,13,4,120.678252,24.09745,3
1942,66000,387130000C,(04)23274275,(04)23288582,2025,11,6,5,54,臺中市,大肚區,0,0,0,7,,,50,,,,,,,,,,,,,,16,,,,,B03,,,1,,2,,,24,24,1,6,4,120.561241,24.12534,3
1943,66000,387130000C,(04)23274275,(04)23288582,2025,11,6,5,57,臺中市,大雅區,0,0,0,7,,,30,,,,,,,,,,,,,,,,,,,B03,,,1,,9,,,84,84,2,12,4,120.652191,24.22353,3
1944,66000,387130000C,(04)23274275,(04)23288582,2025,11,6,6,19,臺中市,清水區,0,2,0,7,3,6,50,13,9,1,5,4,6,6,4,4,9,4,5,1,16,2,8,1,1,C03,7,11,3,19,5,11,,20,20,1,12,4,120.562658,24.30942,2
1945,66000,387130000C,(04)23274275,(04)23288582,2025,11,6,6,32,臺中市,大雅區,0,1,0,7,3,6,60,4,1,1,5,4,6,6,1,1,10,5,5,2,21,2,9,5,4,B03,7,9,1,8,2,1,,54,54,1,13,4,120.649967,24.212966,2
1946,66000,387130000C,(04)23274275,(04)23288582,2025,11,6,6,47,臺中市,北屯區,0,0,0,7,,,40,,,,,,,,,,,,,,,,,,,B03,,,1,,1,,,87,87,1,6,4,120.664692,24.184356,3
1947,66000,387130000C,(04)23274275,(04)23288582,2025,11,6,6,49,臺中市,霧峰區,0,2,0,7,2,6,50,3,2,1,5,4,6,6,1,1,10,5,5,2,13,2,9,2,1,C03,7,9,3,19,2,11,,84,84,1,6,4,120.69775,24.056945,2
1948,66000,387130000C,(04)23274275,(04)23288582,2025,11,6,6,53,臺中市,北屯區,0,0,0,7,,,50,,,,,,,,,,,,,,17,,,,,,,,,,,,,119,119,1,,,120.693165,24.174074,3
1949,66000,387130000C,(04)23274275,(04)23288582,2025,11,6,7,3,臺中市,清水區,0,0,0,7,,,70,,,,,,,,,,,,,,16,,,,,B03,,,1,,1,,,40,40,1,6,4,120.571152,24.298861,3
1950,66000,387130000C,(04)23274275,(04)23288582,2025,11,6,7,18,臺中市,梧棲區,0,0,0,7,,,70,,,,,,,,,,,,,,13,,,,,B03,,,1,,1,,,7,7,1,12,4,120.538383,24.249231,3
1951,66000,387130000C,(04)23274275,(04)23288582,2025,11,6,7,19,臺中市,清水區,0,1,0,7,2,6,30,13,9,1,5,4,6,6,4,4,10,5,5,2,12,2,9,2,1,C03,7,9,1,10,2,11,,83,83,1,13,4,120.579821,24.280319,2
1952,66000,387130000C,(04)23274275,(04)23288582,2025,11,6,7,20,臺中市,大肚區,0,1,0,6,2,6,50,3,1,1,5,4,6,6,4,4,10,5,5,2,16,3,10,3,1,B03,7,5,1,8,2,3,,14,14,1,6,4,120.528161,24.169973,2
1953,66000,387130000C,(04)23274275,(04)23288582,2025,11,6,7,23,臺中市,大肚區,0,2,0,7,2,6,40,3,1,1,5,4,6,6,2,1,10,5,5,2,15,2,9,1,1,C03,7,9,1,10,2,11,,84,84,1,6,4,120.558051,24.127168,2
1954,66000,387130000C,(04)23274275,(04)23288582,2025,11,6,7,24,臺中市,西屯區,0,2,0,7,2,6,50,4,8,1,5,4,6,6,1,1,1,4,1,2,13,2,9,1,4,C03,7,9,1,10,2,11,,7,7,1,13,4,120.635879,24.181852,2
1955,66000,387130000C,(04)23274275,(04)23288582,2025,11,6,7,25,臺中市,大甲區,0,0,0,7,,,50,,,,,,,,,,,,,,13,,,,,B03,,,1,,2,,,59,59,1,12,4,120.614966,24.351432,3
1956,66000,387130000C,(04)23274275,(04)23288582,2025,11,6,7,26,臺中市,大里區,0,1,0,7,3,6,50,5,1,1,5,4,6,6,1,1,5,4,4,1,16,3,10,5,4,B03,7,14,1,8,2,7,,20,20,1,13,4,120.686384,24.106727,2
1957,66000,387130000C,(04)23274275,(04)23288582,2025,11,6,7,28,臺中市,清水區,0,0,0,7,,,30,,,,,,,,,,,,,,16,,,,,B03,,,1,,2,,,14,14,1,13,4,120.610257,24.291876,3
1958,66000,387130000C,(04)23274275,(04)23288582,2025,11,6,7,31,臺中市,西屯區,0,0,0,7,,,40,,,,,,,,,,,,,,13,,,,,B01,,,1,,1,,,7,7,1,13,4,120.637644,24.170511,3
1959,66000,387130000C,(04)23274275,(04)23288582,2025,11,6,7,31,臺中市,后里區,0,1,0,7,2,6,40,3,1,1,5,4,6,6,4,4,9,4,4,2,16,2,9,1,1,C03,7,6,1,10,2,12,,14,14,1,12,4,120.707239,24.306345,2
1960,66000,387130000C,(04)23274275,(04)23288582,2025,11,6,7,33,臺中市,南屯區,0,1,0,7,3,6,50,3,1,1,5,4,6,6,4,4,10,5,5,2,17,3,10,3,1,B03,7,6,1,8,2,1,,14,14,1,13,4,120.615399,24.148866,2
1961,66000,387130000C,(04)23274275,(04)23288582,2025,11,6,7,35,臺中市,大里區,0,2,0,7,1,6,50,3,1,1,5,4,6,6,2,1,1,4,4,1,12,3,10,3,1,B12,7,9,1,8,1,2,,8,8,1,6,4,120.690084,24.121226,2
1962,66000,387130000C,(04)23274275,(04)23288582,2025,11,6,7,37,臺中市,北區,0,0,0,7,,,50,,,,,,,,,,,,,,16,,,,,B03,,,1,,1,,,20,20,1,12,4,120.681939,24.16726,3
1963,66000,387130000C,(04)23274275,(04)23288582,2025,11,6,7,37,臺中市,太平區,0,1,0,7,3,6,50,4,1,1,5,4,6,6,1,1,5,4,5,2,16,3,10,2,1,C03,7,4,1,9,2,13,,8,8,1,12,4,120.700445,24.147899,2
1964,66000,387130000C,(04)23274275,(04)23288582,2025,11,6,7,38,臺中市,北屯區,0,1,0,7,3,6,50,13,9,1,5,4,6,6,4,4,5,4,5,2,13,3,10,1,1,C03,7,9,1,10,2,11,,7,7,1,6,4,120.717483,24.181137,2
1965,66000,387130000C,(04)23274275,(04)23288582,2025,11,6,7,38,臺中市,大雅區,0,1,0,7,3,6,40,3,1,1,5,4,6,6,4,4,10,5,5,2,15,3,10,3,1,B03,7,9,1,8,2,1,,83,83,1,13,4,120.643988,24.252982,2
1966,66000,387130000C,(04)23274275,(04)23288582,2025,11,6,7,39,臺中市,南屯區,0,2,0,7,3,6,50,4,1,1,5,4,6,6,1,1,10,5,5,2,13,2,9,2,1,C03,7,9,1,10,2,12,,7,7,1,12,4,120.623814,24.149564,2
1967,66000,387130000C,(04)23274275,(04)23288582,2025,11,6,7,40,臺中市,大雅區,0,3,0,7,1,6,50,5,2,2,5,4,6,6,4,4,5,5,5,1,17,2,8,1,1,C03,7,9,1,10,2,11,12,7,7,1,13,4,120.669404,24.214247,2
1968,66000,387130000C,(04)23274275,(04)23288582,2025,11,6,7,40,臺中市,沙鹿區,0,0,0,7,,,50,,,,,,,,,,,,,,,,,,,C03,,,1,,2,,,85,85,1,6,4,120.566729,24.203001,3
1969,66000,387130000C,(04)23274275,(04)23288582,2025,11,6,7,40,臺中市,大甲區,0,1,0,7,2,6,50,3,1,1,5,4,6,6,4,4,10,5,5,1,16,3,10,3,1,B03,7,6,1,8,2,8,,14,14,1,6,4,120.620014,24.422867,2
1970,66000,387130000C,(04)23274275,(04)23288582,2025,11,6,7,40,臺中市,后里區,0,1,0,7,2,6,30,3,1,1,5,4,6,6,4,4,5,5,5,1,16,3,10,3,1,B03,7,6,1,8,2,8,,14,14,1,12,4,120.693947,24.315067,2
1971,66000,387130000C,(04)23274275,(04)23288582,2025,11,6,7,41,臺中市,梧棲區,0,0,0,7,,,40,,,,,,,,,,,,,,12,,,,,C03,,,1,,1,,,7,7,1,6,4,120.542481,24.24713,3
1972,66000,387130000C,(04)23274275,(04)23288582,2025,11,6,7,42,臺中市,潭子區,0,2,0,7,3,6,50,5,1,1,5,4,6,6,1,1,1,4,4,1,17,2,9,2,1,C03,7,5,1,10,2,12,,84,84,1,13,4,120.6863,24.216039,2
1973,66000,387130000C,(04)23274275,(04)23288582,2025,11,6,7,42,臺中市,大肚區,0,2,0,7,2,6,40,4,1,1,5,4,6,6,1,1,10,5,5,2,16,3,10,3,1,B03,7,6,1,8,2,1,,11,11,1,6,4,120.530638,24.173458,2
1974,66000,387130000C,(04)23274275,(04)23288582,2025,11,6,7,43,臺中市,西屯區,0,0,0,7,,,50,,,,,,,,,,,,,,,,,,,B03,,,1,,1,,,49,49,1,13,4,120.61254,24.171656,4
1975,66000,387130000C,(04)23274275,(04)23288582,2025,11,6,7,44,臺中市,東區,0,0,0,7,,,50,,,,,,,,,,,,,,,,,,,C03,,,1,,1,,,84,84,1,12,4,120.687781,24.138135,3
1976,66000,387130000C,(04)23274275,(04)23288582,2025,11,6,7,44,臺中市,沙鹿區,0,1,0,7,2,6,40,3,2,1,5,4,6,6,4,4,3,3,3,1,17,3,10,5,4,B03,7,5,1,8,2,2,,47,47,1,13,4,120.574838,24.228484,2
1977,66000,387130000C,(04)23274275,(04)23288582,2025,11,6,7,46,臺中市,西屯區,0,0,0,7,,3,80,,,,,,,,,,,,,,,,,,,B12,,,1,,2,,,59,59,1,12,4,120.634948,24.179291,3
1978,66000,387130000C,(04)23274275,(04)23288582,2025,11,6,7,50,臺中市,西屯區,0,0,0,7,,,50,,,,,,,,,,,,,,17,,,,,B11,,,1,,1,,,8,8,1,12,4,120.637381,24.158187,3
1979,66000,387130000C,(04)23274275,(04)23288582,2025,11,6,7,51,臺中市,西屯區,0,1,0,7,2,6,50,13,9,1,5,4,6,6,4,4,9,4,4,2,13,3,10,1,4,C03,7,9,1,10,2,11,,7,7,1,12,4,120.59171,24.177649,2
1980,66000,387130000C,(04)23274275,(04)23288582,2025,11,6,7,52,臺中市,西屯區,0,2,0,7,2,6,40,4,1,1,5,4,6,6,2,1,9,5,5,2,16,2,9,1,1,C03,7,5,1,9,2,12,,11,11,1,12,4,120.662801,24.163587,2
1981,66000,387130000C,(04)23274275,(04)23288582,2025,11,6,7,53,臺中市,太平區,0,2,0,7,3,6,50,13,9,1,5,4,6,6,4,4,9,5,5,2,14,3,10,3,1,G03,7,2,1,2,2,17,,84,84,1,12,4,120.724572,24.108072,2
1982,66000,387130000C,(04)23274275,(04)23288582,2025,11,6,7,53,臺中市,東勢區,0,2,0,7,2,6,50,4,9,1,5,4,6,6,1,1,5,5,5,1,12,2,8,5,4,C03,7,6,1,10,2,14,,7,7,1,13,4,120.829612,24.253397,2
1983,66000,387130000C,(04)23274275,(04)23288582,2025,11,6,7,54,臺中市,后里區,0,1,0,7,2,6,30,13,9,1,5,4,6,6,4,4,10,5,5,2,16,3,10,1,1,C03,7,11,1,11,2,13,,85,85,1,12,4,120.728807,24.313942,2
1984,66000,387130000C,(04)23274275,(04)23288582,2025,11,6,7,56,臺中市,西區,0,2,0,7,1,6,50,13,8,1,5,4,6,6,4,4,4,4,4,2,12,2,7,1,1,C03,7,9,1,10,2,14,,84,84,1,13,4,120.665348,24.151851,2
1985,66000,387130000C,(04)23274275,(04)23288582,2025,11,6,7,56,臺中市,東區,0,2,0,7,2,6,50,3,1,1,5,4,6,6,3,1,10,5,5,2,16,2,5,2,1,C03,7,6,1,10,2,11,,24,24,1,12,4,120.686888,24.140162,2
1986,66000,387130000C,(04)23274275,(04)23288582,2025,11,6,7,57,臺中市,太平區,0,0,0,7,,,50,,,,,,,,,,,,,,13,,,,,B03,,,1,,2,,,84,84,1,12,4,120.71832,24.126008,3
1987,66000,387130000C,(04)23274275,(04)23288582,2025,11,6,7,57,臺中市,外埔區,0,1,0,7,2,6,50,13,9,1,5,4,6,6,4,4,5,5,5,1,16,3,10,3,1,B03,7,11,1,8,2,4,,84,84,1,12,4,120.647226,24.340025,2
1988,66000,387130000C,(04)23274275,(04)23288582,2025,11,6,7,59,臺中市,東區,0,0,0,7,,,50,,,,,,,,,,,,,,,,,,,B12,,,1,,1,,,78,78,1,12,4,120.685851,24.133702,3
1989,66000,387130000C,(04)23274275,(04)23288582,2025,11,6,8,0,臺中市,西區,0,1,0,7,3,6,50,5,1,1,5,4,6,6,1,1,10,5,5,2,17,3,10,2,1,C03,7,6,1,10,1,11,,11,11,1,12,4,120.671987,24.140726,2
1990,66000,387130000C,(04)23274275,(04)23288582,2025,11,6,8,1,臺中市,太平區,0,1,0,7,3,6,50,3,9,1,5,4,5,6,4,4,5,4,5,1,17,2,9,2,1,C03,7,9,1,10,2,14,,84,84,1,12,4,120.721992,24.153881,2
1991,66000,387130000C,(04)23274275,(04)23288582,2025,11,6,8,2,臺中市,北屯區,0,1,0,7,3,6,50,4,1,1,5,4,6,6,1,1,10,5,5,2,16,3,10,1,1,C03,7,5,1,10,2,13,,85,85,1,6,4,120.724385,24.169483,2
1992,66000,387130000C,(04)23274275,(04)23288582,2025,11,6,8,3,臺中市,東勢區,0,2,0,7,2,6,50,13,7,1,5,4,6,6,4,4,1,4,4,1,9,2,9,6,5,H04,8,20,7,21,2,17,,109,109,1,12,5,120.83538,24.236317,2
1993,66000,387130000C,(04)23274275,(04)23288582,2025,11,6,8,4,臺中市,梧棲區,0,0,0,7,,,60,,,,,,,,,,,,,,12,,,,,A31,,,1,,2,,,8,8,1,12,4,120.53486,24.247125,3
1994,66000,387130000C,(04)23274275,(04)23288582,2025,11,6,8,6,臺中市,西區,0,0,0,7,,,50,,,,,,,,,,,,,,,,,,,B12,,,1,,1,,,84,84,1,6,4,120.651498,24.146658,3
1995,66000,387130000C,(04)23274275,(04)23288582,2025,11,6,8,7,臺中市,北區,0,0,0,7,,,50,,,,,,,,,,,,,,13,,,,,C03,,,1,,2,,,84,84,1,12,4,120.683191,24.148154,3
1996,66000,387130000C,(04)23274275,(04)23288582,2025,11,6,8,7,臺中市,南區,0,2,0,7,1,6,30,4,1,1,5,4,6,5,4,4,10,5,5,2,15,2,9,5,4,C03,7,9,1,10,2,11,,15,15,1,13,4,120.680206,24.120606,2
1997,66000,387130000C,(04)23274275,(04)23288582,2025,11,6,8,11,臺中市,東區,0,0,0,7,,,50,,,,,,,,,,,,,,17,,,,,C03,,,1,,9,,,84,84,1,12,4,120.708247,24.137407,3
1998,66000,387130000C,(04)23274275,(04)23288582,2025,11,6,8,12,臺中市,大雅區,0,2,0,7,3,6,30,13,9,1,5,4,6,6,4,4,10,5,5,2,13,2,9,1,1,F03,7,12,7,21,2,13,,84,84,1,12,4,120.609777,24.221825,2
1999,66000,387130000C,(04)23274275,(04)23288582,2025,11,6,8,13,臺中市,東區,0,1,0,7,2,6,40,13,8,1,5,4,6,6,4,4,1,4,4,2,13,2,8,1,1,C03,7,9,1,10,2,14,,7,7,1,12,4,120.686109,24.130118,2
2000,66000,387130000C,(04)23274275,(04)23288582,2025,11,6,8,15,臺中市,西屯區,0,3,0,7,2,6,40,13,8,1,5,4,6,6,4,4,4,4,4,2,12,2,9,5,4,C03,7,9,1,10,2,13,,84,84,1,13,4,120.652132,24.175952,2
2001,66000,387130000C,(04)23274275,(04)23288582,2025,11,6,8,16,臺中市,西屯區,0,0,0,7,,,30,,,,,,,,,,,,,,,,,,,B03,,,1,,2,,,8,8,1,13,4,120.649907,24.16889,3
2002,66000,387130000C,(04)23274275,(04)23288582,2025,11,6,8,18,臺中市,南屯區,0,0,0,7,,,50,,,,,,,,,,,,,,14,,,,,B03,,,1,,1,,,49,49,1,13,4,120.62614,24.140571,3
2003,66000,387130000C,(04)23274275,(04)23288582,2025,11,6,8,18,臺中市,霧峰區,0,1,0,7,2,6,50,5,1,1,5,4,6,6,4,4,5,5,4,1,16,3,10,5,4,B03,7,6,1,1,2,5,,14,14,1,12,4,120.699187,24.069191,2
2004,66000,387130000C,(04)23274275,(04)23288582,2025,11,6,8,18,臺中市,沙鹿區,0,2,0,7,2,6,30,3,1,1,5,4,6,6,4,4,10,5,5,2,16,2,8,1,1,C03,7,6,1,10,2,11,,14,14,1,6,4,120.599162,24.220622,2
2005,66000,387130000C,(04)23274275,(04)23288582,2025,11,6,8,26,臺中市,西區,0,0,0,7,,,50,,,,,,,,,,,,,,,,,,,B03,,,1,8,1,,,84,84,1,13,4,120.673792,24.134974,3
2006,66000,387130000C,(04)23274275,(04)23288582,2025,11,6,8,28,臺中市,西區,0,1,0,7,1,6,50,3,9,1,5,4,6,6,4,4,5,4,5,2,13,2,9,1,1,C03,7,9,1,10,2,11,,59,59,1,13,4,120.653812,24.155266,2
2007,66000,387130000C,(04)23274275,(04)23288582,2025,11,6,8,28,臺中市,太平區,0,1,0,7,2,6,40,3,1,1,5,4,6,6,4,4,10,5,5,2,16,3,10,3,1,B03,7,1,1,8,5,8,,51,51,1,6,4,120.72888,24.100573,2
2008,66000,387130000C,(04)23274275,(04)23288582,2025,11,6,8,32,臺中市,西區,0,0,0,7,,,40,,,,,,,,,,,,,,,,,,,B03,,,1,,1,,,51,51,1,6,4,120.669096,24.152104,3
2009,66000,387130000C,(04)23274275,(04)23288582,2025,11,6,8,32,臺中市,西屯區,0,0,0,7,,,50,,,,,,,,,,,,,,,,,,,F03,,,7,,2,,,23,23,1,12,4,120.644838,24.182366,3
2010,66000,387130000C,(04)23274275,(04)23288582,2025,11,6,8,32,臺中市,烏日區,0,0,0,7,2,6,60,13,7,1,5,4,6,6,4,4,1,4,4,1,13,3,10,3,1,B03,7,9,1,8,1,1,,84,84,1,6,4,120.617309,24.105686,3
2011,66000,387130000C,(04)23274275,(04)23288582,2025,11,6,8,33,臺中市,中區,0,2,0,7,1,6,50,4,2,1,5,4,6,6,1,1,10,5,5,2,13,2,9,2,1,C03,7,9,1,10,2,11,,59,59,1,12,4,120.682337,24.135748,2
2012,66000,387130000C,(04)23274275,(04)23288582,2025,11,6,8,35,臺中市,西屯區,0,0,0,7,,,50,,,,,,,,,,,,,,13,,,,,B03,,,3,,1,,,7,7,1,12,4,120.619903,24.180737,3
2013,66000,387130000C,(04)23274275,(04)23288582,2025,11,6,8,37,臺中市,北區,0,1,0,7,2,6,50,4,1,1,5,4,6,6,4,4,10,5,5,2,15,2,9,1,1,C03,7,9,1,10,2,11,,12,12,1,13,4,120.695978,24.156712,2
2014,66000,387130000C,(04)23274275,(04)23288582,2025,11,6,8,38,臺中市,大里區,0,0,0,7,,,30,,,,,,,,,,,,,,,,,,,B03,,,1,,1,,,84,84,1,13,4,120.699287,24.086084,3
2015,66000,387130000C,(04)23274275,(04)23288582,2025,11,6,8,39,臺中市,西區,0,1,0,7,2,6,40,13,8,1,5,4,6,6,4,4,1,4,5,2,17,2,9,1,1,C03,7,9,1,10,2,14,,84,84,1,13,4,120.658624,24.157164,2
2016,66000,387130000C,(04)23274275,(04)23288582,2025,11,6,8,41,臺中市,潭子區,0,0,0,7,,,50,,,,,,,,,,,,,,,,,,,B03,,,1,,2,,,8,8,1,13,4,120.722563,24.202481,3
2017,66000,387130000C,(04)23274275,(04)23288582,2025,11,6,8,41,臺中市,梧棲區,0,0,0,7,,,40,,,,,,,,,,,,,,13,,,,,B03,,,1,,1,,,84,84,1,6,4,120.537115,24.251008,3
2018,66000,387130000C,(04)23274275,(04)23288582,2025,11,6,8,48,臺中市,西屯區,0,2,0,7,2,6,50,4,1,1,5,4,6,6,1,1,10,5,5,2,12,2,9,1,4,C03,7,9,1,10,1,12,,84,84,1,13,4,120.650929,24.157394,2
2019,66000,387130000C,(04)23274275,(04)23288582,2025,11,6,8,49,臺中市,北屯區,0,1,0,7,1,6,50,13,9,1,5,4,6,6,4,4,5,4,5,2,12,2,8,1,1,C03,7,8,5,19,2,14,,40,40,1,13,4,120.708655,24.170206,2
2020,66000,387130000C,(04)23274275,(04)23288582,2025,11,6,8,50,臺中市,東區,0,1,0,7,1,6,30,13,9,1,5,4,6,5,4,4,10,5,5,2,17,3,10,5,4,B01,7,15,1,4,2,2,,77,77,1,13,4,120.68617,24.13811,2
2021,66000,387130000C,(04)23274275,(04)23288582,2025,11,6,8,51,臺中市,南區,0,0,0,7,,,30,,,,,,,,,,,,,,,,,,,B03,,,1,,1,,,84,84,1,12,4,120.658647,24.121811,3
2022,66000,387130000C,(04)23274275,(04)23288582,2025,11,6,8,52,臺中市,南屯區,0,0,0,7,,,50,,,,,,,,,,,,,,17,,,,,B03,,,1,,1,,,51,51,1,13,4,120.635326,24.152559,3
2023,66000,387130000C,(04)23274275,(04)23288582,2025,11,6,8,52,臺中市,西屯區,0,3,0,7,1,6,40,13,8,1,5,4,6,6,2,1,1,4,1,2,13,2,9,5,4,C03,7,9,1,10,2,12,,7,7,1,13,4,120.653258,24.160817,2
2024,66000,387130000C,(04)23274275,(04)23288582,2025,11,6,8,53,臺中市,中區,0,3,0,7,3,6,50,3,9,1,5,4,6,6,4,4,10,4,5,2,17,2,9,2,1,C03,7,5,1,10,2,14,,13,13,1,12,4,120.678246,24.142826,2
2025,66000,387130000C,(04)23274275,(04)23288582,2025,11,6,8,56,臺中市,北屯區,0,2,0,7,2,6,50,4,2,1,5,4,6,6,1,1,5,4,5,2,13,2,9,2,1,C03,7,12,1,10,2,11,,7,7,1,6,4,120.680527,24.189401,2
2026,66000,387130000C,(04)23274275,(04)23288582,2025,11,6,8,57,臺中市,潭子區,0,0,0,7,,,40,,,,,,,,,,,,,,,,,,,B01,,,1,,2,,,8,8,1,13,4,120.701653,24.207813,3
2027,66000,387130000C,(04)23274275,(04)23288582,2025,11,6,8,58,臺中市,西屯區,0,0,0,7,,,50,,,,,,,,,,,,,,,,,,,B03,,,1,,1,,,84,84,1,13,4,120.657326,24.196679,3
2028,66000,387130000C,(04)23274275,(04)23288582,2025,11,6,9,0,臺中市,中區,0,0,0,7,,,50,,,,,,,,,,,,,,,,,,,B12,,,1,,1,,,49,49,1,6,4,120.680124,24.145496,3
2029,66000,387130000C,(04)23274275,(04)23288582,2025,11,6,9,0,臺中市,大甲區,0,1,0,7,1,6,50,5,1,1,5,4,6,6,1,1,5,5,5,1,16,2,9,1,1,C03,7,9,1,10,2,11,,7,7,1,12,4,120.632358,24.345729,2
2030,66000,387130000C,(04)23274275,(04)23288582,2025,11,6,9,0,臺中市,豐原區,0,0,0,7,,,50,,,,,,,,,,,,,,17,,,,,B03,,,1,,2,,,40,40,1,12,4,120.708261,24.250439,3