序號,縣市別代碼,機關代碼,市話,傳真,年,月,日,時,分,縣市,區,死亡數量,受傷數量,2-30,天候,道路照明設備,道路類別,道路速限,道路型態,事故位置,路面鋪裝,路面狀態,路面缺陷,障礙物,視距,號誌種類,號誌動作,分向設施,快車道或一般車道間,快慢車道間,路面邊線,事故類型及型態,受傷程度,主要傷處,保護裝備,行動電話或功能裝置,當事者區分(類別),車輛用途,當事者行動狀態,駕照狀態,駕照種類,飲酒情形,車輛撞擊部位最初,車輛撞擊部位其他,肇事因素個別,肇事因素主要,肇事逃逸,職業,共享經濟或外送平台,GPS座標X,GPS座標Y,事故類別
2031,66000,387130000C,(04)23274275,(04)23288582,2025,11,6,9,4,臺中市,西區,0,2,0,7,2,6,50,13,9,1,5,4,6,6,4,4,9,5,5,2,16,2,7,1,1,C03,7,5,1,10,2,13,,84,84,1,13,4,120.666634,24.145639,2
2032,66000,387130000C,(04)23274275,(04)23288582,2025,11,6,9,5,臺中市,西區,0,1,0,7,1,6,50,4,9,1,5,4,6,6,1,1,5,4,5,2,13,2,9,1,1,C03,7,9,1,10,2,11,,7,7,1,13,4,120.665311,24.15059,2
2033,66000,387130000C,(04)23274275,(04)23288582,2025,11,6,9,7,臺中市,沙鹿區,0,1,0,7,2,6,50,13,9,1,5,4,6,6,4,4,5,5,5,1,17,2,9,2,1,C03,7,1,1,10,2,11,,51,51,1,6,4,120.569813,24.229969,2
2034,66000,387130000C,(04)23274275,(04)23288582,2025,11,6,9,9,臺中市,霧峰區,0,2,0,7,2,6,30,11,9,1,5,4,6,6,4,4,10,5,5,2,13,2,8,2,1,C03,7,9,1,10,2,11,,7,7,1,6,4,120.716505,24.072709,2
2035,66000,387130000C,(04)23274275,(04)23288582,2025,11,6,9,10,臺中市,西屯區,0,0,0,7,,,50,,,,,,,,,,,,,,,,,,,C03,,,1,,1,,,59,59,1,12,4,120.649005,24.16857,3
2036,66000,387130000C,(04)23274275,(04)23288582,2025,11,6,9,13,臺中市,大里區,0,0,0,7,,3,80,,,,,,,,,,,,,,13,,,,,B02,,,1,,2,,,7,7,1,12,4,120.682968,24.085052,3
2037,66000,387130000C,(04)23274275,(04)23288582,2025,11,6,9,19,臺中市,北屯區,0,1,0,7,3,6,50,4,1,1,5,4,6,6,4,4,10,5,5,2,15,2,9,1,1,C03,7,9,5,10,2,11,,12,12,1,6,4,120.70663,24.171222,2
2038,66000,387130000C,(04)23274275,(04)23288582,2025,11,6,9,20,臺中市,西區,0,1,0,7,1,6,50,13,9,1,5,4,6,6,4,4,1,4,4,2,12,3,10,1,1,C03,7,8,1,10,2,14,,40,40,1,13,4,120.666029,24.140622,2
2039,66000,387130000C,(04)23274275,(04)23288582,2025,11,6,9,23,臺中市,西屯區,0,0,0,7,,,50,,,,,,,,,,,,,,12,,,,,B12,,,1,,1,,,40,40,1,12,4,120.654002,24.202069,3
2040,66000,387130000C,(04)23274275,(04)23288582,2025,11,6,9,24,臺中市,西屯區,0,0,0,7,,,30,,,,,,,,,,,,,,30,,,,,B03,,,1,,11,,,84,84,1,13,4,120.649374,24.168423,3
2041,66000,387130000C,(04)23274275,(04)23288582,2025,11,6,9,26,臺中市,太平區,0,2,0,7,2,6,50,3,4,1,5,4,6,6,1,1,5,4,5,2,13,3,10,3,1,B02,7,9,1,4,2,5,,84,84,1,12,4,120.712992,24.125572,2
2042,66000,387130000C,(04)23274275,(04)23288582,2025,11,6,9,29,臺中市,南屯區,0,0,0,7,,,50,,,,,,,,,,,,,,12,,,,,B03,,,1,,2,,,84,84,1,12,4,120.648198,24.126897,3
2043,66000,387130000C,(04)23274275,(04)23288582,2025,11,6,9,30,臺中市,北屯區,0,1,0,7,3,6,50,4,1,1,5,4,6,6,1,1,10,5,5,2,3,3,10,3,1,B02,7,5,1,8,1,2,,84,84,1,6,4,120.692074,24.168968,2
2044,66000,387130000C,(04)23274275,(04)23288582,2025,11,6,9,30,臺中市,西屯區,0,1,0,7,2,6,50,4,1,1,5,4,6,6,2,1,9,5,5,2,16,3,10,3,1,B03,7,6,1,8,2,1,,48,48,1,12,4,120.636016,24.169352,2
2045,66000,387130000C,(04)23274275,(04)23288582,2025,11,6,9,30,臺中市,豐原區,0,1,0,7,1,6,50,4,1,1,5,4,6,6,1,1,5,4,5,1,17,3,10,3,1,B03,7,9,1,8,2,1,,84,84,1,6,4,120.703341,24.251332,2
2046,66000,387130000C,(04)23274275,(04)23288582,2025,11,6,9,40,臺中市,南區,0,0,0,7,,,40,,,,,,,,,,,,,,17,,,,,C03,,,1,,11,,,84,84,1,12,4,120.660473,24.125995,3
2047,66000,387130000C,(04)23274275,(04)23288582,2025,11,6,9,40,臺中市,南屯區,0,4,0,7,3,6,40,3,1,1,5,4,6,6,4,4,10,5,5,2,16,2,9,2,1,C03,7,5,1,10,2,12,,14,14,1,13,4,120.610152,24.136733,2
2048,66000,387130000C,(04)23274275,(04)23288582,2025,11,6,9,47,臺中市,北區,0,2,0,7,2,6,50,13,9,1,5,4,6,6,4,4,5,5,5,2,17,2,9,1,1,C03,7,1,1,10,2,14,,51,51,1,12,4,120.701743,24.159615,2
2049,66000,387130000C,(04)23274275,(04)23288582,2025,11,6,10,0,臺中市,外埔區,0,2,0,7,2,6,30,13,9,1,5,4,6,6,4,4,10,5,5,2,18,2,9,1,1,C03,7,9,1,10,2,12,,59,59,1,12,4,120.661411,24.353581,2
2050,66000,387130000C,(04)23274275,(04)23288582,2025,11,6,10,3,臺中市,西屯區,0,0,0,7,,,30,,,,,,,,,,,,,,,,,,,B03,,,1,,1,,,12,12,1,13,4,120.637429,24.182788,3
2051,66000,387130000C,(04)23274275,(04)23288582,2025,11,6,10,5,臺中市,西區,0,1,0,7,3,6,50,4,2,1,5,4,6,6,1,1,10,5,5,2,13,3,10,3,1,B03,7,9,1,8,2,1,,7,7,1,12,4,120.653078,24.153481,2
2052,66000,387130000C,(04)23274275,(04)23288582,2025,11,6,10,8,臺中市,北區,0,2,0,7,3,6,50,4,1,1,5,4,6,6,4,4,10,5,5,2,15,2,9,1,1,C03,7,9,1,10,2,11,,20,20,1,12,4,120.684054,24.154645,2
2053,66000,387130000C,(04)23274275,(04)23288582,2025,11,6,10,8,臺中市,南屯區,0,0,0,7,,,40,,,,,,,,,,,,,,13,,,,,C03,,,1,,1,,,7,7,1,13,4,120.608477,24.150877,3
2054,66000,387130000C,(04)23274275,(04)23288582,2025,11,6,10,13,臺中市,沙鹿區,0,1,0,7,2,6,50,13,8,1,5,4,6,6,4,4,3,3,3,1,17,3,10,5,4,B03,7,1,1,8,2,4,,51,51,1,13,4,120.568153,24.207193,2
2055,66000,387130000C,(04)23274275,(04)23288582,2025,11,6,10,14,臺中市,北區,0,0,0,7,,,50,,,,,,,,,,,,,,17,,,,,B03,,,1,,1,,,11,11,1,12,4,120.691606,24.160151,3
2056,66000,387130000C,(04)23274275,(04)23288582,2025,11,6,10,17,臺中市,沙鹿區,0,1,0,7,2,6,60,3,2,1,5,4,6,6,1,1,1,5,5,2,16,3,10,3,1,B03,7,6,1,8,2,5,2,26,26,1,7,4,120.580288,24.217143,2
2057,66000,387130000C,(04)23274275,(04)23288582,2025,11,6,10,20,臺中市,太平區,0,0,0,7,,,30,,,,,,,,,,,,,,14,,,,,G03,,,7,,2,,,84,84,1,12,4,120.73065,24.127743,3
2058,66000,387130000C,(04)23274275,(04)23288582,2025,11,6,10,22,臺中市,北屯區,0,0,0,7,,,50,,,,,,,,,,,,,,13,,,,,B03,,,1,,1,,,59,59,1,6,4,120.689017,24.182268,3
2059,66000,387130000C,(04)23274275,(04)23288582,2025,11,6,10,24,臺中市,潭子區,0,0,0,7,,,30,,,,,,,,,,,,,,,,,,,,,,,,,,,86,86,2,,,120.703428,24.212283,3
2060,66000,387130000C,(04)23274275,(04)23288582,2025,11,6,10,25,臺中市,潭子區,0,0,0,7,,,50,,,,,,,,,,,,,,,,,,,B03,,,1,,2,,,84,84,1,13,4,120.722824,24.2144,3
2061,66000,387130000C,(04)23274275,(04)23288582,2025,11,6,10,28,臺中市,豐原區,0,1,0,7,2,9,30,5,1,1,5,4,6,6,1,1,10,5,5,2,16,3,10,5,4,B12,7,5,1,8,2,8,,22,22,1,13,4,120.711819,24.24245,2
2062,66000,387130000C,(04)23274275,(04)23288582,2025,11,6,10,29,臺中市,北屯區,0,1,0,7,2,6,50,13,9,1,5,4,6,6,4,4,9,5,5,1,18,2,8,1,1,C03,7,9,1,10,2,14,,84,84,1,12,4,120.748975,24.178689,2
2063,66000,387130000C,(04)23274275,(04)23288582,2025,11,6,10,33,臺中市,神岡區,0,0,0,7,,,50,,,,,,,,,,,,,,17,,,,,B03,,,1,,2,,,45,45,1,8,4,120.692928,24.248523,3
2064,66000,387130000C,(04)23274275,(04)23288582,2025,11,6,10,43,臺中市,北屯區,0,0,0,7,,,50,,,,,,,,,,,,,,13,,,,,C03,,,1,,1,,,7,7,1,6,4,120.693306,24.163531,3
2065,66000,387130000C,(04)23274275,(04)23288582,2025,11,6,10,43,臺中市,太平區,0,1,0,7,3,6,50,13,9,1,5,4,6,6,4,4,5,5,5,1,2,3,10,3,1,B03,7,9,1,8,2,2,,84,84,1,12,4,120.714859,24.124748,2
2066,66000,387130000C,(04)23274275,(04)23288582,2025,11,6,10,45,臺中市,南屯區,0,0,0,7,,,30,,,,,,,,,,,,,,14,,,,,B03,,,1,,2,,,49,49,1,12,4,120.647453,24.155213,3
2067,66000,387130000C,(04)23274275,(04)23288582,2025,11,6,10,45,臺中市,大里區,0,1,0,7,3,6,50,3,2,1,5,4,6,6,4,4,3,4,4,1,16,3,10,5,4,B03,7,5,1,8,2,5,,20,20,1,13,4,120.665944,24.096001,2
2068,66000,387130000C,(04)23274275,(04)23288582,2025,11,6,10,46,臺中市,西區,0,1,0,7,3,6,50,4,1,1,5,4,6,6,1,1,10,5,5,2,16,3,10,3,1,B03,7,5,1,8,2,5,,84,84,1,6,4,120.675422,24.133556,2
2069,66000,387130000C,(04)23274275,(04)23288582,2025,11,6,10,49,臺中市,沙鹿區,0,1,0,7,2,6,50,4,1,1,5,4,6,6,2,1,10,5,5,2,3,3,10,3,1,B03,7,6,1,8,2,8,,59,59,1,6,4,120.565097,24.242946,2
2070,66000,387130000C,(04)23274275,(04)23288582,2025,11,6,10,58,臺中市,北屯區,0,2,0,7,3,6,50,4,1,1,5,4,6,6,2,1,10,5,5,2,12,2,9,1,1,C04,7,15,1,10,2,12,,42,42,1,6,4,120.663497,24.190114,2
2071,66000,387130000C,(04)23274275,(04)23288582,2025,11,6,11,0,臺中市,豐原區,0,0,0,7,,,50,,,,,,,,,,,,,,13,,,,,B03,,,1,,2,,,56,56,1,12,4,120.719174,24.242937,3
2072,66000,387130000C,(04)23274275,(04)23288582,2025,11,6,11,2,臺中市,西區,0,1,0,7,2,6,50,4,1,1,5,4,6,6,1,1,10,5,5,2,16,2,9,6,1,F01,7,6,7,21,2,14,,48,48,1,13,4,120.670485,24.133675,2
2073,66000,387130000C,(04)23274275,(04)23288582,2025,11,6,11,4,臺中市,潭子區,0,1,0,7,3,6,50,3,1,1,5,4,6,6,3,1,1,4,4,1,17,3,10,2,1,C03,7,5,1,10,2,12,,11,11,1,13,4,120.681407,24.215668,2
2074,66000,387130000C,(04)23274275,(04)23288582,2025,11,6,11,6,臺中市,霧峰區,0,0,0,7,,,40,,,,,,,,,,,,,,,,,,,B03,,,1,,1,,,84,84,1,13,4,120.661878,24.068362,3
2075,66000,387130000C,(04)23274275,(04)23288582,2025,11,6,11,10,臺中市,西區,0,1,0,7,2,6,50,5,1,1,5,4,6,6,1,1,10,5,5,2,16,3,10,3,1,B03,7,6,1,8,2,5,,11,11,1,12,4,120.672627,24.131602,2
2076,66000,387130000C,(04)23274275,(04)23288582,2025,11,6,11,10,臺中市,豐原區,0,0,0,7,,,50,,,,,,,,,,,,,,17,,,,,B03,,,1,,1,,,7,7,1,6,4,120.71043,24.237253,3
2077,66000,387130000C,(04)23274275,(04)23288582,2025,11,6,11,14,臺中市,西屯區,0,1,0,7,2,6,30,11,9,1,5,4,6,6,4,4,10,5,5,2,19,2,9,1,4,C03,7,9,1,10,2,12,,84,84,1,13,4,120.642467,24.204925,2
2078,66000,387130000C,(04)23274275,(04)23288582,2025,11,6,11,17,臺中市,西屯區,0,0,0,7,,,50,,,,,,,,,,,,,,16,,,,,B03,,,1,,1,,,11,11,1,12,4,120.645837,24.168162,3
2079,66000,387130000C,(04)23274275,(04)23288582,2025,11,6,11,17,臺中市,西屯區,0,1,0,7,2,6,0,5,21,4,5,3,6,6,4,4,10,5,5,2,18,2,9,1,4,C03,7,9,1,10,9,12,,84,84,1,12,4,120.659406,24.192881,2
2080,66000,387130000C,(04)23274275,(04)23288582,2025,11,6,11,17,臺中市,外埔區,0,0,0,7,2,6,30,11,9,1,5,4,6,6,4,4,10,5,5,1,13,3,10,1,1,C03,7,9,1,10,2,11,,7,7,1,12,4,120.651502,24.33259,3
2081,66000,387130000C,(04)23274275,(04)23288582,2025,11,6,11,20,臺中市,潭子區,0,1,0,7,3,6,50,4,1,1,5,4,1,6,4,4,5,4,4,2,12,3,10,3,1,B12,7,9,1,8,2,6,,84,84,1,13,4,120.708075,24.206864,2
2082,66000,387130000C,(04)23274275,(04)23288582,2025,11,6,11,21,臺中市,北區,0,0,0,7,,,50,,,,,,,,,,,,,,17,,,,,C03,,,1,,2,,,84,84,1,13,4,120.69199,24.161158,3
2083,66000,387130000C,(04)23274275,(04)23288582,2025,11,6,11,26,臺中市,沙鹿區,0,1,0,7,2,6,50,3,2,1,5,4,6,6,1,1,3,3,3,1,17,2,9,5,4,F03,7,9,7,21,2,11,,59,59,1,13,4,120.556848,24.222588,2
2084,66000,387130000C,(04)23274275,(04)23288582,2025,11,6,11,30,臺中市,南屯區,0,1,0,7,2,6,50,4,1,1,5,4,6,6,1,1,10,5,5,2,15,3,10,3,1,B03,7,9,1,8,2,5,,21,21,1,13,4,120.652202,24.14887,2
2085,66000,387130000C,(04)23274275,(04)23288582,2025,11,6,11,30,臺中市,北屯區,0,1,0,7,2,6,50,4,1,1,5,4,6,6,2,1,10,5,5,2,16,3,10,3,1,B02,7,5,1,8,2,5,,11,11,1,12,4,120.668415,24.178348,2
2086,66000,387130000C,(04)23274275,(04)23288582,2025,11,6,11,31,臺中市,北屯區,0,2,0,7,2,6,50,4,1,1,1,4,6,6,2,1,10,5,5,2,12,2,9,2,1,C03,7,4,1,10,1,12,,84,84,1,6,4,120.696492,24.179845,2
2087,66000,387130000C,(04)23274275,(04)23288582,2025,11,6,11,31,臺中市,西屯區,0,0,0,7,,,50,,,,,,,,,,,,,,12,,,,,B03,,,1,,1,,,8,8,1,13,4,120.615468,24.189164,3
2088,66000,387130000C,(04)23274275,(04)23288582,2025,11,6,11,35,臺中市,西屯區,0,3,0,7,2,6,50,4,1,1,5,4,6,6,1,1,10,5,5,2,17,2,9,1,1,F01,7,9,7,21,2,14,,8,8,1,13,4,120.64528,24.177359,2
2089,66000,387130000C,(04)23274275,(04)23288582,2025,11,6,11,39,臺中市,西屯區,0,1,0,7,2,6,40,13,8,1,5,4,6,6,4,4,1,4,1,1,13,3,10,2,1,C03,7,9,1,10,2,13,,84,84,1,12,4,120.649905,24.162217,2
2090,66000,387130000C,(04)23274275,(04)23288582,2025,11,6,11,40,臺中市,南區,0,1,0,7,2,6,40,13,8,1,5,4,6,6,4,4,3,4,4,2,17,3,10,3,1,B03,7,2,1,8,2,7,,49,49,1,12,4,120.678207,24.126859,2
2091,66000,387130000C,(04)23274275,(04)23288582,2025,11,6,11,41,臺中市,梧棲區,0,0,0,7,,,70,,,,,,,,,,,,,,14,,,,,B03,,,1,,1,,,49,49,1,6,4,120.557889,24.254853,3
2092,66000,387130000C,(04)23274275,(04)23288582,2025,11,6,11,42,臺中市,北區,0,2,0,7,2,6,50,5,1,1,5,4,6,6,1,1,1,4,4,2,16,2,9,3,1,B03,7,6,1,8,2,5,,11,11,1,12,4,120.686633,24.154746,2
2093,66000,387130000C,(04)23274275,(04)23288582,2025,11,6,11,45,臺中市,豐原區,0,1,0,7,2,6,30,13,9,1,5,4,6,6,4,4,10,5,5,2,14,3,10,5,4,B03,7,2,1,8,2,6,,49,49,1,13,4,120.736531,24.272284,2
2094,66000,387130000C,(04)23274275,(04)23288582,2025,11,6,11,47,臺中市,西屯區,0,1,0,7,2,6,50,4,1,1,5,4,6,6,1,1,10,5,5,2,17,3,10,5,4,B03,7,11,1,8,2,2,,45,45,1,12,4,120.656479,24.163815,2
2095,66000,387130000C,(04)23274275,(04)23288582,2025,11,6,11,48,臺中市,梧棲區,0,0,0,7,,,50,,,,,,,,,,,,,,14,,,,,B03,,,1,,1,,,8,8,1,12,4,120.533127,24.25987,3
2096,66000,387130000C,(04)23274275,(04)23288582,2025,11,6,11,49,臺中市,后里區,0,1,0,7,2,6,30,3,1,1,5,4,6,6,4,4,10,5,5,2,14,3,10,3,1,B12,7,2,1,8,2,3,,49,49,1,12,4,120.724476,24.309505,2
2097,66000,387130000C,(04)23274275,(04)23288582,2025,11,6,11,50,臺中市,大里區,0,1,0,7,2,6,50,3,2,1,5,4,6,6,4,4,5,4,5,1,13,2,9,1,1,C03,7,9,1,10,2,11,14,84,84,1,12,4,120.689699,24.113961,2
2098,66000,387130000C,(04)23274275,(04)23288582,2025,11,6,11,53,臺中市,西區,0,0,0,7,,,50,,,,,,,,,,,,,,,,,,,B03,,,1,,1,,,7,7,1,13,4,120.663023,24.158036,3
2099,66000,387130000C,(04)23274275,(04)23288582,2025,11,6,11,55,臺中市,大里區,0,1,0,7,3,6,50,4,2,1,5,4,6,6,2,1,3,4,5,1,12,3,10,5,4,A04,7,9,1,2,2,5,,7,7,1,12,4,120.686952,24.095359,2
2100,66000,387130000C,(04)23274275,(04)23288582,2025,11,6,11,56,臺中市,大里區,0,1,0,7,2,6,50,13,7,1,5,4,6,6,4,4,3,4,4,1,13,2,9,2,1,C03,7,9,1,10,2,11,,59,59,1,6,4,120.694917,24.088913,2
2101,66000,387130000C,(04)23274275,(04)23288582,2025,11,6,12,1,臺中市,西屯區,0,0,0,7,,,30,,,,,,,,,,,,,,12,,,,,B03,,,1,,11,,,8,8,1,13,4,120.638953,24.179857,3
2102,66000,387130000C,(04)23274275,(04)23288582,2025,11,6,12,3,臺中市,大里區,0,0,0,7,,,50,,,,,,,,,,,,,,17,,,,,B12,,,1,,1,,,84,84,1,12,4,120.686988,24.105633,3
2103,66000,387130000C,(04)23274275,(04)23288582,2025,11,6,12,5,臺中市,大雅區,0,1,0,7,3,6,60,4,1,1,5,4,6,6,1,1,4,5,4,1,17,2,9,5,4,C03,7,9,3,19,2,14,,21,21,1,13,4,120.657038,24.230526,2
2104,66000,387130000C,(04)23274275,(04)23288582,2025,11,6,12,6,臺中市,西屯區,0,0,0,7,,,50,,,,,,,,,,,,,,13,,,,,C03,,,1,,1,,,7,7,1,13,4,120.657187,24.174231,3
2105,66000,387130000C,(04)23274275,(04)23288582,2025,11,6,12,7,臺中市,潭子區,0,1,0,7,3,6,50,3,1,1,5,4,6,6,4,4,5,4,4,2,17,3,10,2,1,C03,7,6,1,10,2,12,,14,14,1,13,4,120.706592,24.20532,2
2106,66000,387130000C,(04)23274275,(04)23288582,2025,11,6,12,7,臺中市,西區,0,0,0,7,,,50,,,,,,,,,,,,,,14,,,,,B03,,,1,,2,,,49,49,1,13,4,120.654686,24.155494,3
2107,66000,387130000C,(04)23274275,(04)23288582,2025,11,6,12,7,臺中市,南區,0,0,0,7,,,50,,,,,,,,,,,,,,17,,,,,B02,,,1,,2,,,51,51,1,6,4,120.671709,24.130831,3
2108,66000,387130000C,(04)23274275,(04)23288582,2025,11,6,12,9,臺中市,西屯區,0,0,0,7,,,30,,,,,,,,,,,,,,,,,,,C03,,,1,,1,,,7,7,1,13,4,120.646157,24.183893,3
2109,66000,387130000C,(04)23274275,(04)23288582,2025,11,6,12,10,臺中市,太平區,0,1,0,7,3,6,50,13,9,1,5,4,6,6,4,4,5,5,4,1,13,2,8,2,1,C03,7,9,1,10,2,14,,7,7,1,12,4,120.720157,24.130151,2
2110,66000,387130000C,(04)23274275,(04)23288582,2025,11,6,12,13,臺中市,龍井區,0,0,0,7,,,60,,,,,,,,,,,,,,,,,,,B03,,,1,,2,,,20,20,1,6,4,120.514906,24.199633,3
2111,66000,387130000C,(04)23274275,(04)23288582,2025,11,6,12,16,臺中市,西區,0,1,0,7,3,6,50,5,1,1,5,4,6,6,1,1,10,5,5,2,16,3,10,3,1,B03,7,5,1,8,2,2,,11,11,1,12,4,120.665822,24.135281,2
2112,66000,387130000C,(04)23274275,(04)23288582,2025,11,6,12,17,臺中市,潭子區,0,0,0,7,,,60,,,,,,,,,,,,,,,,,,,B12,,,5,,2,,,84,84,1,13,4,120.705589,24.216817,3
2113,66000,387130000C,(04)23274275,(04)23288582,2025,11,6,12,17,臺中市,西屯區,0,2,0,7,2,6,50,4,1,1,5,4,6,6,4,4,10,5,5,1,3,2,7,2,1,C03,7,9,1,10,2,11,,10,10,1,12,4,120.617001,24.184058,2
2114,66000,387130000C,(04)23274275,(04)23288582,2025,11,6,12,19,臺中市,霧峰區,0,2,0,7,3,6,50,13,9,1,5,4,6,6,4,4,5,5,5,1,16,2,9,1,1,C03,7,5,3,19,2,12,,65,65,1,12,4,120.707564,24.073925,2
2115,66000,387130000C,(04)23274275,(04)23288582,2025,11,6,12,19,臺中市,太平區,0,0,0,7,,,50,,,,,,,,,,,,,,,,,,,B01,,,1,,2,,,84,84,1,12,4,120.716194,24.120138,3
2116,66000,387130000C,(04)23274275,(04)23288582,2025,11,6,12,24,臺中市,大里區,0,0,0,7,,,50,,,,,,,,,,,,,,13,,,,,B03,,,1,,2,,,7,7,1,6,4,120.671338,24.101902,3
2117,66000,387130000C,(04)23274275,(04)23288582,2025,11,6,12,25,臺中市,西區,0,0,0,7,,,50,,,,,,,,,,,,,,,,,,,C03,,,1,,2,,,84,84,1,6,4,120.667662,24.130461,3
2118,66000,387130000C,(04)23274275,(04)23288582,2025,11,6,12,27,臺中市,南屯區,0,1,0,7,3,6,50,4,1,1,5,4,6,6,1,1,10,5,5,2,13,2,9,2,1,C03,7,9,1,10,1,11,,59,59,1,13,4,120.612945,24.138738,2
2119,66000,387130000C,(04)23274275,(04)23288582,2025,11,6,12,29,臺中市,龍井區,0,0,0,7,2,6,50,13,9,1,5,4,6,6,4,4,5,5,5,2,12,,,,,B03,,,1,,1,,,8,8,1,6,4,120.592787,24.181897,3
2120,66000,387130000C,(04)23274275,(04)23288582,2025,11,6,12,30,臺中市,南區,0,0,0,7,,,50,,,,,,,,,,,,,,,,,,,A11,,,1,,1,,,8,8,1,12,4,120.653243,24.122563,3
2121,66000,387130000C,(04)23274275,(04)23288582,2025,11,6,12,31,臺中市,龍井區,0,0,0,7,2,6,50,13,9,1,5,4,6,6,4,4,5,5,5,2,12,,,,,B03,,1,1,,1,,,8,8,1,6,4,120.592576,24.181862,3
2122,66000,387130000C,(04)23274275,(04)23288582,2025,11,6,12,32,臺中市,西區,0,1,0,7,2,6,50,4,1,1,5,4,6,6,1,1,10,5,5,2,16,3,10,1,1,C03,7,6,1,10,2,13,,48,48,1,13,4,120.660194,24.146693,2
2123,66000,387130000C,(04)23274275,(04)23288582,2025,11,6,12,32,臺中市,南屯區,0,0,0,7,,,50,,,,,,,,,,,,,,14,,,,,A05,,,1,,2,,,49,49,1,12,4,120.652888,24.153619,3
2124,66000,387130000C,(04)23274275,(04)23288582,2025,11,6,12,35,臺中市,北屯區,0,1,0,7,3,6,50,4,2,1,5,4,6,6,1,1,1,4,5,2,16,3,10,3,1,B03,7,5,1,8,2,5,,7,7,1,12,4,120.686747,24.200586,2
2125,66000,387130000C,(04)23274275,(04)23288582,2025,11,6,12,35,臺中市,豐原區,0,0,0,7,,,50,,,,,,,,,,,,,,17,,,,,B03,,,1,,2,,,51,51,1,6,4,120.723091,24.247694,3
2126,66000,387130000C,(04)23274275,(04)23288582,2025,11,6,12,39,臺中市,霧峰區,0,1,0,7,2,6,50,4,1,1,5,4,6,6,1,1,10,5,5,2,16,3,10,5,4,C03,7,9,1,10,2,12,,7,7,1,12,4,120.695995,24.065666,2
2127,66000,387130000C,(04)23274275,(04)23288582,2025,11,6,12,40,臺中市,西屯區,0,1,0,7,2,6,40,3,1,1,5,4,6,6,4,4,10,5,5,2,16,3,10,3,1,B03,7,5,1,4,2,5,,47,47,1,12,4,120.60672,24.18389,2
2128,66000,387130000C,(04)23274275,(04)23288582,2025,11,6,12,46,臺中市,西區,0,2,0,7,2,6,50,4,1,1,5,4,6,6,4,4,10,5,5,2,16,3,10,3,1,B03,7,6,1,8,2,8,,84,84,1,12,4,120.667898,24.142827,2
2129,66000,387130000C,(04)23274275,(04)23288582,2025,11,6,12,55,臺中市,烏日區,0,1,0,7,3,6,30,11,9,1,5,4,6,6,4,4,10,5,5,1,18,2,9,3,1,B03,7,9,1,8,2,5,,84,84,1,6,4,120.625395,24.053438,2
2130,66000,387130000C,(04)23274275,(04)23288582,2025,11,6,12,59,臺中市,豐原區,0,0,0,7,,,60,,,,,,,,,,,,,,17,,,,,B03,,,1,,1,,,84,84,1,12,4,120.703258,24.251619,3
2131,66000,387130000C,(04)23274275,(04)23288582,2025,11,6,13,0,臺中市,沙鹿區,0,2,0,7,2,6,60,13,7,1,5,4,6,6,1,1,1,3,1,2,12,2,9,2,1,C03,7,12,1,10,2,12,,84,84,1,9,4,120.580691,24.214513,2
2132,66000,387130000C,(04)23274275,(04)23288582,2025,11,6,13,0,臺中市,外埔區,0,1,0,7,2,6,50,3,1,1,5,4,6,6,1,1,4,4,5,1,16,3,10,3,1,B03,7,5,1,8,2,2,,84,84,1,12,4,120.639007,24.341545,2
2133,66000,387130000C,(04)23274275,(04)23288582,2025,11,6,13,0,臺中市,豐原區,0,0,0,7,,,40,,,,,,,,,,,,,,13,,,,,B03,,,1,,2,,,59,59,1,13,4,120.714191,24.251371,3
2134,66000,387130000C,(04)23274275,(04)23288582,2025,11,6,13,6,臺中市,南屯區,0,1,0,7,2,6,50,3,1,1,5,4,6,6,4,4,1,4,4,2,16,3,10,3,1,B03,7,5,1,8,2,2,,14,14,1,12,4,120.637646,24.150131,2
2135,66000,387130000C,(04)23274275,(04)23288582,2025,11,6,13,8,臺中市,西屯區,0,1,0,7,2,6,50,3,1,1,5,4,6,6,1,1,10,5,5,2,12,3,10,3,4,B03,7,5,1,8,1,2,,20,20,1,13,4,120.654345,24.194323,2
2136,66000,387130000C,(04)23274275,(04)23288582,2025,11,6,13,9,臺中市,南屯區,0,0,0,7,,3,80,,,,,,,,,,,,,,12,,,,,A11,,,1,,1,,,40,40,1,12,4,120.622507,24.1377,3
2137,66000,387130000C,(04)23274275,(04)23288582,2025,11,6,13,9,臺中市,神岡區,0,0,0,7,,,40,,,,,,,,,,,,,,14,,,,,B03,,,1,,1,,,49,49,1,13,4,120.658325,24.258822,3
2138,66000,387130000C,(04)23274275,(04)23288582,2025,11,6,13,15,臺中市,神岡區,0,0,0,7,,,40,,,,,,,,,,,,,,14,,,,,B12,,,1,,2,,,49,49,1,13,4,120.656946,24.270603,3
2139,66000,387130000C,(04)23274275,(04)23288582,2025,11,6,13,15,臺中市,豐原區,0,0,0,7,,,50,,,,,,,,,,,,,,18,,,,,,,,,,,,,119,119,1,,,120.7266,24.260434,3
2140,66000,387130000C,(04)23274275,(04)23288582,2025,11,6,13,16,臺中市,西屯區,0,0,0,7,,,50,,,,,,,,,,,,,,16,,,,,B02,,,1,,1,,,13,13,1,13,4,120.608539,24.186143,3
2141,66000,387130000C,(04)23274275,(04)23288582,2025,11,6,13,18,臺中市,北屯區,0,2,0,7,1,6,50,3,2,1,5,4,6,6,4,4,10,4,5,2,17,2,9,1,1,F01,7,6,7,21,2,11,,20,20,1,13,4,120.678914,24.17726,2