序號,縣市別代碼,機關代碼,市話,傳真,年,月,日,時,分,縣市,區,死亡數量,受傷數量,2-30,天候,道路照明設備,道路類別,道路速限,道路型態,事故位置,路面鋪裝,路面狀態,路面缺陷,障礙物,視距,號誌種類,號誌動作,分向設施,快車道或一般車道間,快慢車道間,路面邊線,事故類型及型態,受傷程度,主要傷處,保護裝備,行動電話或功能裝置,當事者區分(類別),車輛用途,當事者行動狀態,駕照狀態,駕照種類,飲酒情形,車輛撞擊部位最初,車輛撞擊部位其他,肇事因素個別,肇事因素主要,肇事逃逸,職業,共享經濟或外送平台,GPS座標X,GPS座標Y,事故類別
2142,66000,387130000C,(04)23274275,(04)23288582,2025,11,6,13,18,臺中市,沙鹿區,0,1,0,7,2,6,40,13,8,1,5,4,6,6,4,4,1,5,5,2,17,2,8,1,1,C03,7,4,1,10,2,11,12,8,8,1,5,4,120.560262,24.241316,2
2143,66000,387130000C,(04)23274275,(04)23288582,2025,11,6,13,24,臺中市,大里區,0,1,0,7,3,6,50,13,9,1,5,4,6,6,4,4,3,4,5,1,16,2,9,1,1,C03,7,5,1,10,2,11,,47,47,1,13,4,120.691953,24.09158,2
2144,66000,387130000C,(04)23274275,(04)23288582,2025,11,6,13,31,臺中市,東勢區,0,1,0,7,2,6,50,4,4,1,5,4,6,6,1,1,5,4,4,2,12,3,10,5,4,B03,7,9,1,8,2,2,,84,84,1,13,4,120.833157,24.24694,2
2145,66000,387130000C,(04)23274275,(04)23288582,2025,11,6,13,34,臺中市,烏日區,0,1,0,7,2,6,50,5,1,1,5,4,6,6,1,1,10,5,5,2,16,3,10,3,1,B12,7,5,3,19,2,5,,11,11,1,6,4,120.625955,24.10602,2
2146,66000,387130000C,(04)23274275,(04)23288582,2025,11,6,13,37,臺中市,霧峰區,0,0,0,7,,,50,,,,,,,,,,,,,,15,,,,,B03,,,1,,9,,,21,21,1,6,4,120.662486,24.072088,3
2147,66000,387130000C,(04)23274275,(04)23288582,2025,11,6,13,40,臺中市,東區,0,0,0,7,1,6,50,13,9,1,5,4,6,6,4,4,5,4,5,2,17,3,10,3,1,B03,7,9,1,8,1,4,,84,84,1,12,4,120.707122,24.138273,3
2148,66000,387130000C,(04)23274275,(04)23288582,2025,11,6,13,41,臺中市,西屯區,0,1,0,7,2,6,50,3,1,1,5,4,6,6,4,4,10,5,5,2,17,3,10,3,1,B03,7,6,1,8,2,1,,48,48,1,13,4,120.640635,24.178996,2
2149,66000,387130000C,(04)23274275,(04)23288582,2025,11,6,13,50,臺中市,北屯區,0,1,0,7,2,6,50,4,2,1,5,4,6,6,2,1,5,5,4,2,13,2,7,1,1,C03,7,12,1,8,2,11,,7,7,1,12,4,120.674181,24.175105,2
2150,66000,387130000C,(04)23274275,(04)23288582,2025,11,6,13,56,臺中市,南屯區,0,1,0,7,2,6,50,4,1,1,5,4,6,6,2,1,5,5,5,2,16,3,10,3,1,B03,7,5,1,10,2,6,,84,84,1,6,4,120.646501,24.146795,2
2151,66000,387130000C,(04)23274275,(04)23288582,2025,11,6,14,15,臺中市,潭子區,0,0,0,7,,,,,,,,,,,,,,,,,,,,,,,,,,,,,,116,116,1,,,120.712236,24.21306,3
2152,66000,387130000C,(04)23274275,(04)23288582,2025,11,6,14,16,臺中市,太平區,0,1,0,7,2,6,30,4,1,1,5,4,2,6,4,4,10,5,5,2,16,3,10,3,1,B03,7,5,1,8,2,8,,14,14,1,12,4,120.726771,24.151915,2
2153,66000,387130000C,(04)23274275,(04)23288582,2025,11,6,14,20,臺中市,北屯區,0,0,0,7,,,50,,,,,,,,,,,,,,14,,,,,B03,,,1,,1,,,49,49,1,12,4,120.68903,24.171474,3
2154,66000,387130000C,(04)23274275,(04)23288582,2025,11,6,14,21,臺中市,西屯區,0,0,0,7,,,50,,,,,,,,,,,,,,,,,,,B03,,,1,,1,,,51,51,1,12,4,120.629951,24.159043,3
2155,66000,387130000C,(04)23274275,(04)23288582,2025,11,6,14,30,臺中市,南屯區,0,2,0,7,2,6,30,13,9,1,5,4,6,6,4,4,9,5,5,2,11,2,9,1,1,C03,7,9,1,10,2,14,,84,84,1,12,4,120.619759,24.130763,2
2156,66000,387130000C,(04)23274275,(04)23288582,2025,11,6,14,31,臺中市,太平區,0,0,0,7,,,30,,,,,,,,,,,,,,11,,,,,C03,,,1,,1,,,8,8,1,12,4,120.726978,24.151413,3
2157,66000,387130000C,(04)23274275,(04)23288582,2025,11,6,14,37,臺中市,大里區,0,1,0,7,3,6,50,13,7,1,5,4,6,6,4,4,10,5,4,1,17,2,7,1,1,C03,7,9,1,10,2,11,,7,7,1,12,4,120.703607,24.092732,2
2158,66000,387130000C,(04)23274275,(04)23288582,2025,11,6,14,40,臺中市,北屯區,0,1,0,7,3,6,50,4,1,1,5,4,6,6,2,1,10,5,5,2,17,3,10,3,1,B03,7,5,1,8,2,6,,65,65,1,6,4,120.723456,24.165519,2
2159,66000,387130000C,(04)23274275,(04)23288582,2025,11,6,14,40,臺中市,大里區,0,0,0,7,,,,,,,,,,,,,,,,,14,,,,,,,,,,,,,119,119,1,,,120.681333,24.104035,3
2160,66000,387130000C,(04)23274275,(04)23288582,2025,11,6,14,47,臺中市,豐原區,0,0,0,7,,,50,,,,,,,,,,,,,,13,,,,,B03,,,1,,2,,,59,59,1,13,4,120.729062,24.24414,3
2161,66000,387130000C,(04)23274275,(04)23288582,2025,11,6,14,50,臺中市,南屯區,0,0,0,7,,,50,,,,,,,,,,,,,,13,,,,,B03,,,1,,1,,,59,59,1,13,4,120.622643,24.150214,3
2162,66000,387130000C,(04)23274275,(04)23288582,2025,11,6,14,52,臺中市,北屯區,0,0,0,7,,,50,,,,,,,,,,,,,,14,,,,,A31,,,1,,2,,,49,49,1,6,4,120.667744,24.191749,3
2163,66000,387130000C,(04)23274275,(04)23288582,2025,11,6,14,56,臺中市,北區,0,1,0,7,2,6,50,5,1,1,5,4,6,6,1,1,10,5,5,2,17,2,9,5,4,C03,7,9,3,19,2,12,,84,84,1,12,4,120.678478,24.150952,2
2164,66000,387130000C,(04)23274275,(04)23288582,2025,11,6,15,0,臺中市,南屯區,0,0,0,7,,,40,,,,,,,,,,,,,,12,,,,,B03,,,1,,2,,,50,50,1,12,4,120.635707,24.15379,3
2165,66000,387130000C,(04)23274275,(04)23288582,2025,11,6,15,2,臺中市,東區,0,1,0,7,3,6,50,4,1,1,5,4,6,6,1,1,10,5,5,2,16,3,10,5,4,B03,7,6,1,8,2,1,,11,11,1,12,4,120.708692,24.142722,2
2166,66000,387130000C,(04)23274275,(04)23288582,2025,11,6,15,8,臺中市,東區,0,0,0,7,,,50,,,,,,,,,,,,,,13,,,,,B03,,,1,,1,,,84,84,1,13,4,120.70185,24.142693,3
2167,66000,387130000C,(04)23274275,(04)23288582,2025,11,6,15,8,臺中市,豐原區,0,0,0,7,,,50,,,,,,,,,,,,,,17,,,,,B03,,,1,,1,,,20,20,1,13,4,120.714457,24.251091,3
2168,66000,387130000C,(04)23274275,(04)23288582,2025,11,6,15,10,臺中市,太平區,0,1,0,7,2,6,50,4,2,1,5,4,6,6,2,1,5,2,5,2,12,3,10,3,1,B12,7,9,1,8,2,6,,85,85,1,12,4,120.723041,24.149317,2
2169,66000,387130000C,(04)23274275,(04)23288582,2025,11,6,15,12,臺中市,太平區,0,0,0,7,,,50,,,,,,,,,,,,,,17,,,,,A12,,,1,,2,,,84,84,1,12,4,120.731132,24.112222,3
2170,66000,387130000C,(04)23274275,(04)23288582,2025,11,6,15,13,臺中市,豐原區,0,0,0,7,,,50,,,,,,,,,,,,,,12,,,,,B02,,,1,,2,,,40,40,1,12,4,120.722141,24.244095,3
2171,66000,387130000C,(04)23274275,(04)23288582,2025,11,6,15,14,臺中市,南屯區,0,0,0,7,,,50,,,,,,,,,,,,,,11,,,,,B03,,,1,,2,,,59,59,1,12,4,120.62591,24.112958,3
2172,66000,387130000C,(04)23274275,(04)23288582,2025,11,6,15,16,臺中市,北屯區,0,0,0,7,,,0,,,,,,,,,,,,,,14,,,,,B02,,,1,,1,,,49,49,1,13,4,120.713457,24.179138,3
2173,66000,387130000C,(04)23274275,(04)23288582,2025,11,6,15,22,臺中市,大甲區,0,3,0,7,2,6,60,4,1,1,5,4,6,6,1,1,1,4,5,1,12,2,9,3,1,A41,7,6,1,1,2,5,,94,94,1,6,4,120.62055,24.423865,2
2174,66000,387130000C,(04)23274275,(04)23288582,2025,11,6,15,25,臺中市,南屯區,0,2,0,7,2,6,50,4,1,1,5,4,6,6,2,1,5,5,5,2,17,2,9,1,1,C04,7,11,1,8,2,12,,11,11,1,6,4,120.642114,24.140728,2
2175,66000,387130000C,(04)23274275,(04)23288582,2025,11,6,15,28,臺中市,大里區,0,0,0,7,,,50,,,,,,,,,,,,,,17,,,,,A12,,,1,,2,,,51,51,1,12,4,120.699994,24.104179,3
2176,66000,387130000C,(04)23274275,(04)23288582,2025,11,6,15,28,臺中市,龍井區,0,1,0,7,2,6,30,4,1,1,5,4,6,6,4,4,10,5,5,2,15,3,10,3,1,B03,7,9,1,8,2,8,,39,39,1,6,4,120.524018,24.215594,2
2177,66000,387130000C,(04)23274275,(04)23288582,2025,11,6,15,32,臺中市,北屯區,0,0,0,7,,,50,,,,,,,,,,,,,,12,,,,,C03,,,1,,2,,,40,40,1,6,4,120.696877,24.167439,4
2178,66000,387130000C,(04)23274275,(04)23288582,2025,11,6,15,33,臺中市,南屯區,0,0,0,7,,,50,,,,,,,,,,,,,,14,,,,,B03,,,1,,1,,,49,49,1,12,4,120.632335,24.155403,3
2179,66000,387130000C,(04)23274275,(04)23288582,2025,11,6,15,40,臺中市,北區,0,0,0,7,,,50,,,,,,,,,,,,,,13,,,,,C03,,,1,,1,,,7,7,1,13,4,120.678581,24.151937,3
2180,66000,387130000C,(04)23274275,(04)23288582,2025,11,6,15,42,臺中市,神岡區,0,0,0,7,,,50,,,,,,,,,,,,,,17,,,,,C03,,,1,,2,,,40,40,1,13,4,120.708081,24.276424,3
2181,66000,387130000C,(04)23274275,(04)23288582,2025,11,6,15,47,臺中市,霧峰區,0,0,0,7,,,40,,,,,,,,,,,,,,13,,,,,A12,,,1,,2,,,83,83,1,12,4,120.66229,24.068326,3
2182,66000,387130000C,(04)23274275,(04)23288582,2025,11,6,15,51,臺中市,北屯區,0,0,0,7,,,50,,,,,,,,,,,,,,13,,,,,B03,,,1,,1,,,84,84,1,13,4,120.719386,24.162428,3
2183,66000,387130000C,(04)23274275,(04)23288582,2025,11,6,15,52,臺中市,西屯區,0,1,0,7,2,6,50,4,1,1,5,4,6,6,2,1,10,5,5,2,16,3,10,5,4,B03,7,6,1,8,2,5,,11,11,1,13,4,120.666273,24.169809,2
2184,66000,387130000C,(04)23274275,(04)23288582,2025,11,6,15,53,臺中市,霧峰區,0,1,0,7,2,6,40,4,1,1,5,4,6,6,4,4,5,2,5,1,16,3,10,3,1,B03,7,5,1,8,2,2,,14,14,1,13,4,120.714787,24.079881,2
2185,66000,387130000C,(04)23274275,(04)23288582,2025,11,6,15,54,臺中市,南屯區,0,0,0,7,,,50,,,,,,,,,,,,,,17,,,,,C03,,,1,,1,,,87,87,1,12,4,120.642652,24.14193,4
2186,66000,387130000C,(04)23274275,(04)23288582,2025,11,6,15,55,臺中市,后里區,0,0,0,7,,,50,,,,,,,,,,,,,,15,,,,,B12,,,1,,2,,,15,15,1,12,4,120.672745,24.309981,3
2187,66000,387130000C,(04)23274275,(04)23288582,2025,11,6,15,56,臺中市,大里區,0,1,0,7,2,6,50,4,9,1,5,4,6,6,4,4,5,5,5,1,16,3,10,2,1,C03,7,6,1,10,2,11,,48,48,1,12,4,120.682511,24.10705,2
2188,66000,387130000C,(04)23274275,(04)23288582,2025,11,6,15,59,臺中市,大雅區,0,0,0,7,,,50,,,,,,,,,,,,,,,,,,,B03,,,1,,1,,,84,84,1,12,4,120.651391,24.209769,3
2189,66000,387130000C,(04)23274275,(04)23288582,2025,11,6,16,2,臺中市,潭子區,0,1,0,7,2,6,50,4,1,1,5,4,6,6,3,1,10,5,5,2,15,3,10,3,1,B03,7,9,1,8,2,7,,24,24,1,12,4,120.701795,24.192054,2
2190,66000,387130000C,(04)23274275,(04)23288582,2025,11,6,16,4,臺中市,霧峰區,0,0,0,7,,,40,,,,,,,,,,,,,,17,,,,,C03,,,1,,2,,,50,50,1,12,4,120.698866,24.065412,3
2191,66000,387130000C,(04)23274275,(04)23288582,2025,11,6,16,9,臺中市,太平區,0,0,0,7,,,30,,,,,,,,,,,,,,17,,,,,B12,,,1,,2,,,59,59,1,12,4,120.706393,24.154806,3
2192,66000,387130000C,(04)23274275,(04)23288582,2025,11,6,16,10,臺中市,西區,0,1,0,7,3,6,50,4,2,1,5,4,6,6,1,1,10,5,5,2,13,2,8,2,1,C03,7,9,1,10,2,11,,7,7,1,12,4,120.661603,24.15078,2
2193,66000,387130000C,(04)23274275,(04)23288582,2025,11,6,16,19,臺中市,北屯區,0,0,0,7,,,50,,,,,,,,,,,,,,14,,,,,B03,,,1,8,1,,,49,49,1,12,4,120.688845,24.172428,3
2194,66000,387130000C,(04)23274275,(04)23288582,2025,11,6,16,23,臺中市,西屯區,0,1,0,7,2,6,50,13,9,1,5,4,6,6,4,4,8,4,5,1,3,2,9,6,5,H01,8,16,7,21,10,17,,98,98,1,13,5,120.656248,24.159908,2
2195,66000,387130000C,(04)23274275,(04)23288582,2025,11,6,16,25,臺中市,南屯區,0,0,0,7,,,50,,,,,,,,,,,,,,13,,,,,B03,,,1,,1,,,7,7,1,12,4,120.618024,24.145275,3
2196,66000,387130000C,(04)23274275,(04)23288582,2025,11,6,16,31,臺中市,烏日區,0,0,0,7,,,30,,,,,,,,,,,,,,,,,,,B12,,,1,,2,,,78,78,1,6,4,120.642841,24.109799,3
2197,66000,387130000C,(04)23274275,(04)23288582,2025,11,6,16,35,臺中市,北屯區,0,0,0,7,,,50,,,,,,,,,,,,,,13,,,,,B03,,,1,,2,,,7,7,1,6,4,120.674449,24.174079,3
2198,66000,387130000C,(04)23274275,(04)23288582,2025,11,6,16,36,臺中市,東區,0,0,0,7,,,50,,,,,,,,,,,,,,11,,,,,B12,,,1,,1,,,8,8,1,12,4,120.70643,24.131883,3
2199,66000,387130000C,(04)23274275,(04)23288582,2025,11,6,16,37,臺中市,北區,0,1,0,7,2,6,50,4,1,1,5,4,6,6,4,4,10,5,5,2,17,3,10,5,4,B03,7,5,1,8,2,8,,20,20,1,13,4,120.669449,24.171635,2
2200,66000,387130000C,(04)23274275,(04)23288582,2025,11,6,16,38,臺中市,西屯區,0,0,0,7,,,0,,,,,,,,,,,,,,9,,,,,B03,,,7,,10,,,85,85,1,12,5,120.638965,24.17524,3
2201,66000,387130000C,(04)23274275,(04)23288582,2025,11,6,16,38,臺中市,西屯區,0,1,0,7,2,6,40,13,8,1,5,4,6,6,4,4,1,5,1,2,12,2,9,2,1,C03,7,9,1,10,2,11,,7,7,1,12,4,120.640267,24.158532,2
2202,66000,387130000C,(04)23274275,(04)23288582,2025,11,6,16,43,臺中市,北區,0,2,0,7,3,6,50,4,2,1,5,4,6,6,4,4,5,4,5,2,15,2,8,5,4,C03,7,9,1,10,2,12,,15,15,1,13,4,120.683701,24.146852,2
2203,66000,387130000C,(04)23274275,(04)23288582,2025,11,6,16,45,臺中市,太平區,0,2,0,7,2,6,40,13,9,1,5,4,6,6,4,4,9,5,5,1,13,2,8,2,1,C03,7,9,1,10,2,11,,7,7,1,12,4,120.726985,24.120976,2
2204,66000,387130000C,(04)23274275,(04)23288582,2025,11,6,16,45,臺中市,沙鹿區,0,0,0,7,2,6,50,13,14,1,5,4,6,6,4,4,1,3,4,2,14,,,,,B03,,,1,,1,,,49,49,1,12,4,120.57097,24.225378,3
2205,66000,387130000C,(04)23274275,(04)23288582,2025,11,6,16,45,臺中市,大甲區,0,1,0,7,2,6,50,3,2,1,5,4,6,6,4,4,5,4,4,1,12,2,9,2,1,C03,7,8,1,10,2,14,,40,40,1,6,4,120.63261,24.355936,2
2206,66000,387130000C,(04)23274275,(04)23288582,2025,11,6,16,50,臺中市,東區,0,2,0,7,1,6,50,4,1,1,5,4,6,6,4,4,10,5,5,2,17,2,9,1,1,C03,7,6,1,10,2,12,,14,14,1,12,4,120.703245,24.144656,2
2207,66000,387130000C,(04)23274275,(04)23288582,2025,11,6,16,53,臺中市,東區,0,0,0,7,,,50,,,,,,,,,,,,,,14,,,,,A04,,,1,,2,,,49,49,1,12,4,120.686755,24.142934,3
2208,66000,387130000C,(04)23274275,(04)23288582,2025,11,6,16,54,臺中市,西區,0,1,0,7,2,6,50,4,1,1,5,4,6,6,1,1,10,5,5,2,16,3,10,3,1,B03,7,5,1,8,2,5,,11,11,1,12,4,120.656951,24.14982,2
2209,66000,387130000C,(04)23274275,(04)23288582,2025,11,6,16,57,臺中市,龍井區,0,2,0,7,2,6,50,5,1,1,5,4,6,6,2,1,10,5,5,2,16,3,10,3,1,B03,7,5,1,8,2,6,,8,8,1,6,4,120.573738,24.184767,2
2210,66000,387130000C,(04)23274275,(04)23288582,2025,11,6,17,0,臺中市,梧棲區,0,0,0,7,,,40,,,,,,,,,,,,,,14,,,,,B03,,,1,,1,,,49,49,1,6,4,120.515504,24.231947,3
2211,66000,387130000C,(04)23274275,(04)23288582,2025,11,6,17,0,臺中市,清水區,0,0,0,7,2,6,50,3,1,1,5,4,6,6,4,4,9,5,5,2,12,,,,,B03,,,1,,1,,,45,45,1,12,4,120.561772,24.269826,3
2212,66000,387130000C,(04)23274275,(04)23288582,2025,11,6,17,4,臺中市,烏日區,0,0,0,7,,,30,,,,,,,,,,,,,,9,,,,,B03,,,1,,2,,,51,51,1,6,4,120.616372,24.110954,3
2213,66000,387130000C,(04)23274275,(04)23288582,2025,11,6,17,7,臺中市,大安區,0,2,0,7,2,6,50,13,9,1,5,4,6,6,4,4,9,5,5,1,16,2,9,2,1,C03,7,6,1,10,2,12,,20,20,1,6,4,120.587724,24.34486,2
2214,66000,387130000C,(04)23274275,(04)23288582,2025,11,6,17,10,臺中市,神岡區,0,1,0,7,2,6,50,4,1,1,5,4,6,6,1,1,2,4,5,1,16,2,8,5,4,C03,7,11,1,10,2,14,,45,45,1,12,4,120.67691,24.24227,2
2215,66000,387130000C,(04)23274275,(04)23288582,2025,11,6,17,11,臺中市,南區,0,2,0,7,2,6,50,3,1,1,5,4,6,6,4,4,5,5,5,2,16,2,9,2,1,C03,7,6,1,10,2,14,,12,12,1,13,4,120.671398,24.119158,2
2216,66000,387130000C,(04)23274275,(04)23288582,2025,11,6,17,13,臺中市,西屯區,0,0,0,7,,,40,,,,,,,,,,,,,,13,,,,,C03,,,1,,1,,,7,7,1,13,4,120.632788,24.170154,3
2217,66000,387130000C,(04)23274275,(04)23288582,2025,11,6,17,13,臺中市,西屯區,0,2,0,7,1,6,50,4,1,1,5,4,6,6,1,1,8,4,5,1,15,2,9,5,4,C03,7,11,1,10,2,14,,45,45,1,13,4,120.653008,24.165344,2
2218,66000,387130000C,(04)23274275,(04)23288582,2025,11,6,17,14,臺中市,北區,0,2,0,7,1,6,50,3,1,1,5,4,6,6,1,1,10,5,5,2,17,2,8,5,4,C02,7,5,1,9,2,12,,7,7,1,13,4,120.670542,24.166864,2
2219,66000,387130000C,(04)23274275,(04)23288582,2025,11,6,17,14,臺中市,南區,0,0,0,7,,,50,,,,,,,,,,,,,,,,,,,B12,,,1,,2,,,84,84,1,12,4,120.657117,24.125877,3
2220,66000,387130000C,(04)23274275,(04)23288582,2025,11,6,17,14,臺中市,西屯區,0,2,0,7,2,6,40,13,9,1,5,4,6,6,4,4,9,5,5,2,12,2,9,2,1,C03,7,11,1,10,2,11,,39,39,1,12,4,120.656044,24.163891,2
2221,66000,387130000C,(04)23274275,(04)23288582,2025,11,6,17,14,臺中市,龍井區,0,0,0,7,,,50,,,,,,,,,,,,,,13,,,,,F01,,,7,,1,,,84,84,1,6,4,120.592308,24.181546,3
2222,66000,387130000C,(04)23274275,(04)23288582,2025,11,6,17,15,臺中市,潭子區,0,2,0,7,2,6,50,13,9,1,5,4,6,6,3,1,5,5,5,2,13,2,7,1,1,C03,7,9,1,10,2,11,,7,7,1,12,4,120.710777,24.212295,2
2223,66000,387130000C,(04)23274275,(04)23288582,2025,11,6,17,22,臺中市,南屯區,0,0,0,7,,,50,,,,,,,,,,,,,,13,,,,,C03,,,1,,1,,,7,7,1,6,4,120.646719,24.152987,3
2224,66000,387130000C,(04)23274275,(04)23288582,2025,11,6,17,24,臺中市,新社區,0,2,0,7,1,6,50,13,9,1,5,4,6,6,4,4,5,5,5,1,12,2,7,1,1,C03,7,9,1,10,2,14,,84,84,1,12,4,120.808913,24.248348,2
2225,66000,387130000C,(04)23274275,(04)23288582,2025,11,6,17,25,臺中市,西屯區,0,1,0,7,1,6,50,3,2,1,5,4,6,6,2,1,5,4,5,2,12,3,10,3,1,B03,7,9,1,8,2,2,,59,59,1,12,4,120.637721,24.166826,2
2226,66000,387130000C,(04)23274275,(04)23288582,2025,11,6,17,26,臺中市,西屯區,0,0,0,7,,,50,,,,,,,,,,,,,,13,,,,,C03,,,1,,1,,,7,7,1,12,4,120.619903,24.184213,3
2227,66000,387130000C,(04)23274275,(04)23288582,2025,11,6,17,27,臺中市,西屯區,0,2,0,7,2,6,50,13,9,1,5,4,6,6,4,4,1,4,5,2,17,2,7,5,4,C03,7,9,1,10,2,11,12,7,7,1,13,4,120.65748,24.196428,2
2228,66000,387130000C,(04)23274275,(04)23288582,2025,11,6,17,28,臺中市,北區,0,2,0,7,1,6,50,3,2,1,5,4,6,6,4,4,10,5,5,2,11,2,9,2,1,C03,7,6,1,10,2,11,,20,20,1,13,4,120.673811,24.154928,2
2229,66000,387130000C,(04)23274275,(04)23288582,2025,11,6,17,30,臺中市,和平區,0,3,0,7,1,9,25,4,1,1,5,4,6,6,4,4,10,5,5,1,15,2,9,1,4,C03,7,9,3,19,8,13,,53,53,1,7,4,120.909509,24.290672,2
2230,66000,387130000C,(04)23274275,(04)23288582,2025,11,6,17,33,臺中市,南屯區,0,0,0,7,,,50,,,,,,,,,,,,,,,,,,,B03,,,1,,1,,,59,59,1,12,4,120.648034,24.133468,3
2231,66000,387130000C,(04)23274275,(04)23288582,2025,11,6,17,33,臺中市,大里區,0,1,0,7,1,6,50,3,2,1,5,4,6,6,4,4,7,4,4,2,10,2,9,1,1,C03,7,9,1,10,2,11,,4,4,1,12,4,120.691873,24.114859,2
2232,66000,387130000C,(04)23274275,(04)23288582,2025,11,6,17,34,臺中市,南屯區,0,2,0,7,1,6,50,4,1,1,5,4,6,6,2,1,5,4,4,2,16,2,8,2,1,C03,7,6,1,10,2,11,,11,11,1,12,2,120.645452,24.148777,2
2233,66000,387130000C,(04)23274275,(04)23288582,2025,11,6,17,34,臺中市,清水區,0,1,0,7,1,6,60,5,1,1,5,4,6,6,1,1,8,3,4,1,12,3,10,3,1,B03,7,5,1,8,2,5,,11,11,1,12,4,120.545912,24.277701,2
2234,66000,387130000C,(04)23274275,(04)23288582,2025,11,6,17,35,臺中市,東區,0,0,0,7,,,50,,,,,,,,,,,,,,17,,,,,B03,,,1,,2,,,45,45,1,12,4,120.689099,24.134099,3
2235,66000,387130000C,(04)23274275,(04)23288582,2025,11,6,17,35,臺中市,南屯區,0,1,0,7,2,6,50,4,1,1,5,4,6,6,1,1,9,4,4,2,18,2,9,1,1,C03,7,9,1,10,2,12,,59,59,1,12,4,120.6336,24.141656,2
2236,66000,387130000C,(04)23274275,(04)23288582,2025,11,6,17,36,臺中市,沙鹿區,0,1,0,7,1,6,50,4,1,1,5,4,6,6,1,1,1,4,5,2,17,3,10,3,1,B03,7,5,1,8,2,5,,11,11,1,12,4,120.56903,24.255916,2
2237,66000,387130000C,(04)23274275,(04)23288582,2025,11,6,17,37,臺中市,太平區,0,1,0,7,1,6,50,5,1,1,5,4,6,6,1,1,10,5,5,2,13,2,9,1,1,C03,7,8,1,10,2,13,,40,40,1,12,4,120.712918,24.143861,2
2238,66000,387130000C,(04)23274275,(04)23288582,2025,11,6,17,38,臺中市,西區,0,0,0,7,1,6,50,4,1,1,5,4,6,6,4,4,10,5,5,2,13,,,,,C03,,,1,,1,,,7,7,1,13,4,120.660789,24.1468,3
2239,66000,387130000C,(04)23274275,(04)23288582,2025,11,6,17,40,臺中市,南屯區,0,0,0,7,,,50,,,,,,,,,,,,,,,,,,,C03,,,1,,1,,,7,7,1,6,4,120.646808,24.148836,3
2240,66000,387130000C,(04)23274275,(04)23288582,2025,11,6,17,43,臺中市,西屯區,0,0,0,7,,,50,,,,,,,,,,,,,,13,,,,,C01,,,1,,1,,,7,7,1,13,4,120.629223,24.162879,3
2241,66000,387130000C,(04)23274275,(04)23288582,2025,11,6,17,45,臺中市,大里區,0,0,0,7,,,30,,,,,,,,,,,,,,17,,,,,,,,,,,,,119,119,1,,,120.708663,24.09033,3
2242,66000,387130000C,(04)23274275,(04)23288582,2025,11,6,17,47,臺中市,北屯區,0,1,0,7,1,6,50,4,1,1,5,4,6,6,2,1,10,5,5,1,16,3,10,3,1,B03,7,6,1,8,2,5,,23,23,1,6,4,120.659188,24.18486,2
2243,66000,387130000C,(04)23274275,(04)23288582,2025,11,6,17,48,臺中市,大里區,0,2,0,7,1,6,50,3,2,1,5,4,6,6,4,4,5,5,5,2,17,2,9,4,1,F01,7,1,7,21,2,14,,51,51,1,13,4,120.703789,24.107143,2
2244,66000,387130000C,(04)23274275,(04)23288582,2025,11,6,17,49,臺中市,梧棲區,0,0,0,7,,,40,,,,,,,,,,,,,,16,,,,,B03,,,1,,1,,,20,20,1,6,4,120.539286,24.249027,3
2245,66000,387130000C,(04)23274275,(04)23288582,2025,11,6,17,50,臺中市,南區,0,0,0,7,1,6,50,13,9,1,5,4,6,6,4,1,5,5,5,2,17,3,10,3,1,B03,7,9,1,8,1,2,,8,8,1,12,4,120.671784,24.117292,3
2246,66000,387130000C,(04)23274275,(04)23288582,2025,11,6,17,51,臺中市,南屯區,0,0,0,7,,,50,,,,,,,,,,,,,,12,,,,,B03,,,1,,1,,,51,51,1,12,4,120.649253,24.135882,3
2247,66000,387130000C,(04)23274275,(04)23288582,2025,11,6,17,51,臺中市,霧峰區,0,0,0,7,,,50,,,,,,,,,,,,,,9,,,,,B03,,,1,,1,,,87,87,1,12,4,120.662164,24.059603,4
2248,66000,387130000C,(04)23274275,(04)23288582,2025,11,6,17,53,臺中市,西屯區,0,0,0,7,,,50,,,,,,,,,,,,,,13,,,,,C03,,,1,,1,,,59,59,1,12,4,120.627036,24.172331,3
2249,66000,387130000C,(04)23274275,(04)23288582,2025,11,6,17,55,臺中市,南屯區,0,2,0,7,1,6,50,4,1,1,5,4,6,6,2,1,5,4,5,2,16,2,9,2,1,C03,7,6,1,10,2,12,,11,11,1,12,4,120.6381,24.13995,2
2250,66000,387130000C,(04)23274275,(04)23288582,2025,11,6,17,58,臺中市,后里區,0,0,0,7,1,6,30,3,14,2,5,4,6,6,4,4,5,5,5,1,22,3,10,3,1,B03,7,5,1,8,2,2,,84,84,1,12,4,120.680685,24.293056,3
2251,66000,387130000C,(04)23274275,(04)23288582,2025,11,6,18,0,臺中市,龍井區,0,1,0,7,1,6,50,3,9,1,5,4,6,6,4,4,1,3,5,2,17,3,10,3,1,B03,7,9,1,8,2,4,,13,13,1,6,4,120.514652,24.198229,2
2252,66000,387130000C,(04)23274275,(04)23288582,2025,11,6,18,0,臺中市,沙鹿區,0,1,0,7,1,6,40,3,8,1,5,4,6,6,4,4,1,3,1,1,13,2,8,2,1,C03,7,9,1,10,2,11,,6,6,1,12,4,120.581563,24.20609,2
2253,66000,387130000C,(04)23274275,(04)23288582,2025,11,6,18,3,臺中市,豐原區,0,0,0,7,,,50,,,,,,,,,,,,,,13,,,,,B03,,,1,,2,,,59,59,1,13,4,120.722224,24.253806,3