序號,縣市別代碼,機關代碼,市話,傳真,年,月,日,時,分,縣市,區,死亡數量,受傷數量,2-30,天候,道路照明設備,道路類別,道路速限,道路型態,事故位置,路面鋪裝,路面狀態,路面缺陷,障礙物,視距,號誌種類,號誌動作,分向設施,快車道或一般車道間,快慢車道間,路面邊線,事故類型及型態,受傷程度,主要傷處,保護裝備,行動電話或功能裝置,當事者區分(類別),車輛用途,當事者行動狀態,駕照狀態,駕照種類,飲酒情形,車輛撞擊部位最初,車輛撞擊部位其他,肇事因素個別,肇事因素主要,肇事逃逸,職業,共享經濟或外送平台,GPS座標X,GPS座標Y,事故類別
2254,66000,387130000C,(04)23274275,(04)23288582,2025,11,6,18,4,臺中市,大里區,0,0,0,7,,,50,,,,,,,,,,,,,,,,,,,,,,,,,,,48,48,1,,,120.690855,24.109942,4
2255,66000,387130000C,(04)23274275,(04)23288582,2025,11,6,18,6,臺中市,太平區,0,0,0,7,,,50,,,,,,,,,,,,,,13,,,,,B03,,,1,,2,,,7,7,1,12,4,120.713392,24.12551,3
2256,66000,387130000C,(04)23274275,(04)23288582,2025,11,6,18,9,臺中市,西屯區,0,0,0,7,,,50,,,,,,,,,,,,,,13,,,,,B03,,,1,,1,,,59,59,1,12,4,120.644271,24.17138,3
2257,66000,387130000C,(04)23274275,(04)23288582,2025,11,6,18,9,臺中市,烏日區,0,0,0,7,1,6,50,13,4,1,5,4,6,6,1,1,5,4,5,1,13,3,10,1,1,C03,7,9,1,10,2,11,,84,84,1,6,4,120.632304,24.098949,3
2258,66000,387130000C,(04)23274275,(04)23288582,2025,11,6,18,9,臺中市,清水區,0,1,0,7,1,6,50,13,9,1,5,4,6,6,4,4,5,5,5,2,12,2,7,2,1,C03,7,9,1,10,2,11,,58,58,1,12,4,120.563712,24.29295,2
2259,66000,387130000C,(04)23274275,(04)23288582,2025,11,6,18,12,臺中市,潭子區,0,0,0,7,,,50,,,,,,,,,,,,,,,,,,,A11,,,1,,2,,,40,40,1,13,4,120.702364,24.201033,3
2260,66000,387130000C,(04)23274275,(04)23288582,2025,11,6,18,13,臺中市,西屯區,0,0,0,7,,,40,,,,,,,,,,,,,,13,,,,,C03,,,1,,2,,,59,59,1,13,4,120.633326,24.174376,3
2261,66000,387130000C,(04)23274275,(04)23288582,2025,11,6,18,14,臺中市,西屯區,0,0,0,7,,3,80,,,,,,,,,,,,,,13,,,,,B03,,,1,,1,,,7,7,1,12,4,120.636823,24.185131,3
2262,66000,387130000C,(04)23274275,(04)23288582,2025,11,6,18,14,臺中市,霧峰區,0,2,0,7,1,6,50,4,1,1,5,4,6,6,1,1,4,4,4,1,16,2,9,2,1,C03,7,6,1,10,2,14,,36,36,1,12,4,120.693316,24.058716,2
2263,66000,387130000C,(04)23274275,(04)23288582,2025,11,6,18,15,臺中市,西屯區,0,0,0,7,,,30,,,,,,,,,,,,,,17,,,,,C03,,,1,,1,,,42,42,1,13,4,120.646861,24.174894,3
2264,66000,387130000C,(04)23274275,(04)23288582,2025,11,6,18,15,臺中市,豐原區,0,0,0,7,,,50,,,,,,,,,,,,,,,,,,,B03,,,1,,2,,,7,7,1,13,4,120.715394,24.248234,3
2265,66000,387130000C,(04)23274275,(04)23288582,2025,11,6,18,16,臺中市,南屯區,0,1,0,7,1,6,30,3,1,1,5,4,6,6,4,4,5,5,5,2,16,3,10,3,1,B03,7,6,1,8,2,1,,14,14,1,12,4,120.603727,24.13603,2
2266,66000,387130000C,(04)23274275,(04)23288582,2025,11,6,18,16,臺中市,西屯區,0,2,0,7,1,6,30,4,9,1,5,4,6,6,4,4,10,5,5,2,15,2,5,5,4,C03,7,9,1,10,2,12,,15,15,1,12,4,120.648122,24.176016,2
2267,66000,387130000C,(04)23274275,(04)23288582,2025,11,6,18,17,臺中市,潭子區,0,2,0,7,3,6,50,5,1,1,5,4,6,6,1,1,10,5,5,2,16,2,8,1,1,C02,7,5,1,9,2,13,,11,11,1,12,4,120.686622,24.210268,2
2268,66000,387130000C,(04)23274275,(04)23288582,2025,11,6,18,17,臺中市,西屯區,0,1,0,7,1,6,40,4,1,1,5,4,6,6,2,1,10,5,5,2,11,3,10,3,4,B03,7,6,1,8,2,1,,11,11,1,12,4,120.615762,24.176285,2
2269,66000,387130000C,(04)23274275,(04)23288582,2025,11,6,18,18,臺中市,北屯區,0,2,0,7,1,6,50,13,9,1,5,4,6,6,4,4,1,4,5,2,13,2,9,1,1,C03,7,9,3,19,2,11,,7,7,1,13,4,120.729782,24.177575,2
2270,66000,387130000C,(04)23274275,(04)23288582,2025,11,6,18,18,臺中市,大安區,0,1,0,7,1,6,50,4,1,1,5,4,6,6,4,4,10,5,5,2,17,3,10,3,1,B03,7,11,1,8,2,4,,45,45,1,6,4,120.591878,24.379172,2
2271,66000,387130000C,(04)23274275,(04)23288582,2025,11,6,18,18,臺中市,豐原區,0,0,0,7,,,50,,,,,,,,,,,,,,13,,,,,A05,,,1,,2,,,82,82,1,13,4,120.715358,24.251344,3
2272,66000,387130000C,(04)23274275,(04)23288582,2025,11,6,18,19,臺中市,西屯區,0,0,0,7,,,50,,,,,,,,,,,,,,13,,,,,C03,,,1,,1,,,84,84,1,12,4,120.634832,24.181355,3
2273,66000,387130000C,(04)23274275,(04)23288582,2025,11,6,18,20,臺中市,大肚區,0,0,0,7,,,50,,,,,,,,,,,,,,,,,,,C03,,,1,,2,,,8,8,1,6,4,120.544558,24.153899,3
2274,66000,387130000C,(04)23274275,(04)23288582,2025,11,6,18,24,臺中市,北屯區,0,1,0,7,1,6,50,3,1,1,5,4,6,6,4,4,10,5,5,2,18,2,9,1,1,F02,7,9,7,21,8,14,,53,53,1,12,4,120.690469,24.177583,2
2275,66000,387130000C,(04)23274275,(04)23288582,2025,11,6,18,24,臺中市,北屯區,0,1,0,7,1,6,50,4,1,1,5,4,6,6,2,1,1,3,5,2,13,3,10,3,1,B03,7,6,1,7,2,8,,59,59,1,13,4,120.686187,24.183649,2
2276,66000,387130000C,(04)23274275,(04)23288582,2025,11,6,18,25,臺中市,北屯區,0,0,0,7,,,50,,,,,,,,,,,,,,13,,,,,B03,,,1,8,1,,,8,8,1,12,4,120.694834,24.183067,3
2277,66000,387130000C,(04)23274275,(04)23288582,2025,11,6,18,25,臺中市,霧峰區,0,0,0,7,,,40,,,,,,,,,,,,,,13,,,,,B03,,,1,,2,,,7,7,1,13,4,120.66258,24.059818,3
2278,66000,387130000C,(04)23274275,(04)23288582,2025,11,6,18,31,臺中市,霧峰區,0,0,0,7,,,50,,,,,,,,,,,,,,9,,,,,B03,,,1,,2,,,58,58,1,12,4,120.69336,24.05876,3
2279,66000,387130000C,(04)23274275,(04)23288582,2025,11,6,18,37,臺中市,北區,0,1,0,7,2,6,50,13,9,1,5,4,6,6,4,4,1,4,5,2,17,2,9,1,1,C03,7,9,1,10,2,11,,84,84,1,12,4,120.686217,24.164977,2
2280,66000,387130000C,(04)23274275,(04)23288582,2025,11,6,18,38,臺中市,南屯區,0,0,0,7,,,50,,,,,,,,,,,,,,,,,,,B03,,,1,,1,,,85,85,1,6,4,120.645577,24.134569,3
2281,66000,387130000C,(04)23274275,(04)23288582,2025,11,6,18,38,臺中市,烏日區,0,0,0,7,,,40,,,,,,,,,,,,,,13,,,,,C03,,,1,,1,,,84,84,1,6,4,120.614836,24.106395,3
2282,66000,387130000C,(04)23274275,(04)23288582,2025,11,6,18,38,臺中市,豐原區,0,1,0,7,1,6,50,3,2,1,5,4,6,6,4,4,5,5,5,2,17,3,10,3,1,B03,7,5,1,8,2,5,,8,8,1,13,4,120.715288,24.251822,2
2283,66000,387130000C,(04)23274275,(04)23288582,2025,11,6,18,40,臺中市,北屯區,0,1,0,7,3,6,50,4,2,1,5,4,6,6,1,1,1,4,5,2,13,3,10,3,1,A05,7,9,1,1,2,5,,39,39,1,6,4,120.671268,24.173885,2
2284,66000,387130000C,(04)23274275,(04)23288582,2025,11,6,18,41,臺中市,南區,0,1,0,7,1,6,50,4,1,1,5,4,6,6,2,1,3,4,5,2,13,2,9,2,1,C03,7,9,1,10,2,11,,84,84,1,13,4,120.650118,24.120638,2
2285,66000,387130000C,(04)23274275,(04)23288582,2025,11,6,18,41,臺中市,西屯區,0,0,0,7,,,50,,,,,,,,,,,,,,13,,,,,C03,,,1,,1,,,7,7,1,12,4,120.614361,24.189802,3
2286,66000,387130000C,(04)23274275,(04)23288582,2025,11,6,18,42,臺中市,梧棲區,0,0,0,7,,,70,,,,,,,,,,,,,,13,,,,,B03,,,1,,1,,,7,7,1,12,4,120.549451,24.238577,3
2287,66000,387130000C,(04)23274275,(04)23288582,2025,11,6,18,47,臺中市,東區,0,0,0,7,,,50,,,,,,,,,,,,,,,,,,,B03,,,3,,2,,,7,7,1,12,4,120.699303,24.142617,3
2288,66000,387130000C,(04)23274275,(04)23288582,2025,11,6,18,47,臺中市,西屯區,0,2,0,7,1,6,50,4,4,1,5,4,6,6,2,1,5,4,5,2,13,2,8,5,4,C03,7,9,1,10,2,11,,59,59,1,12,4,120.652346,24.159546,2
2289,66000,387130000C,(04)23274275,(04)23288582,2025,11,6,18,48,臺中市,西屯區,0,0,0,7,,,50,,,,,,,,,,,,,,13,,,,,B03,,,1,,1,,,59,59,1,12,4,120.610803,24.191005,3
2290,66000,387130000C,(04)23274275,(04)23288582,2025,11,6,18,49,臺中市,北區,0,0,0,7,,,50,,,,,,,,,,,,,,,,,,,A04,,,1,,1,,,8,8,1,13,4,120.68396,24.146313,3
2291,66000,387130000C,(04)23274275,(04)23288582,2025,11,6,18,49,臺中市,烏日區,0,2,0,7,1,6,30,4,1,1,5,4,6,6,4,4,10,5,5,2,17,2,9,5,4,C03,7,9,1,10,2,11,,15,15,1,12,4,120.62342,24.10391,2
2292,66000,387130000C,(04)23274275,(04)23288582,2025,11,6,18,50,臺中市,大里區,0,1,0,7,1,6,50,3,2,1,5,4,6,6,4,4,1,4,4,1,12,3,10,3,1,B03,7,7,1,8,2,6,,40,40,1,13,4,120.69228,24.091173,2
2293,66000,387130000C,(04)23274275,(04)23288582,2025,11,6,18,51,臺中市,大雅區,0,1,0,7,1,6,30,3,1,1,5,4,6,6,1,1,10,5,5,2,30,,,,,,,,,,,,,119,119,1,,,120.635487,24.219262,2
2294,66000,387130000C,(04)23274275,(04)23288582,2025,11,6,18,55,臺中市,南屯區,0,1,0,7,2,6,50,3,2,1,5,4,6,6,4,4,9,4,5,2,12,3,10,3,1,B03,7,5,1,8,2,2,,14,14,1,12,4,120.624247,24.149397,2
2295,66000,387130000C,(04)23274275,(04)23288582,2025,11,6,18,56,臺中市,西屯區,0,1,0,7,1,6,30,4,1,1,5,4,6,6,1,1,10,5,5,2,12,2,9,1,1,C03,7,9,1,10,2,12,,7,7,1,12,4,120.645896,24.191409,2
2296,66000,387130000C,(04)23274275,(04)23288582,2025,11,6,18,58,臺中市,太平區,0,0,0,7,,,50,,,,,,,,,,,,,,16,,,,,C03,,,1,,2,,,48,48,1,12,4,120.733638,24.142892,3
2297,66000,387130000C,(04)23274275,(04)23288582,2025,11,6,18,59,臺中市,北屯區,0,1,0,7,1,6,50,5,1,1,5,4,6,6,2,1,10,5,5,1,12,2,9,1,1,C03,7,4,1,10,2,11,,1,1,1,6,4,120.676743,24.200792,2
2298,66000,387130000C,(04)23274275,(04)23288582,2025,11,6,19,1,臺中市,北屯區,0,0,0,7,,,30,,,,,,,,,,,,,,14,,,,,B12,,,1,,1,,,49,49,1,13,4,120.699487,24.1714,3
2299,66000,387130000C,(04)23274275,(04)23288582,2025,11,6,19,6,臺中市,西屯區,0,0,0,7,,,30,,,,,,,,,,,,,,14,,,,,B03,,,1,,2,,,49,49,1,13,4,120.6512,24.173782,3
2300,66000,387130000C,(04)23274275,(04)23288582,2025,11,6,19,8,臺中市,西屯區,0,2,0,7,1,6,50,4,1,1,5,4,6,6,1,1,1,3,5,1,17,2,9,5,4,F01,7,6,7,21,1,12,,23,23,1,13,1,120.645815,24.170197,2
2301,66000,387130000C,(04)23274275,(04)23288582,2025,11,6,19,9,臺中市,北區,0,0,0,7,3,6,50,18,24,1,5,4,6,6,4,4,5,5,4,2,35,,,,,C03,,,1,,1,,,7,7,1,13,4,120.681428,24.151219,3
2302,66000,387130000C,(04)23274275,(04)23288582,2025,11,6,19,10,臺中市,豐原區,0,1,0,7,1,6,50,4,1,1,5,4,6,6,3,1,10,5,5,2,17,3,10,2,1,C03,7,5,1,10,2,12,,20,20,1,13,4,120.720837,24.250632,2
2303,66000,387130000C,(04)23274275,(04)23288582,2025,11,6,19,21,臺中市,大里區,0,0,0,7,,,50,,,,,,,,,,,,,,13,,,,,C03,,,1,,2,,,7,7,1,12,4,120.704203,24.095099,3
2304,66000,387130000C,(04)23274275,(04)23288582,2025,11,6,19,22,臺中市,西屯區,0,1,0,7,1,6,40,13,9,1,5,4,6,6,4,4,9,5,5,2,12,3,10,3,1,B03,7,1,1,8,2,4,,51,51,1,12,4,120.615203,24.179644,2
2305,66000,387130000C,(04)23274275,(04)23288582,2025,11,6,19,22,臺中市,清水區,0,0,0,7,,,30,,,,,,,,,,,,,,,,,,,B12,,,1,,2,,,49,49,1,12,4,120.575781,24.268343,3
2306,66000,387130000C,(04)23274275,(04)23288582,2025,11,6,19,30,臺中市,西區,0,0,0,7,,,30,,,,,,,,,,,,,,17,,,,,B03,,,1,,9,,,8,8,1,12,4,120.662452,24.152036,3
2307,66000,387130000C,(04)23274275,(04)23288582,2025,11,6,19,36,臺中市,大里區,0,0,0,7,,,50,,,,,,,,,,,,,,,,,,,C03,,,1,,1,,,7,7,1,12,4,120.679841,24.115802,4
2308,66000,387130000C,(04)23274275,(04)23288582,2025,11,6,19,46,臺中市,大雅區,0,0,0,7,,,30,,,,,,,,,,,,,,,,,,,B03,,,1,,1,,,7,7,1,13,4,120.649091,24.218268,3
2309,66000,387130000C,(04)23274275,(04)23288582,2025,11,6,19,48,臺中市,北區,0,0,0,7,,,50,,,,,,,,,,,,,,17,,,,,B03,,,1,,2,,,8,8,1,13,4,120.681312,24.153435,3
2310,66000,387130000C,(04)23274275,(04)23288582,2025,11,6,19,50,臺中市,大里區,0,0,0,7,,,,,,,,,,,,,,,,,30,,,,,,,,,,,,,109,109,1,,,120.686031,24.121374,3
2311,66000,387130000C,(04)23274275,(04)23288582,2025,11,6,19,54,臺中市,南區,0,0,0,7,,,40,,,,,,,,,,,,,,2,,,,,H01,,,7,,10,,,109,109,1,13,5,120.675171,24.125659,4
2312,66000,387130000C,(04)23274275,(04)23288582,2025,11,6,20,3,臺中市,西區,0,3,0,7,1,6,40,13,8,1,5,4,6,6,4,4,3,4,5,2,17,2,9,1,1,C03,7,9,1,10,2,11,,84,84,1,12,4,120.666116,24.153273,2
2313,66000,387130000C,(04)23274275,(04)23288582,2025,11,6,20,3,臺中市,南區,0,0,0,7,,,50,,,,,,,,,,,,,,,,,,,B03,,,1,,1,,,49,49,1,12,4,120.648684,24.122856,3
2314,66000,387130000C,(04)23274275,(04)23288582,2025,11,6,20,5,臺中市,霧峰區,0,2,0,7,1,6,50,3,2,1,5,4,6,6,1,1,5,2,5,1,17,3,10,3,1,B03,7,9,5,19,2,5,,7,7,1,13,4,120.697215,24.06473,2
2315,66000,387130000C,(04)23274275,(04)23288582,2025,11,6,20,8,臺中市,北區,0,1,0,7,1,6,50,3,1,1,5,4,6,6,4,4,10,5,5,2,16,3,10,5,4,B03,7,6,1,8,2,1,,14,14,1,13,4,120.675424,24.151586,2
2316,66000,387130000C,(04)23274275,(04)23288582,2025,11,6,20,9,臺中市,南區,0,1,0,7,1,6,50,4,1,1,5,4,6,6,2,1,10,5,5,2,30,2,9,2,1,C03,7,15,1,10,2,15,,85,85,1,12,4,120.648563,24.122882,2
2317,66000,387130000C,(04)23274275,(04)23288582,2025,11,6,20,10,臺中市,沙鹿區,0,0,0,7,,,50,,,,,,,,,,,,,,,,,,,B03,,,1,,2,,,84,84,1,12,4,120.579158,24.218243,3
2318,66000,387130000C,(04)23274275,(04)23288582,2025,11,6,20,13,臺中市,梧棲區,0,1,0,7,1,6,50,4,1,1,5,4,6,6,1,1,10,5,5,2,16,3,10,3,1,B03,7,5,1,1,2,1,,11,11,1,6,4,120.533041,24.260028,2
2319,66000,387130000C,(04)23274275,(04)23288582,2025,11,6,20,14,臺中市,霧峰區,0,1,0,7,1,6,50,3,2,1,5,4,6,6,4,4,5,4,4,1,13,3,10,2,1,C03,7,9,3,19,2,11,,7,7,1,13,4,120.698799,24.065795,2
2320,66000,387130000C,(04)23274275,(04)23288582,2025,11,6,20,20,臺中市,北區,0,1,0,7,3,6,50,4,2,1,5,4,6,6,1,1,5,4,5,2,8,3,10,5,4,C03,7,2,1,10,2,13,,49,49,1,13,4,120.679955,24.157581,2
2321,66000,387130000C,(04)23274275,(04)23288582,2025,11,6,20,21,臺中市,大甲區,0,1,0,7,1,6,50,4,1,1,5,4,6,6,1,1,10,5,5,2,17,2,9,1,1,C03,7,9,3,19,2,11,,21,21,1,6,4,120.633274,24.356134,2
2322,66000,387130000C,(04)23274275,(04)23288582,2025,11,6,20,23,臺中市,西區,0,1,0,7,1,6,40,4,1,1,5,4,6,6,4,4,7,5,5,2,15,3,10,3,1,B01,7,9,1,8,2,1,,84,84,1,13,4,120.662338,24.157014,2
2323,66000,387130000C,(04)23274275,(04)23288582,2025,11,6,20,26,臺中市,大里區,0,0,0,7,,,50,,,,,,,,,,,,,,13,,,,,C03,,,1,,2,,,7,7,1,12,4,120.692115,24.091332,3
2324,66000,387130000C,(04)23274275,(04)23288582,2025,11,6,20,30,臺中市,外埔區,0,1,0,7,1,6,30,11,9,1,5,4,6,6,4,4,10,5,5,1,28,,,,,,,,,,,,,118,118,1,,,120.714898,24.340617,2
2325,66000,387130000C,(04)23274275,(04)23288582,2025,11,6,20,32,臺中市,北屯區,0,0,0,7,,,50,,,,,,,,,,,,,,13,,,,,B03,,,1,8,1,,,84,84,1,12,4,120.694982,24.165452,3
2326,66000,387130000C,(04)23274275,(04)23288582,2025,11,6,20,34,臺中市,南屯區,0,0,0,7,,,50,,,,,,,,,,,,,,17,,,,,C03,,,1,,2,,,82,82,1,12,4,120.633406,24.149745,3
2327,66000,387130000C,(04)23274275,(04)23288582,2025,11,6,20,34,臺中市,北屯區,0,0,0,7,,,50,,,,,,,,,,,,,,14,,,,,B03,,,1,,1,,,49,49,1,13,4,120.686999,24.190344,3
2328,66000,387130000C,(04)23274275,(04)23288582,2025,11,6,20,38,臺中市,中區,0,1,0,7,1,6,50,13,9,1,5,4,6,6,4,4,10,5,5,2,16,3,10,3,1,B03,7,5,1,8,2,2,,84,84,1,12,4,120.685322,24.142574,2
2329,66000,387130000C,(04)23274275,(04)23288582,2025,11,6,20,42,臺中市,大肚區,0,1,0,7,1,6,50,13,12,1,5,4,6,6,4,4,3,4,4,1,13,2,9,1,1,C03,7,9,1,10,2,11,,43,43,1,6,4,120.575303,24.119326,2
2330,66000,387130000C,(04)23274275,(04)23288582,2025,11,6,20,46,臺中市,西屯區,0,1,0,7,1,6,50,4,1,1,5,4,6,6,1,1,10,5,5,2,11,3,10,3,4,B03,7,9,1,8,2,8,,42,42,1,12,4,120.641712,24.17826,2
2331,66000,387130000C,(04)23274275,(04)23288582,2025,11,6,20,47,臺中市,霧峰區,0,1,0,7,1,6,50,3,2,1,5,4,6,6,4,4,9,4,4,1,17,2,7,2,1,C03,7,9,3,19,2,11,,7,7,1,13,4,120.699499,24.07636,2
2332,66000,387130000C,(04)23274275,(04)23288582,2025,11,6,20,50,臺中市,西區,0,2,0,6,1,6,50,4,1,1,5,4,6,6,1,1,10,5,5,2,17,3,10,3,1,B03,7,5,1,8,2,2,,11,11,1,13,4,120.653,24.148792,2
2333,66000,387130000C,(04)23274275,(04)23288582,2025,11,6,21,1,臺中市,南區,0,1,0,7,1,6,30,13,9,1,5,4,6,6,4,4,10,5,5,2,28,,,,,,,,,,,,,118,118,1,,,120.684221,24.129695,2
2334,66000,387130000C,(04)23274275,(04)23288582,2025,11,6,21,7,臺中市,南屯區,0,1,0,7,1,6,50,4,1,1,5,4,6,6,4,4,10,5,5,2,17,3,10,3,1,B03,7,11,1,8,2,2,,45,45,1,6,4,120.611394,24.13463,2
2335,66000,387130000C,(04)23274275,(04)23288582,2025,11,6,21,13,臺中市,潭子區,0,1,0,7,3,6,50,13,9,1,5,4,3,6,4,4,10,5,5,2,9,2,8,2,1,C03,7,9,2,19,2,11,,84,84,1,12,4,120.677714,24.21415,2
2336,66000,387130000C,(04)23274275,(04)23288582,2025,11,6,21,15,臺中市,大甲區,0,2,0,7,1,6,50,4,1,1,5,4,6,6,1,1,10,5,5,2,17,2,9,5,4,C03,7,6,1,10,2,14,,48,48,1,12,4,120.621372,24.350346,2
2337,66000,387130000C,(04)23274275,(04)23288582,2025,11,6,21,25,臺中市,太平區,0,1,0,7,1,6,50,11,9,1,5,4,6,6,4,4,1,2,5,2,16,2,9,2,1,C03,7,9,1,10,2,14,,84,84,1,12,4,120.712622,24.145934,2
2338,66000,387130000C,(04)23274275,(04)23288582,2025,11,6,21,35,臺中市,西屯區,0,2,0,7,1,6,50,3,2,1,5,4,6,6,4,4,1,4,5,2,13,3,10,5,4,B03,7,9,1,8,2,1,,7,7,1,12,4,120.646875,24.158304,2
2339,66000,387130000C,(04)23274275,(04)23288582,2025,11,6,21,40,臺中市,霧峰區,0,2,0,7,1,6,50,13,7,1,5,4,6,6,4,4,1,4,4,1,17,2,9,2,1,C02,7,1,1,9,2,14,,51,51,1,12,4,120.695122,24.060713,2
2340,66000,387130000C,(04)23274275,(04)23288582,2025,11,6,21,42,臺中市,西屯區,0,0,0,7,,,50,,,,,,,,,,,,,,12,,,,,B02,,,1,,1,,,8,8,1,13,4,120.640684,24.167261,3
2341,66000,387130000C,(04)23274275,(04)23288582,2025,11,6,21,48,臺中市,神岡區,0,1,0,7,1,6,50,5,1,1,5,4,6,6,3,1,10,5,5,2,16,3,10,5,4,B03,7,6,1,8,2,8,,24,24,1,12,4,120.680816,24.267037,2
2342,66000,387130000C,(04)23274275,(04)23288582,2025,11,6,21,50,臺中市,豐原區,0,1,0,7,1,6,40,11,9,1,5,4,6,6,4,4,4,5,5,1,18,2,8,1,1,C03,7,8,1,10,2,12,,84,84,1,13,4,120.751198,24.260663,2
2343,66000,387130000C,(04)23274275,(04)23288582,2025,11,6,22,0,臺中市,烏日區,0,0,0,7,,,50,,,,,,,,,,,,,,13,,,,,B03,,,1,,2,,,84,84,1,6,4,120.625567,24.108842,3
2344,66000,387130000C,(04)23274275,(04)23288582,2025,11,6,22,0,臺中市,沙鹿區,0,0,0,6,,,30,,,,,,,,,,,,,,17,,,,,B03,,,1,,2,,,50,50,1,12,4,120.578777,24.219785,3
2345,66000,387130000C,(04)23274275,(04)23288582,2025,11,6,22,3,臺中市,太平區,0,1,0,7,1,6,30,13,9,1,5,4,6,6,4,4,10,5,5,2,11,3,10,5,4,C03,7,9,1,10,2,14,,41,41,1,5,4,120.725742,24.14588,2
2346,66000,387130000C,(04)23274275,(04)23288582,2025,11,6,22,18,臺中市,南屯區,0,2,0,7,1,6,50,13,7,1,5,4,6,6,1,1,3,4,4,2,13,2,9,1,1,C03,7,9,1,10,2,11,,7,7,1,12,4,120.643512,24.150994,2
2347,66000,387130000C,(04)23274275,(04)23288582,2025,11,6,22,26,臺中市,南屯區,0,0,0,7,,,30,,,,,,,,,,,,,,17,,,,,B03,,,1,,2,,,50,50,1,12,4,120.625167,24.149705,3
2348,66000,387130000C,(04)23274275,(04)23288582,2025,11,6,22,28,臺中市,南屯區,0,0,0,7,,,50,,,,,,,,,,,,,,,,,,,C03,,,1,,1,,,65,65,1,13,4,120.652072,24.151833,3
2349,66000,387130000C,(04)23274275,(04)23288582,2025,11,6,22,35,臺中市,太平區,0,1,0,7,1,6,50,13,9,1,5,4,6,6,4,4,5,2,5,2,17,2,8,1,1,C03,7,9,1,10,2,11,,58,58,1,6,4,120.71713,24.12579,2
2350,66000,387130000C,(04)23274275,(04)23288582,2025,11,6,22,52,臺中市,龍井區,0,0,0,7,,,50,,,,,,,,,,,,,,,,,,,C03,,,1,,2,,,50,50,1,12,4,120.595175,24.186464,3
2351,66000,387130000C,(04)23274275,(04)23288582,2025,11,6,22,56,臺中市,沙鹿區,0,1,0,7,3,6,40,13,8,1,5,4,6,6,4,4,1,4,3,1,23,2,9,2,4,C03,7,9,5,10,2,11,,59,59,1,13,4,120.582649,24.250313,2
2352,66000,387130000C,(04)23274275,(04)23288582,2025,11,6,23,9,臺中市,梧棲區,0,1,0,7,1,6,70,13,14,1,5,4,6,6,4,4,1,4,1,1,18,2,9,1,1,C03,7,9,1,10,2,16,,87,87,1,6,4,120.543948,24.225148,2
2353,66000,387130000C,(04)23274275,(04)23288582,2025,11,6,23,12,臺中市,西屯區,0,0,0,7,,,50,,,,,,,,,,,,,,13,,,,,B03,,,1,,1,,,59,59,1,12,4,120.643369,24.176646,3
2354,66000,387130000C,(04)23274275,(04)23288582,2025,11,6,23,30,臺中市,大里區,0,0,0,7,,,50,,,,,,,,,,,,,,28,,,,,B03,,,1,,2,,,87,87,1,13,4,120.680433,24.095736,3
2355,66000,387130000C,(04)23274275,(04)23288582,2025,11,6,23,30,臺中市,大里區,0,2,0,7,1,6,50,13,9,1,5,4,6,6,4,4,9,4,5,1,17,2,9,1,1,C03,7,9,2,19,8,11,,84,84,1,12,4,120.708638,24.084517,2
2356,66000,387130000C,(04)23274275,(04)23288582,2025,11,6,23,51,臺中市,西屯區,0,1,0,7,1,6,50,4,1,1,5,4,6,6,2,1,10,5,5,2,18,2,9,2,1,C03,7,9,1,10,2,16,,59,59,1,13,4,120.647181,24.168796,2
2357,66000,387130000C,(04)23274275,(04)23288582,2025,11,6,23,57,臺中市,西屯區,0,0,0,7,,,30,,,,,,,,,,,,,,14,,,,,B03,,,1,,1,,,49,49,1,12,4,120.646829,24.175649,3
2358,66000,387130000C,(04)23274275,(04)23288582,2025,11,7,0,23,臺中市,北區,0,1,0,7,1,6,50,4,2,1,5,4,6,6,2,1,10,5,5,2,30,2,9,2,1,C03,7,9,1,10,2,12,,84,84,1,13,4,120.670374,24.15701,2
2359,66000,387130000C,(04)23274275,(04)23288582,2025,11,7,0,25,臺中市,霧峰區,0,0,0,7,,,50,,,,,,,,,,,,,,,,,,,C03,,,1,,2,,,7,7,1,12,4,120.700173,24.06411,3
2360,66000,387130000C,(04)23274275,(04)23288582,2025,11,7,0,42,臺中市,龍井區,0,0,0,7,,,50,,,,,,,,,,,,,,,,,,,C03,,,1,,2,,,84,84,1,6,4,120.592729,24.18187,4
2361,66000,387130000C,(04)23274275,(04)23288582,2025,11,7,0,45,臺中市,北屯區,0,2,0,7,1,6,50,4,1,1,5,4,6,6,2,1,10,5,5,1,16,2,9,1,1,C03,7,6,1,10,2,11,,11,11,1,6,4,120.691164,24.170907,2
2362,66000,387130000C,(04)23274275,(04)23288582,2025,11,7,2,0,臺中市,沙鹿區,0,0,0,6,,,40,,,,,,,,,,,,,,13,,,,,C03,,,1,,2,,,59,59,1,12,2,120.570764,24.213595,3
2363,66000,387130000C,(04)23274275,(04)23288582,2025,11,7,3,0,臺中市,西屯區,0,1,0,7,1,6,50,3,1,1,5,4,6,6,4,4,10,5,5,2,18,2,9,2,1,C03,7,9,1,10,2,16,,59,59,1,13,4,120.646912,24.170923,2
2364,66000,387130000C,(04)23274275,(04)23288582,2025,11,7,3,12,臺中市,北區,0,0,0,7,,,50,,,,,,,,,,,,,,16,,,,,B03,,,1,,2,,,48,48,1,13,4,120.688113,24.151003,3
2365,66000,387130000C,(04)23274275,(04)23288582,2025,11,7,3,30,臺中市,霧峰區,0,0,0,7,,,40,,,,,,,,,,,,,,,,,,,B02,,,1,,2,,,59,59,1,12,4,120.711724,24.074726,3
2366,66000,387130000C,(04)23274275,(04)23288582,2025,11,7,3,40,臺中市,太平區,0,0,0,7,,,30,,,,,,,,,,,,,,,,,,,B12,,,1,,1,,,49,49,1,6,4,120.718418,24.145844,3