序號,縣市別代碼,機關代碼,市話,傳真,年,月,日,時,分,縣市,區,死亡數量,受傷數量,2-30,天候,道路照明設備,道路類別,道路速限,道路型態,事故位置,路面鋪裝,路面狀態,路面缺陷,障礙物,視距,號誌種類,號誌動作,分向設施,快車道或一般車道間,快慢車道間,路面邊線,事故類型及型態,受傷程度,主要傷處,保護裝備,行動電話或功能裝置,當事者區分(類別),車輛用途,當事者行動狀態,駕照狀態,駕照種類,飲酒情形,車輛撞擊部位最初,車輛撞擊部位其他,肇事因素個別,肇事因素主要,肇事逃逸,職業,共享經濟或外送平台,GPS座標X,GPS座標Y,事故類別
2367,66000,387130000C,(04)23274275,(04)23288582,2025,11,7,5,15,臺中市,西屯區,0,1,0,7,1,6,40,13,8,1,5,4,6,6,4,4,1,4,5,2,20,2,7,5,4,B03,7,9,5,19,2,1,,55,55,1,12,4,120.638281,24.169849,2
2368,66000,387130000C,(04)23274275,(04)23288582,2025,11,7,5,46,臺中市,北屯區,0,1,0,7,1,6,50,4,1,1,5,4,6,6,1,1,10,5,5,2,13,3,10,3,1,B03,7,9,1,8,2,8,,59,59,1,6,4,120.659293,24.184883,2
2369,66000,387130000C,(04)23274275,(04)23288582,2025,11,7,6,25,臺中市,大雅區,0,0,0,7,,,30,,,,,,,,,,,,,,,,,,,B03,,,1,,7,,,7,7,1,13,4,120.635629,24.23855,3
2370,66000,387130000C,(04)23274275,(04)23288582,2025,11,7,6,30,臺中市,大里區,0,0,0,7,,,50,,,,,,,,,,,,,,,,,,,B03,,,1,,9,,,49,49,1,12,4,120.691219,24.101809,3
2371,66000,387130000C,(04)23274275,(04)23288582,2025,11,7,6,54,臺中市,北區,0,2,0,7,2,6,50,3,2,1,5,4,6,6,4,4,10,5,5,2,12,2,9,2,1,C03,7,5,1,10,2,13,,20,20,1,13,4,120.685782,24.16332,2
2372,66000,387130000C,(04)23274275,(04)23288582,2025,11,7,6,55,臺中市,潭子區,0,0,0,7,,,60,,,,,,,,,,,,,,,,,,,C03,,,3,,9,,,84,84,1,13,4,120.705472,24.211539,3
2373,66000,387130000C,(04)23274275,(04)23288582,2025,11,7,7,0,臺中市,龍井區,0,1,0,7,2,6,50,4,1,1,5,4,6,6,2,1,3,5,5,2,16,3,10,3,1,B03,7,6,1,8,2,1,,11,11,1,6,4,120.574821,24.18146,2
2374,66000,387130000C,(04)23274275,(04)23288582,2025,11,7,7,12,臺中市,北屯區,0,3,0,7,2,6,40,13,8,1,5,4,6,6,4,4,5,5,4,2,12,2,9,1,1,C03,7,7,1,10,2,13,,40,40,1,12,4,120.714175,24.162658,2
2375,66000,387130000C,(04)23274275,(04)23288582,2025,11,7,7,15,臺中市,烏日區,0,1,0,7,1,6,30,3,1,1,5,4,6,6,3,1,10,5,5,2,17,3,10,3,1,B12,7,6,1,8,2,4,,24,24,1,6,4,120.65176,24.09401,2
2376,66000,387130000C,(04)23274275,(04)23288582,2025,11,7,7,18,臺中市,北區,0,0,0,7,,,50,,,,,,,,,,,,,,17,,,,,B03,,,1,,1,,,51,51,1,13,4,120.691106,24.157933,3
2377,66000,387130000C,(04)23274275,(04)23288582,2025,11,7,7,18,臺中市,神岡區,0,1,0,7,1,6,50,13,9,1,5,4,3,6,4,4,9,5,5,2,12,3,10,3,1,B03,7,5,1,8,5,16,,84,84,1,12,4,120.658294,24.256471,2
2378,66000,387130000C,(04)23274275,(04)23288582,2025,11,7,7,20,臺中市,西屯區,0,2,0,7,2,6,30,3,1,1,5,4,6,6,4,4,10,5,5,2,16,2,9,2,1,C03,7,6,1,10,1,14,,14,14,1,12,4,120.649782,24.18289,2
2379,66000,387130000C,(04)23274275,(04)23288582,2025,11,7,7,22,臺中市,沙鹿區,0,1,0,7,2,6,70,4,1,1,5,4,6,6,1,1,10,5,5,2,17,3,10,3,1,B03,7,5,1,8,2,2,,47,47,1,12,4,120.60637,24.247364,2
2380,66000,387130000C,(04)23274275,(04)23288582,2025,11,7,7,23,臺中市,沙鹿區,0,2,0,7,2,6,30,13,9,1,5,4,6,6,4,4,10,5,5,2,17,2,9,5,4,C04,7,9,1,11,2,12,,4,4,1,13,4,120.562539,24.255545,2
2381,66000,387130000C,(04)23274275,(04)23288582,2025,11,7,7,25,臺中市,豐原區,0,0,0,7,,,50,,,,,,,,,,,,,,17,,,,,C03,,,1,,1,,,84,84,1,12,4,120.714204,24.245201,3
2382,66000,387130000C,(04)23274275,(04)23288582,2025,11,7,7,27,臺中市,西屯區,0,0,0,7,,,50,,,,,,,,,,,,,,12,,,,,B03,,,1,,2,,,8,8,1,13,4,120.654165,24.168459,3
2383,66000,387130000C,(04)23274275,(04)23288582,2025,11,7,7,27,臺中市,豐原區,0,0,0,7,,,50,,,,,,,,,,,,,,13,,,,,B03,,,1,,2,,,7,7,1,12,4,120.727044,24.251781,3
2384,66000,387130000C,(04)23274275,(04)23288582,2025,11,7,7,30,臺中市,大里區,0,0,0,7,2,6,50,13,9,1,5,4,6,6,4,4,9,5,5,1,14,,,,,B12,,,1,,2,,,49,49,1,6,4,120.713696,24.102968,4
2385,66000,387130000C,(04)23274275,(04)23288582,2025,11,7,7,32,臺中市,太平區,0,0,0,7,,,40,,,,,,,,,,,,,,35,,,,,C03,,,1,,2,,,49,49,1,13,4,120.711236,24.151643,3
2386,66000,387130000C,(04)23274275,(04)23288582,2025,11,7,7,33,臺中市,清水區,0,1,0,7,2,6,50,13,9,1,5,4,6,6,4,4,5,2,5,2,12,3,10,1,1,C03,7,4,1,10,2,12,,8,8,1,13,4,120.572731,24.270734,2
2387,66000,387130000C,(04)23274275,(04)23288582,2025,11,7,7,36,臺中市,北屯區,0,0,0,7,,,50,,,,,,,,,,,,,,13,,,,,B03,,,1,,1,,,7,7,1,6,4,120.721811,24.181854,3
2388,66000,387130000C,(04)23274275,(04)23288582,2025,11,7,7,36,臺中市,西屯區,0,0,0,7,,,50,,,,,,,,,,,,,,9,,,,,B03,,,1,,1,,,48,48,1,13,4,120.659451,24.160997,3
2389,66000,387130000C,(04)23274275,(04)23288582,2025,11,7,7,38,臺中市,西屯區,0,1,0,7,2,6,50,4,1,1,5,4,6,6,2,1,10,5,5,2,16,3,10,5,4,B03,7,5,3,19,1,1,,47,47,1,13,4,120.63377,24.161154,2
2390,66000,387130000C,(04)23274275,(04)23288582,2025,11,7,7,39,臺中市,大里區,0,1,0,7,2,6,50,14,9,1,5,4,6,6,4,4,10,4,5,2,12,3,10,3,1,B03,7,9,1,8,2,4,,8,8,1,12,4,120.677662,24.094063,2
2391,66000,387130000C,(04)23274275,(04)23288582,2025,11,7,7,39,臺中市,大里區,0,0,0,7,,,40,,,,,,,,,,,,,,13,,,,,C03,,,1,,2,,,7,7,1,6,4,120.67615,24.103189,3
2392,66000,387130000C,(04)23274275,(04)23288582,2025,11,7,7,41,臺中市,北區,0,1,0,7,3,6,50,4,1,1,5,4,6,6,1,1,10,5,5,2,12,2,9,1,1,C03,7,7,1,10,2,12,,40,40,1,12,4,120.682089,24.154584,2
2393,66000,387130000C,(04)23274275,(04)23288582,2025,11,7,7,43,臺中市,潭子區,0,1,0,7,3,6,50,3,1,1,5,4,6,6,4,4,5,4,4,2,17,3,10,3,1,B03,7,7,1,8,2,3,,40,40,1,13,4,120.692725,24.228864,2
2394,66000,387130000C,(04)23274275,(04)23288582,2025,11,7,7,43,臺中市,大里區,0,1,0,7,2,6,50,13,9,1,5,4,6,6,1,1,5,5,5,1,12,2,8,5,4,C03,7,9,1,10,2,15,,84,84,1,12,4,120.699366,24.089289,2
2395,66000,387130000C,(04)23274275,(04)23288582,2025,11,7,7,43,臺中市,烏日區,0,1,0,7,2,6,50,4,1,1,5,4,6,6,4,4,10,5,5,2,13,3,10,3,1,B03,7,6,1,8,2,1,,84,84,1,6,4,120.597933,24.110172,2
2396,66000,387130000C,(04)23274275,(04)23288582,2025,11,7,7,44,臺中市,北屯區,0,1,0,7,3,6,50,4,1,1,5,4,6,6,1,1,10,5,5,2,17,3,10,3,1,B03,7,6,1,8,2,8,,59,59,1,6,4,120.698281,24.172934,2
2397,66000,387130000C,(04)23274275,(04)23288582,2025,11,7,7,44,臺中市,太平區,0,2,0,7,2,6,50,3,1,1,5,4,6,6,4,4,5,4,4,2,17,2,9,1,1,C03,7,6,1,10,2,11,,14,14,1,12,4,120.708647,24.129056,2
2398,66000,387130000C,(04)23274275,(04)23288582,2025,11,7,7,44,臺中市,烏日區,0,1,0,7,2,6,40,13,8,1,5,4,6,6,4,4,1,4,1,1,18,2,9,2,1,C03,7,9,1,10,2,12,,58,58,1,6,4,120.647963,24.085545,2
2399,66000,387130000C,(04)23274275,(04)23288582,2025,11,7,7,45,臺中市,大雅區,0,0,0,7,,,50,,,,,,,,,,,,,,,,,,,C03,,,1,,2,,,7,7,1,13,4,120.644345,24.220405,3
2400,66000,387130000C,(04)23274275,(04)23288582,2025,11,7,7,45,臺中市,霧峰區,0,1,0,7,3,6,50,13,8,1,5,4,6,6,4,4,1,4,5,1,16,3,10,3,1,A41,7,5,1,1,2,5,,47,47,1,12,4,120.661946,24.068164,2
2401,66000,387130000C,(04)23274275,(04)23288582,2025,11,7,7,47,臺中市,潭子區,0,1,0,7,2,6,60,13,7,1,5,4,6,6,4,4,1,4,4,1,13,2,9,1,1,C03,7,9,1,10,2,13,,7,7,1,13,4,120.705947,24.218373,2
2402,66000,387130000C,(04)23274275,(04)23288582,2025,11,7,7,48,臺中市,霧峰區,0,1,0,7,2,6,40,13,9,1,5,4,6,6,4,4,10,5,5,1,28,2,9,1,1,C03,7,9,1,10,1,11,,87,87,1,6,4,120.67325,24.071931,2
2403,66000,387130000C,(04)23274275,(04)23288582,2025,11,7,7,48,臺中市,太平區,0,0,0,7,,,50,,,,,,,,,,,,,,13,,,,,C03,,,1,,2,,,59,59,1,13,4,120.713753,24.133283,3
2404,66000,387130000C,(04)23274275,(04)23288582,2025,11,7,7,48,臺中市,烏日區,0,0,0,7,,,50,,,,,,,,,,,,,,13,,,,,B03,,,1,,1,,,7,7,1,6,4,120.650439,24.10805,3
2405,66000,387130000C,(04)23274275,(04)23288582,2025,11,7,7,49,臺中市,西屯區,0,0,0,7,,,50,,,,,,,,,,,,,,12,,,,,C03,,,1,,1,,,8,8,1,12,4,120.62087,24.171695,3
2406,66000,387130000C,(04)23274275,(04)23288582,2025,11,7,7,50,臺中市,西屯區,0,0,0,7,,,50,,,,,,,,,,,,,,,,,,,C03,,,1,,2,,,59,59,1,12,4,120.665762,24.169095,3
2407,66000,387130000C,(04)23274275,(04)23288582,2025,11,7,7,50,臺中市,西屯區,0,0,0,7,,,50,,,,,,,,,,,,,,,,,,,C03,,,1,,2,,,37,37,1,13,4,120.620211,24.170657,3
2408,66000,387130000C,(04)23274275,(04)23288582,2025,11,7,7,50,臺中市,烏日區,0,0,0,7,,,50,,,,,,,,,,,,,,17,,,,,A06,,,1,,2,,,87,87,1,6,4,120.640342,24.105326,4
2409,66000,387130000C,(04)23274275,(04)23288582,2025,11,7,7,50,臺中市,梧棲區,0,0,0,7,,,70,,,,,,,,,,,,,,13,,,,,B03,,,1,,1,,,7,7,1,12,4,120.556763,24.242556,3
2410,66000,387130000C,(04)23274275,(04)23288582,2025,11,7,7,51,臺中市,北屯區,0,0,0,7,,,50,,,,,,,,,,,,,,,,,,,B03,,,1,,1,,,21,21,1,13,4,120.664156,24.200548,3
2411,66000,387130000C,(04)23274275,(04)23288582,2025,11,7,7,52,臺中市,大雅區,0,0,0,7,,,40,,,,,,,,,,,,,,,,,,,C03,,,1,,1,,,7,7,1,12,4,120.644286,24.20915,3
2412,66000,387130000C,(04)23274275,(04)23288582,2025,11,7,7,52,臺中市,東區,0,2,0,7,2,6,30,4,1,1,5,4,6,6,4,4,10,5,5,2,17,2,8,2,1,C03,7,5,1,10,2,14,,12,12,1,6,4,120.693222,24.142844,2
2413,66000,387130000C,(04)23274275,(04)23288582,2025,11,7,7,53,臺中市,南區,0,2,0,7,1,6,50,4,1,1,5,4,6,6,1,1,10,5,5,2,13,2,9,3,1,B03,7,9,1,8,2,1,,7,7,1,13,4,120.670073,24.117162,2
2414,66000,387130000C,(04)23274275,(04)23288582,2025,11,7,7,53,臺中市,東區,0,1,0,7,2,6,50,4,1,1,5,4,6,6,1,1,10,5,5,2,3,3,10,3,1,B03,7,6,1,8,2,1,,10,10,1,12,4,120.706894,24.141628,2
2415,66000,387130000C,(04)23274275,(04)23288582,2025,11,7,7,54,臺中市,西區,0,1,0,7,2,6,50,3,2,1,5,4,6,6,4,4,5,5,5,2,16,3,10,5,4,B03,7,6,1,8,2,4,,34,34,1,13,4,120.667592,24.147331,2
2416,66000,387130000C,(04)23274275,(04)23288582,2025,11,7,7,54,臺中市,龍井區,0,2,0,7,2,6,50,13,9,1,5,4,6,6,4,4,9,5,5,1,16,2,9,2,1,C03,7,6,1,10,2,11,12,20,20,1,6,4,120.582297,24.177854,2
2417,66000,387130000C,(04)23274275,(04)23288582,2025,11,7,7,56,臺中市,太平區,0,2,0,7,2,6,50,4,1,1,5,4,6,6,4,4,10,5,5,2,15,2,3,3,1,B03,7,9,1,8,2,1,,15,15,1,12,4,120.718566,24.113739,2
2418,66000,387130000C,(04)23274275,(04)23288582,2025,11,7,7,57,臺中市,西屯區,0,0,0,7,,,30,,,,,,,,,,,,,,13,,,,,C03,,,1,,1,,,59,59,1,13,4,120.590025,24.177495,3
2419,66000,387130000C,(04)23274275,(04)23288582,2025,11,7,7,57,臺中市,龍井區,0,0,0,7,2,6,40,13,8,1,5,4,6,6,2,1,3,4,3,2,13,,,,,B03,,,1,,1,,,56,56,1,6,4,120.592577,24.182928,3
2420,66000,387130000C,(04)23274275,(04)23288582,2025,11,7,7,58,臺中市,西區,0,2,0,7,1,6,50,4,9,1,5,4,6,6,1,1,1,4,5,2,16,2,8,1,1,C03,7,9,1,10,2,11,,59,59,1,13,4,120.660949,24.159218,2
2421,66000,387130000C,(04)23274275,(04)23288582,2025,11,7,8,0,臺中市,大雅區,0,0,0,7,,,30,,,,,,,,,,,,,,,,,,,B03,,,1,,2,,,15,15,1,13,4,120.636365,24.221431,3
2422,66000,387130000C,(04)23274275,(04)23288582,2025,11,7,8,0,臺中市,石岡區,0,2,0,7,3,6,70,13,8,1,5,4,6,6,4,4,1,4,4,1,13,2,9,2,1,C03,7,9,1,10,2,11,,7,7,1,6,2,120.78114,24.274553,2
2423,66000,387130000C,(04)23274275,(04)23288582,2025,11,7,8,2,臺中市,大里區,0,0,0,7,,3,80,,,,,,,,,,,,,,13,,,,,B03,,,1,,2,,,7,7,1,6,4,120.684347,24.090753,3
2424,66000,387130000C,(04)23274275,(04)23288582,2025,11,7,8,2,臺中市,烏日區,0,0,0,7,,,50,,,,,,,,,,,,,,,,,,,C03,,,1,,1,,,85,85,1,13,4,120.636842,24.096824,3
2425,66000,387130000C,(04)23274275,(04)23288582,2025,11,7,8,5,臺中市,豐原區,0,0,0,7,,,50,,,,,,,,,,,,,,17,,,,,A12,,,1,,2,,,8,8,1,6,4,120.731331,24.258724,3
2426,66000,387130000C,(04)23274275,(04)23288582,2025,11,7,8,7,臺中市,北區,0,2,0,7,2,6,30,4,1,1,5,4,6,6,4,4,10,5,5,2,15,2,9,5,4,C03,7,9,1,10,2,12,,15,15,1,12,4,120.683601,24.14677,2
2427,66000,387130000C,(04)23274275,(04)23288582,2025,11,7,8,7,臺中市,東勢區,0,1,0,7,3,6,40,4,1,1,5,4,6,6,2,1,5,5,4,2,16,3,10,3,1,B03,7,6,1,8,2,8,,11,11,1,6,4,120.829603,24.257575,2
2428,66000,387130000C,(04)23274275,(04)23288582,2025,11,7,8,9,臺中市,西屯區,0,1,0,7,2,6,50,3,1,1,5,4,6,6,4,4,4,5,5,2,15,2,8,5,4,C04,7,1,1,11,2,12,,51,51,1,13,4,120.661893,24.163279,2
2429,66000,387130000C,(04)23274275,(04)23288582,2025,11,7,8,10,臺中市,南區,0,1,0,7,2,6,50,3,1,1,5,4,6,6,4,4,10,5,5,2,13,2,9,2,1,C03,7,9,1,10,2,11,14,7,7,1,12,4,120.658089,24.125451,2
2430,66000,387130000C,(04)23274275,(04)23288582,2025,11,7,8,10,臺中市,西屯區,0,2,0,7,2,6,50,13,9,1,5,4,6,6,4,4,9,5,5,2,16,2,9,5,4,C03,7,9,1,10,2,11,,7,7,1,13,4,120.647789,24.181822,2
2431,66000,387130000C,(04)23274275,(04)23288582,2025,11,7,8,12,臺中市,南屯區,0,0,0,7,,,50,,,,,,,,,,,,,,,,,,,B03,,,1,,1,,,84,84,1,12,4,120.639225,24.139264,3
2432,66000,387130000C,(04)23274275,(04)23288582,2025,11,7,8,12,臺中市,大肚區,0,1,0,7,2,6,50,13,9,1,5,4,6,6,4,4,9,5,5,1,13,3,10,2,1,C03,7,9,1,10,2,11,,59,59,1,6,4,120.578083,24.166619,2
2433,66000,387130000C,(04)23274275,(04)23288582,2025,11,7,8,15,臺中市,潭子區,0,2,0,7,2,6,60,13,7,1,5,4,6,6,4,4,1,4,4,1,13,2,9,1,1,C03,7,9,1,10,2,11,,7,7,1,13,4,120.702561,24.194968,2
2434,66000,387130000C,(04)23274275,(04)23288582,2025,11,7,8,19,臺中市,大雅區,0,0,0,7,,,30,,,,,,,,,,,,,,,,,,,B03,,,1,,1,,,7,7,1,12,4,120.634269,24.237163,3
2435,66000,387130000C,(04)23274275,(04)23288582,2025,11,7,8,20,臺中市,新社區,0,1,0,7,3,6,50,13,9,1,5,4,6,6,4,4,10,5,5,2,18,2,9,2,1,C03,7,9,1,10,2,14,,59,59,1,6,4,120.80741,24.239503,2
2436,66000,387130000C,(04)23274275,(04)23288582,2025,11,7,8,26,臺中市,烏日區,0,0,0,7,,,50,,,,,,,,,,,,,,17,,,,,B03,,,1,,1,,,45,45,1,6,4,120.615917,24.10857,3
2437,66000,387130000C,(04)23274275,(04)23288582,2025,11,7,8,35,臺中市,北區,0,1,0,7,2,6,50,4,1,1,5,4,6,6,1,1,10,5,5,2,15,2,9,1,1,F03,7,9,7,21,2,11,,15,15,1,13,4,120.672028,24.156458,2
2438,66000,387130000C,(04)23274275,(04)23288582,2025,11,7,8,36,臺中市,東區,0,0,0,7,,,30,,,,,,,,,,,,,,,,,,,B03,,,1,,1,,,84,84,1,12,4,120.696555,24.125281,3
2439,66000,387130000C,(04)23274275,(04)23288582,2025,11,7,8,40,臺中市,新社區,0,2,0,7,3,6,30,13,9,1,5,4,6,6,4,4,10,5,5,2,11,2,2,3,1,B03,7,9,1,8,2,8,,41,41,1,6,4,120.803893,24.231771,2
2440,66000,387130000C,(04)23274275,(04)23288582,2025,11,7,8,40,臺中市,神岡區,0,1,0,7,3,6,50,13,9,1,5,4,6,6,4,4,5,5,5,1,18,2,9,1,1,C03,7,9,1,9,2,16,,6,6,1,13,4,120.683051,24.259419,2
2441,66000,387130000C,(04)23274275,(04)23288582,2025,11,7,8,45,臺中市,南區,0,0,0,7,,,50,,,,,,,,,,,,,,13,,,,,B03,,,1,,1,,,7,7,1,6,4,120.670203,24.116801,3
2442,66000,387130000C,(04)23274275,(04)23288582,2025,11,7,8,46,臺中市,潭子區,0,1,0,7,2,6,50,13,7,1,5,4,6,6,4,4,1,4,4,1,12,3,10,3,1,B03,7,9,1,8,2,2,,8,8,1,13,4,120.696625,24.216294,2
2443,66000,387130000C,(04)23274275,(04)23288582,2025,11,7,8,50,臺中市,南屯區,0,0,0,7,,,50,,,,,,,,,,,,,,13,,,,,B03,,,1,,2,,,59,59,1,12,4,120.587157,24.161129,3
2444,66000,387130000C,(04)23274275,(04)23288582,2025,11,7,8,51,臺中市,中區,0,0,0,7,,,50,,,,,,,,,,,,,,17,,,,,B12,,,1,,1,,,43,43,1,12,4,120.684179,24.14214,3
2445,66000,387130000C,(04)23274275,(04)23288582,2025,11,7,8,52,臺中市,南屯區,0,0,0,7,,,50,,,,,,,,,,,,,,13,,,,,C03,,,1,,1,,,59,59,1,13,4,120.6495,24.150815,3
2446,66000,387130000C,(04)23274275,(04)23288582,2025,11,7,8,53,臺中市,東區,0,0,0,7,,,50,,,,,,,,,,,,,,17,,,,,C03,,,6,,2,,,84,84,1,12,4,120.698297,24.144519,4
2447,66000,387130000C,(04)23274275,(04)23288582,2025,11,7,8,54,臺中市,東區,0,0,0,7,,,50,,,,,,,,,,,,,,,,,,,B03,,,1,,2,,,84,84,1,12,4,120.691853,24.132436,3
2448,66000,387130000C,(04)23274275,(04)23288582,2025,11,7,8,55,臺中市,北區,0,1,0,7,3,6,50,4,1,1,5,4,6,6,2,1,1,4,5,2,17,3,10,3,1,B03,7,5,1,8,2,5,,47,47,1,12,4,120.685599,24.155924,2
2449,66000,387130000C,(04)23274275,(04)23288582,2025,11,7,8,56,臺中市,西區,0,0,0,7,,,50,,,,,,,,,,,,,,17,,,,,B03,,,1,,9,,,84,84,1,13,4,120.658668,24.138307,3
2450,66000,387130000C,(04)23274275,(04)23288582,2025,11,7,9,5,臺中市,烏日區,0,0,0,7,,,50,,,,,,,,,,,,,,17,,,,,B02,,,1,,2,,,85,85,1,6,4,120.624686,24.104422,3
2451,66000,387130000C,(04)23274275,(04)23288582,2025,11,7,9,6,臺中市,豐原區,0,0,0,7,,,50,,,,,,,,,,,,,,13,,,,,C03,,,1,,2,,,7,7,1,12,4,120.723253,24.254707,3
2452,66000,387130000C,(04)23274275,(04)23288582,2025,11,7,9,8,臺中市,潭子區,0,0,0,7,,,60,,,,,,,,,,,,,,,,,,,B03,,,1,,9,,,59,59,1,13,4,120.688578,24.218512,3
2453,66000,387130000C,(04)23274275,(04)23288582,2025,11,7,9,10,臺中市,北屯區,0,0,0,7,,3,80,,,,,,,,,,,,,,30,,,,,B03,,,1,,9,,,87,87,1,6,4,120.702279,24.201212,3
2454,66000,387130000C,(04)23274275,(04)23288582,2025,11,7,9,15,臺中市,后里區,0,1,0,7,2,6,50,3,1,1,5,4,6,6,1,1,1,4,4,1,16,3,10,3,1,B03,7,5,1,8,2,2,,11,11,1,12,4,120.723662,24.297883,2
2455,66000,387130000C,(04)23274275,(04)23288582,2025,11,7,9,19,臺中市,南屯區,0,0,0,7,,,50,,,,,,,,,,,,,,13,,,,,B13,,,1,,1,,,84,84,1,13,4,120.625808,24.148909,3
2456,66000,387130000C,(04)23274275,(04)23288582,2025,11,7,9,19,臺中市,大甲區,0,2,0,7,3,6,50,4,1,1,5,4,6,6,1,1,10,5,5,2,9,2,7,1,1,C03,7,6,1,10,2,11,,59,59,1,12,4,120.618239,24.348834,2
2457,66000,387130000C,(04)23274275,(04)23288582,2025,11,7,9,20,臺中市,北區,0,1,0,7,2,6,50,4,1,1,5,4,6,6,2,1,10,5,5,2,17,3,10,3,1,B12,7,1,1,8,9,15,,85,85,1,13,4,120.682351,24.161606,2
2458,66000,387130000C,(04)23274275,(04)23288582,2025,11,7,9,23,臺中市,西屯區,0,1,0,7,2,6,50,3,1,1,5,4,6,6,1,1,10,5,5,1,16,3,10,3,1,B01,7,5,1,4,2,2,,11,11,1,12,4,120.663068,24.163927,2
2459,66000,387130000C,(04)23274275,(04)23288582,2025,11,7,9,25,臺中市,西屯區,0,0,0,7,,,50,,,,,,,,,,,,,,14,,,,,B03,,,1,,1,,,49,49,1,12,4,120.636578,24.172472,3
2460,66000,387130000C,(04)23274275,(04)23288582,2025,11,7,9,27,臺中市,南區,0,1,0,7,1,6,50,4,1,1,5,4,6,6,1,1,10,5,5,2,13,3,10,3,1,B03,7,9,1,8,1,8,,7,7,1,13,4,120.684675,24.13084,2
2461,66000,387130000C,(04)23274275,(04)23288582,2025,11,7,9,28,臺中市,西區,0,1,0,7,2,6,50,13,9,1,5,4,6,6,4,4,9,4,5,2,12,2,9,1,1,C03,7,8,1,10,2,14,,40,40,1,12,4,120.679731,24.137532,2
2462,66000,387130000C,(04)23274275,(04)23288582,2025,11,7,9,30,臺中市,大雅區,0,1,0,7,3,6,60,13,7,1,5,4,6,6,1,1,1,3,4,1,17,3,10,5,4,A11,7,9,1,7,2,1,,7,7,1,13,4,120.647529,24.220992,2
2463,66000,387130000C,(04)23274275,(04)23288582,2025,11,7,9,30,臺中市,北區,0,2,0,7,3,6,50,4,9,1,5,4,6,6,4,4,10,5,5,2,15,2,9,1,1,C03,7,9,1,10,2,11,,20,20,1,12,4,120.685141,24.14952,2
2464,66000,387130000C,(04)23274275,(04)23288582,2025,11,7,9,34,臺中市,烏日區,0,0,0,7,,3,80,,,,,,,,,,,,,,,,,,,B03,,,1,,1,,,40,40,1,13,4,120.612753,24.102843,3
2465,66000,387130000C,(04)23274275,(04)23288582,2025,11,7,9,35,臺中市,大里區,0,1,0,7,2,6,50,4,9,1,5,4,6,6,4,4,9,5,5,2,16,2,9,5,4,C03,7,9,1,10,2,11,,4,4,1,12,4,120.703531,24.089112,2
2466,66000,387130000C,(04)23274275,(04)23288582,2025,11,7,9,37,臺中市,沙鹿區,0,1,0,7,2,6,50,3,2,1,5,4,6,6,4,4,5,5,5,1,17,2,2,1,1,C03,7,1,1,10,2,11,14,51,51,1,6,4,120.615177,24.241737,2
2467,66000,387130000C,(04)23274275,(04)23288582,2025,11,7,9,38,臺中市,南區,0,1,0,7,2,6,50,13,9,1,5,4,6,6,4,4,2,4,5,2,13,2,9,2,1,C03,7,9,1,10,2,11,,84,84,1,12,4,120.649549,24.121556,2
2468,66000,387130000C,(04)23274275,(04)23288582,2025,11,7,9,39,臺中市,西屯區,0,2,0,7,2,6,0,13,9,1,5,4,6,6,4,4,10,5,5,2,17,3,10,3,4,B03,7,1,1,8,2,8,,51,51,1,13,4,120.639499,24.182778,2
2469,66000,387130000C,(04)23274275,(04)23288582,2025,11,7,9,43,臺中市,北區,0,0,0,7,,,50,,,,,,,,,,,,,,14,,,,,B12,,,1,,1,,,49,49,1,12,4,120.697344,24.156018,3
2470,66000,387130000C,(04)23274275,(04)23288582,2025,11,7,9,46,臺中市,西屯區,0,0,0,6,,,70,,,,,,,,,,,,,,13,,,,,B03,,,1,,1,,,7,7,1,13,4,120.615268,24.182938,3
2471,66000,387130000C,(04)23274275,(04)23288582,2025,11,7,9,46,臺中市,西屯區,0,1,0,7,2,6,50,13,9,1,5,4,6,6,4,4,1,4,5,2,13,2,9,5,4,C03,7,9,1,8,2,11,,7,7,1,13,4,120.656236,24.198226,2
2472,66000,387130000C,(04)23274275,(04)23288582,2025,11,7,9,48,臺中市,西區,0,2,0,7,2,6,50,4,1,1,5,4,6,6,1,1,10,5,5,2,15,2,9,1,1,C03,7,9,1,10,1,11,,21,21,1,13,4,120.651292,24.146749,2
2473,66000,387130000C,(04)23274275,(04)23288582,2025,11,7,9,48,臺中市,北區,0,1,0,7,2,6,50,13,7,1,5,4,6,6,4,4,9,5,4,2,13,2,9,1,1,C03,7,9,1,10,2,11,,7,7,1,13,4,120.703798,24.157761,2
2474,66000,387130000C,(04)23274275,(04)23288582,2025,11,7,9,49,臺中市,潭子區,0,0,0,7,,,40,,,,,,,,,,,,,,,,,,,C03,,,1,,2,,,8,8,1,13,4,120.710026,24.21064,3
2475,66000,387130000C,(04)23274275,(04)23288582,2025,11,7,9,51,臺中市,大里區,0,0,0,7,,,50,,,,,,,,,,,,,,17,,,,,B03,,,1,,2,,,84,84,1,12,4,120.694597,24.111591,3
2476,66000,387130000C,(04)23274275,(04)23288582,2025,11,7,9,52,臺中市,太平區,0,1,0,7,2,6,50,13,9,1,5,4,6,6,4,4,5,4,5,1,12,3,10,1,4,C03,7,9,1,10,2,12,,8,8,1,13,4,120.709986,24.127349,2
2477,66000,387130000C,(04)23274275,(04)23288582,2025,11,7,9,53,臺中市,霧峰區,0,1,0,7,3,6,30,13,9,1,5,4,6,6,4,4,10,5,5,2,17,3,10,1,1,C03,7,1,1,10,2,11,,51,51,1,5,4,120.696235,24.062828,2
2478,66000,387130000C,(04)23274275,(04)23288582,2025,11,7,9,56,臺中市,大里區,0,2,0,7,2,6,50,13,9,1,5,4,6,6,4,4,5,5,5,1,16,2,8,1,1,C03,7,6,1,10,2,14,,20,20,1,6,4,120.695977,24.090871,2