序號,縣市別代碼,機關代碼,市話,傳真,年,月,日,時,分,縣市,區,死亡數量,受傷數量,2-30,天候,道路照明設備,道路類別,道路速限,道路型態,事故位置,路面鋪裝,路面狀態,路面缺陷,障礙物,視距,號誌種類,號誌動作,分向設施,快車道或一般車道間,快慢車道間,路面邊線,事故類型及型態,受傷程度,主要傷處,保護裝備,行動電話或功能裝置,當事者區分(類別),車輛用途,當事者行動狀態,駕照狀態,駕照種類,飲酒情形,車輛撞擊部位最初,車輛撞擊部位其他,肇事因素個別,肇事因素主要,肇事逃逸,職業,共享經濟或外送平台,GPS座標X,GPS座標Y,事故類別
2479,66000,387130000C,(04)23274275,(04)23288582,2025,11,7,9,59,臺中市,南區,0,1,0,7,2,6,50,4,1,1,5,4,6,6,2,1,10,5,5,2,13,2,9,2,1,C03,7,12,1,10,2,13,,87,87,1,6,4,120.668683,24.129334,2
2480,66000,387130000C,(04)23274275,(04)23288582,2025,11,7,9,59,臺中市,北屯區,0,1,0,7,1,6,40,4,1,1,5,4,6,6,1,1,10,5,5,2,16,2,9,1,1,C04,7,1,1,10,2,14,,39,39,1,6,4,120.704454,24.164862,2
2481,66000,387130000C,(04)23274275,(04)23288582,2025,11,7,10,1,臺中市,太平區,0,0,0,7,,,40,,,,,,,,,,,,,,,,,,,B03,,,1,,1,,,50,50,1,5,4,120.72157,24.131004,3
2482,66000,387130000C,(04)23274275,(04)23288582,2025,11,7,10,3,臺中市,清水區,0,0,0,7,,,50,,,,,,,,,,,,,,15,,,,,B03,,,1,,2,,,24,24,1,13,4,120.575268,24.27189,3
2483,66000,387130000C,(04)23274275,(04)23288582,2025,11,7,10,7,臺中市,中區,0,0,0,7,,,50,,,,,,,,,,,,,,12,,,,,C03,,,1,,1,,,59,59,1,13,4,120.681554,24.140768,3
2484,66000,387130000C,(04)23274275,(04)23288582,2025,11,7,10,8,臺中市,北屯區,0,0,0,7,,,50,,,,,,,,,,,,,,17,,,,,A04,,,1,,1,,,84,84,1,6,4,120.740135,24.178821,3
2485,66000,387130000C,(04)23274275,(04)23288582,2025,11,7,10,8,臺中市,西屯區,0,1,0,7,2,6,40,13,8,1,5,4,6,6,2,1,5,5,1,2,17,3,10,1,1,C03,7,9,1,10,2,11,,7,7,1,13,4,120.61152,24.184314,2
2486,66000,387130000C,(04)23274275,(04)23288582,2025,11,7,10,10,臺中市,南屯區,0,0,0,7,,,50,,,,,,,,,,,,,,,,,,,B03,,,1,,1,,,50,50,1,12,4,120.649909,24.132046,3
2487,66000,387130000C,(04)23274275,(04)23288582,2025,11,7,10,10,臺中市,太平區,0,0,0,7,,,50,,,,,,,,,,,,,,17,,,,,B03,,,5,,9,,,84,84,1,12,4,120.710927,24.150645,3
2488,66000,387130000C,(04)23274275,(04)23288582,2025,11,7,10,13,臺中市,西屯區,0,0,0,7,,,50,,,,,,,,,,,,,,,,,,,B12,,,1,,1,,,7,7,1,12,4,120.642433,24.176976,3
2489,66000,387130000C,(04)23274275,(04)23288582,2025,11,7,10,14,臺中市,霧峰區,0,2,0,7,2,6,50,13,9,1,5,4,6,6,4,4,5,5,5,1,13,2,9,5,4,C03,7,9,1,10,2,11,,7,7,1,12,4,120.698851,24.06441,2
2490,66000,387130000C,(04)23274275,(04)23288582,2025,11,7,10,17,臺中市,清水區,0,1,0,7,2,6,50,3,1,1,5,4,6,6,4,4,8,5,4,1,12,2,9,1,1,C03,7,6,3,19,2,11,,6,6,1,12,4,120.582977,24.273216,2
2491,66000,387130000C,(04)23274275,(04)23288582,2025,11,7,10,19,臺中市,北屯區,0,0,0,7,,,50,,,,,,,,,,,,,,,,,,,C03,,,1,,1,,,48,48,1,13,4,120.682184,24.183622,4
2492,66000,387130000C,(04)23274275,(04)23288582,2025,11,7,10,20,臺中市,東區,0,0,0,7,,,50,,,,,,,,,,,,,,,,,,,C03,,,1,,1,,,84,84,1,12,2,120.687997,24.133603,3
2493,66000,387130000C,(04)23274275,(04)23288582,2025,11,7,10,25,臺中市,北屯區,0,2,0,7,2,6,50,4,1,1,5,4,6,6,1,1,10,5,5,2,15,2,9,1,1,C03,7,9,3,19,2,11,,21,21,1,12,4,120.691759,24.172697,2
2494,66000,387130000C,(04)23274275,(04)23288582,2025,11,7,10,25,臺中市,西屯區,0,0,0,6,,,50,,,,,,,,,,,,,,,,,,,B13,,,1,,2,,,8,8,1,12,4,120.638864,24.165222,3
2495,66000,387130000C,(04)23274275,(04)23288582,2025,11,7,10,25,臺中市,烏日區,0,1,0,7,2,6,50,13,9,1,5,4,6,6,4,4,5,4,4,2,12,3,10,3,1,B03,7,1,1,8,2,4,,51,51,1,6,4,120.624529,24.106117,2
2496,66000,387130000C,(04)23274275,(04)23288582,2025,11,7,10,29,臺中市,北區,0,1,0,7,3,6,50,3,9,1,5,4,6,6,1,1,5,4,5,2,13,2,9,1,1,C03,7,9,1,10,2,11,,7,7,1,12,4,120.681685,24.155427,2
2497,66000,387130000C,(04)23274275,(04)23288582,2025,11,7,10,30,臺中市,大里區,0,0,0,7,2,6,60,4,2,1,5,4,1,6,1,1,1,4,4,1,9,,,,,H03,,,7,,10,,,112,112,1,13,5,120.667273,24.105092,3
2498,66000,387130000C,(04)23274275,(04)23288582,2025,11,7,10,36,臺中市,大雅區,0,0,0,7,,,60,,,,,,,,,,,,,,,,,,,B01,,,1,,1,,,40,40,1,12,4,120.650332,24.211438,3
2499,66000,387130000C,(04)23274275,(04)23288582,2025,11,7,10,38,臺中市,潭子區,0,0,0,7,,3,80,,,,,,,,,,,,,,12,,,,,B03,,,1,,2,,,40,40,1,13,4,120.71345,24.200479,3
2500,66000,387130000C,(04)23274275,(04)23288582,2025,11,7,10,40,臺中市,烏日區,0,0,0,7,,,40,,,,,,,,,,,,,,13,,,,,B03,,,1,,9,,,7,7,1,6,4,120.649799,24.10712,3
2501,66000,387130000C,(04)23274275,(04)23288582,2025,11,7,10,42,臺中市,西屯區,0,1,0,7,2,6,40,3,8,1,5,4,6,6,1,1,1,4,1,2,13,2,9,1,4,C03,7,9,1,10,2,11,,58,58,1,13,4,120.611614,24.184329,2
2502,66000,387130000C,(04)23274275,(04)23288582,2025,11,7,10,42,臺中市,太平區,0,0,0,7,,,50,,,,,,,,,,,,,,17,,,,,B03,,,1,,2,,,84,84,1,12,4,120.714541,24.152746,3
2503,66000,387130000C,(04)23274275,(04)23288582,2025,11,7,10,45,臺中市,大雅區,0,0,0,7,,,60,,,,,,,,,,,,,,,,,,,A11,,,1,,1,,,40,40,1,13,4,120.650422,24.211665,3
2504,66000,387130000C,(04)23274275,(04)23288582,2025,11,7,10,45,臺中市,中區,0,0,0,7,,,50,,,,,,,,,,,,,,12,,,,,B12,,,1,,1,,,65,65,1,12,4,120.681159,24.138276,3
2505,66000,387130000C,(04)23274275,(04)23288582,2025,11,7,10,49,臺中市,神岡區,0,0,0,7,1,6,30,4,2,1,5,4,6,6,1,1,1,5,5,2,12,,,,,B03,,,1,,2,,,8,8,1,12,4,120.696281,24.248538,3
2506,66000,387130000C,(04)23274275,(04)23288582,2025,11,7,10,50,臺中市,西屯區,0,1,0,7,2,6,50,3,1,1,5,4,6,6,4,4,4,5,5,2,3,3,10,5,4,C03,7,9,1,10,11,11,,6,6,1,13,4,120.648515,24.169071,2
2507,66000,387130000C,(04)23274275,(04)23288582,2025,11,7,10,58,臺中市,北區,0,0,0,7,,,50,,,,,,,,,,,,,,17,,,,,B03,,,1,,1,,,84,84,1,13,4,120.691467,24.161461,3
2508,66000,387130000C,(04)23274275,(04)23288582,2025,11,7,10,58,臺中市,南區,0,0,0,7,1,6,50,13,8,1,5,4,6,6,4,4,5,4,5,2,17,3,10,3,1,B01,7,9,1,4,1,2,,84,84,1,12,4,120.661089,24.11298,3
2509,66000,387130000C,(04)23274275,(04)23288582,2025,11,7,11,4,臺中市,清水區,0,0,0,7,,,60,,,,,,,,,,,,,,13,,,,,B03,,,1,,1,,,7,7,1,13,4,120.551607,24.2758,3
2510,66000,387130000C,(04)23274275,(04)23288582,2025,11,7,11,7,臺中市,烏日區,0,0,0,7,,,50,,,,,,,,,,,,,,17,,,,,B03,,,1,,2,,,45,45,1,6,4,120.616792,24.113767,3
2511,66000,387130000C,(04)23274275,(04)23288582,2025,11,7,11,10,臺中市,西屯區,0,0,0,7,,,60,,,,,,,,,,,,,,12,,,,,B03,,,1,,1,,,40,40,1,13,4,120.646454,24.164454,3
2512,66000,387130000C,(04)23274275,(04)23288582,2025,11,7,11,12,臺中市,霧峰區,0,1,0,7,3,6,30,13,9,1,5,4,6,6,4,4,10,5,5,1,18,2,9,1,1,C03,7,9,1,10,2,16,,84,84,1,12,4,120.676821,24.072391,2
2513,66000,387130000C,(04)23274275,(04)23288582,2025,11,7,11,21,臺中市,南屯區,0,1,0,7,3,6,50,4,1,1,5,4,6,6,1,1,10,5,5,2,16,3,10,3,1,B03,7,6,1,8,2,6,,11,11,1,13,4,120.620874,24.140037,2
2514,66000,387130000C,(04)23274275,(04)23288582,2025,11,7,11,22,臺中市,南區,0,0,0,7,,,0,,,,,,,,,,,,,,30,,,,,B03,,,1,,1,,,82,82,1,13,4,120.662761,24.123001,3
2515,66000,387130000C,(04)23274275,(04)23288582,2025,11,7,11,22,臺中市,大里區,0,1,0,7,2,6,50,4,1,1,5,4,6,6,1,1,10,5,5,2,3,3,10,3,1,B03,7,6,1,8,2,1,,10,10,1,6,4,120.703633,24.095954,2
2516,66000,387130000C,(04)23274275,(04)23288582,2025,11,7,11,27,臺中市,西屯區,0,0,0,7,,,50,,,,,,,,,,,,,,,,,,,B02,,,3,,9,,,8,8,1,13,4,120.637283,24.173182,3
2517,66000,387130000C,(04)23274275,(04)23288582,2025,11,7,11,27,臺中市,大里區,0,0,0,7,,,50,,,,,,,,,,,,,,17,,,,,B03,,,1,,2,,,84,84,1,6,4,120.682288,24.101645,3
2518,66000,387130000C,(04)23274275,(04)23288582,2025,11,7,11,28,臺中市,北區,0,1,0,7,3,6,50,13,9,1,5,4,6,6,4,4,1,4,5,2,17,2,9,1,1,C03,7,9,1,10,2,14,,84,84,1,12,4,120.673429,24.16551,2
2519,66000,387130000C,(04)23274275,(04)23288582,2025,11,7,11,31,臺中市,太平區,0,2,0,7,2,6,40,3,1,1,5,4,6,6,4,4,10,5,5,2,16,2,9,1,4,C03,7,6,1,10,2,14,,14,14,1,13,4,120.722358,24.12469,2
2520,66000,387130000C,(04)23274275,(04)23288582,2025,11,7,11,45,臺中市,東區,0,1,0,7,2,6,50,13,9,1,5,4,6,6,4,4,1,4,5,2,17,2,9,2,1,C03,7,9,1,10,3,12,,84,84,1,6,4,120.696653,24.129015,2
2521,66000,387130000C,(04)23274275,(04)23288582,2025,11,7,11,47,臺中市,梧棲區,0,1,0,7,3,6,70,13,7,1,5,4,6,6,1,1,1,4,1,1,13,3,10,3,1,B03,7,9,1,8,2,1,,7,7,1,6,4,120.544331,24.247096,2
2522,66000,387130000C,(04)23274275,(04)23288582,2025,11,7,11,50,臺中市,西區,0,0,0,7,,,50,,,,,,,,,,,,,,12,,,,,C04,,,1,,1,,,84,84,1,12,1,120.659053,24.150699,3
2523,66000,387130000C,(04)23274275,(04)23288582,2025,11,7,11,54,臺中市,大甲區,0,0,0,7,,,50,,,,,,,,,,,,,,,,,,,B03,,,1,,2,,,50,50,1,6,4,120.622328,24.346301,3
2524,66000,387130000C,(04)23274275,(04)23288582,2025,11,7,11,55,臺中市,后里區,0,0,0,7,,,50,,,,,,,,,,,,,,13,,,,,B12,,,1,,1,,,7,7,1,6,4,120.672777,24.312177,3
2525,66000,387130000C,(04)23274275,(04)23288582,2025,11,7,11,58,臺中市,大雅區,0,0,0,7,,,30,,,,,,,,,,,,,,,,,,,B12,,,1,,2,,,49,49,1,12,4,120.674035,24.242278,3
2526,66000,387130000C,(04)23274275,(04)23288582,2025,11,7,12,0,臺中市,外埔區,0,1,0,7,3,6,40,11,8,1,5,4,6,6,4,4,5,4,4,1,21,2,9,3,1,B03,7,9,1,8,2,5,,84,84,1,12,4,120.646286,24.337437,2
2527,66000,387130000C,(04)23274275,(04)23288582,2025,11,7,12,1,臺中市,北屯區,0,1,0,7,1,6,50,4,2,1,5,4,6,6,4,4,5,4,4,2,16,3,10,3,1,B03,7,9,1,8,2,2,,12,12,1,13,4,120.717751,24.181189,2
2528,66000,387130000C,(04)23274275,(04)23288582,2025,11,7,12,2,臺中市,太平區,0,1,0,7,2,6,50,4,1,1,5,4,6,6,4,4,10,5,5,2,15,2,8,1,1,C03,7,9,1,10,2,12,,15,15,1,12,4,120.727809,24.12625,2
2529,66000,387130000C,(04)23274275,(04)23288582,2025,11,7,12,9,臺中市,西區,0,1,0,7,2,6,40,4,1,1,5,4,6,6,4,4,7,5,5,2,15,3,10,3,1,B03,7,9,5,8,2,8,,12,12,1,13,4,120.668198,24.149549,2
2530,66000,387130000C,(04)23274275,(04)23288582,2025,11,7,12,10,臺中市,大雅區,0,0,0,7,,,70,,,,,,,,,,,,,,,,,,,B03,,,1,,2,,,7,7,1,13,4,120.643773,24.227954,3
2531,66000,387130000C,(04)23274275,(04)23288582,2025,11,7,12,10,臺中市,北屯區,0,2,0,7,2,6,50,3,1,1,5,4,6,6,4,4,10,5,5,2,17,2,9,1,1,C03,7,1,1,10,2,14,,51,51,1,6,4,120.71245,24.172689,2
2532,66000,387130000C,(04)23274275,(04)23288582,2025,11,7,12,14,臺中市,太平區,0,1,0,7,2,6,30,3,1,1,5,4,6,6,4,4,5,5,5,2,16,3,10,1,1,C03,7,6,1,10,2,11,,84,84,1,12,4,120.701263,24.112413,2
2533,66000,387130000C,(04)23274275,(04)23288582,2025,11,7,12,16,臺中市,大雅區,0,2,0,7,3,6,50,4,2,1,5,4,6,6,1,1,5,2,5,2,17,3,10,3,1,B03,7,11,1,8,2,2,,39,39,1,12,4,120.669596,24.222548,2
2534,66000,387130000C,(04)23274275,(04)23288582,2025,11,7,12,19,臺中市,北屯區,0,0,0,7,,,50,,,,,,,,,,,,,,,,,,,B03,,,1,,1,,,49,49,1,13,4,120.681479,24.172828,4
2535,66000,387130000C,(04)23274275,(04)23288582,2025,11,7,12,20,臺中市,西區,0,1,0,7,2,6,50,3,2,1,5,4,6,6,4,4,10,4,5,2,17,2,9,1,1,C03,7,11,1,10,2,11,,39,39,1,13,2,120.673262,24.13643,2
2536,66000,387130000C,(04)23274275,(04)23288582,2025,11,7,12,21,臺中市,南屯區,0,0,0,7,,,50,,,,,,,,,,,,,,13,,,,,B03,,,1,,1,,,84,84,1,12,4,120.643683,24.135252,3
2537,66000,387130000C,(04)23274275,(04)23288582,2025,11,7,12,21,臺中市,西屯區,0,0,0,7,,,50,,,,,,,,,,,,,,,,,,,B02,,,1,,1,,,59,59,1,12,4,120.607826,24.196012,3
2538,66000,387130000C,(04)23274275,(04)23288582,2025,11,7,12,23,臺中市,霧峰區,0,0,0,7,,,50,,,,,,,,,,,,,,17,,,,,B03,,,1,,1,,,8,8,1,12,4,120.684075,24.05077,3
2539,66000,387130000C,(04)23274275,(04)23288582,2025,11,7,12,24,臺中市,西屯區,0,1,0,7,3,6,40,13,8,1,5,4,6,6,4,4,1,4,1,2,13,2,9,5,4,C03,7,1,1,10,2,11,,51,51,1,12,4,120.601076,24.182212,2
2540,66000,387130000C,(04)23274275,(04)23288582,2025,11,7,12,30,臺中市,西屯區,0,1,0,7,2,6,50,4,1,1,5,4,6,6,1,1,10,5,5,2,12,3,10,3,4,B01,7,9,1,2,2,6,,84,84,1,13,4,120.608786,24.155506,2
2541,66000,387130000C,(04)23274275,(04)23288582,2025,11,7,12,31,臺中市,東區,0,0,0,7,,,50,,,,,,,,,,,,,,,,,,,B03,,,1,,1,,,7,7,1,13,4,120.693927,24.133479,3
2542,66000,387130000C,(04)23274275,(04)23288582,2025,11,7,12,31,臺中市,大里區,0,0,0,7,,,50,,,,,,,,,,,,,,30,,,,,C03,,,1,,2,,,84,84,1,12,4,120.703262,24.090031,3
2543,66000,387130000C,(04)23274275,(04)23288582,2025,11,7,12,35,臺中市,大里區,0,0,0,7,2,6,50,13,7,1,5,4,6,6,4,4,1,4,4,1,12,,,,,C03,,,1,,1,,,42,42,1,6,4,120.696263,24.086986,3
2544,66000,387130000C,(04)23274275,(04)23288582,2025,11,7,12,38,臺中市,沙鹿區,0,0,0,7,,,40,,,,,,,,,,,,,,,,,,,B03,,,1,,1,,,59,59,1,13,4,120.563753,24.23275,3
2545,66000,387130000C,(04)23274275,(04)23288582,2025,11,7,12,40,臺中市,東區,0,0,0,7,,,50,,,,,,,,,,,,,,17,,,,,B12,,,1,,1,,,84,84,1,12,4,120.695059,24.134832,3
2546,66000,387130000C,(04)23274275,(04)23288582,2025,11,7,12,41,臺中市,北屯區,0,1,0,7,2,6,40,4,1,1,5,4,6,6,2,1,10,5,5,2,18,2,9,1,1,C03,7,9,1,10,2,12,,82,82,1,12,4,120.676065,24.200813,2
2547,66000,387130000C,(04)23274275,(04)23288582,2025,11,7,12,42,臺中市,北屯區,0,2,0,7,3,6,50,13,9,1,5,4,6,6,2,1,1,4,5,2,13,2,9,2,1,C03,7,9,1,10,2,11,,7,7,1,6,4,120.679835,24.173015,2
2548,66000,387130000C,(04)23274275,(04)23288582,2025,11,7,12,44,臺中市,北屯區,0,0,0,7,,,50,,,,,,,,,,,,,,12,,,,,B03,,,1,,1,,,40,40,1,6,4,120.663312,24.200757,3
2549,66000,387130000C,(04)23274275,(04)23288582,2025,11,7,12,45,臺中市,西屯區,0,0,0,7,,,50,,,,,,,,,,,,,,23,,,,,B03,,,1,,1,,,84,84,1,13,4,120.60776,24.193336,3
2550,66000,387130000C,(04)23274275,(04)23288582,2025,11,7,12,45,臺中市,烏日區,0,0,0,7,,,30,,,,,,,,,,,,,,12,,,,,B03,,,1,,1,,,40,40,1,6,4,120.616235,24.110971,3
2551,66000,387130000C,(04)23274275,(04)23288582,2025,11,7,12,47,臺中市,沙鹿區,0,2,0,7,2,6,30,3,1,1,5,4,6,6,4,4,10,5,5,2,16,2,8,1,1,C03,7,6,1,10,2,14,,14,14,1,6,4,120.568055,24.249138,2
2552,66000,387130000C,(04)23274275,(04)23288582,2025,11,7,12,55,臺中市,南區,0,0,0,7,,,30,,,,,,,,,,,,,,35,,,,,B11,,,1,,9,,,84,84,1,6,4,120.671068,24.123609,3
2553,66000,387130000C,(04)23274275,(04)23288582,2025,11,7,13,3,臺中市,龍井區,0,2,0,7,2,6,50,3,1,1,5,4,6,6,4,4,9,5,5,2,16,2,8,2,1,C03,7,6,1,10,2,14,,14,14,1,6,4,120.589657,24.180837,2
2554,66000,387130000C,(04)23274275,(04)23288582,2025,11,7,13,6,臺中市,西屯區,0,0,0,7,,,50,,,,,,,,,,,,,,14,,,,,B03,,,1,,1,,,49,49,1,13,4,120.645191,24.162759,3
2555,66000,387130000C,(04)23274275,(04)23288582,2025,11,7,13,9,臺中市,西區,0,1,0,7,2,6,50,3,1,1,5,4,6,6,4,4,1,4,1,2,16,3,10,3,1,B03,7,5,1,8,2,8,,14,14,1,12,4,120.660833,24.156289,2
2556,66000,387130000C,(04)23274275,(04)23288582,2025,11,7,13,11,臺中市,太平區,0,0,0,7,,,50,,,,,,,,,,,,,,13,,,,,B12,,,1,,2,,,7,7,1,13,4,120.733285,24.118437,3
2557,66000,387130000C,(04)23274275,(04)23288582,2025,11,7,13,18,臺中市,中區,0,0,0,7,,,50,,,,,,,,,,,,,,13,,,,,B03,,,1,,1,,,84,84,1,13,4,120.674711,24.142626,3
2558,66000,387130000C,(04)23274275,(04)23288582,2025,11,7,13,18,臺中市,西屯區,0,1,0,7,2,6,50,4,1,1,5,4,6,6,2,1,10,5,5,2,12,2,9,1,1,C03,7,8,1,10,2,14,,40,40,1,13,4,120.641103,24.173546,2
2559,66000,387130000C,(04)23274275,(04)23288582,2025,11,7,13,19,臺中市,北屯區,0,0,0,7,,,60,,,,,,,,,,,,,,17,,,,,A04,,,1,,1,,,58,58,1,6,4,120.689287,24.171984,3
2560,66000,387130000C,(04)23274275,(04)23288582,2025,11,7,13,24,臺中市,南區,0,0,0,7,,,40,,,,,,,,,,,,,,17,,,,,B12,,,1,,1,,,76,76,1,6,4,120.680115,24.127239,3
2561,66000,387130000C,(04)23274275,(04)23288582,2025,11,7,13,27,臺中市,梧棲區,0,0,0,7,,,50,,,,,,,,,,,,,,12,,,,,B03,,,1,,1,,,8,8,1,12,4,120.534344,24.265077,3
2562,66000,387130000C,(04)23274275,(04)23288582,2025,11,7,13,28,臺中市,大里區,0,2,0,7,2,6,30,4,1,1,5,4,6,6,4,4,5,5,5,1,15,2,9,1,1,C03,7,9,1,10,2,14,12,20,20,1,6,4,120.69993,24.108976,2
2563,66000,387130000C,(04)23274275,(04)23288582,2025,11,7,13,33,臺中市,大雅區,0,1,0,7,3,6,30,3,1,1,5,4,6,6,4,4,10,5,5,2,17,2,8,2,1,C03,7,6,1,10,2,12,,14,14,1,12,4,120.666772,24.203205,2
2564,66000,387130000C,(04)23274275,(04)23288582,2025,11,7,13,34,臺中市,北區,0,0,0,7,,,50,,,,,,,,,,,,,,14,,,,,B03,,,1,,1,,,49,49,1,12,4,120.684743,24.142609,4
2565,66000,387130000C,(04)23274275,(04)23288582,2025,11,7,13,35,臺中市,西屯區,0,0,0,7,,,50,,,,,,,,,,,,,,30,,,,,A12,,,1,,2,,,84,84,1,12,4,120.658585,24.173384,3
2566,66000,387130000C,(04)23274275,(04)23288582,2025,11,7,13,35,臺中市,豐原區,0,0,0,7,,,50,,,,,,,,,,,,,,12,,,,,E01,,,1,,2,,,8,8,1,12,4,120.725985,24.246468,3
2567,66000,387130000C,(04)23274275,(04)23288582,2025,11,7,13,39,臺中市,西區,0,1,0,7,3,6,50,4,1,1,5,4,6,6,1,1,10,5,5,2,16,3,10,3,1,B01,7,6,1,4,2,2,,11,11,1,6,4,120.656751,24.146718,2
2568,66000,387130000C,(04)23274275,(04)23288582,2025,11,7,13,39,臺中市,霧峰區,0,2,0,7,2,6,50,13,7,1,5,4,6,6,1,1,1,4,4,2,17,2,8,5,4,C03,7,15,1,10,2,15,,42,42,1,12,4,120.693425,24.073117,2
2569,66000,387130000C,(04)23274275,(04)23288582,2025,11,7,13,44,臺中市,大里區,0,0,0,7,,,50,,,,,,,,,,,,,,,,,,,C03,,,1,,2,,,84,84,1,12,4,120.684551,24.117764,3
2570,66000,387130000C,(04)23274275,(04)23288582,2025,11,7,13,48,臺中市,西區,0,0,0,7,,,50,,,,,,,,,,,,,,11,,,,,C03,,,1,,1,,,20,20,1,13,4,120.671423,24.152191,3
2571,66000,387130000C,(04)23274275,(04)23288582,2025,11,7,13,48,臺中市,西屯區,0,0,0,7,,,40,,,,,,,,,,,,,,13,,,,,B03,,,1,,1,,,56,56,1,13,4,120.635442,24.182538,3
2572,66000,387130000C,(04)23274275,(04)23288582,2025,11,7,13,53,臺中市,霧峰區,0,1,0,7,3,6,40,13,8,1,5,4,6,6,4,4,2,4,3,1,23,2,9,1,1,C03,7,9,1,10,2,14,,84,84,1,12,4,120.668456,24.045133,2
2573,66000,387130000C,(04)23274275,(04)23288582,2025,11,7,13,54,臺中市,梧棲區,0,1,0,7,3,6,50,13,9,1,5,4,6,6,4,4,9,5,5,1,16,3,10,3,1,B12,7,11,1,8,2,8,,45,45,1,6,4,120.534107,24.233138,2
2574,66000,387130000C,(04)23274275,(04)23288582,2025,11,7,13,56,臺中市,大雅區,0,0,0,7,,,,,,,,,,,,,,,,,,,,,,,,,,,,,,119,119,1,,,120.604135,24.228694,3
2575,66000,387130000C,(04)23274275,(04)23288582,2025,11,7,14,0,臺中市,霧峰區,0,0,0,6,,,40,,,,,,,,,,,,,,18,,,,,B03,,,1,,11,,,84,84,1,13,4,120.698825,24.06396,3
2576,66000,387130000C,(04)23274275,(04)23288582,2025,11,7,14,0,臺中市,太平區,0,1,0,7,1,6,50,4,1,1,5,4,6,6,2,1,10,5,5,2,16,2,7,2,1,C03,7,6,1,10,9,14,,48,48,1,12,4,120.713927,24.144942,2
2577,66000,387130000C,(04)23274275,(04)23288582,2025,11,7,14,6,臺中市,南屯區,0,0,0,7,,,50,,,,,,,,,,,,,,17,,,,,B03,,,1,,1,,,7,7,1,6,4,120.63848,24.147335,3
2578,66000,387130000C,(04)23274275,(04)23288582,2025,11,7,14,9,臺中市,西區,0,0,0,7,,,50,,,,,,,,,,,,,,17,,,,,B03,,,1,,1,,,2,2,1,12,4,120.666736,24.141067,3
2579,66000,387130000C,(04)23274275,(04)23288582,2025,11,7,14,10,臺中市,大里區,0,1,0,7,2,6,50,4,1,1,5,4,6,6,2,1,5,5,5,1,16,2,9,1,1,C03,7,6,1,10,2,14,12,48,48,1,13,4,120.694888,24.111456,2
2580,66000,387130000C,(04)23274275,(04)23288582,2025,11,7,14,15,臺中市,神岡區,0,1,0,7,2,6,30,11,9,1,1,4,6,6,4,4,10,5,5,1,10,2,9,5,4,C03,7,9,1,10,2,11,,59,59,1,12,4,120.689722,24.275462,2
2581,66000,387130000C,(04)23274275,(04)23288582,2025,11,7,14,19,臺中市,北區,0,2,0,7,2,6,50,4,1,1,5,4,6,6,4,4,9,5,5,2,17,2,8,1,1,C03,7,5,1,10,2,12,,47,47,1,12,4,120.682345,24.160825,2
2582,66000,387130000C,(04)23274275,(04)23288582,2025,11,7,14,19,臺中市,新社區,0,0,0,7,,,50,,,,,,,,,,,,,,,,,,,B03,,,1,,1,,,7,7,1,13,4,120.809352,24.249261,3
2583,66000,387130000C,(04)23274275,(04)23288582,2025,11,7,14,20,臺中市,大里區,0,0,0,7,2,6,30,13,9,1,5,4,6,6,4,4,10,5,5,2,25,,,,,B12,,,1,,2,,,82,82,1,6,4,120.730769,24.089036,3
2584,66000,387130000C,(04)23274275,(04)23288582,2025,11,7,14,22,臺中市,龍井區,0,0,0,7,,,30,,,,,,,,,,,,,,17,,,,,B03,,,1,,2,,,8,8,1,6,4,120.592781,24.187536,3
2585,66000,387130000C,(04)23274275,(04)23288582,2025,11,7,14,23,臺中市,南屯區,0,0,0,7,,,50,,,,,,,,,,,,,,,,,,,C03,,,1,,1,,,84,84,1,12,4,120.623263,24.150948,3
2586,66000,387130000C,(04)23274275,(04)23288582,2025,11,7,14,24,臺中市,北區,0,1,0,7,2,6,50,4,2,1,5,4,6,6,3,1,10,5,5,2,17,3,10,3,1,B03,7,9,1,8,2,7,,24,24,1,13,4,120.697361,24.156714,2
2587,66000,387130000C,(04)23274275,(04)23288582,2025,11,7,14,27,臺中市,北屯區,0,0,0,7,,,50,,,,,,,,,,,,,,,,,,,H01,,,7,,10,,,95,95,1,13,5,120.687678,24.171873,4
2588,66000,387130000C,(04)23274275,(04)23288582,2025,11,7,14,31,臺中市,南區,0,1,0,7,2,6,50,3,1,1,5,4,6,6,4,4,10,5,5,2,13,3,10,3,1,B12,7,9,1,8,2,1,,82,82,1,12,4,120.646486,24.110981,2
2589,66000,387130000C,(04)23274275,(04)23288582,2025,11,7,14,40,臺中市,西屯區,0,1,0,7,2,6,50,3,9,1,5,4,6,6,4,4,4,5,5,2,18,2,8,5,4,F01,7,9,7,21,2,15,,84,84,1,13,4,120.639285,24.183026,2
2590,66000,387130000C,(04)23274275,(04)23288582,2025,11,7,14,40,臺中市,大里區,0,1,0,7,2,6,40,3,1,1,5,4,6,6,4,4,10,5,5,2,16,2,9,1,1,C03,7,6,1,8,2,11,12,14,14,1,12,4,120.664392,24.095725,2
2591,66000,387130000C,(04)23274275,(04)23288582,2025,11,7,14,42,臺中市,南屯區,0,0,0,7,,,50,,,,,,,,,,,,,,12,,,,,B03,,,1,,1,,,40,40,1,12,4,120.622315,24.150133,3