序號,縣市別代碼,機關代碼,市話,傳真,年,月,日,時,分,縣市,區,死亡數量,受傷數量,2-30,天候,道路照明設備,道路類別,道路速限,道路型態,事故位置,路面鋪裝,路面狀態,路面缺陷,障礙物,視距,號誌種類,號誌動作,分向設施,快車道或一般車道間,快慢車道間,路面邊線,事故類型及型態,受傷程度,主要傷處,保護裝備,行動電話或功能裝置,當事者區分(類別),車輛用途,當事者行動狀態,駕照狀態,駕照種類,飲酒情形,車輛撞擊部位最初,車輛撞擊部位其他,肇事因素個別,肇事因素主要,肇事逃逸,職業,共享經濟或外送平台,GPS座標X,GPS座標Y,事故類別
2592,66000,387130000C,(04)23274275,(04)23288582,2025,11,7,14,45,臺中市,西屯區,0,3,0,7,2,6,40,3,9,1,5,4,6,6,2,1,10,5,5,2,17,2,9,1,1,C03,7,9,1,10,2,11,,21,21,1,13,4,120.653769,24.176118,2
2593,66000,387130000C,(04)23274275,(04)23288582,2025,11,7,14,46,臺中市,大雅區,0,0,0,7,,,50,,,,,,,,,,,,,,,,,,,B03,,,1,,1,,,50,50,1,12,4,120.646409,24.225895,3
2594,66000,387130000C,(04)23274275,(04)23288582,2025,11,7,14,46,臺中市,西區,0,2,0,7,2,6,50,13,9,1,5,4,6,6,4,4,1,4,5,2,17,2,9,1,1,C03,7,9,1,10,2,11,,84,84,1,13,4,120.671527,24.150859,2
2595,66000,387130000C,(04)23274275,(04)23288582,2025,11,7,14,47,臺中市,西屯區,0,0,0,7,,,50,,,,,,,,,,,,,,16,,,,,B12,,,1,,1,,,13,13,1,13,4,120.588116,24.169972,3
2596,66000,387130000C,(04)23274275,(04)23288582,2025,11,7,14,49,臺中市,南屯區,0,0,0,7,,,50,,,,,,,,,,,,,,,,,,,C03,,,1,,1,,,7,7,1,6,4,120.620663,24.139871,3
2597,66000,387130000C,(04)23274275,(04)23288582,2025,11,7,14,49,臺中市,北屯區,0,1,0,7,2,6,50,3,1,1,5,4,6,6,4,4,10,5,5,2,16,3,10,3,1,B03,7,5,1,8,2,5,,65,65,1,6,4,120.725035,24.161757,2
2598,66000,387130000C,(04)23274275,(04)23288582,2025,11,7,14,49,臺中市,梧棲區,0,0,0,7,,,50,,,,,,,,,,,,,,14,,,,,B03,,,1,,2,,,49,49,1,6,4,120.545954,24.244682,3
2599,66000,387130000C,(04)23274275,(04)23288582,2025,11,7,14,50,臺中市,南屯區,0,1,0,7,2,6,50,4,1,1,5,4,6,6,1,1,10,5,5,2,17,3,10,3,1,B03,7,5,1,8,2,5,,47,47,1,12,4,120.623368,24.149451,2
2600,66000,387130000C,(04)23274275,(04)23288582,2025,11,7,14,55,臺中市,大里區,0,1,0,7,2,6,50,4,1,1,5,4,6,6,1,1,10,5,5,2,16,2,9,1,1,C03,7,5,1,8,2,11,14,11,11,1,12,4,120.697129,24.111462,2
2601,66000,387130000C,(04)23274275,(04)23288582,2025,11,7,14,56,臺中市,西屯區,0,2,0,7,2,6,30,5,2,1,5,4,6,1,1,1,5,4,5,2,3,2,9,1,1,C03,7,9,1,10,2,12,,6,6,1,12,4,120.657382,24.163178,2
2602,66000,387130000C,(04)23274275,(04)23288582,2025,11,7,14,58,臺中市,東區,0,1,0,7,1,6,50,3,1,1,5,4,6,6,4,4,10,5,5,2,17,3,10,3,1,B03,7,5,1,8,2,2,,20,20,1,12,4,120.698904,24.130561,2
2603,66000,387130000C,(04)23274275,(04)23288582,2025,11,7,14,58,臺中市,大里區,0,0,0,7,,,50,,,,,,,,,,,,,,17,,,,,B03,,,1,,2,,,84,84,1,6,4,120.689801,24.113081,3
2604,66000,387130000C,(04)23274275,(04)23288582,2025,11,7,14,58,臺中市,烏日區,0,2,0,7,3,6,50,5,1,1,5,4,6,6,1,1,10,5,5,1,17,2,8,1,1,C03,7,1,1,10,2,11,,51,51,1,6,4,120.64673,24.072203,2
2605,66000,387130000C,(04)23274275,(04)23288582,2025,11,7,14,59,臺中市,北屯區,0,0,0,7,,,50,,,,,,,,,,,,,,12,,,,,B03,,,1,,1,,,40,40,1,13,4,120.686033,24.172115,3
2606,66000,387130000C,(04)23274275,(04)23288582,2025,11,7,15,2,臺中市,北屯區,0,1,0,7,2,6,50,14,18,1,5,4,6,6,4,4,10,5,5,2,12,3,10,3,1,B03,7,9,1,8,2,8,,20,20,1,12,4,120.739926,24.179215,2
2607,66000,387130000C,(04)23274275,(04)23288582,2025,11,7,15,4,臺中市,潭子區,0,1,0,7,3,6,50,3,1,1,5,4,6,6,4,4,10,5,5,2,16,3,10,3,1,B03,7,6,1,8,2,2,,20,20,1,12,4,120.69411,24.220209,2
2608,66000,387130000C,(04)23274275,(04)23288582,2025,11,7,15,5,臺中市,東勢區,0,0,0,7,,,50,,,,,,,,,,,,,,14,,,,,B03,,,1,,2,,,50,50,1,12,4,120.831526,24.253919,3
2609,66000,387130000C,(04)23274275,(04)23288582,2025,11,7,15,7,臺中市,烏日區,0,0,0,7,,,30,,,,,,,,,,,,,,,,,,,B03,,,1,,1,,,49,49,1,13,4,120.613827,24.104121,3
2610,66000,387130000C,(04)23274275,(04)23288582,2025,11,7,15,10,臺中市,大肚區,0,2,0,7,3,6,70,13,7,1,5,4,6,6,4,4,1,4,4,1,13,2,3,3,1,B12,7,9,1,8,2,1,,7,7,1,6,4,120.553611,24.133266,2
2611,66000,387130000C,(04)23274275,(04)23288582,2025,11,7,15,11,臺中市,北屯區,0,1,0,7,2,6,50,13,9,1,5,4,6,6,4,4,4,3,5,2,17,3,10,2,1,C03,7,6,1,10,2,16,,39,39,1,13,4,120.704662,24.18055,2
2612,66000,387130000C,(04)23274275,(04)23288582,2025,11,7,15,11,臺中市,太平區,0,1,0,7,2,6,50,4,4,1,5,4,6,6,1,1,5,4,5,1,16,2,9,2,1,C03,7,8,1,10,2,13,,39,39,1,12,4,120.732291,24.134644,2
2613,66000,387130000C,(04)23274275,(04)23288582,2025,11,7,15,12,臺中市,西屯區,0,0,0,7,,,50,,,,,,,,,,,,,,13,,,,,B03,,,1,,1,,,7,7,1,12,4,120.589209,24.174688,3
2614,66000,387130000C,(04)23274275,(04)23288582,2025,11,7,15,13,臺中市,北屯區,0,0,0,7,,3,40,,,,,,,,,,,,,,13,,,,,B03,,,1,8,1,,,7,7,1,12,4,120.694144,24.201018,3
2615,66000,387130000C,(04)23274275,(04)23288582,2025,11,7,15,14,臺中市,神岡區,0,1,0,7,1,6,50,13,9,1,5,4,6,6,4,4,10,5,5,1,19,2,9,1,1,C03,7,9,1,10,2,12,,87,87,1,12,4,120.679738,24.262894,2
2616,66000,387130000C,(04)23274275,(04)23288582,2025,11,7,15,15,臺中市,東區,0,0,0,7,,,50,,,,,,,,,,,,,,13,,,,,B03,,,1,,2,,,7,7,1,12,4,120.699303,24.142617,3
2617,66000,387130000C,(04)23274275,(04)23288582,2025,11,7,15,16,臺中市,大雅區,0,0,0,7,,,50,,,,,,,,,,,,,,,,,,,C03,,,1,,2,,,84,84,1,13,4,120.660681,24.212245,3
2618,66000,387130000C,(04)23274275,(04)23288582,2025,11,7,15,16,臺中市,西區,0,0,0,7,,,60,,,,,,,,,,,,,,,,,,,B03,,,1,,1,,,7,7,1,6,4,120.660647,24.156723,3
2619,66000,387130000C,(04)23274275,(04)23288582,2025,11,7,15,17,臺中市,豐原區,0,1,0,7,2,6,50,13,9,1,5,4,6,6,4,4,10,5,5,2,17,3,10,3,1,B03,7,6,1,8,2,1,1,20,20,1,13,4,120.71381,24.251926,2
2620,66000,387130000C,(04)23274275,(04)23288582,2025,11,7,15,18,臺中市,西區,0,0,0,7,,,50,,,,,,,,,,,,,,14,,,,,B03,,,1,,1,,,49,49,1,13,4,120.656636,24.136392,3
2621,66000,387130000C,(04)23274275,(04)23288582,2025,11,7,15,18,臺中市,北區,0,1,0,7,2,6,50,3,9,1,5,4,6,6,4,4,1,4,5,1,16,3,10,5,4,B03,7,5,1,8,2,8,,14,14,1,13,4,120.683737,24.162913,2
2622,66000,387130000C,(04)23274275,(04)23288582,2025,11,7,15,24,臺中市,烏日區,0,1,0,7,3,6,60,3,1,1,5,4,6,6,4,4,1,4,4,2,17,3,10,3,1,B03,7,7,1,8,2,2,,40,40,1,6,4,120.599642,24.110249,2
2623,66000,387130000C,(04)23274275,(04)23288582,2025,11,7,15,24,臺中市,烏日區,0,1,0,7,2,6,40,10,18,1,5,4,6,6,4,4,10,5,5,1,13,3,10,3,1,B03,7,9,1,8,2,1,,7,7,1,6,4,120.638093,24.107787,2
2624,66000,387130000C,(04)23274275,(04)23288582,2025,11,7,15,25,臺中市,后里區,0,2,0,7,2,6,40,4,1,1,5,4,6,6,1,1,5,5,4,1,16,2,7,2,1,C03,7,6,1,10,2,12,,48,48,1,12,4,120.694296,24.313401,2
2625,66000,387130000C,(04)23274275,(04)23288582,2025,11,7,15,26,臺中市,大里區,0,0,0,7,,,50,,,,,,,,,,,,,,,,,,,B03,,,1,,2,,,7,7,1,12,4,120.694661,24.097869,3
2626,66000,387130000C,(04)23274275,(04)23288582,2025,11,7,15,30,臺中市,豐原區,0,0,0,7,,,50,,,,,,,,,,,,,,17,,,,,C03,,,1,,2,,,7,7,1,6,4,120.730954,24.242384,3
2627,66000,387130000C,(04)23274275,(04)23288582,2025,11,7,15,32,臺中市,太平區,0,0,0,7,,,50,,,,,,,,,,,,,,13,,,,,C03,,,1,,2,,,51,51,1,12,4,120.733762,24.143057,3
2628,66000,387130000C,(04)23274275,(04)23288582,2025,11,7,15,36,臺中市,東區,0,1,0,7,2,6,50,4,1,1,5,4,6,6,4,4,5,5,5,2,15,2,9,2,1,C03,7,9,1,10,2,11,,15,15,1,13,4,120.699854,24.126243,2
2629,66000,387130000C,(04)23274275,(04)23288582,2025,11,7,15,39,臺中市,南區,0,1,0,7,1,6,50,3,1,1,5,4,6,6,4,4,10,5,5,2,17,2,9,5,4,C03,7,9,1,4,2,14,,85,85,1,12,4,120.662443,24.127525,2
2630,66000,387130000C,(04)23274275,(04)23288582,2025,11,7,15,40,臺中市,南屯區,0,0,0,7,,,40,,,,,,,,,,,,,,13,,,,,B03,,,1,,2,,,84,84,1,6,4,120.643116,24.126797,3
2631,66000,387130000C,(04)23274275,(04)23288582,2025,11,7,15,50,臺中市,大雅區,0,2,0,7,3,6,60,4,1,1,5,4,6,6,1,1,10,5,5,2,17,2,8,2,1,C03,7,6,1,10,2,11,,11,11,1,12,4,120.64889,24.21808,2
2632,66000,387130000C,(04)23274275,(04)23288582,2025,11,7,15,50,臺中市,北屯區,0,1,0,7,3,6,50,13,9,1,5,4,6,6,4,4,1,4,5,2,12,3,10,3,1,B03,7,9,1,8,2,5,,8,8,1,6,4,120.685928,24.172404,2
2633,66000,387130000C,(04)23274275,(04)23288582,2025,11,7,15,52,臺中市,南區,0,0,0,7,,,40,,,,,,,,,,,,,,17,,,,,C03,,,1,,1,,,51,51,1,12,4,120.703343,24.138916,3
2634,66000,387130000C,(04)23274275,(04)23288582,2025,11,7,15,55,臺中市,豐原區,0,0,0,7,,,50,,,,,,,,,,,,,,14,,,,,B03,,,1,,2,,,50,50,1,12,4,120.726786,24.249812,3
2635,66000,387130000C,(04)23274275,(04)23288582,2025,11,7,15,56,臺中市,中區,0,1,0,7,2,6,50,4,2,1,5,4,6,6,2,1,5,4,5,2,12,2,9,1,1,C03,7,9,1,10,2,11,,7,7,1,13,4,120.682241,24.140288,2
2636,66000,387130000C,(04)23274275,(04)23288582,2025,11,7,15,57,臺中市,西屯區,0,0,0,7,,,50,,,,,,,,,,,,,,13,,,,,B03,,,1,,1,,,7,7,1,13,4,120.613888,24.183779,3
2637,66000,387130000C,(04)23274275,(04)23288582,2025,11,7,15,58,臺中市,潭子區,0,0,0,7,,,30,,,,,,,,,,,,,,,,,,,B12,,,1,,2,,,49,49,1,12,4,120.699828,24.196412,3
2638,66000,387130000C,(04)23274275,(04)23288582,2025,11,7,15,58,臺中市,東勢區,0,1,0,7,3,6,50,13,9,1,5,4,6,6,4,4,5,5,5,1,13,2,9,2,1,C03,7,9,1,10,2,11,,7,7,1,6,4,120.840353,24.18458,2
2639,66000,387130000C,(04)23274275,(04)23288582,2025,11,7,16,0,臺中市,北區,0,0,0,7,,,50,,,,,,,,,,,,,,17,,,,,B03,,,1,,1,,,47,47,1,13,4,120.6852,24.156327,3
2640,66000,387130000C,(04)23274275,(04)23288582,2025,11,7,16,0,臺中市,豐原區,0,1,0,7,2,6,30,13,9,1,5,4,6,6,4,4,10,5,5,1,12,2,9,2,1,C03,7,9,1,10,2,11,12,83,83,1,12,4,120.725719,24.259549,2
2641,66000,387130000C,(04)23274275,(04)23288582,2025,11,7,16,2,臺中市,南屯區,0,1,0,7,2,6,50,4,2,1,5,4,6,6,2,1,5,4,5,2,12,3,10,3,1,B03,7,15,1,8,2,2,,2,2,1,12,4,120.607448,24.136452,2
2642,66000,387130000C,(04)23274275,(04)23288582,2025,11,7,16,8,臺中市,霧峰區,0,0,0,7,,,30,,,,,,,,,,,,,,,,,,,B03,,,1,,1,,,84,84,1,13,4,120.681668,24.062283,3
2643,66000,387130000C,(04)23274275,(04)23288582,2025,11,7,16,10,臺中市,北區,0,1,0,7,2,6,50,11,8,1,5,4,6,6,4,4,5,5,4,2,17,2,9,5,4,F01,7,15,7,21,1,15,,90,90,1,13,4,120.674614,24.16882,2
2644,66000,387130000C,(04)23274275,(04)23288582,2025,11,7,16,10,臺中市,北區,0,1,0,7,2,6,50,4,2,1,5,4,6,6,2,1,10,5,5,2,30,2,9,2,1,C03,7,5,1,10,2,11,,84,84,1,13,4,120.685001,24.165038,2
2645,66000,387130000C,(04)23274275,(04)23288582,2025,11,7,16,10,臺中市,太平區,0,1,0,7,2,6,30,11,9,1,5,4,6,6,4,4,10,5,5,2,11,3,10,3,1,B03,7,6,1,8,2,8,,41,41,1,6,4,120.715983,24.13781,2
2646,66000,387130000C,(04)23274275,(04)23288582,2025,11,7,16,10,臺中市,清水區,0,0,0,7,2,6,70,13,7,1,5,4,6,6,4,4,8,3,3,1,24,,,,,,,,,,,,,116,116,1,,,120.556083,24.29478,3
2647,66000,387130000C,(04)23274275,(04)23288582,2025,11,7,16,11,臺中市,沙鹿區,0,2,0,7,3,6,30,3,1,1,5,4,6,6,4,4,10,5,5,2,17,2,9,2,1,C03,7,6,1,10,2,11,,48,48,1,12,4,120.571873,24.237303,2
2648,66000,387130000C,(04)23274275,(04)23288582,2025,11,7,16,12,臺中市,北屯區,0,1,0,7,2,6,50,3,1,1,5,4,6,6,2,1,10,5,5,2,16,3,10,3,1,B03,7,5,1,8,2,2,,47,47,1,5,4,120.733258,24.162197,2
2649,66000,387130000C,(04)23274275,(04)23288582,2025,11,7,16,12,臺中市,西屯區,0,0,0,7,,,50,,,,,,,,,,,,,,13,,,,,B03,,,1,,1,,,7,7,1,12,4,120.646454,24.164454,3
2650,66000,387130000C,(04)23274275,(04)23288582,2025,11,7,16,14,臺中市,西區,0,1,0,7,2,6,50,13,7,1,5,4,6,6,4,4,1,4,1,2,13,3,10,3,1,B03,7,9,1,8,2,1,,84,84,1,12,4,120.669095,24.151128,2
2651,66000,387130000C,(04)23274275,(04)23288582,2025,11,7,16,15,臺中市,梧棲區,0,1,0,7,2,6,70,3,1,1,5,4,6,6,3,1,10,5,5,2,16,3,10,3,1,B03,7,5,1,8,2,6,,11,11,1,12,4,120.548421,24.236013,2
2652,66000,387130000C,(04)23274275,(04)23288582,2025,11,7,16,16,臺中市,西屯區,0,0,0,7,2,6,50,3,1,1,5,4,6,6,2,1,5,4,5,2,12,,,,,B03,,,1,,1,,,47,47,1,13,4,120.656153,24.192059,3
2653,66000,387130000C,(04)23274275,(04)23288582,2025,11,7,16,16,臺中市,大里區,0,1,0,7,2,6,50,4,2,1,5,4,6,6,1,1,10,5,5,1,17,3,10,3,1,B03,7,9,1,8,2,8,,7,7,1,13,4,120.703139,24.089902,2
2654,66000,387130000C,(04)23274275,(04)23288582,2025,11,7,16,19,臺中市,大肚區,0,1,0,7,3,6,40,3,1,1,5,4,6,6,3,1,10,5,5,2,14,3,10,3,1,B03,7,2,1,8,2,3,,49,49,1,6,4,120.551619,24.136851,2
2655,66000,387130000C,(04)23274275,(04)23288582,2025,11,7,16,22,臺中市,西屯區,0,1,0,7,2,6,30,11,9,1,5,4,6,6,4,4,10,5,5,2,17,3,10,5,4,B03,7,13,1,8,2,4,,76,76,1,12,4,120.648877,24.156381,2
2656,66000,387130000C,(04)23274275,(04)23288582,2025,11,7,16,24,臺中市,南屯區,0,0,0,7,,,50,,,,,,,,,,,,,,14,,,,,B03,,,1,,9,,,49,49,1,12,4,120.612915,24.138558,3
2657,66000,387130000C,(04)23274275,(04)23288582,2025,11,7,16,24,臺中市,北屯區,0,0,0,7,,,50,,,,,,,,,,,,,,13,,,,,B12,,,1,,1,,,7,7,1,6,4,120.784523,24.188611,3
2658,66000,387130000C,(04)23274275,(04)23288582,2025,11,7,16,26,臺中市,烏日區,0,0,0,7,,,30,,,,,,,,,,,,,,14,,,,,B03,,,1,,1,,,49,49,1,6,4,120.632544,24.09723,3
2659,66000,387130000C,(04)23274275,(04)23288582,2025,11,7,16,26,臺中市,豐原區,0,1,0,7,2,6,50,4,1,1,5,4,6,6,1,1,1,4,4,2,16,4,11,2,1,C03,7,9,1,10,2,12,,21,21,1,12,4,120.72864,24.251048,2
2660,66000,387130000C,(04)23274275,(04)23288582,2025,11,7,16,28,臺中市,南屯區,0,0,0,7,,,50,,,,,,,,,,,,,,17,,,,,A05,,,1,,9,,,85,85,1,12,4,120.634297,24.1582,3
2661,66000,387130000C,(04)23274275,(04)23288582,2025,11,7,16,30,臺中市,東區,0,0,0,7,1,6,50,13,9,1,5,4,6,6,4,4,10,5,5,2,17,3,10,3,1,B03,7,2,1,8,1,6,,49,49,1,12,4,120.703233,24.13413,3
2662,66000,387130000C,(04)23274275,(04)23288582,2025,11,7,16,30,臺中市,東區,0,0,0,7,,,30,,,,,,,,,,,,,,14,,,,,B03,,,5,,9,,,49,49,1,12,4,120.695678,24.143826,3
2663,66000,387130000C,(04)23274275,(04)23288582,2025,11,7,16,36,臺中市,南區,0,2,0,7,3,6,50,3,1,1,5,4,6,6,4,4,10,5,5,2,16,2,8,5,4,C03,7,6,1,10,2,14,,12,12,1,12,4,120.663366,24.127266,2
2664,66000,387130000C,(04)23274275,(04)23288582,2025,11,7,16,43,臺中市,大肚區,0,0,0,7,,,50,,,,,,,,,,,,,,24,,,,,B03,,,1,,2,,,8,8,1,6,4,120.578924,24.168802,3
2665,66000,387130000C,(04)23274275,(04)23288582,2025,11,7,16,44,臺中市,北屯區,0,0,0,7,,,50,,,,,,,,,,,,,,12,,,,,B03,,,1,,2,,,40,40,1,13,4,120.669929,24.176578,3
2666,66000,387130000C,(04)23274275,(04)23288582,2025,11,7,16,45,臺中市,北屯區,0,0,0,7,,,50,,,,,,,,,,,,,,17,,,,,C03,,,1,,1,,,87,87,1,6,4,120.687491,24.188243,3
2667,66000,387130000C,(04)23274275,(04)23288582,2025,11,7,16,45,臺中市,沙鹿區,0,0,0,7,,,50,,,,,,,,,,,,,,,,,,,A12,,,1,,2,,,82,82,1,12,4,120.567597,24.203705,3
2668,66000,387130000C,(04)23274275,(04)23288582,2025,11,7,16,50,臺中市,南區,0,0,0,7,,,30,,,,,,,,,,,,,,25,,,,,B13,,,1,,1,,,84,84,1,13,4,120.682244,24.135062,3
2669,66000,387130000C,(04)23274275,(04)23288582,2025,11,7,16,50,臺中市,北屯區,0,0,0,7,,,50,,,,,,,,,,,,,,9,,,,,B03,,,1,8,1,,,8,8,1,12,4,120.690809,24.169712,3
2670,66000,387130000C,(04)23274275,(04)23288582,2025,11,7,16,50,臺中市,沙鹿區,0,0,0,7,,,60,,,,,,,,,,,,,,,,,,,B03,,,1,,2,,,40,40,1,12,4,120.56081,24.208748,3
2671,66000,387130000C,(04)23274275,(04)23288582,2025,11,7,16,54,臺中市,龍井區,0,0,0,7,,,50,,,,,,,,,,,,,,11,,,,,B03,,,1,,1,,,8,8,1,6,4,120.569735,24.178239,3
2672,66000,387130000C,(04)23274275,(04)23288582,2025,11,7,16,57,臺中市,沙鹿區,0,0,0,7,,,50,,,,,,,,,,,,,,17,,,,,B12,,,1,,1,,,40,40,1,6,4,120.600084,24.256135,3
2673,66000,387130000C,(04)23274275,(04)23288582,2025,11,7,17,0,臺中市,大雅區,0,0,0,7,,,50,,,,,,,,,,,,,,,,,,,B03,,,1,,1,,,84,84,1,13,4,120.653538,24.221959,3
2674,66000,387130000C,(04)23274275,(04)23288582,2025,11,7,17,0,臺中市,烏日區,0,1,0,7,2,6,50,3,1,1,5,4,6,6,4,4,10,5,5,2,17,3,10,5,4,B03,7,5,1,8,2,5,,47,47,1,12,4,120.612502,24.107358,2
2675,66000,387130000C,(04)23274275,(04)23288582,2025,11,7,17,3,臺中市,大雅區,0,1,0,7,1,6,50,3,2,1,5,4,6,6,4,4,5,5,4,1,16,3,10,3,1,B02,7,5,1,8,2,5,,20,20,1,12,4,120.644555,24.204971,2
2676,66000,387130000C,(04)23274275,(04)23288582,2025,11,7,17,5,臺中市,大雅區,0,0,0,7,,,50,,,,,,,,,,,,,,,,,,,C03,,,1,,1,,,84,84,1,12,4,120.644329,24.209355,3
2677,66000,387130000C,(04)23274275,(04)23288582,2025,11,7,17,5,臺中市,北屯區,0,1,0,7,2,6,50,4,1,1,5,4,6,6,2,1,10,5,5,2,16,2,9,1,1,C03,7,1,1,10,2,14,,51,51,1,5,4,120.661883,24.178108,2
2678,66000,387130000C,(04)23274275,(04)23288582,2025,11,7,17,6,臺中市,后里區,0,1,0,7,2,6,50,13,9,1,5,4,6,6,4,4,9,5,5,1,17,3,10,2,1,C03,7,1,1,10,2,16,,51,51,1,12,4,120.704143,24.297577,2
2679,66000,387130000C,(04)23274275,(04)23288582,2025,11,7,17,8,臺中市,北屯區,0,0,0,7,,,50,,,,,,,,,,,,,,13,,,,,B03,,,1,,1,,,59,59,1,13,4,120.686289,24.181188,3
2680,66000,387130000C,(04)23274275,(04)23288582,2025,11,7,17,9,臺中市,太平區,0,0,0,7,,,30,,,,,,,,,,,,,,14,,,,,B03,,,1,,2,,,49,49,1,12,4,120.724592,24.121826,3
2681,66000,387130000C,(04)23274275,(04)23288582,2025,11,7,17,9,臺中市,太平區,0,1,0,7,1,6,50,13,9,1,5,4,6,6,4,4,5,5,5,2,16,3,10,2,1,F03,7,9,7,21,2,11,,84,84,1,12,4,120.712454,24.157975,2
2682,66000,387130000C,(04)23274275,(04)23288582,2025,11,7,17,9,臺中市,大甲區,0,2,0,7,1,6,50,3,1,1,5,4,6,6,4,4,5,4,5,1,16,3,10,3,1,B03,7,6,1,8,2,6,,14,14,1,6,4,120.653877,24.390798,2
2683,66000,387130000C,(04)23274275,(04)23288582,2025,11,7,17,10,臺中市,西屯區,0,1,0,7,1,6,50,13,9,1,5,4,6,6,4,4,5,4,5,2,18,2,9,1,1,C03,7,9,1,10,2,14,,84,84,1,12,4,120.629539,24.183759,2
2684,66000,387130000C,(04)23274275,(04)23288582,2025,11,7,17,10,臺中市,烏日區,0,0,0,7,,,50,,,,,,,,,,,,,,12,,,,,B03,,,1,,2,,,8,8,1,6,4,120.593576,24.111732,3
2685,66000,387130000C,(04)23274275,(04)23288582,2025,11,7,17,10,臺中市,豐原區,0,0,0,7,,,30,,,,,,,,,,,,,,16,,,,,C03,,,1,,2,,,12,12,1,13,4,120.733031,24.255395,3
2686,66000,387130000C,(04)23274275,(04)23288582,2025,11,7,17,11,臺中市,北區,0,2,0,7,2,6,50,4,1,1,5,4,6,6,4,4,5,5,5,2,17,2,9,1,1,C03,7,6,1,10,2,12,,20,20,1,12,4,120.680181,24.149407,2
2687,66000,387130000C,(04)23274275,(04)23288582,2025,11,7,17,12,臺中市,大里區,0,1,0,7,1,6,40,13,7,1,5,4,6,6,4,4,9,5,4,2,16,3,10,3,1,B03,7,11,1,8,2,8,,45,45,1,12,4,120.692317,24.116665,2
2688,66000,387130000C,(04)23274275,(04)23288582,2025,11,7,17,13,臺中市,北屯區,0,0,0,7,,,50,,,,,,,,,,,,,,17,,,,,C03,,,1,,2,,,84,84,1,6,4,120.719412,24.176317,3
2689,66000,387130000C,(04)23274275,(04)23288582,2025,11,7,17,14,臺中市,大雅區,0,1,0,7,3,6,50,4,2,1,5,4,6,6,4,4,9,4,5,2,16,2,9,2,1,C03,7,5,5,19,2,13,,14,14,1,13,4,120.64847,24.223327,2
2690,66000,387130000C,(04)23274275,(04)23288582,2025,11,7,17,14,臺中市,西區,0,0,0,7,,,50,,,,,,,,,,,,,,12,,,,,B03,,,1,,2,,,7,7,1,13,4,120.661743,24.131899,3
2691,66000,387130000C,(04)23274275,(04)23288582,2025,11,7,17,15,臺中市,大雅區,0,1,0,7,1,6,50,3,2,1,5,4,6,6,4,4,5,5,5,1,16,3,10,3,1,B03,7,5,5,19,2,16,,14,14,1,12,4,120.662252,24.218758,2
2692,66000,387130000C,(04)23274275,(04)23288582,2025,11,7,17,15,臺中市,大里區,0,0,0,7,2,6,30,3,1,1,5,4,6,6,4,4,10,5,5,2,25,,,,,B12,,,1,,2,,,84,84,1,13,4,120.68262,24.096174,3
2693,66000,387130000C,(04)23274275,(04)23288582,2025,11,7,17,18,臺中市,北區,0,1,0,7,2,6,50,4,2,1,5,4,6,6,2,1,10,5,5,2,12,3,10,2,1,C03,7,6,1,10,2,13,,20,20,1,13,4,120.675855,24.166909,2
2694,66000,387130000C,(04)23274275,(04)23288582,2025,11,7,17,19,臺中市,大雅區,0,0,0,7,,,70,,,,,,,,,,,,,,,,,,,B03,,,1,,1,,,40,40,1,12,4,120.644405,24.226712,3
2695,66000,387130000C,(04)23274275,(04)23288582,2025,11,7,17,24,臺中市,大雅區,0,0,0,7,,,30,,,,,,,,,,,,,,,,,,,B03,,,1,,2,,,49,49,1,13,4,120.653858,24.228357,3
2696,66000,387130000C,(04)23274275,(04)23288582,2025,11,7,17,24,臺中市,西屯區,0,0,0,7,,,50,,,,,,,,,,,,,,,,,,,B12,,,3,,1,,,40,40,1,12,4,120.648127,24.169515,3
2697,66000,387130000C,(04)23274275,(04)23288582,2025,11,7,17,25,臺中市,大甲區,0,0,0,7,,,30,,,,,,,,,,,,,,,,,,,B03,,,1,,2,,,15,15,1,6,4,120.640133,24.400748,3
2698,66000,387130000C,(04)23274275,(04)23288582,2025,11,7,17,27,臺中市,東區,0,2,0,7,1,6,50,13,9,1,5,4,6,6,4,4,5,5,5,2,13,2,8,1,1,C03,7,9,1,10,2,11,,7,7,1,12,4,120.684756,24.133805,2
2699,66000,387130000C,(04)23274275,(04)23288582,2025,11,7,17,27,臺中市,大里區,0,1,0,7,3,6,60,3,1,1,5,4,6,6,1,1,10,5,5,2,16,3,10,5,4,B03,7,5,1,8,2,4,,47,47,1,13,4,120.687433,24.086936,2
2700,66000,387130000C,(04)23274275,(04)23288582,2025,11,7,17,29,臺中市,南屯區,0,1,0,7,1,6,40,3,1,1,5,4,6,6,2,1,10,5,5,2,18,2,9,2,4,C03,7,9,1,10,2,12,,7,7,1,6,4,120.587395,24.160815,2
2701,66000,387130000C,(04)23274275,(04)23288582,2025,11,7,17,30,臺中市,西屯區,0,0,0,7,2,6,50,4,2,1,5,4,6,6,2,1,5,3,5,2,13,,,,,C03,,,1,,1,,,7,7,1,13,4,120.647932,24.174361,3
2702,66000,387130000C,(04)23274275,(04)23288582,2025,11,7,17,30,臺中市,沙鹿區,0,0,0,6,,,50,,,,,,,,,,,,,,14,,,,,B03,,,1,,2,,,49,49,1,12,4,120.568445,24.216633,4
2703,66000,387130000C,(04)23274275,(04)23288582,2025,11,7,17,30,臺中市,豐原區,0,3,0,7,2,6,50,13,8,1,5,4,6,6,4,4,5,4,4,2,17,2,9,1,1,C03,7,9,1,10,2,11,,85,85,1,6,4,120.735884,24.255656,2