序號,縣市別代碼,機關代碼,市話,傳真,年,月,日,時,分,縣市,區,死亡數量,受傷數量,2-30,天候,道路照明設備,道路類別,道路速限,道路型態,事故位置,路面鋪裝,路面狀態,路面缺陷,障礙物,視距,號誌種類,號誌動作,分向設施,快車道或一般車道間,快慢車道間,路面邊線,事故類型及型態,受傷程度,主要傷處,保護裝備,行動電話或功能裝置,當事者區分(類別),車輛用途,當事者行動狀態,駕照狀態,駕照種類,飲酒情形,車輛撞擊部位最初,車輛撞擊部位其他,肇事因素個別,肇事因素主要,肇事逃逸,職業,共享經濟或外送平台,GPS座標X,GPS座標Y,事故類別
2704,66000,387130000C,(04)23274275,(04)23288582,2025,11,7,17,31,臺中市,南區,0,2,0,7,1,6,50,13,24,1,5,4,6,6,4,4,5,5,5,2,17,2,9,5,4,C03,7,6,1,10,2,12,,39,39,1,12,4,120.654759,24.12278,2
2705,66000,387130000C,(04)23274275,(04)23288582,2025,11,7,17,32,臺中市,豐原區,0,0,0,7,,,50,,,,,,,,,,,,,,,,,,,C03,,,1,,2,,,11,11,1,13,4,120.759546,24.276811,3
2706,66000,387130000C,(04)23274275,(04)23288582,2025,11,7,17,34,臺中市,西屯區,0,0,0,7,,,50,,,,,,,,,,,,,,12,,,,,B12,,,1,,1,,,8,8,1,13,4,120.659203,24.20107,3
2707,66000,387130000C,(04)23274275,(04)23288582,2025,11,7,17,34,臺中市,石岡區,0,0,0,7,,,70,,,,,,,,,,,,,,,,,,,B12,,,1,,2,,,7,7,1,12,4,120.768903,24.275637,3
2708,66000,387130000C,(04)23274275,(04)23288582,2025,11,7,17,35,臺中市,東區,0,2,0,7,1,6,50,3,1,1,5,4,6,6,4,4,10,5,5,2,17,2,9,1,1,C03,7,6,1,10,2,14,,12,12,1,12,4,120.700999,24.135767,2
2709,66000,387130000C,(04)23274275,(04)23288582,2025,11,7,17,35,臺中市,西屯區,0,0,0,7,,,30,,,,,,,,,,,,,,14,,,,,B03,,,1,,1,,,49,49,1,12,4,120.590333,24.196795,3
2710,66000,387130000C,(04)23274275,(04)23288582,2025,11,7,17,35,臺中市,西屯區,0,1,0,7,1,6,50,4,1,1,5,4,6,6,1,1,8,4,5,1,13,2,9,5,4,C03,7,9,1,10,2,11,,7,7,1,13,4,120.645598,24.1725,2
2711,66000,387130000C,(04)23274275,(04)23288582,2025,11,7,17,37,臺中市,南區,0,1,0,7,1,6,40,4,1,1,5,4,6,6,1,1,10,5,5,2,17,2,9,5,4,C03,7,6,1,10,2,11,,11,11,1,12,4,120.682159,24.128329,2
2712,66000,387130000C,(04)23274275,(04)23288582,2025,11,7,17,37,臺中市,大里區,0,0,0,7,,,50,,,,,,,,,,,,,,,,,,,B03,,,1,,2,,,8,8,1,12,4,120.678239,24.11656,3
2713,66000,387130000C,(04)23274275,(04)23288582,2025,11,7,17,38,臺中市,南屯區,0,1,0,7,1,6,50,3,1,2,5,4,6,6,4,4,5,4,5,2,16,2,9,2,1,C03,7,5,1,10,2,11,,84,84,1,12,4,120.633748,24.136752,2
2714,66000,387130000C,(04)23274275,(04)23288582,2025,11,7,17,39,臺中市,大里區,0,0,0,6,,,,,,,,,,,,,,,,,18,,,,,,,,,,,,,119,119,1,,,120.68161,24.080295,3
2715,66000,387130000C,(04)23274275,(04)23288582,2025,11,7,17,42,臺中市,北區,0,0,0,7,,,50,,,,,,,,,,,,,,13,,,,,B12,,,1,,1,,,7,7,1,13,4,120.672624,24.168311,3
2716,66000,387130000C,(04)23274275,(04)23288582,2025,11,7,17,43,臺中市,西屯區,0,0,0,7,,,40,,,,,,,,,,,,,,13,,,,,C03,,,1,,1,,,40,40,1,12,4,120.650295,24.162607,3
2717,66000,387130000C,(04)23274275,(04)23288582,2025,11,7,17,46,臺中市,南區,0,0,0,7,,,50,,,,,,,,,,,,,,13,,,,,C03,,,1,,1,,,7,7,1,13,4,120.670085,24.125645,4
2718,66000,387130000C,(04)23274275,(04)23288582,2025,11,7,17,47,臺中市,烏日區,0,0,0,7,,3,80,,,,,,,,,,,,,,13,,,,,B03,,,1,,1,,,7,7,1,6,4,120.616521,24.107356,3
2719,66000,387130000C,(04)23274275,(04)23288582,2025,11,7,17,47,臺中市,后里區,0,0,0,7,,,50,,,,,,,,,,,,,,16,,,,,B03,,,1,,1,,,12,12,1,13,4,120.723789,24.295519,3
2720,66000,387130000C,(04)23274275,(04)23288582,2025,11,7,17,48,臺中市,北屯區,0,2,0,7,1,6,50,3,1,1,5,4,6,6,4,4,4,3,4,2,17,2,9,2,1,C03,7,6,1,10,2,12,,14,14,1,13,4,120.673843,24.176502,2
2721,66000,387130000C,(04)23274275,(04)23288582,2025,11,7,17,50,臺中市,北區,0,1,0,7,1,6,50,13,9,1,5,4,6,6,4,4,8,3,5,2,17,2,9,2,1,C03,7,9,1,10,2,11,,84,84,1,13,2,120.692361,24.158459,2
2722,66000,387130000C,(04)23274275,(04)23288582,2025,11,7,17,51,臺中市,南屯區,0,0,0,7,,,50,,,,,,,,,,,,,,13,,,,,C03,,,1,,1,,,7,7,1,12,4,120.65462,24.139981,3
2723,66000,387130000C,(04)23274275,(04)23288582,2025,11,7,17,52,臺中市,新社區,0,1,0,6,1,6,50,13,9,1,5,4,6,6,4,4,5,5,5,1,17,2,9,2,1,C03,7,4,3,19,5,12,,53,53,1,6,4,120.821075,24.208409,2
2724,66000,387130000C,(04)23274275,(04)23288582,2025,11,7,17,53,臺中市,潭子區,0,2,0,7,3,6,50,3,1,1,5,4,6,6,1,1,10,5,5,2,16,2,9,2,1,C03,7,6,1,10,2,11,,20,20,1,12,4,120.707392,24.215545,2
2725,66000,387130000C,(04)23274275,(04)23288582,2025,11,7,17,53,臺中市,南區,0,0,0,7,,,50,,,,,,,,,,,,,,,,,,,C03,,,1,,1,,,8,8,1,12,4,120.656378,24.116242,3
2726,66000,387130000C,(04)23274275,(04)23288582,2025,11,7,17,55,臺中市,南區,0,0,0,7,1,6,50,13,7,1,5,4,6,6,4,4,1,4,5,2,13,3,10,3,1,B03,7,15,1,10,1,1,,84,84,1,12,4,120.66999,24.119723,3
2727,66000,387130000C,(04)23274275,(04)23288582,2025,11,7,17,55,臺中市,烏日區,0,0,0,7,,,50,,,,,,,,,,,,,,13,,,,,B03,,,1,,1,,,84,84,1,6,4,120.645212,24.11752,3
2728,66000,387130000C,(04)23274275,(04)23288582,2025,11,7,17,56,臺中市,南區,0,1,0,7,1,6,50,3,1,1,5,4,6,6,4,4,10,5,5,2,16,3,10,3,1,B03,7,6,1,8,2,1,,14,14,1,12,4,120.655182,24.113559,2
2729,66000,387130000C,(04)23274275,(04)23288582,2025,11,7,17,57,臺中市,西區,0,0,0,7,,,50,,,,,,,,,,,,,,12,,,,,C03,,,1,,1,,,8,8,1,12,4,120.657491,24.151129,3
2730,66000,387130000C,(04)23274275,(04)23288582,2025,11,7,17,57,臺中市,南屯區,0,0,0,7,,,50,,,,,,,,,,,,,,,,,,,B03,,,1,,2,,,84,84,1,6,4,120.63125,24.146212,3
2731,66000,387130000C,(04)23274275,(04)23288582,2025,11,7,17,58,臺中市,北屯區,0,0,0,7,,,50,,,,,,,,,,,,,,9,,,,,B03,,,1,8,2,,,85,85,1,12,4,120.733286,24.168905,3
2732,66000,387130000C,(04)23274275,(04)23288582,2025,11,7,17,58,臺中市,西屯區,0,0,0,7,,,50,,,,,,,,,,,,,,16,,,,,B03,,,1,,1,,,40,40,1,13,4,120.63504,24.181835,3
2733,66000,387130000C,(04)23274275,(04)23288582,2025,11,7,17,58,臺中市,大肚區,0,0,0,7,,,30,,,,,,,,,,,,,,17,,,,,B03,,,1,,2,,,8,8,1,6,4,120.571607,24.157349,3
2734,66000,387130000C,(04)23274275,(04)23288582,2025,11,7,18,0,臺中市,西屯區,0,1,0,7,2,6,50,13,9,1,5,4,6,6,4,4,5,4,5,2,17,3,10,1,1,C03,7,15,1,10,2,11,,84,84,1,12,4,120.607319,24.192444,2
2735,66000,387130000C,(04)23274275,(04)23288582,2025,11,7,18,0,臺中市,西屯區,0,0,0,7,,,30,,,,,,,,,,,,,,17,,,,,,,,,,,,,119,119,1,,,120.644572,24.177977,3
2736,66000,387130000C,(04)23274275,(04)23288582,2025,11,7,18,1,臺中市,潭子區,0,1,0,7,1,6,50,3,1,1,5,4,6,6,1,1,10,5,5,2,12,3,10,3,1,A05,7,9,1,1,2,4,,84,84,1,12,4,120.70738,24.215513,2
2737,66000,387130000C,(04)23274275,(04)23288582,2025,11,7,18,2,臺中市,西區,0,1,0,6,1,6,50,4,1,1,5,4,6,6,1,1,10,5,5,2,17,3,10,3,1,B03,7,9,1,8,1,6,,21,21,1,12,4,120.666629,24.148808,2
2738,66000,387130000C,(04)23274275,(04)23288582,2025,11,7,18,3,臺中市,大里區,0,0,0,7,,,50,,,,,,,,,,,,,,,,,,,C03,,,1,,1,,,7,7,1,13,4,120.705632,24.087703,3
2739,66000,387130000C,(04)23274275,(04)23288582,2025,11,7,18,3,臺中市,梧棲區,0,1,0,7,1,6,50,4,19,1,5,4,6,6,1,1,10,5,5,2,3,3,10,3,1,B03,7,6,1,8,2,1,,10,10,1,6,4,120.528839,24.222634,2
2740,66000,387130000C,(04)23274275,(04)23288582,2025,11,7,18,5,臺中市,沙鹿區,0,1,0,7,2,6,50,13,8,1,5,4,6,6,4,4,3,4,4,2,17,3,10,3,1,B03,7,7,1,8,2,2,,40,40,1,13,4,120.570508,24.214127,2
2741,66000,387130000C,(04)23274275,(04)23288582,2025,11,7,18,5,臺中市,沙鹿區,0,0,0,6,,,50,,,,,,,,,,,,,,12,,,,,B03,,,1,,2,,,8,8,1,12,4,120.566735,24.225191,3
2742,66000,387130000C,(04)23274275,(04)23288582,2025,11,7,18,6,臺中市,沙鹿區,0,2,0,7,3,6,40,13,9,1,5,4,6,6,4,4,1,4,3,1,5,2,9,1,1,C03,7,9,1,10,2,11,,84,84,1,12,4,120.581551,24.205719,2
2743,66000,387130000C,(04)23274275,(04)23288582,2025,11,7,18,8,臺中市,南屯區,0,1,0,7,1,6,40,13,9,1,5,4,6,6,4,4,9,5,5,2,13,3,10,5,4,B01,7,11,1,4,2,3,,45,45,1,6,4,120.619731,24.130118,2
2744,66000,387130000C,(04)23274275,(04)23288582,2025,11,7,18,9,臺中市,大里區,0,0,0,6,,3,50,,,,,,,,,,,,,,17,,,,,B03,,,1,,1,,,7,7,1,13,4,120.684003,24.090388,3
2745,66000,387130000C,(04)23274275,(04)23288582,2025,11,7,18,10,臺中市,南屯區,0,0,0,7,1,6,50,13,9,1,5,4,6,6,1,1,5,4,5,2,12,,,,,B03,,,1,,1,,,85,85,1,12,4,120.635845,24.131089,3
2746,66000,387130000C,(04)23274275,(04)23288582,2025,11,7,18,10,臺中市,西屯區,0,1,0,7,1,6,50,3,1,1,5,4,6,6,2,1,10,5,5,2,17,3,10,5,4,B03,7,5,1,8,2,6,,11,11,1,13,4,120.592776,24.17925,2
2747,66000,387130000C,(04)23274275,(04)23288582,2025,11,7,18,10,臺中市,烏日區,0,0,0,7,,,50,,,,,,,,,,,,,,17,,,,,B03,,,1,,2,,,8,8,1,6,4,120.647473,24.110777,3
2748,66000,387130000C,(04)23274275,(04)23288582,2025,11,7,18,11,臺中市,北區,0,1,0,7,1,6,50,4,1,1,5,4,6,6,1,1,10,5,5,2,13,2,9,5,4,C03,7,12,1,10,2,11,,7,7,1,13,4,120.67502,24.148928,2
2749,66000,387130000C,(04)23274275,(04)23288582,2025,11,7,18,11,臺中市,大里區,0,0,0,7,,,50,,,,,,,,,,,,,,,,,,,B03,,,1,,9,,,84,84,1,12,4,120.690012,24.115583,3
2750,66000,387130000C,(04)23274275,(04)23288582,2025,11,7,18,11,臺中市,大甲區,0,0,0,7,,,30,,,,,,,,,,,,,,,,,,,B12,,,1,,1,,,49,49,1,6,4,120.651024,24.391169,3
2751,66000,387130000C,(04)23274275,(04)23288582,2025,11,7,18,12,臺中市,烏日區,0,0,0,7,,,50,,,,,,,,,,,,,,,,,,,A04,,,1,,1,,,59,59,1,12,4,120.612331,24.107386,3
2752,66000,387130000C,(04)23274275,(04)23288582,2025,11,7,18,14,臺中市,北區,0,0,0,7,,,50,,,,,,,,,,,,,,17,,,,,B03,,,6,,1,,,85,85,1,13,4,120.67424,24.167133,4
2753,66000,387130000C,(04)23274275,(04)23288582,2025,11,7,18,15,臺中市,南屯區,0,0,0,7,,,50,,,,,,,,,,,,,,11,,,,,B03,,,1,,1,,,8,8,1,12,4,120.615115,24.129791,3
2754,66000,387130000C,(04)23274275,(04)23288582,2025,11,7,18,15,臺中市,豐原區,0,1,0,7,1,6,30,3,1,1,5,4,6,6,4,4,10,5,5,1,16,2,9,1,1,C03,7,6,1,10,2,14,,14,14,1,13,4,120.765672,24.261933,2
2755,66000,387130000C,(04)23274275,(04)23288582,2025,11,7,18,17,臺中市,太平區,0,0,0,7,,3,80,,,,,,,,,,,,,,13,,,,,B03,,,1,,2,,,7,7,1,12,4,120.71794,24.159125,3
2756,66000,387130000C,(04)23274275,(04)23288582,2025,11,7,18,17,臺中市,太平區,0,1,0,7,1,6,50,4,3,1,5,4,6,6,2,1,5,4,5,2,13,2,9,2,1,C03,7,9,1,10,2,11,12,7,7,1,12,4,120.717351,24.158447,2
2757,66000,387130000C,(04)23274275,(04)23288582,2025,11,7,18,18,臺中市,大里區,0,0,0,7,,,50,,,,,,,,,,,,,,14,,,,,B03,,,1,,2,,,49,49,1,12,4,120.677994,24.110831,3
2758,66000,387130000C,(04)23274275,(04)23288582,2025,11,7,18,18,臺中市,烏日區,0,0,0,7,,,50,,,,,,,,,,,,,,13,,,,,B03,,,1,,3,,,7,7,1,6,4,120.617668,24.105857,3
2759,66000,387130000C,(04)23274275,(04)23288582,2025,11,7,18,20,臺中市,北屯區,0,0,0,7,,,50,,,,,,,,,,,,,,14,,,,,C03,,,1,,1,,,49,49,1,6,4,120.676571,24.175001,3
2760,66000,387130000C,(04)23274275,(04)23288582,2025,11,7,18,20,臺中市,西屯區,0,2,0,7,1,6,40,3,1,1,5,4,6,6,4,4,10,5,5,2,16,2,8,2,1,C03,7,11,1,10,2,13,,45,45,1,12,4,120.617148,24.184386,2
2761,66000,387130000C,(04)23274275,(04)23288582,2025,11,7,18,20,臺中市,豐原區,0,0,0,7,,,30,,,,,,,,,,,,,,14,,,,,A12,,,1,,2,,,49,49,1,6,4,120.710448,24.236621,3
2762,66000,387130000C,(04)23274275,(04)23288582,2025,11,7,18,21,臺中市,大雅區,0,1,0,7,1,6,0,3,7,1,5,4,6,6,4,4,5,5,4,1,16,3,10,3,1,B12,7,1,1,8,2,4,,51,51,1,12,4,120.644261,24.206696,2
2763,66000,387130000C,(04)23274275,(04)23288582,2025,11,7,18,22,臺中市,西屯區,0,0,0,7,1,6,60,4,2,1,5,4,6,6,2,2,1,4,1,2,13,,,,,B03,,,5,,1,,,7,7,1,13,4,120.636439,24.160617,3
2764,66000,387130000C,(04)23274275,(04)23288582,2025,11,7,18,30,臺中市,西區,0,1,0,6,1,6,50,13,9,1,5,4,6,6,4,4,9,5,5,2,17,3,10,3,1,B03,7,1,1,8,2,4,,51,51,1,12,4,120.675771,24.137374,2
2765,66000,387130000C,(04)23274275,(04)23288582,2025,11,7,18,31,臺中市,大安區,0,1,0,7,1,6,50,3,9,1,5,4,6,6,1,1,4,5,5,1,16,3,10,3,1,B03,7,6,1,8,1,2,,11,11,1,6,4,120.585895,24.378829,2
2766,66000,387130000C,(04)23274275,(04)23288582,2025,11,7,18,32,臺中市,豐原區,0,0,0,7,,,50,,,,,,,,,,,,,,,,,,,B12,,,1,,2,,,7,7,1,13,4,120.724026,24.260373,3
2767,66000,387130000C,(04)23274275,(04)23288582,2025,11,7,18,35,臺中市,大里區,0,0,0,7,,,50,,,,,,,,,,,,,,,,,,,,,,,,,,,119,119,1,,,120.699361,24.094349,3
2768,66000,387130000C,(04)23274275,(04)23288582,2025,11,7,18,37,臺中市,南屯區,0,0,0,7,,,50,,,,,,,,,,,,,,17,,,,,C03,,,1,,9,,,50,50,1,12,4,120.610267,24.136147,3
2769,66000,387130000C,(04)23274275,(04)23288582,2025,11,7,18,38,臺中市,北區,0,0,0,7,,,50,,,,,,,,,,,,,,14,,,,,B03,,,1,,2,,,49,49,1,13,4,120.696039,24.158251,3
2770,66000,387130000C,(04)23274275,(04)23288582,2025,11,7,18,38,臺中市,西屯區,0,0,0,7,,,50,,,,,,,,,,,,,,12,,,,,B03,,,1,,1,,,40,40,1,12,4,120.641103,24.173546,3
2771,66000,387130000C,(04)23274275,(04)23288582,2025,11,7,18,39,臺中市,大雅區,0,0,0,7,,,40,,,,,,,,,,,,,,,,,,,F03,,,7,,1,,,7,7,1,12,4,120.641686,24.230044,3
2772,66000,387130000C,(04)23274275,(04)23288582,2025,11,7,18,39,臺中市,西屯區,0,0,0,7,,,30,,,,,,,,,,,,,,17,,,,,B03,,,1,,2,,,51,51,1,12,4,120.648419,24.156287,3
2773,66000,387130000C,(04)23274275,(04)23288582,2025,11,7,18,40,臺中市,太平區,0,1,0,7,1,6,50,3,1,1,5,4,6,6,4,4,10,5,5,2,9,3,10,3,1,B02,7,9,1,8,2,2,,84,84,1,12,4,120.700794,24.149303,2
2774,66000,387130000C,(04)23274275,(04)23288582,2025,11,7,18,41,臺中市,西屯區,0,0,0,7,,,30,,,,,,,,,,,,,,17,,,,,C03,,,1,,2,,,84,84,1,13,4,120.643206,24.172573,3
2775,66000,387130000C,(04)23274275,(04)23288582,2025,11,7,18,48,臺中市,北屯區,0,2,0,6,1,6,50,5,1,1,5,4,6,6,2,1,10,5,5,2,16,2,8,2,1,C03,7,6,1,10,2,12,,11,11,1,6,4,120.700989,24.170133,2
2776,66000,387130000C,(04)23274275,(04)23288582,2025,11,7,18,50,臺中市,北屯區,0,0,0,7,,,50,,,,,,,,,,,,,,13,,,,,B03,,,1,,1,,,7,7,1,6,4,120.692405,24.164935,3
2777,66000,387130000C,(04)23274275,(04)23288582,2025,11,7,18,51,臺中市,太平區,0,0,0,7,,,50,,,,,,,,,,,,,,,,,,,B03,,,1,,2,,,59,59,1,6,4,120.721911,24.147837,3
2778,66000,387130000C,(04)23274275,(04)23288582,2025,11,7,18,57,臺中市,西屯區,0,3,0,7,1,6,40,3,8,1,5,4,6,6,1,1,1,4,1,1,17,2,9,5,4,C03,7,9,1,10,2,11,,7,7,1,13,4,120.611231,24.184667,2
2779,66000,387130000C,(04)23274275,(04)23288582,2025,11,7,18,58,臺中市,太平區,0,0,0,7,,,50,,,,,,,,,,,,,,17,,,,,B03,,,1,,2,,,57,57,1,12,4,120.73196,24.156533,3
2780,66000,387130000C,(04)23274275,(04)23288582,2025,11,7,18,59,臺中市,豐原區,0,0,0,7,,,50,,,,,,,,,,,,,,13,,,,,C03,,,1,,2,,,7,7,1,13,4,120.72887,24.246171,4
2781,66000,387130000C,(04)23274275,(04)23288582,2025,11,7,19,0,臺中市,南區,0,1,0,7,1,6,50,5,1,1,5,4,6,6,2,1,3,4,5,2,12,3,10,3,1,B11,7,9,1,8,2,2,,8,8,1,13,4,120.669051,24.128577,2
2782,66000,387130000C,(04)23274275,(04)23288582,2025,11,7,19,2,臺中市,北屯區,0,1,0,7,1,6,50,4,1,1,5,4,6,6,2,1,10,5,5,2,16,3,10,3,1,B03,7,6,1,8,2,5,,11,11,1,13,4,120.690821,24.180357,2
2783,66000,387130000C,(04)23274275,(04)23288582,2025,11,7,19,3,臺中市,西區,0,0,0,7,,,50,,,,,,,,,,,,,,,,,,,B03,,,1,,2,,,84,84,1,6,4,120.653863,24.152323,3
2784,66000,387130000C,(04)23274275,(04)23288582,2025,11,7,19,5,臺中市,北屯區,0,1,0,7,1,6,50,3,19,1,5,4,6,6,4,4,5,5,5,2,3,3,10,1,1,C03,7,9,1,10,2,11,,10,10,1,6,4,120.699502,24.163976,2
2785,66000,387130000C,(04)23274275,(04)23288582,2025,11,7,19,7,臺中市,東區,0,0,0,7,,,50,,,,,,,,,,,,,,,,,,,B03,,,1,,2,,,84,84,1,12,4,120.687633,24.143823,3
2786,66000,387130000C,(04)23274275,(04)23288582,2025,11,7,19,7,臺中市,北屯區,0,0,0,7,,,50,,,,,,,,,,,,,,2,,,,,B03,,,1,,2,,,8,8,1,13,4,120.662739,24.186379,3
2787,66000,387130000C,(04)23274275,(04)23288582,2025,11,7,19,8,臺中市,北屯區,0,2,0,7,2,6,50,13,9,1,5,4,6,6,4,4,10,5,5,2,13,2,9,5,4,C03,7,7,1,10,2,14,,7,7,1,12,4,120.693307,24.16371,2
2788,66000,387130000C,(04)23274275,(04)23288582,2025,11,7,19,10,臺中市,北區,0,2,0,7,1,6,50,4,2,1,5,4,6,6,4,4,10,5,5,2,13,2,9,2,1,C03,7,9,1,10,2,11,,7,7,1,13,4,120.668367,24.172809,2
2789,66000,387130000C,(04)23274275,(04)23288582,2025,11,7,19,11,臺中市,西屯區,0,0,0,7,,,30,,,,,,,,,,,,,,17,,,,,B03,,,1,,2,,,8,8,1,12,4,120.627671,24.199833,3
2790,66000,387130000C,(04)23274275,(04)23288582,2025,11,7,19,14,臺中市,北屯區,0,1,0,6,1,6,50,3,1,1,5,4,6,6,4,4,10,5,5,2,18,2,9,2,1,C03,7,9,1,10,2,14,,84,84,1,5,4,120.690044,24.179876,2
2791,66000,387130000C,(04)23274275,(04)23288582,2025,11,7,19,16,臺中市,西屯區,0,0,0,7,,6,50,3,1,1,5,4,6,6,4,4,5,5,4,2,14,,,,,B03,,,1,,1,,,49,49,1,13,4,120.663555,24.170933,3
2792,66000,387130000C,(04)23274275,(04)23288582,2025,11,7,19,17,臺中市,北屯區,0,0,0,7,,,40,,,,,,,,,,,,,,17,,,,,C03,,,1,,9,,,50,50,2,13,4,120.686186,24.186483,3
2793,66000,387130000C,(04)23274275,(04)23288582,2025,11,7,19,17,臺中市,大里區,0,2,0,6,1,6,30,13,9,1,5,4,6,6,4,4,10,5,5,2,9,3,10,1,1,F01,7,9,7,21,2,11,,84,84,1,13,4,120.7024,24.09257,2
2794,66000,387130000C,(04)23274275,(04)23288582,2025,11,7,19,23,臺中市,南區,0,1,0,7,1,6,50,13,9,1,5,4,6,6,4,4,7,5,5,2,28,2,9,1,1,C03,7,9,5,19,2,11,,84,84,1,12,4,120.668041,24.115443,2
2795,66000,387130000C,(04)23274275,(04)23288582,2025,11,7,19,23,臺中市,太平區,0,1,0,7,1,6,50,13,9,1,5,4,6,6,4,4,5,4,5,2,13,3,10,3,1,B03,7,9,3,19,2,1,,7,7,1,12,4,120.715278,24.149397,2
2796,66000,387130000C,(04)23274275,(04)23288582,2025,11,7,19,26,臺中市,北區,0,0,0,7,1,6,50,13,9,1,5,4,6,6,4,4,1,4,5,2,17,3,10,3,1,B03,7,9,1,8,1,2,,84,84,1,12,4,120.692294,24.155936,3
2797,66000,387130000C,(04)23274275,(04)23288582,2025,11,7,19,28,臺中市,北區,0,0,0,7,,,50,,,,,,,,,,,,,,17,,,,,C03,,,7,,10,,,87,87,1,13,4,120.667914,24.172799,3
2798,66000,387130000C,(04)23274275,(04)23288582,2025,11,7,19,28,臺中市,東區,0,0,0,7,,,50,,,,,,,,,,,,,,13,,,,,B03,,,1,,1,,,84,84,1,12,4,120.705365,24.130465,3
2799,66000,387130000C,(04)23274275,(04)23288582,2025,11,7,19,28,臺中市,烏日區,0,1,0,7,1,6,30,13,9,1,5,4,6,6,4,4,10,5,5,1,17,2,9,4,4,F01,7,11,7,21,2,13,,20,20,1,6,4,120.643378,24.073005,2
2800,66000,387130000C,(04)23274275,(04)23288582,2025,11,7,19,30,臺中市,沙鹿區,0,0,0,7,,,50,,,,,,,,,,,,,,,,,,,B03,,,1,,10,,,87,87,1,6,4,120.557016,24.250316,3
2801,66000,387130000C,(04)23274275,(04)23288582,2025,11,7,19,35,臺中市,神岡區,0,1,0,7,1,6,60,13,9,1,5,4,6,6,4,4,1,4,5,1,17,3,10,3,1,B03,7,5,1,8,2,2,,84,84,1,12,4,120.679532,24.24401,2
2802,66000,387130000C,(04)23274275,(04)23288582,2025,11,7,19,38,臺中市,北區,0,1,0,7,1,6,50,13,7,1,5,4,6,6,4,4,2,4,4,2,17,2,9,1,1,C03,7,9,1,10,2,11,,59,59,1,12,4,120.690381,24.158028,2
2803,66000,387130000C,(04)23274275,(04)23288582,2025,11,7,19,39,臺中市,太平區,0,0,0,7,,3,80,,,,,,,,,,,,,,,,,,,B03,,,1,,2,,,84,84,1,6,4,120.714097,24.14843,3
2804,66000,387130000C,(04)23274275,(04)23288582,2025,11,7,19,46,臺中市,大雅區,0,2,0,7,1,6,50,5,1,1,5,4,6,6,1,1,10,5,5,2,13,2,9,2,1,C03,7,6,1,10,2,11,,84,84,1,12,4,120.66761,24.215681,2
2805,66000,387130000C,(04)23274275,(04)23288582,2025,11,7,19,46,臺中市,大里區,0,1,0,7,2,6,30,3,1,1,5,4,6,6,4,4,10,5,5,2,16,2,9,6,1,F01,7,6,7,21,2,14,,48,48,1,13,4,120.695959,24.071726,2
2806,66000,387130000C,(04)23274275,(04)23288582,2025,11,7,19,46,臺中市,大里區,0,2,0,7,1,6,50,4,1,1,5,4,6,6,2,1,1,4,5,1,13,2,9,1,1,C03,7,9,1,10,2,11,,7,7,1,12,4,120.679966,24.109147,2
2807,66000,387130000C,(04)23274275,(04)23288582,2025,11,7,19,47,臺中市,西屯區,0,0,0,7,,,,,,,,,,,,,,,,,17,,,,,,,,,,,,,119,119,1,,,120.658483,24.161947,3
2808,66000,387130000C,(04)23274275,(04)23288582,2025,11,7,19,47,臺中市,西屯區,0,2,0,7,1,6,50,13,8,1,5,4,6,6,4,4,1,4,5,2,12,3,10,5,4,B03,7,8,1,8,2,8,,40,40,1,13,4,120.63952,24.168589,2
2809,66000,387130000C,(04)23274275,(04)23288582,2025,11,7,19,52,臺中市,太平區,0,1,0,7,1,6,50,5,1,1,5,4,6,6,2,1,5,5,5,1,16,3,10,3,1,B03,7,5,1,8,2,6,,84,84,1,6,4,120.722334,24.112715,2
2810,66000,387130000C,(04)23274275,(04)23288582,2025,11,7,19,59,臺中市,清水區,0,2,0,7,1,6,40,13,7,1,5,4,6,6,2,1,1,4,4,2,13,3,10,2,1,C03,7,9,1,10,2,12,,7,7,1,12,4,120.576149,24.270616,2
2811,66000,387130000C,(04)23274275,(04)23288582,2025,11,7,20,2,臺中市,中區,0,0,0,7,,,,,,,,,,,,,,,,,17,,,,,,,,,,,,,119,119,1,,,120.678593,24.146769,3
2812,66000,387130000C,(04)23274275,(04)23288582,2025,11,7,20,8,臺中市,北屯區,0,0,0,7,,,50,,,,,,,,,,,,,,16,,,,,C03,,,1,,1,,,11,11,1,6,4,120.686357,24.170719,3
2813,66000,387130000C,(04)23274275,(04)23288582,2025,11,7,20,8,臺中市,大肚區,0,0,0,7,,,30,,,,,,,,,,,,,,17,,,,,B01,,,1,,2,,,8,8,1,6,4,120.576042,24.159049,3
2814,66000,387130000C,(04)23274275,(04)23288582,2025,11,7,20,12,臺中市,大里區,0,0,0,7,,,30,,,,,,,,,,,,,,,,,,,B03,,,1,,1,,,50,50,1,13,4,120.699922,24.080506,3
2815,66000,387130000C,(04)23274275,(04)23288582,2025,11,7,20,17,臺中市,神岡區,0,0,0,7,,,50,,,,,,,,,,,,,,2,,,,,B03,,,5,,9,,,7,7,2,13,4,120.694467,24.248554,3
2816,66000,387130000C,(04)23274275,(04)23288582,2025,11,7,20,23,臺中市,太平區,0,0,0,7,,,50,,,,,,,,,,,,,,17,,,,,B03,,,3,,2,,,84,84,1,12,4,120.723,24.134062,3
2817,66000,387130000C,(04)23274275,(04)23288582,2025,11,7,20,27,臺中市,西屯區,0,0,0,7,,,40,,,,,,,,,,,,,,12,,,,,C03,,,1,,2,,,51,51,1,12,4,120.645073,24.18035,3