序號,縣市別代碼,機關代碼,市話,傳真,年,月,日,時,分,縣市,區,死亡數量,受傷數量,2-30,天候,道路照明設備,道路類別,道路速限,道路型態,事故位置,路面鋪裝,路面狀態,路面缺陷,障礙物,視距,號誌種類,號誌動作,分向設施,快車道或一般車道間,快慢車道間,路面邊線,事故類型及型態,受傷程度,主要傷處,保護裝備,行動電話或功能裝置,當事者區分(類別),車輛用途,當事者行動狀態,駕照狀態,駕照種類,飲酒情形,車輛撞擊部位最初,車輛撞擊部位其他,肇事因素個別,肇事因素主要,肇事逃逸,職業,共享經濟或外送平台,GPS座標X,GPS座標Y,事故類別
2818,66000,387130000C,(04)23274275,(04)23288582,2025,11,7,20,28,臺中市,南屯區,0,0,0,7,1,6,50,13,9,1,5,4,6,6,1,1,1,2,1,2,17,,,,,B03,,,1,,1,,,25,25,1,12,4,120.623001,24.145189,3
2819,66000,387130000C,(04)23274275,(04)23288582,2025,11,7,20,33,臺中市,西屯區,0,0,0,7,2,6,60,4,2,1,5,4,6,6,2,1,1,4,1,2,13,,,,,B03,,,5,,2,,,7,7,1,13,4,120.624383,24.178531,3
2820,66000,387130000C,(04)23274275,(04)23288582,2025,11,7,20,38,臺中市,沙鹿區,0,1,0,6,1,6,50,5,1,1,5,4,6,6,1,1,1,4,4,2,16,3,10,3,1,B03,7,5,1,8,2,5,,47,47,1,12,4,120.572796,24.210911,2
2821,66000,387130000C,(04)23274275,(04)23288582,2025,11,7,20,42,臺中市,西區,0,0,0,6,,,,,,,,,,,,,,,,,,,,,,,,,,,,,,119,119,1,,,120.667989,24.151152,3
2822,66000,387130000C,(04)23274275,(04)23288582,2025,11,7,20,44,臺中市,太平區,0,1,0,7,1,6,50,13,9,1,5,4,6,6,4,4,5,4,5,1,17,3,10,5,4,C03,7,11,1,10,2,16,,39,39,1,6,4,120.713824,24.126082,2
2823,66000,387130000C,(04)23274275,(04)23288582,2025,11,7,20,48,臺中市,梧棲區,0,0,0,7,,,50,,,,,,,,,,,,,,16,,,,,B03,,,1,,1,,,11,11,1,6,4,120.52834,24.221855,3
2824,66000,387130000C,(04)23274275,(04)23288582,2025,11,7,20,50,臺中市,清水區,0,0,0,7,,,50,,,,,,,,,,,,,,,,,,,C03,,,1,,1,,,48,48,1,12,4,120.576738,24.272144,3
2825,66000,387130000C,(04)23274275,(04)23288582,2025,11,7,20,52,臺中市,大肚區,0,0,0,7,,,30,,,,,,,,,,,,,,,,,,,B12,,,1,,2,,,8,8,1,6,4,120.55529,24.141468,3
2826,66000,387130000C,(04)23274275,(04)23288582,2025,11,7,20,53,臺中市,中區,0,1,0,7,3,6,50,4,1,1,5,4,6,6,1,1,10,5,5,2,13,2,9,1,1,C03,7,5,1,10,2,11,,84,84,1,6,4,120.684916,24.137577,2
2827,66000,387130000C,(04)23274275,(04)23288582,2025,11,7,20,59,臺中市,大里區,0,0,0,7,,,50,,,,,,,,,,,,,,13,,,,,B01,,,1,,1,,,59,59,1,12,4,120.67476,24.105949,3
2828,66000,387130000C,(04)23274275,(04)23288582,2025,11,7,21,0,臺中市,外埔區,0,0,0,7,1,6,30,4,2,1,5,4,6,1,4,4,10,5,5,2,17,3,10,3,1,B03,7,5,1,8,1,6,,84,84,1,6,4,120.639384,24.344265,3
2829,66000,387130000C,(04)23274275,(04)23288582,2025,11,7,21,0,臺中市,豐原區,0,0,0,7,,,60,,,,,,,,,,,,,,13,,,,,C03,,,1,,2,,,7,7,1,12,4,120.726504,24.237629,3
2830,66000,387130000C,(04)23274275,(04)23288582,2025,11,7,21,9,臺中市,北屯區,0,1,0,7,1,6,50,4,1,1,5,4,6,6,2,1,10,5,5,2,16,3,10,3,1,B03,7,6,1,8,2,5,,11,11,1,13,4,120.673663,24.196668,2
2831,66000,387130000C,(04)23274275,(04)23288582,2025,11,7,21,13,臺中市,北屯區,0,0,0,7,,,40,,,,,,,,,,,,,,14,,,,,B03,,,1,8,1,,,49,49,1,12,4,120.659058,24.190885,3
2832,66000,387130000C,(04)23274275,(04)23288582,2025,11,7,21,17,臺中市,太平區,0,2,0,7,1,6,50,3,2,1,5,4,6,6,4,4,9,4,4,1,17,2,9,1,1,C03,7,9,1,9,2,14,,43,43,1,12,4,120.728843,24.103491,2
2833,66000,387130000C,(04)23274275,(04)23288582,2025,11,7,21,20,臺中市,南屯區,0,0,0,7,,,50,,,,,,,,,,,,,,17,,,,,B03,,,1,,1,,,39,39,1,6,4,120.645907,24.146874,3
2834,66000,387130000C,(04)23274275,(04)23288582,2025,11,7,21,20,臺中市,南屯區,0,0,0,6,,,50,,,,,,,,,,,,,,,,,,,B03,,,1,,1,,,84,84,1,12,4,120.640892,24.130637,3
2835,66000,387130000C,(04)23274275,(04)23288582,2025,11,7,21,20,臺中市,西屯區,0,0,0,7,,,50,,,,,,,,,,,,,,,,,,,C03,,,1,,9,,,51,51,1,12,4,120.644031,24.182904,3
2836,66000,387130000C,(04)23274275,(04)23288582,2025,11,7,21,25,臺中市,西區,0,0,0,7,,,50,,,,,,,,,,,,,,13,,,,,B03,,,1,,1,,,7,7,1,13,4,120.65714,24.157107,4
2837,66000,387130000C,(04)23274275,(04)23288582,2025,11,7,21,25,臺中市,北屯區,0,2,0,7,3,6,50,4,2,1,5,4,6,6,1,1,1,5,4,2,13,2,9,2,1,C03,7,9,3,19,1,12,,7,7,1,6,4,120.72147,24.162428,2
2838,66000,387130000C,(04)23274275,(04)23288582,2025,11,7,21,27,臺中市,北屯區,0,2,0,6,1,6,30,4,1,1,5,4,6,6,1,1,10,5,5,2,16,2,9,2,1,C03,7,6,1,10,2,14,,85,85,1,6,4,120.718558,24.170169,2
2839,66000,387130000C,(04)23274275,(04)23288582,2025,11,7,21,32,臺中市,西屯區,0,0,0,7,,,40,,,,,,,,,,,,,,17,,,,,C03,,,1,,1,,,42,42,1,13,4,120.658712,24.192029,3
2840,66000,387130000C,(04)23274275,(04)23288582,2025,11,7,21,35,臺中市,南屯區,0,1,0,7,1,6,50,13,9,1,5,4,6,6,4,4,9,5,5,2,18,2,9,1,1,F01,7,9,7,21,2,12,,59,59,1,13,4,120.587463,24.160743,2
2841,66000,387130000C,(04)23274275,(04)23288582,2025,11,7,21,35,臺中市,西屯區,0,0,0,7,,,50,,,,,,,,,,,,,,13,,,,,B03,,,1,,1,,,59,59,1,13,4,120.65313,24.160787,3
2842,66000,387130000C,(04)23274275,(04)23288582,2025,11,7,21,45,臺中市,梧棲區,0,0,0,7,,,50,,,,,,,,,,,,,,12,,,,,F01,,,7,,1,,,58,58,1,12,4,120.529733,24.249842,3
2843,66000,387130000C,(04)23274275,(04)23288582,2025,11,7,21,47,臺中市,西屯區,0,0,0,7,1,6,50,4,1,1,5,4,6,6,2,1,1,4,4,2,15,,,,,B03,,,1,,2,,,48,48,1,13,4,120.639083,24.164986,3
2844,66000,387130000C,(04)23274275,(04)23288582,2025,11,7,21,47,臺中市,西屯區,0,2,0,7,1,6,40,4,1,1,5,4,6,6,1,1,1,5,1,2,12,2,9,3,1,B02,7,7,1,3,1,5,,40,40,1,12,4,120.653134,24.160481,2
2845,66000,387130000C,(04)23274275,(04)23288582,2025,11,7,21,48,臺中市,南屯區,0,1,0,6,1,6,50,5,2,1,5,4,6,6,2,1,5,4,4,2,17,3,10,3,1,B03,7,5,1,8,1,2,,84,84,1,12,4,120.654569,24.135273,2
2846,66000,387130000C,(04)23274275,(04)23288582,2025,11,7,21,49,臺中市,太平區,0,0,0,7,,,50,,,,,,,,,,,,,,17,,,,,B03,,,1,,2,,,84,84,1,12,4,120.713324,24.112886,3
2847,66000,387130000C,(04)23274275,(04)23288582,2025,11,7,21,51,臺中市,神岡區,0,0,0,7,,,50,,,,,,,,,,,,,,17,,,,,B03,,,1,,1,,,84,84,1,6,4,120.687308,24.247326,3
2848,66000,387130000C,(04)23274275,(04)23288582,2025,11,7,21,53,臺中市,南屯區,0,1,0,7,1,6,50,4,1,1,5,4,6,6,2,1,10,5,5,2,16,3,10,3,1,B03,7,6,1,8,2,5,,11,11,1,12,4,120.637516,24.138137,2
2849,66000,387130000C,(04)23274275,(04)23288582,2025,11,7,22,2,臺中市,中區,0,1,0,7,1,6,50,4,2,1,5,4,6,6,1,1,5,4,5,1,11,2,9,2,1,C03,7,9,1,10,2,14,,59,59,1,12,4,120.680266,24.143155,2
2850,66000,387130000C,(04)23274275,(04)23288582,2025,11,7,22,7,臺中市,太平區,0,2,0,7,2,6,50,4,1,1,5,4,6,6,1,1,10,5,5,2,17,2,9,5,4,F01,7,6,7,21,2,12,,11,11,1,4,4,120.717512,24.123599,2
2851,66000,387130000C,(04)23274275,(04)23288582,2025,11,7,22,8,臺中市,大甲區,0,1,0,7,3,6,50,4,1,1,5,4,6,6,4,4,10,5,5,2,17,2,9,1,1,C03,7,9,1,8,2,11,,15,15,1,6,4,120.652399,24.400415,2
2852,66000,387130000C,(04)23274275,(04)23288582,2025,11,7,22,10,臺中市,西屯區,0,0,0,7,,,40,,,,,,,,,,,,,,13,,,,,B03,,,1,,2,,,7,7,1,12,4,120.643244,24.165892,3
2853,66000,387130000C,(04)23274275,(04)23288582,2025,11,7,22,12,臺中市,大肚區,0,2,0,7,1,6,50,13,9,1,5,4,6,6,4,4,3,4,4,1,12,2,9,1,1,C03,7,5,3,19,2,12,,43,43,1,5,4,120.549717,24.140048,2
2854,66000,387130000C,(04)23274275,(04)23288582,2025,11,7,22,16,臺中市,西屯區,0,2,0,7,1,6,40,3,1,1,5,4,6,6,2,1,10,5,5,2,17,2,9,5,4,C03,7,7,1,10,2,12,,39,39,1,13,4,120.611628,24.1843,2
2855,66000,387130000C,(04)23274275,(04)23288582,2025,11,7,22,19,臺中市,中區,0,0,0,6,,,,,,,,,,,,,,,,,,,,,,,,,,,,,,119,119,1,,,120.663128,24.14306,3
2856,66000,387130000C,(04)23274275,(04)23288582,2025,11,7,22,20,臺中市,清水區,0,1,0,7,1,6,50,3,1,1,5,4,6,6,1,1,1,4,5,2,18,2,9,1,1,C03,7,9,1,10,2,12,,58,58,1,12,4,120.540193,24.269628,2
2857,66000,387130000C,(04)23274275,(04)23288582,2025,11,7,22,41,臺中市,西屯區,0,0,0,7,,,30,,,,,,,,,,,,,,16,,,,,B01,,,1,,1,,,14,14,1,13,4,120.637493,24.170552,3
2858,66000,387130000C,(04)23274275,(04)23288582,2025,11,7,22,46,臺中市,豐原區,0,0,0,7,,,50,,,,,,,,,,,,,,,,,,,B03,,,1,,2,,,7,7,1,13,4,120.722501,24.253527,3
2859,66000,387130000C,(04)23274275,(04)23288582,2025,11,7,22,47,臺中市,西屯區,0,2,0,7,1,6,40,3,1,1,5,4,6,6,4,4,10,5,5,2,12,2,9,2,1,C03,7,6,1,10,2,14,,48,48,1,12,4,120.643953,24.175978,2
2860,66000,387130000C,(04)23274275,(04)23288582,2025,11,7,22,49,臺中市,北屯區,0,0,0,7,,,50,,,,,,,,,,,,,,17,,,,,C03,,,1,,2,,,59,59,1,12,4,120.700208,24.163997,3
2861,66000,387130000C,(04)23274275,(04)23288582,2025,11,7,22,52,臺中市,太平區,0,1,0,7,1,6,30,3,1,1,5,4,6,6,4,4,10,5,5,2,16,3,10,3,1,B03,7,6,1,8,2,2,,14,14,1,12,4,120.734312,24.147819,2
2862,66000,387130000C,(04)23274275,(04)23288582,2025,11,7,22,56,臺中市,大里區,0,1,0,7,1,6,50,13,9,1,5,4,6,6,1,1,9,4,5,1,12,3,10,2,1,C03,7,7,1,10,2,13,,40,40,1,12,4,120.67749,24.115021,2
2863,66000,387130000C,(04)23274275,(04)23288582,2025,11,7,22,58,臺中市,南屯區,0,1,0,7,1,6,50,4,2,1,5,4,6,6,4,4,9,5,5,2,9,3,10,3,1,B03,7,9,1,8,2,5,,84,84,1,13,4,120.640652,24.133412,2
2864,66000,387130000C,(04)23274275,(04)23288582,2025,11,7,23,0,臺中市,東區,0,0,0,7,,,50,,,,,,,,,,,,,,17,,,,,C04,,,1,,1,,,84,84,1,12,4,120.70992,24.149361,3
2865,66000,387130000C,(04)23274275,(04)23288582,2025,11,7,23,2,臺中市,西屯區,0,0,0,7,,,50,,,,,,,,,,,,,,12,,,,,B03,,,1,,2,,,77,77,1,12,4,120.64003,24.174191,3
2866,66000,387130000C,(04)23274275,(04)23288582,2025,11,7,23,12,臺中市,北區,0,2,0,7,1,6,50,4,1,1,5,4,6,6,1,1,10,5,5,2,16,2,9,5,4,C03,7,6,1,10,2,14,,36,36,1,13,4,120.669119,24.155327,2
2867,66000,387130000C,(04)23274275,(04)23288582,2025,11,7,23,16,臺中市,西屯區,0,0,0,7,,,70,,,,,,,,,,,,,,13,,,,,B03,,,5,,1,,,54,54,1,12,4,120.653703,24.160311,3
2868,66000,387130000C,(04)23274275,(04)23288582,2025,11,7,23,20,臺中市,大里區,0,1,0,7,1,6,50,13,8,1,5,4,6,6,4,4,1,4,4,1,17,2,9,4,1,F01,7,15,7,21,2,14,,42,42,1,12,4,120.689806,24.093077,2
2869,66000,387130000C,(04)23274275,(04)23288582,2025,11,7,23,23,臺中市,石岡區,0,1,0,7,1,6,50,13,8,1,5,4,6,6,4,4,8,4,4,1,13,2,9,1,1,C03,7,9,1,10,2,11,,84,84,1,12,4,120.799071,24.269806,2
2870,66000,387130000C,(04)23274275,(04)23288582,2025,11,7,23,25,臺中市,龍井區,0,0,0,6,,,30,,,,,,,,,,,,,,11,,,,,A11,,,1,,9,,,8,8,1,6,4,120.589338,24.18069,3
2871,66000,387130000C,(04)23274275,(04)23288582,2025,11,7,23,51,臺中市,北屯區,0,0,0,7,,,50,,,,,,,,,,,,,,17,,,,,B03,,,1,,2,,,82,82,1,6,4,120.756093,24.200036,3
2872,66000,387130000C,(04)23274275,(04)23288582,2025,11,8,0,1,臺中市,西區,0,0,0,7,,,60,,,,,,,,,,,,,,13,,,,,B03,,,1,,1,,,84,84,1,13,4,120.669678,24.150839,3
2873,66000,387130000C,(04)23274275,(04)23288582,2025,11,8,0,1,臺中市,東區,0,1,0,7,1,6,50,4,2,1,5,4,6,6,2,1,5,4,5,1,13,3,10,3,1,B03,7,9,1,8,2,5,,84,84,1,12,4,120.69975,24.144411,2
2874,66000,387130000C,(04)23274275,(04)23288582,2025,11,8,0,5,臺中市,北屯區,0,1,0,7,1,6,50,13,9,1,5,4,6,6,4,4,5,4,5,1,17,3,10,3,1,B03,7,11,1,8,2,1,,39,39,1,6,4,120.68279,24.168719,2
2875,66000,387130000C,(04)23274275,(04)23288582,2025,11,8,0,6,臺中市,清水區,0,0,0,7,,,50,,,,,,,,,,,,,,,,,,,C03,,,1,,2,,,84,84,1,12,4,120.56777,24.270162,3
2876,66000,387130000C,(04)23274275,(04)23288582,2025,11,8,0,15,臺中市,大甲區,0,1,0,7,3,6,50,13,9,1,5,4,6,6,4,4,9,5,5,1,18,2,9,1,1,C03,7,9,1,10,2,12,,7,7,1,6,4,120.619052,24.345495,2
2877,66000,387130000C,(04)23274275,(04)23288582,2025,11,8,0,23,臺中市,北區,0,0,0,7,3,6,,18,24,1,5,4,6,6,4,4,10,5,5,2,17,,,,,,,,,,,,,119,119,1,,,120.677733,24.160466,3
2878,66000,387130000C,(04)23274275,(04)23288582,2025,11,8,0,41,臺中市,太平區,0,0,0,7,,,30,,,,,,,,,,,,,,14,,,,,B03,,,1,,2,,,49,49,1,12,4,120.716095,24.14632,3
2879,66000,387130000C,(04)23274275,(04)23288582,2025,11,8,1,17,臺中市,北屯區,0,0,0,7,,,50,,,,,,,,,,,,,,17,,,,,,,,,,,,,119,119,1,,,120.670941,24.179386,3
2880,66000,387130000C,(04)23274275,(04)23288582,2025,11,8,1,42,臺中市,北區,0,0,0,7,,,40,,,,,,,,,,,,,,17,,,,,F01,,,7,,1,,,85,85,1,13,4,120.673458,24.168386,4
2881,66000,387130000C,(04)23274275,(04)23288582,2025,11,8,3,29,臺中市,南區,0,1,0,7,1,6,50,3,1,1,5,4,6,6,1,1,10,5,5,2,24,3,10,3,1,B03,7,2,5,8,9,5,,49,49,1,12,4,120.66595,24.127065,2
2882,66000,387130000C,(04)23274275,(04)23288582,2025,11,8,4,19,臺中市,東區,0,1,0,7,1,6,50,4,1,1,5,4,6,6,4,4,10,5,5,2,15,2,9,1,1,C03,7,9,1,10,2,11,,12,12,1,12,4,120.704481,24.143298,2
2883,66000,387130000C,(04)23274275,(04)23288582,2025,11,8,4,48,臺中市,北屯區,0,1,0,7,1,6,40,13,9,1,5,4,6,6,4,4,1,4,5,2,18,2,9,1,1,F01,7,9,7,21,11,11,,84,84,1,12,4,120.694297,24.165525,2
2884,66000,387130000C,(04)23274275,(04)23288582,2025,11,8,4,54,臺中市,東區,0,1,0,7,1,6,50,13,9,1,5,4,6,6,4,4,5,4,5,2,17,3,10,3,1,B12,7,11,1,8,2,4,,45,45,1,12,4,120.692433,24.140548,2
2885,66000,387130000C,(04)23274275,(04)23288582,2025,11,8,5,7,臺中市,沙鹿區,0,1,0,6,1,6,40,3,2,1,5,4,6,6,1,1,3,3,3,1,24,2,9,5,4,C03,7,9,3,19,2,14,,59,59,1,13,4,120.575899,24.226855,2
2886,66000,387130000C,(04)23274275,(04)23288582,2025,11,8,5,38,臺中市,南屯區,0,1,0,7,2,6,50,4,2,1,5,4,5,6,2,1,5,4,4,2,17,3,10,3,1,B03,7,9,1,8,2,2,,21,21,1,12,4,120.62339,24.1497,2
2887,66000,387130000C,(04)23274275,(04)23288582,2025,11,8,6,18,臺中市,大里區,0,0,0,7,,,30,,,,,,,,,,,,,,11,,,,,B12,,,1,,2,,,8,8,1,6,4,120.694479,24.121569,3
2888,66000,387130000C,(04)23274275,(04)23288582,2025,11,8,6,18,臺中市,大甲區,0,1,0,7,2,6,70,13,7,1,5,4,6,6,4,4,6,3,4,1,23,2,9,3,1,B03,7,9,1,8,2,1,,59,59,1,12,4,120.625381,24.347458,2
2889,66000,387130000C,(04)23274275,(04)23288582,2025,11,8,6,28,臺中市,西區,0,0,0,7,3,6,50,5,1,1,5,4,6,6,2,1,5,5,4,1,17,3,10,2,1,C03,7,9,1,10,8,11,,53,53,1,13,4,120.661694,24.147867,3
2890,66000,387130000C,(04)23274275,(04)23288582,2025,11,8,6,36,臺中市,潭子區,0,2,0,7,2,6,50,4,1,1,5,4,6,6,2,1,10,5,5,2,16,3,10,2,1,C03,7,9,1,10,2,14,,21,21,1,13,4,120.709827,24.200833,2
2891,66000,387130000C,(04)23274275,(04)23288582,2025,11,8,6,50,臺中市,北屯區,0,1,0,7,2,6,0,13,21,1,5,4,6,6,4,4,10,5,5,2,18,2,9,1,1,C03,7,9,1,10,2,12,,84,84,1,6,4,120.680634,24.194832,2
2892,66000,387130000C,(04)23274275,(04)23288582,2025,11,8,6,51,臺中市,北區,0,2,0,7,3,6,50,18,24,1,5,4,6,6,4,4,9,5,5,2,17,2,9,5,4,F02,7,9,7,21,1,12,,84,84,1,13,4,120.678832,24.156673,2
2893,66000,387130000C,(04)23274275,(04)23288582,2025,11,8,6,53,臺中市,石岡區,0,0,0,7,,,70,,,,,,,,,,,,,,13,,,,,B03,,,1,,1,,,83,83,1,13,4,120.801168,24.26866,3
2894,66000,387130000C,(04)23274275,(04)23288582,2025,11,8,6,56,臺中市,西區,0,0,0,7,,,50,,,,,,,,,,,,,,30,,,,,B03,,,1,,9,,,59,59,1,12,4,120.671167,24.152605,3
2895,66000,387130000C,(04)23274275,(04)23288582,2025,11,8,6,58,臺中市,烏日區,0,1,0,7,3,6,30,4,1,1,5,4,6,6,4,4,10,5,5,2,16,2,9,1,1,C03,7,9,1,9,2,11,12,15,15,1,12,4,120.652085,24.052791,2
2896,66000,387130000C,(04)23274275,(04)23288582,2025,11,8,7,2,臺中市,南區,0,1,0,7,2,6,50,3,1,1,5,4,6,6,4,4,10,5,5,2,17,3,10,3,1,B03,7,1,1,8,2,16,,51,51,1,12,4,120.681747,24.124342,2
2897,66000,387130000C,(04)23274275,(04)23288582,2025,11,8,7,2,臺中市,北屯區,0,0,0,7,,,40,,,,,,,,,,,,,,14,,,,,B03,,,1,,1,,,49,49,1,12,4,120.670038,24.185088,3
2898,66000,387130000C,(04)23274275,(04)23288582,2025,11,8,7,6,臺中市,烏日區,0,2,0,7,2,6,50,4,1,1,5,4,6,6,1,1,10,5,5,2,16,3,10,3,1,B12,7,6,1,8,2,1,,20,20,1,6,4,120.621214,24.103073,2
2899,66000,387130000C,(04)23274275,(04)23288582,2025,11,8,7,14,臺中市,南區,0,0,0,7,,,50,,,,,,,,,,,,,,15,,,,,B03,,,1,,1,,,15,15,1,13,4,120.66562,24.117803,3
2900,66000,387130000C,(04)23274275,(04)23288582,2025,11,8,7,32,臺中市,后里區,0,1,0,7,3,6,30,4,1,1,5,4,6,6,4,4,10,5,5,2,15,3,10,3,1,B03,7,9,1,8,2,16,,15,15,1,6,4,120.662735,24.310536,2
2901,66000,387130000C,(04)23274275,(04)23288582,2025,11,8,7,34,臺中市,北屯區,0,2,0,7,2,6,50,4,1,1,5,4,6,6,4,4,10,5,5,2,15,2,8,3,1,B12,7,9,1,8,2,1,,15,15,1,12,4,120.715852,24.17092,2
2902,66000,387130000C,(04)23274275,(04)23288582,2025,11,8,7,36,臺中市,龍井區,0,1,0,7,2,6,30,13,9,2,5,4,6,6,4,4,10,5,5,2,27,2,9,1,1,C03,7,9,1,10,2,12,,43,43,1,5,4,120.534114,24.204388,2
2903,66000,387130000C,(04)23274275,(04)23288582,2025,11,8,7,45,臺中市,龍井區,0,3,0,7,2,6,50,4,1,1,5,4,6,6,2,1,5,5,5,2,16,2,8,2,1,C03,7,6,3,19,2,12,13,48,48,1,6,4,120.584119,24.182039,2
2904,66000,387130000C,(04)23274275,(04)23288582,2025,11,8,7,47,臺中市,西屯區,0,0,0,7,,,50,,,,,,,,,,,,,,,,,,,B12,,,1,,1,,,78,78,1,12,4,120.657684,24.199874,3
2905,66000,387130000C,(04)23274275,(04)23288582,2025,11,8,7,48,臺中市,潭子區,0,2,0,7,2,6,50,13,7,1,5,4,6,6,4,4,5,5,4,1,17,2,8,1,1,C03,7,11,1,10,2,14,,4,4,1,13,4,120.708313,24.210777,2
2906,66000,387130000C,(04)23274275,(04)23288582,2025,11,8,7,48,臺中市,豐原區,0,2,0,7,2,6,50,4,1,1,5,4,6,6,4,4,5,4,4,1,16,2,9,1,1,C03,7,6,1,10,2,14,,12,12,1,12,4,120.732521,24.251875,2
2907,66000,387130000C,(04)23274275,(04)23288582,2025,11,8,7,54,臺中市,沙鹿區,0,2,0,6,2,6,50,4,1,1,5,4,6,6,4,4,5,5,5,2,9,2,9,1,1,C03,7,9,1,10,2,11,,59,59,1,13,4,120.576545,24.222025,2
2908,66000,387130000C,(04)23274275,(04)23288582,2025,11,8,7,57,臺中市,西區,0,1,0,7,2,6,50,3,2,1,5,4,6,6,4,4,5,4,5,2,16,2,9,2,1,C03,7,6,1,10,2,12,,48,48,1,12,4,120.661469,24.132926,2
2909,66000,387130000C,(04)23274275,(04)23288582,2025,11,8,7,59,臺中市,南屯區,0,0,0,7,,,50,,,,,,,,,,,,,,,,,,,B03,,,1,,1,,,84,84,1,13,4,120.640906,24.151309,3
2910,66000,387130000C,(04)23274275,(04)23288582,2025,11,8,8,6,臺中市,中區,0,0,0,7,,,50,,,,,,,,,,,,,,,,,,,B01,,,1,4,1,,,85,85,1,13,4,120.679497,24.142426,3
2911,66000,387130000C,(04)23274275,(04)23288582,2025,11,8,8,7,臺中市,潭子區,0,0,0,7,,,50,,,,,,,,,,,,,,,,,,,B03,,,1,,2,,,58,58,1,13,4,120.702708,24.200947,3
2912,66000,387130000C,(04)23274275,(04)23288582,2025,11,8,8,7,臺中市,南屯區,0,0,0,7,,,50,,,,,,,,,,,,,,,,,,,C03,,,1,,1,,,84,84,1,12,4,120.646632,24.143832,3
2913,66000,387130000C,(04)23274275,(04)23288582,2025,11,8,8,7,臺中市,北屯區,0,1,0,7,3,6,50,3,1,1,5,4,6,6,1,1,10,5,5,2,16,3,10,3,1,B03,7,11,1,8,2,5,,25,25,1,6,4,120.733481,24.175808,2
2914,66000,387130000C,(04)23274275,(04)23288582,2025,11,8,8,12,臺中市,北屯區,0,0,0,7,,3,80,,,,,,,,,,,,,,,,,,,B03,,,1,,1,,,40,40,1,13,4,120.719744,24.163723,3
2915,66000,387130000C,(04)23274275,(04)23288582,2025,11,8,8,16,臺中市,豐原區,0,1,0,7,2,6,50,4,1,1,5,4,6,6,4,4,1,4,4,1,17,2,9,2,1,C03,7,1,1,10,2,14,,51,51,1,12,4,120.741465,24.263268,2
2916,66000,387130000C,(04)23274275,(04)23288582,2025,11,8,8,19,臺中市,大雅區,0,2,0,7,3,6,50,13,9,1,5,4,6,6,4,4,5,5,5,1,13,3,10,3,1,B03,7,9,1,8,7,1,,53,53,1,12,4,120.655064,24.236742,2
2917,66000,387130000C,(04)23274275,(04)23288582,2025,11,8,8,21,臺中市,潭子區,0,1,0,7,2,6,60,3,1,1,5,4,6,6,2,1,1,4,5,1,12,2,9,1,1,C03,7,8,1,10,2,14,,40,40,1,13,4,120.708713,24.231414,2
2918,66000,387130000C,(04)23274275,(04)23288582,2025,11,8,8,23,臺中市,東區,0,1,0,7,2,6,50,13,9,1,5,4,6,6,4,4,5,5,5,2,17,2,9,3,1,B03,7,9,1,8,2,5,,8,8,1,12,4,120.705868,24.134336,2
2919,66000,387130000C,(04)23274275,(04)23288582,2025,11,8,8,23,臺中市,南屯區,0,0,0,7,,,50,,,,,,,,,,,,,,12,,,,,C03,,,1,,1,,,84,84,1,13,4,120.636051,24.146503,3
2920,66000,387130000C,(04)23274275,(04)23288582,2025,11,8,8,27,臺中市,神岡區,0,0,0,7,,,30,,,,,,,,,,,,,,16,,,,,C03,,,1,,2,,,14,14,1,12,4,120.651472,24.274571,3
2921,66000,387130000C,(04)23274275,(04)23288582,2025,11,8,8,35,臺中市,大里區,0,2,0,7,2,6,50,13,9,1,5,4,6,6,4,4,5,4,5,1,17,2,9,1,1,C03,7,9,3,19,2,11,,7,7,1,12,4,120.687792,24.100497,2
2922,66000,387130000C,(04)23274275,(04)23288582,2025,11,8,8,37,臺中市,北屯區,0,1,0,7,2,6,30,3,2,1,5,4,6,6,4,4,1,3,5,2,12,2,9,1,1,C03,7,11,1,10,2,14,,45,45,1,12,4,120.730304,24.175714,2
2923,66000,387130000C,(04)23274275,(04)23288582,2025,11,8,8,47,臺中市,潭子區,0,1,0,7,2,6,30,13,9,1,5,4,6,6,4,4,10,5,5,2,25,3,10,3,1,B03,7,3,1,8,2,1,,50,50,1,13,4,120.708421,24.210501,2
2924,66000,387130000C,(04)23274275,(04)23288582,2025,11,8,8,47,臺中市,南區,0,2,0,7,2,6,50,4,4,1,5,4,6,6,2,1,1,4,5,2,17,2,8,2,1,C03,7,1,1,10,2,13,,84,84,1,6,4,120.648422,24.119507,2
2925,66000,387130000C,(04)23274275,(04)23288582,2025,11,8,8,51,臺中市,北屯區,0,1,0,7,3,6,40,11,8,1,5,4,6,6,4,4,1,4,4,1,18,2,9,1,1,F01,7,9,7,21,1,14,,84,84,1,12,4,120.787324,24.205207,2
2926,66000,387130000C,(04)23274275,(04)23288582,2025,11,8,8,52,臺中市,南屯區,0,0,0,7,,,50,,,,,,,,,,,,,,,,,,,B03,,,1,,1,,,50,50,1,12,4,120.627279,24.149923,3
2927,66000,387130000C,(04)23274275,(04)23288582,2025,11,8,8,57,臺中市,清水區,0,0,0,7,,,50,,,,,,,,,,,,,,,,,,,B03,,,1,,2,,,84,84,1,12,4,120.577196,24.273691,3
2928,66000,387130000C,(04)23274275,(04)23288582,2025,11,8,9,5,臺中市,太平區,0,0,0,7,,,30,,,,,,,,,,,,,,,,,,,B03,,,1,,9,,,8,8,1,12,4,120.728316,24.095757,3
2929,66000,387130000C,(04)23274275,(04)23288582,2025,11,8,9,6,臺中市,南屯區,0,0,0,7,,,50,,,,,,,,,,,,,,,,,,,B03,,,1,,1,,,84,84,1,13,4,120.648594,24.14778,3