序號,縣市別代碼,機關代碼,市話,傳真,年,月,日,時,分,縣市,區,死亡數量,受傷數量,2-30,天候,道路照明設備,道路類別,道路速限,道路型態,事故位置,路面鋪裝,路面狀態,路面缺陷,障礙物,視距,號誌種類,號誌動作,分向設施,快車道或一般車道間,快慢車道間,路面邊線,事故類型及型態,受傷程度,主要傷處,保護裝備,行動電話或功能裝置,當事者區分(類別),車輛用途,當事者行動狀態,駕照狀態,駕照種類,飲酒情形,車輛撞擊部位最初,車輛撞擊部位其他,肇事因素個別,肇事因素主要,肇事逃逸,職業,共享經濟或外送平台,GPS座標X,GPS座標Y,事故類別
2930,66000,387130000C,(04)23274275,(04)23288582,2025,11,8,9,12,臺中市,大甲區,0,0,0,7,,,50,,,,,,,,,,,,,,3,,,,,H01,,,7,,10,,,95,95,1,13,5,120.623492,24.345445,3
2931,66000,387130000C,(04)23274275,(04)23288582,2025,11,8,9,21,臺中市,北區,0,0,0,7,,,50,,,,,,,,,,,,,,,,,,,B03,,,1,,2,,,7,7,1,12,4,120.670893,24.173657,3
2932,66000,387130000C,(04)23274275,(04)23288582,2025,11,8,9,21,臺中市,大里區,0,1,0,7,2,6,50,4,1,1,5,4,6,6,1,1,5,5,5,1,13,3,10,3,1,B03,7,6,1,8,2,8,,7,7,1,13,4,120.699557,24.1059,2
2933,66000,387130000C,(04)23274275,(04)23288582,2025,11,8,9,30,臺中市,南區,0,0,0,7,,,50,,,,,,,,,,,,,,13,,,,,B03,,,1,,1,,,84,84,1,13,4,120.669846,24.115876,3
2934,66000,387130000C,(04)23274275,(04)23288582,2025,11,8,9,30,臺中市,北屯區,0,0,0,7,,,30,,,,,,,,,,,,,,14,,,,,B03,,,1,,1,,,49,49,1,12,4,120.69967,24.179492,3
2935,66000,387130000C,(04)23274275,(04)23288582,2025,11,8,9,31,臺中市,沙鹿區,0,1,0,7,2,6,30,3,1,1,5,4,6,6,4,4,10,5,5,2,16,3,10,1,1,C03,7,5,1,10,2,13,,12,12,1,5,4,120.61794,24.243192,2
2936,66000,387130000C,(04)23274275,(04)23288582,2025,11,8,9,37,臺中市,北屯區,0,0,0,7,,,50,,,,,,,,,,,,,,14,,,,,B12,,,1,,1,,,49,49,1,6,4,120.728749,24.176672,3
2937,66000,387130000C,(04)23274275,(04)23288582,2025,11,8,9,38,臺中市,沙鹿區,0,0,0,7,,,30,,,,,,,,,,,,,,,,,,,B03,,,1,,2,,,58,58,1,12,4,120.61794,24.243192,3
2938,66000,387130000C,(04)23274275,(04)23288582,2025,11,8,9,40,臺中市,南屯區,0,2,0,7,3,6,50,4,1,1,5,4,6,6,1,1,10,5,5,2,16,3,10,3,1,B03,7,5,1,8,2,2,,11,11,1,13,4,120.624674,24.152206,2
2939,66000,387130000C,(04)23274275,(04)23288582,2025,11,8,9,41,臺中市,中區,0,0,0,7,3,6,50,13,9,1,5,4,6,6,4,4,8,3,5,2,13,,,,,C03,,,1,,1,,,7,7,1,13,4,120.678225,24.139575,3
2940,66000,387130000C,(04)23274275,(04)23288582,2025,11,8,9,44,臺中市,北區,0,0,0,7,,,50,,,,,,,,,,,,,,17,,,,,,,,,,,,,86,86,1,,,120.673046,24.162749,3
2941,66000,387130000C,(04)23274275,(04)23288582,2025,11,8,9,46,臺中市,北屯區,0,1,0,7,2,6,50,13,9,1,5,4,6,6,2,1,3,2,5,2,12,3,10,3,1,B03,7,9,1,8,2,2,,8,8,1,12,4,120.727707,24.160394,2
2942,66000,387130000C,(04)23274275,(04)23288582,2025,11,8,9,49,臺中市,沙鹿區,0,1,0,7,2,6,50,4,2,1,5,4,6,6,1,1,8,3,5,1,17,3,10,5,4,B03,7,5,1,8,2,2,,47,47,1,13,4,120.575254,24.226707,2
2943,66000,387130000C,(04)23274275,(04)23288582,2025,11,8,9,49,臺中市,大甲區,0,0,0,7,,,50,,,,,,,,,,,,,,,,,,,A02,,,1,,1,,,59,59,1,6,4,120.624957,24.352198,3
2944,66000,387130000C,(04)23274275,(04)23288582,2025,11,8,9,57,臺中市,潭子區,0,1,0,7,2,6,30,3,1,1,5,4,6,6,4,4,10,5,5,2,16,3,10,3,1,B03,7,5,1,8,2,8,,14,14,1,13,4,120.692493,24.218899,2
2945,66000,387130000C,(04)23274275,(04)23288582,2025,11,8,9,59,臺中市,西區,0,1,0,7,2,6,50,13,9,1,5,4,6,6,4,4,5,5,5,2,3,2,9,6,5,H01,8,16,7,21,10,17,,95,95,1,12,5,120.665181,24.134945,2
2946,66000,387130000C,(04)23274275,(04)23288582,2025,11,8,10,1,臺中市,西屯區,0,1,0,7,2,9,50,4,1,1,5,4,6,6,4,4,10,5,5,2,16,3,10,5,4,C03,7,6,1,10,2,12,,14,14,1,13,4,120.650698,24.174894,2
2947,66000,387130000C,(04)23274275,(04)23288582,2025,11,8,10,17,臺中市,龍井區,0,0,0,7,2,6,50,3,2,1,5,4,6,6,4,4,5,5,5,2,12,,,,,C03,,,1,,1,,,50,50,1,6,4,120.590768,24.180988,3
2948,66000,387130000C,(04)23274275,(04)23288582,2025,11,8,10,20,臺中市,東區,0,1,0,7,2,6,50,13,9,1,5,4,6,6,4,4,9,4,4,2,17,3,10,3,1,B03,7,5,1,8,2,2,,47,47,1,12,4,120.692549,24.135757,2
2949,66000,387130000C,(04)23274275,(04)23288582,2025,11,8,10,23,臺中市,北屯區,0,0,0,7,,,50,,,,,,,,,,,,,,12,,,,,C03,,,1,,1,,,40,40,1,6,4,120.7217,24.162534,4
2950,66000,387130000C,(04)23274275,(04)23288582,2025,11,8,10,23,臺中市,西屯區,0,2,0,7,2,6,40,13,7,1,5,4,6,6,4,4,5,4,4,2,13,2,9,1,1,C03,7,8,1,10,2,13,,40,40,1,12,4,120.652881,24.176208,2
2951,66000,387130000C,(04)23274275,(04)23288582,2025,11,8,10,24,臺中市,北屯區,0,0,0,7,,,50,,,,,,,,,,,,,,17,,,,,B03,,,1,,1,,,84,84,1,6,4,120.736695,24.178405,3
2952,66000,387130000C,(04)23274275,(04)23288582,2025,11,8,10,26,臺中市,南屯區,0,0,0,7,,,50,,,,,,,,,,,,,,,,,,,B12,,,1,,1,,,7,7,1,13,4,120.647993,24.123322,3
2953,66000,387130000C,(04)23274275,(04)23288582,2025,11,8,10,27,臺中市,后里區,0,2,0,7,3,6,50,13,9,1,5,4,6,6,4,4,9,4,5,2,17,3,10,3,1,B03,7,6,1,8,2,16,,20,20,1,12,4,120.736228,24.300946,2
2954,66000,387130000C,(04)23274275,(04)23288582,2025,11,8,10,28,臺中市,西區,0,0,0,7,,,50,,,,,,,,,,,,,,,,,,,B03,,,1,8,1,,,76,76,1,13,4,120.67691,24.13505,3
2955,66000,387130000C,(04)23274275,(04)23288582,2025,11,8,10,30,臺中市,南屯區,0,2,0,7,3,6,50,3,1,1,5,4,6,6,1,1,10,5,5,2,15,2,9,2,1,C03,7,9,2,19,2,12,,21,21,1,13,4,120.624099,24.152195,2
2956,66000,387130000C,(04)23274275,(04)23288582,2025,11,8,10,30,臺中市,北屯區,0,1,0,7,1,6,50,13,9,1,5,4,6,6,4,4,3,4,5,2,13,2,7,1,1,C03,7,9,1,10,2,11,,84,84,1,13,4,120.686501,24.198811,2
2957,66000,387130000C,(04)23274275,(04)23288582,2025,11,8,10,31,臺中市,梧棲區,0,0,0,7,,,50,,,,,,,,,,,,,,9,,,,,B03,,,1,,1,,,82,82,1,12,4,120.533493,24.254453,3
2958,66000,387130000C,(04)23274275,(04)23288582,2025,11,8,10,37,臺中市,東區,0,1,0,7,2,6,40,13,8,1,5,4,6,6,4,4,5,5,4,2,17,3,10,3,1,B03,7,13,1,8,2,4,,76,76,1,13,4,120.695817,24.142804,2
2959,66000,387130000C,(04)23274275,(04)23288582,2025,11,8,10,38,臺中市,南區,0,0,0,7,,,50,,,,,,,,,,,,,,,,,,,B03,,,1,,2,,,50,50,1,12,4,120.652913,24.114009,3
2960,66000,387130000C,(04)23274275,(04)23288582,2025,11,8,10,41,臺中市,北屯區,0,1,0,7,3,6,50,13,9,1,5,4,6,6,4,4,4,3,5,2,18,2,9,2,1,F01,7,9,7,21,1,14,,84,84,1,12,4,120.774588,24.178953,2
2961,66000,387130000C,(04)23274275,(04)23288582,2025,11,8,10,42,臺中市,豐原區,0,2,0,7,2,6,5,4,1,1,5,4,6,6,1,1,5,4,5,2,16,2,9,1,1,F03,7,6,7,21,2,11,,11,11,1,12,4,120.725079,24.255015,2
2962,66000,387130000C,(04)23274275,(04)23288582,2025,11,8,10,43,臺中市,豐原區,0,1,0,7,2,6,50,4,1,1,5,4,6,6,1,1,5,5,4,2,13,2,9,2,1,C03,7,9,1,10,2,11,,84,84,1,12,4,120.716264,24.23917,2
2963,66000,387130000C,(04)23274275,(04)23288582,2025,11,8,10,44,臺中市,清水區,0,0,0,7,2,6,70,13,7,1,5,4,6,6,1,1,8,3,3,1,13,,,,,B03,,,1,,1,,,7,7,1,12,4,120.607299,24.3074,3
2964,66000,387130000C,(04)23274275,(04)23288582,2025,11,8,10,50,臺中市,潭子區,0,0,0,7,,,30,,,,,,,,,,,,,,,,,,,B03,,,1,,2,,,49,49,1,13,4,120.710037,24.203031,3
2965,66000,387130000C,(04)23274275,(04)23288582,2025,11,8,10,50,臺中市,龍井區,0,0,0,7,,,60,,,,,,,,,,,,,,,,,,,B03,,,1,,1,,,7,7,1,12,4,120.540011,24.21897,3
2966,66000,387130000C,(04)23274275,(04)23288582,2025,11,8,10,54,臺中市,西區,0,1,0,7,1,6,50,4,1,1,5,4,6,6,4,4,5,5,5,2,17,3,10,3,1,B03,7,11,1,8,2,8,,45,45,1,13,4,120.673601,24.15103,2
2967,66000,387130000C,(04)23274275,(04)23288582,2025,11,8,10,56,臺中市,大里區,0,1,0,7,2,6,50,3,1,1,5,4,6,6,4,4,10,5,5,2,17,2,9,1,1,C03,7,9,1,10,2,11,,7,7,1,12,4,120.683009,24.105368,2
2968,66000,387130000C,(04)23274275,(04)23288582,2025,11,8,10,56,臺中市,龍井區,0,1,0,7,2,6,50,4,1,1,5,4,6,6,2,1,5,2,4,1,13,3,10,3,1,B12,7,9,1,7,2,1,,7,7,1,12,4,120.563172,24.200035,2
2969,66000,387130000C,(04)23274275,(04)23288582,2025,11,8,10,57,臺中市,太平區,0,1,0,7,1,6,30,13,9,1,5,4,4,6,4,4,10,5,5,2,11,3,10,5,4,B03,7,9,1,8,2,1,,84,84,1,13,4,120.726583,24.149611,2
2970,66000,387130000C,(04)23274275,(04)23288582,2025,11,8,10,59,臺中市,西區,0,1,0,7,2,6,40,5,1,1,5,4,6,6,1,1,10,5,5,2,17,3,10,3,1,B03,7,5,1,8,2,2,,84,84,1,12,4,120.663775,24.154648,2
2971,66000,387130000C,(04)23274275,(04)23288582,2025,11,8,11,0,臺中市,大里區,0,0,0,7,2,6,50,4,1,1,5,4,6,6,1,1,5,5,5,2,13,,,,,C03,,,1,,2,,,7,7,1,13,4,120.672272,24.114778,3
2972,66000,387130000C,(04)23274275,(04)23288582,2025,11,8,11,2,臺中市,大肚區,0,0,0,7,,,50,,,,,,,,,,,,,,20,,,,,B03,,,1,,2,,,8,8,1,6,4,120.564313,24.126787,3
2973,66000,387130000C,(04)23274275,(04)23288582,2025,11,8,11,2,臺中市,梧棲區,0,0,0,7,,,50,,,,,,,,,,,,,,11,,,,,C03,,,1,,2,,,8,8,1,12,4,120.532374,24.254133,3
2974,66000,387130000C,(04)23274275,(04)23288582,2025,11,8,11,6,臺中市,南屯區,0,0,0,7,,,50,,,,,,,,,,,,,,,,,,,C03,,,1,,2,,,48,48,1,12,4,120.635741,24.133088,3
2975,66000,387130000C,(04)23274275,(04)23288582,2025,11,8,11,6,臺中市,豐原區,0,1,0,7,3,6,30,4,1,1,5,4,6,6,4,4,5,4,4,2,15,2,9,1,4,C03,7,9,1,10,2,11,,13,13,1,12,4,120.723481,24.252121,2
2976,66000,387130000C,(04)23274275,(04)23288582,2025,11,8,11,9,臺中市,南區,0,0,0,7,,,50,,,,,,,,,,,,,,14,,,,,B02,,,1,,2,,,49,49,1,6,4,120.653508,24.108913,3
2977,66000,387130000C,(04)23274275,(04)23288582,2025,11,8,11,13,臺中市,太平區,0,1,0,7,2,6,50,13,9,1,5,4,6,6,3,1,5,5,5,1,16,2,8,1,1,C03,7,1,1,10,2,12,,51,51,1,12,4,120.734068,24.143791,2
2978,66000,387130000C,(04)23274275,(04)23288582,2025,11,8,11,20,臺中市,大雅區,0,0,0,7,,,50,,,,,,,,,,,,,,,,,,,B03,,,4,,2,,,8,8,1,13,4,120.64881,24.22608,3
2979,66000,387130000C,(04)23274275,(04)23288582,2025,11,8,11,20,臺中市,南區,0,1,0,7,2,6,50,13,7,1,5,4,6,6,4,4,9,5,4,2,12,3,10,3,1,B03,7,13,1,8,2,4,,76,76,1,13,4,120.683143,24.129816,2
2980,66000,387130000C,(04)23274275,(04)23288582,2025,11,8,11,27,臺中市,東區,0,1,0,7,2,6,50,5,9,1,5,4,6,6,1,1,9,4,4,2,17,3,10,3,1,B03,7,6,1,8,2,2,,48,48,1,12,4,120.701029,24.144602,2
2981,66000,387130000C,(04)23274275,(04)23288582,2025,11,8,11,27,臺中市,豐原區,0,2,0,7,2,6,50,3,1,1,5,4,6,6,4,4,5,4,4,2,17,2,8,1,1,C03,7,11,1,10,2,12,,11,11,1,12,4,120.705595,24.253247,2
2982,66000,387130000C,(04)23274275,(04)23288582,2025,11,8,11,29,臺中市,沙鹿區,0,3,0,7,2,6,40,4,1,1,5,4,6,6,1,1,3,4,5,2,17,2,9,1,1,C03,7,9,1,10,2,14,,8,8,1,13,4,120.560722,24.241678,2
2983,66000,387130000C,(04)23274275,(04)23288582,2025,11,8,11,31,臺中市,霧峰區,0,1,0,7,3,6,50,3,1,1,5,4,6,6,4,4,5,5,5,2,13,3,10,1,1,C03,7,9,3,19,2,11,,59,59,1,12,4,120.700282,24.064134,2
2984,66000,387130000C,(04)23274275,(04)23288582,2025,11,8,11,32,臺中市,中區,0,2,0,7,3,6,50,4,1,1,5,4,6,6,1,1,10,5,5,2,16,3,10,3,1,B03,7,11,1,8,2,4,,45,45,1,6,4,120.675464,24.141765,2
2985,66000,387130000C,(04)23274275,(04)23288582,2025,11,8,11,34,臺中市,西屯區,0,0,0,7,,,30,,,,,,,,,,,,,,14,,,,,B03,,,1,,1,,,49,49,1,13,4,120.643375,24.168779,3
2986,66000,387130000C,(04)23274275,(04)23288582,2025,11,8,11,35,臺中市,北屯區,0,2,0,7,3,6,50,13,9,1,5,4,6,6,4,4,1,4,4,2,13,2,7,3,1,B03,7,9,1,8,2,1,,7,7,1,12,4,120.716224,24.182285,2
2987,66000,387130000C,(04)23274275,(04)23288582,2025,11,8,11,41,臺中市,南屯區,0,1,0,7,2,6,50,4,1,1,5,4,6,6,2,1,1,4,1,2,16,2,9,2,1,C03,7,9,1,10,2,12,,21,21,1,13,4,120.623208,24.144983,2
2988,66000,387130000C,(04)23274275,(04)23288582,2025,11,8,11,45,臺中市,太平區,0,0,0,7,,,50,,,,,,,,,,,,,,13,,,,,C03,,,1,,2,,,7,7,1,13,4,120.726729,24.149874,3
2989,66000,387130000C,(04)23274275,(04)23288582,2025,11,8,11,46,臺中市,大肚區,0,1,0,7,3,6,50,4,1,1,5,4,6,6,1,1,10,5,5,2,16,3,10,3,1,B03,7,5,1,8,2,2,,11,11,1,6,4,120.5396,24.150979,2
2990,66000,387130000C,(04)23274275,(04)23288582,2025,11,8,11,55,臺中市,霧峰區,0,0,0,7,2,6,50,13,9,1,5,4,6,6,4,4,5,5,5,1,13,,,,,B03,,,1,,2,,,82,82,1,6,4,120.700278,24.075716,3
2991,66000,387130000C,(04)23274275,(04)23288582,2025,11,8,11,58,臺中市,南區,0,2,0,7,2,6,50,13,9,1,5,4,6,6,4,4,5,4,5,2,12,2,9,2,1,C03,7,9,1,10,2,12,,84,84,1,13,4,120.656515,24.134067,2
2992,66000,387130000C,(04)23274275,(04)23288582,2025,11,8,12,0,臺中市,北屯區,0,0,0,7,,,50,,,,,,,,,,,,,,,,,,,B03,,,1,,2,,,84,84,1,13,4,120.70624,24.164983,3
2993,66000,387130000C,(04)23274275,(04)23288582,2025,11,8,12,0,臺中市,霧峰區,0,1,0,7,3,6,60,3,1,1,5,4,6,6,1,1,1,3,4,1,16,3,10,3,1,B03,7,6,1,8,2,1,,25,25,1,12,4,120.692284,24.044782,2
2994,66000,387130000C,(04)23274275,(04)23288582,2025,11,8,12,0,臺中市,太平區,0,0,0,7,,,0,,,,,,,,,,,,,,,,,,,C03,,,1,,1,,,51,51,1,12,4,120.701556,24.147967,3
2995,66000,387130000C,(04)23274275,(04)23288582,2025,11,8,12,0,臺中市,豐原區,0,1,0,7,2,6,30,13,9,1,5,4,6,6,4,4,10,5,5,2,3,2,9,2,1,C04,7,9,1,10,11,11,,84,84,1,12,4,120.729364,24.254307,2
2996,66000,387130000C,(04)23274275,(04)23288582,2025,11,8,12,1,臺中市,西區,0,0,0,7,,,50,,,,,,,,,,,,,,12,,,,,B11,,,1,,2,,,8,8,1,13,4,120.66564,24.132193,3
2997,66000,387130000C,(04)23274275,(04)23288582,2025,11,8,12,8,臺中市,北區,0,1,0,7,3,6,50,5,1,1,5,4,6,6,1,1,1,4,5,2,17,3,10,1,1,C03,7,6,1,10,2,11,,23,23,1,12,4,120.673881,24.173777,2
2998,66000,387130000C,(04)23274275,(04)23288582,2025,11,8,12,9,臺中市,潭子區,0,0,0,7,,,50,,,,,,,,,,,,,,30,,,,,,,,,,,,,86,86,1,,,120.709174,24.20652,3
2999,66000,387130000C,(04)23274275,(04)23288582,2025,11,8,12,15,臺中市,西屯區,0,0,0,7,,,50,,,,,,,,,,,,,,17,,,,,C03,,,1,,1,,,8,8,1,13,4,120.636622,24.155296,3
3000,66000,387130000C,(04)23274275,(04)23288582,2025,11,8,12,18,臺中市,神岡區,0,0,0,7,1,6,50,13,7,1,5,4,6,6,1,1,5,5,4,2,13,,,,,A04,,,1,,1,,,84,84,1,12,4,120.654837,24.258597,3
3001,66000,387130000C,(04)23274275,(04)23288582,2025,11,8,12,28,臺中市,北區,0,0,0,7,,,50,,,,,,,,,,,,,,17,,,,,C03,,,1,,1,,,84,84,1,12,4,120.67834,24.152272,4
3002,66000,387130000C,(04)23274275,(04)23288582,2025,11,8,12,28,臺中市,東區,0,0,0,7,,,50,,,,,,,,,,,,,,,,,,,C03,,,1,,1,,,84,84,1,12,4,120.688171,24.136456,3
3003,66000,387130000C,(04)23274275,(04)23288582,2025,11,8,12,35,臺中市,北區,0,3,0,7,2,6,50,13,8,1,5,4,6,6,4,4,8,3,4,2,13,2,9,2,1,C03,7,9,1,10,2,11,,7,7,1,13,4,120.680456,24.149092,2
3004,66000,387130000C,(04)23274275,(04)23288582,2025,11,8,12,35,臺中市,東區,0,0,0,7,,,30,,,,,,,,,,,,,,16,,,,,B03,,,1,,2,,,14,14,1,6,4,120.710096,24.14175,3
3005,66000,387130000C,(04)23274275,(04)23288582,2025,11,8,12,35,臺中市,南區,0,0,0,7,,,50,,,,,,,,,,,,,,12,,,,,B03,,,1,,2,,,20,20,1,13,4,120.66228,24.120862,3
3006,66000,387130000C,(04)23274275,(04)23288582,2025,11,8,12,40,臺中市,大雅區,0,0,0,7,,,40,,,,,,,,,,,,,,,,,,,B03,,,1,,2,,,49,49,1,13,4,120.669239,24.215842,3
3007,66000,387130000C,(04)23274275,(04)23288582,2025,11,8,12,43,臺中市,南屯區,0,2,0,7,2,6,50,4,1,1,5,4,6,6,4,4,10,5,5,2,17,2,9,2,1,C03,7,6,1,10,2,14,,85,85,1,12,4,120.612528,24.145587,2
3008,66000,387130000C,(04)23274275,(04)23288582,2025,11,8,12,47,臺中市,沙鹿區,0,0,0,7,,,50,,,,,,,,,,,,,,,,,,,B03,,,1,,2,,,8,8,1,13,4,120.560958,24.238762,3
3009,66000,387130000C,(04)23274275,(04)23288582,2025,11,8,12,49,臺中市,大雅區,0,1,0,7,3,6,50,4,1,1,5,4,6,6,1,1,10,5,5,2,17,3,10,2,1,C03,7,9,1,10,2,12,,84,84,1,12,4,120.645397,24.222128,2
3010,66000,387130000C,(04)23274275,(04)23288582,2025,11,8,12,50,臺中市,西區,0,0,0,7,,,50,,,,,,,,,,,,,,,,,,,C03,,,1,,2,,,49,49,1,12,4,120.675794,24.144034,3
3011,66000,387130000C,(04)23274275,(04)23288582,2025,11,8,12,50,臺中市,后里區,0,1,0,6,3,6,50,13,9,1,5,4,6,6,4,4,7,4,5,1,16,3,10,3,1,B03,7,1,1,8,2,8,,51,51,1,6,4,120.713905,24.306211,2
3012,66000,387130000C,(04)23274275,(04)23288582,2025,11,8,12,54,臺中市,豐原區,0,0,0,7,,,50,,,,,,,,,,,,,,12,,,,,A04,,,1,,2,,,8,8,1,12,4,120.736275,24.260743,3
3013,66000,387130000C,(04)23274275,(04)23288582,2025,11,8,12,58,臺中市,龍井區,0,1,0,7,2,6,50,13,9,1,5,4,6,6,4,4,10,5,5,2,2,3,10,3,1,B03,7,9,1,8,2,2,,8,8,1,6,4,120.592991,24.181201,2
3014,66000,387130000C,(04)23274275,(04)23288582,2025,11,8,13,0,臺中市,太平區,0,0,0,7,,,0,,,,,,,,,,,,,,,,,,,B03,,,1,,2,,,51,51,1,12,4,120.727519,24.147628,3
3015,66000,387130000C,(04)23274275,(04)23288582,2025,11,8,13,6,臺中市,北區,0,0,0,7,,,50,,,,,,,,,,,,,,,,,,,B03,,,1,,2,,,8,8,1,12,4,120.688814,24.152771,3
3016,66000,387130000C,(04)23274275,(04)23288582,2025,11,8,13,6,臺中市,東區,0,3,0,7,2,6,50,3,1,1,5,4,6,6,3,1,9,4,4,2,17,2,9,1,1,C03,7,9,1,10,2,11,,7,7,1,12,4,120.692343,24.149669,2
3017,66000,387130000C,(04)23274275,(04)23288582,2025,11,8,13,8,臺中市,西屯區,0,0,0,7,,,50,,,,,,,,,,,,,,,,,,,C03,,,1,,2,,,8,8,1,13,4,120.642342,24.16965,3
3018,66000,387130000C,(04)23274275,(04)23288582,2025,11,8,13,9,臺中市,后里區,0,0,0,7,,,50,,,,,,,,,,,,,,14,,,,,B03,,,1,,1,,,49,49,1,13,4,120.711776,24.30436,3
3019,66000,387130000C,(04)23274275,(04)23288582,2025,11,8,13,11,臺中市,后里區,0,0,0,7,,,60,,,,,,,,,,,,,,14,,,,,B03,,,1,,2,,,51,51,1,13,4,120.723324,24.299827,3
3020,66000,387130000C,(04)23274275,(04)23288582,2025,11,8,13,13,臺中市,南屯區,0,0,0,7,3,6,50,13,9,1,5,4,6,6,1,1,3,4,5,2,13,,,,,B03,,,1,,1,,,59,59,1,12,4,120.616737,24.153619,3
3021,66000,387130000C,(04)23274275,(04)23288582,2025,11,8,13,15,臺中市,西屯區,0,0,0,7,,,50,,,,,,,,,,,,,,13,,,,,B03,,,1,,1,,,59,59,1,13,4,120.61114,24.184433,3
3022,66000,387130000C,(04)23274275,(04)23288582,2025,11,8,13,17,臺中市,西屯區,0,2,0,7,2,6,50,13,9,1,5,4,6,6,4,4,10,5,5,2,22,2,9,5,4,B03,7,9,1,8,2,1,,59,59,1,13,4,120.620641,24.197688,2
3023,66000,387130000C,(04)23274275,(04)23288582,2025,11,8,13,18,臺中市,大里區,0,0,0,7,2,6,50,13,9,1,5,4,6,6,4,4,5,5,4,1,16,,,,,C03,,,1,,2,,,34,34,1,6,4,120.703596,24.092707,3
3024,66000,387130000C,(04)23274275,(04)23288582,2025,11,8,13,21,臺中市,大甲區,0,1,0,7,1,6,60,13,7,1,5,4,6,6,4,4,1,4,4,1,16,2,9,1,1,F02,7,6,7,21,2,14,,48,48,1,12,4,120.617776,24.351371,2
3025,66000,387130000C,(04)23274275,(04)23288582,2025,11,8,13,30,臺中市,霧峰區,0,0,0,7,,,50,,,,,,,,,,,,,,17,,,,,C03,,,1,,1,,,85,85,1,12,4,120.696991,24.063766,3
3026,66000,387130000C,(04)23274275,(04)23288582,2025,11,8,13,34,臺中市,北區,0,1,0,7,3,6,50,4,1,1,5,4,6,6,1,1,10,5,5,2,18,2,9,1,1,C03,7,9,1,10,2,12,,84,84,1,12,4,120.688894,24.152943,2
3027,66000,387130000C,(04)23274275,(04)23288582,2025,11,8,13,36,臺中市,北區,0,2,0,7,2,6,50,4,1,1,5,4,6,6,2,1,10,5,5,2,17,3,10,1,1,C03,7,6,1,10,2,11,,58,58,1,12,4,120.676172,24.150283,2
3028,66000,387130000C,(04)23274275,(04)23288582,2025,11,8,13,37,臺中市,北屯區,0,2,0,7,2,6,50,13,7,1,5,4,6,6,4,4,7,5,4,2,16,3,10,3,1,B03,7,11,1,8,2,4,,45,45,1,6,4,120.690014,24.1804,2
3029,66000,387130000C,(04)23274275,(04)23288582,2025,11,8,13,38,臺中市,潭子區,0,1,0,7,3,6,50,4,1,1,5,4,6,6,4,4,10,5,5,2,15,3,10,3,1,B03,7,9,1,8,2,2,,15,15,1,12,4,120.678372,24.206756,2
3030,66000,387130000C,(04)23274275,(04)23288582,2025,11,8,13,38,臺中市,東區,0,0,0,7,,,0,,,,,,,,,,,,,,14,,,,,B03,,,1,,1,,,49,49,1,13,4,120.706239,24.14262,3
3031,66000,387130000C,(04)23274275,(04)23288582,2025,11,8,13,41,臺中市,西屯區,0,0,0,7,,,30,,,,,,,,,,,,,,17,,,,,B03,,,1,,1,,,8,8,1,13,4,120.644641,24.181797,3
3032,66000,387130000C,(04)23274275,(04)23288582,2025,11,8,13,44,臺中市,潭子區,0,1,0,7,2,6,60,13,9,1,5,4,6,6,4,4,1,4,5,1,17,2,8,2,1,C03,7,9,1,10,2,12,,84,84,1,13,4,120.703639,24.201848,2
3033,66000,387130000C,(04)23274275,(04)23288582,2025,11,8,13,47,臺中市,南區,0,1,0,7,2,6,50,4,1,1,5,4,6,6,2,1,10,5,5,2,16,3,10,3,1,B03,7,6,1,8,2,2,6,11,11,1,12,4,120.679727,24.133026,2
3034,66000,387130000C,(04)23274275,(04)23288582,2025,11,8,13,57,臺中市,北屯區,0,0,0,7,,,50,,,,,,,,,,,,,,12,,,,,B03,,,1,,2,,,59,59,1,6,4,120.694118,24.171087,3
3035,66000,387130000C,(04)23274275,(04)23288582,2025,11,8,13,58,臺中市,西區,0,0,0,7,,,50,,,,,,,,,,,,,,,,,,,B03,,,1,8,1,,,85,85,1,13,4,120.653021,24.153588,4
3036,66000,387130000C,(04)23274275,(04)23288582,2025,11,8,13,59,臺中市,大甲區,0,1,0,7,2,6,50,5,1,1,5,4,6,6,1,1,10,5,5,2,16,3,10,3,1,B03,7,6,1,8,2,2,,11,11,1,6,4,120.621997,24.344222,2
3037,66000,387130000C,(04)23274275,(04)23288582,2025,11,8,14,1,臺中市,北區,0,1,0,7,2,6,50,4,4,1,5,4,6,6,2,1,3,4,5,2,13,3,10,1,1,C03,7,9,1,10,2,11,,7,7,1,13,4,120.673513,24.166764,2
3038,66000,387130000C,(04)23274275,(04)23288582,2025,11,8,14,2,臺中市,西區,0,0,0,7,,,50,,,,,,,,,,,,,,12,,,,,C03,,,1,,2,,,42,42,1,12,4,120.665344,24.146682,3
3039,66000,387130000C,(04)23274275,(04)23288582,2025,11,8,14,5,臺中市,大雅區,0,0,0,7,,,30,,,,,,,,,,,,,,17,,,,,B12,,,1,,1,,,8,8,1,12,4,120.622594,24.235705,3
3040,66000,387130000C,(04)23274275,(04)23288582,2025,11,8,14,6,臺中市,北屯區,0,0,0,7,,,30,,,,,,,,,,,,,,16,,,,,B03,,,1,,1,,,84,84,1,12,4,120.675615,24.178681,3
3041,66000,387130000C,(04)23274275,(04)23288582,2025,11,8,14,7,臺中市,北屯區,0,0,0,7,,,40,,,,,,,,,,,,,,17,,,,,B03,,,1,,1,,,50,50,1,12,4,120.685798,24.193334,3
3042,66000,387130000C,(04)23274275,(04)23288582,2025,11,8,14,8,臺中市,西屯區,0,0,0,6,,,50,,,,,,,,,,,,,,17,,,,,B03,,,1,,2,,,50,50,1,12,4,120.613702,24.18992,3