序號,縣市別代碼,機關代碼,市話,傳真,年,月,日,時,分,縣市,區,死亡數量,受傷數量,2-30,天候,道路照明設備,道路類別,道路速限,道路型態,事故位置,路面鋪裝,路面狀態,路面缺陷,障礙物,視距,號誌種類,號誌動作,分向設施,快車道或一般車道間,快慢車道間,路面邊線,事故類型及型態,受傷程度,主要傷處,保護裝備,行動電話或功能裝置,當事者區分(類別),車輛用途,當事者行動狀態,駕照狀態,駕照種類,飲酒情形,車輛撞擊部位最初,車輛撞擊部位其他,肇事因素個別,肇事因素主要,肇事逃逸,職業,共享經濟或外送平台,GPS座標X,GPS座標Y,事故類別
3043,66000,387130000C,(04)23274275,(04)23288582,2025,11,8,14,12,臺中市,烏日區,0,0,0,7,,,50,,,,,,,,,,,,,,,,,,,A12,,,1,,1,,,40,40,1,6,4,120.612438,24.10646,3
3044,66000,387130000C,(04)23274275,(04)23288582,2025,11,8,14,17,臺中市,太平區,0,0,0,7,,,40,,,,,,,,,,,,,,14,,,,,B03,,,1,,2,,,49,49,1,13,4,120.72205,24.117116,3
3045,66000,387130000C,(04)23274275,(04)23288582,2025,11,8,14,18,臺中市,大雅區,0,0,0,7,,,50,,,,,,,,,,,,,,,,,,,A11,,,1,,2,,,49,49,1,13,4,120.649614,24.227175,3
3046,66000,387130000C,(04)23274275,(04)23288582,2025,11,8,14,18,臺中市,霧峰區,0,0,0,7,,,50,,,,,,,,,,,,,,12,,,,,B03,,,1,,2,,,50,50,1,12,4,120.698288,24.067356,3
3047,66000,387130000C,(04)23274275,(04)23288582,2025,11,8,14,20,臺中市,北區,0,0,0,7,,,30,,,,,,,,,,,,,,17,,,,,B03,,,1,,1,,,50,50,1,13,4,120.668554,24.166177,3
3048,66000,387130000C,(04)23274275,(04)23288582,2025,11,8,14,31,臺中市,北區,0,0,0,7,,,50,,,,,,,,,,,,,,13,,,,,C03,,,1,,1,,,7,7,1,13,4,120.68795,24.151008,3
3049,66000,387130000C,(04)23274275,(04)23288582,2025,11,8,14,32,臺中市,西區,0,2,0,7,3,6,50,4,1,1,5,4,6,6,1,1,10,5,5,2,16,2,9,1,1,C03,7,6,1,10,2,12,,11,11,1,6,4,120.660194,24.146693,2
3050,66000,387130000C,(04)23274275,(04)23288582,2025,11,8,14,32,臺中市,西屯區,0,0,0,7,,,50,,,,,,,,,,,,,,13,,,,,B03,,,1,,1,,,59,59,1,13,4,120.603304,24.185975,3
3051,66000,387130000C,(04)23274275,(04)23288582,2025,11,8,14,33,臺中市,西區,0,0,0,7,,,60,,,,,,,,,,,,,,12,,,,,B03,,,1,,1,,,84,84,1,13,4,120.672782,24.14838,3
3052,66000,387130000C,(04)23274275,(04)23288582,2025,11,8,14,34,臺中市,沙鹿區,0,0,0,7,,,60,,,,,,,,,,,,,,,,,,,B03,,,1,,1,,,7,7,1,12,4,120.585228,24.25065,3
3053,66000,387130000C,(04)23274275,(04)23288582,2025,11,8,14,35,臺中市,南屯區,0,2,0,7,2,6,50,3,1,1,5,4,6,6,4,4,5,4,4,2,16,2,9,2,1,C03,7,1,3,19,2,14,,84,84,1,12,4,120.642685,24.153718,2
3054,66000,387130000C,(04)23274275,(04)23288582,2025,11,8,14,39,臺中市,北區,0,2,0,7,3,6,50,4,1,1,5,4,6,6,1,1,5,5,5,2,17,3,10,1,1,C03,7,6,1,10,2,12,,11,11,1,12,4,120.68635,24.15244,2
3055,66000,387130000C,(04)23274275,(04)23288582,2025,11,8,14,45,臺中市,大里區,0,2,0,7,2,6,50,4,1,1,5,4,6,6,4,4,10,5,5,2,17,2,9,1,1,C03,7,5,1,10,2,11,,7,7,1,12,4,120.676731,24.109405,2
3056,66000,387130000C,(04)23274275,(04)23288582,2025,11,8,14,50,臺中市,北屯區,0,0,0,7,,,50,,,,,,,,,,,,,,,,,,,B03,,,1,,2,,,84,84,1,13,4,120.705187,24.186715,3
3057,66000,387130000C,(04)23274275,(04)23288582,2025,11,8,14,50,臺中市,豐原區,0,0,0,7,,,50,,,,,,,,,,,,,,16,,,,,B03,,,1,,2,,,7,7,1,12,4,120.747018,24.269531,3
3058,66000,387130000C,(04)23274275,(04)23288582,2025,11,8,14,53,臺中市,霧峰區,0,0,0,7,2,6,50,3,1,1,5,4,6,6,4,4,10,5,5,2,17,,,,,B03,,,1,,2,,,51,51,1,6,4,120.696423,24.05804,3
3059,66000,387130000C,(04)23274275,(04)23288582,2025,11,8,14,58,臺中市,烏日區,0,1,0,7,3,6,50,3,2,1,5,4,6,6,1,1,5,5,5,2,13,2,1,3,1,B03,7,9,1,8,2,5,,7,7,1,6,4,120.637952,24.096703,2
3060,66000,387130000C,(04)23274275,(04)23288582,2025,11,8,15,1,臺中市,北屯區,0,1,0,7,2,6,40,13,12,1,5,4,6,6,4,4,5,5,4,2,18,2,8,6,1,F01,7,9,7,21,1,16,,82,82,1,12,4,120.690268,24.174434,2
3061,66000,387130000C,(04)23274275,(04)23288582,2025,11,8,15,2,臺中市,南屯區,0,1,0,7,2,6,50,3,1,1,5,4,6,6,1,1,5,5,5,2,16,2,8,2,1,C03,7,9,1,10,2,12,,84,84,1,12,2,120.654551,24.133278,2
3062,66000,387130000C,(04)23274275,(04)23288582,2025,11,8,15,5,臺中市,西區,0,0,0,7,,,60,,,,,,,,,,,,,,,,,,,B03,,,1,,1,,,59,59,1,12,4,120.671879,24.149002,3
3063,66000,387130000C,(04)23274275,(04)23288582,2025,11,8,15,6,臺中市,南屯區,0,0,0,7,3,6,50,13,9,1,5,4,6,6,4,4,5,5,5,2,12,,,,,C03,,,1,,1,,,50,50,1,12,4,120.649501,24.14991,3
3064,66000,387130000C,(04)23274275,(04)23288582,2025,11,8,15,8,臺中市,潭子區,0,2,0,7,2,6,30,4,2,1,5,4,6,6,3,1,5,5,4,2,17,3,10,2,1,C03,7,5,1,10,2,13,,11,11,1,13,4,120.688947,24.210785,2
3065,66000,387130000C,(04)23274275,(04)23288582,2025,11,8,15,8,臺中市,北屯區,0,1,0,7,2,6,50,4,1,1,5,4,6,6,2,1,5,5,5,2,12,2,8,1,1,C03,7,9,1,10,2,11,,7,7,1,12,4,120.705794,24.178224,2
3066,66000,387130000C,(04)23274275,(04)23288582,2025,11,8,15,8,臺中市,沙鹿區,0,0,0,7,,,50,,,,,,,,,,,,,,,,,,,B12,,,1,,1,,,51,51,1,13,4,120.561412,24.237631,3
3067,66000,387130000C,(04)23274275,(04)23288582,2025,11,8,15,9,臺中市,北屯區,0,0,0,7,,,40,,,,,,,,,,,,,,16,,,,,B03,,,1,,2,,,50,50,1,13,4,120.668197,24.178597,3
3068,66000,387130000C,(04)23274275,(04)23288582,2025,11,8,15,10,臺中市,沙鹿區,0,1,0,7,2,6,50,13,9,1,5,4,6,6,4,4,5,5,5,1,2,3,10,1,1,C03,7,9,1,10,2,12,,59,59,1,12,2,120.558515,24.236907,2
3069,66000,387130000C,(04)23274275,(04)23288582,2025,11,8,15,12,臺中市,南區,0,0,0,7,,,50,,,,,,,,,,,,,,13,,,,,B03,,,1,,1,,,84,84,1,12,4,120.651455,24.119637,3
3070,66000,387130000C,(04)23274275,(04)23288582,2025,11,8,15,21,臺中市,南屯區,0,2,0,7,3,6,50,4,1,1,5,4,6,6,4,4,5,5,5,2,15,2,9,1,1,C03,7,9,1,10,2,12,,12,12,1,12,4,120.64317,24.135858,2
3071,66000,387130000C,(04)23274275,(04)23288582,2025,11,8,15,22,臺中市,北屯區,0,0,0,7,,,30,,,,,,,,,,,,,,9,,,,,C03,,,1,,2,,,39,39,1,12,2,120.694258,24.173265,3
3072,66000,387130000C,(04)23274275,(04)23288582,2025,11,8,15,25,臺中市,北屯區,0,1,0,7,2,6,50,3,1,1,5,4,6,6,1,1,10,5,5,2,16,3,10,3,1,B03,7,11,1,8,2,7,,45,45,1,6,4,120.661571,24.185025,2
3073,66000,387130000C,(04)23274275,(04)23288582,2025,11,8,15,29,臺中市,西屯區,0,1,0,7,2,6,50,3,19,1,5,4,6,6,4,4,5,5,5,2,3,3,10,3,1,B03,7,6,1,8,2,4,,10,10,1,12,4,120.643775,24.173869,2
3074,66000,387130000C,(04)23274275,(04)23288582,2025,11,8,15,30,臺中市,北屯區,0,0,0,7,,,40,,,,,,,,,,,,,,12,,,,,C03,,,1,,1,,,51,51,1,12,4,120.696836,24.175555,4
3075,66000,387130000C,(04)23274275,(04)23288582,2025,11,8,15,33,臺中市,沙鹿區,0,0,0,7,,,50,,,,,,,,,,,,,,,,,,,B03,,,1,,2,,,49,49,1,13,4,120.566633,24.211783,3
3076,66000,387130000C,(04)23274275,(04)23288582,2025,11,8,15,39,臺中市,沙鹿區,0,1,0,7,2,6,30,3,1,1,5,4,6,6,4,4,5,5,5,2,16,3,10,3,1,B03,7,6,1,8,2,5,,14,14,1,12,4,120.563643,24.251129,2
3077,66000,387130000C,(04)23274275,(04)23288582,2025,11,8,15,43,臺中市,霧峰區,0,1,0,7,2,6,50,13,7,1,5,4,6,6,4,4,5,5,4,1,17,2,9,5,2,C03,7,15,1,10,2,15,,61,61,1,12,4,120.693906,24.059084,2
3078,66000,387130000C,(04)23274275,(04)23288582,2025,11,8,15,48,臺中市,沙鹿區,0,0,0,7,,,50,,,,,,,,,,,,,,,,,,,C03,,,1,,2,,,7,7,1,13,4,120.580001,24.226666,3
3079,66000,387130000C,(04)23274275,(04)23288582,2025,11,8,15,50,臺中市,西屯區,0,0,0,7,,,50,,,,,,,,,,,,,,13,,,,,B03,,,1,,1,,,7,7,1,12,4,120.633749,24.161613,3
3080,66000,387130000C,(04)23274275,(04)23288582,2025,11,8,15,52,臺中市,北區,0,2,0,7,2,6,30,13,9,1,5,4,6,6,4,4,10,5,5,2,14,2,9,1,1,C03,7,2,1,10,2,12,,84,84,1,13,4,120.675422,24.157522,2
3081,66000,387130000C,(04)23274275,(04)23288582,2025,11,8,15,52,臺中市,霧峰區,0,1,0,7,3,6,30,4,1,1,5,4,6,6,4,4,10,5,5,2,12,2,9,1,1,C03,7,9,1,10,2,12,,84,84,1,13,4,120.687013,24.05105,2
3082,66000,387130000C,(04)23274275,(04)23288582,2025,11,8,15,53,臺中市,中區,0,0,0,7,,,50,,,,,,,,,,,,,,,,,,,B03,,,1,8,1,,,84,84,1,13,4,120.67988,24.137919,3
3083,66000,387130000C,(04)23274275,(04)23288582,2025,11,8,15,53,臺中市,南屯區,0,1,0,7,3,6,50,4,1,1,5,4,6,6,2,1,10,5,5,2,16,2,9,2,4,C03,7,5,1,10,2,13,,85,85,1,6,4,120.630791,24.141153,2
3084,66000,387130000C,(04)23274275,(04)23288582,2025,11,8,15,54,臺中市,潭子區,0,0,0,7,,,50,,,,,,,,,,,,,,13,,,,,B03,,,1,,2,,,59,59,1,12,4,120.703187,24.207207,3
3085,66000,387130000C,(04)23274275,(04)23288582,2025,11,8,15,54,臺中市,南屯區,0,0,0,7,,,50,,,,,,,,,,,,,,,,,,,B03,,,1,,2,,,50,50,1,12,4,120.654625,24.129566,3
3086,66000,387130000C,(04)23274275,(04)23288582,2025,11,8,15,56,臺中市,大肚區,0,0,0,7,,,30,,,,,,,,,,,,,,11,,,,,B03,,,1,,2,,,8,8,1,6,4,120.556725,24.128365,3
3087,66000,387130000C,(04)23274275,(04)23288582,2025,11,8,16,2,臺中市,潭子區,0,0,0,7,,,30,,,,,,,,,,,,,,,,,,,B03,,,1,,2,,,14,14,1,13,4,120.7014,24.223045,3
3088,66000,387130000C,(04)23274275,(04)23288582,2025,11,8,16,3,臺中市,東區,0,0,0,7,,,50,,,,,,,,,,,,,,13,,,,,B03,,,1,,1,,,7,7,1,12,4,120.69027,24.132145,3
3089,66000,387130000C,(04)23274275,(04)23288582,2025,11,8,16,3,臺中市,烏日區,0,0,0,7,,,50,,,,,,,,,,,,,,17,,,,,B03,,,1,,9,,,85,85,1,13,4,120.647395,24.097765,3
3090,66000,387130000C,(04)23274275,(04)23288582,2025,11,8,16,12,臺中市,沙鹿區,0,0,0,6,,,60,,,,,,,,,,,,,,14,,,,,B03,,,1,,2,,,82,82,1,12,4,120.563861,24.206344,3
3091,66000,387130000C,(04)23274275,(04)23288582,2025,11,8,16,17,臺中市,大雅區,0,0,0,7,,,40,,,,,,,,,,,,,,17,,,,,B12,,,1,,2,,,8,8,1,12,4,120.649807,24.213734,3
3092,66000,387130000C,(04)23274275,(04)23288582,2025,11,8,16,17,臺中市,清水區,0,0,0,7,2,6,60,13,9,1,5,4,6,6,1,1,8,3,5,1,13,,,,,C03,,,1,,1,,,7,7,1,12,4,120.566608,24.270522,3
3093,66000,387130000C,(04)23274275,(04)23288582,2025,11,8,16,19,臺中市,東區,0,1,0,7,3,6,40,5,2,1,5,4,6,6,1,1,10,5,5,2,17,3,10,5,4,B03,7,1,1,8,2,7,,51,51,1,12,4,120.706687,24.148558,2
3094,66000,387130000C,(04)23274275,(04)23288582,2025,11,8,16,20,臺中市,沙鹿區,0,0,0,7,,,50,,,,,,,,,,,,,,,,,,,B03,,,1,,1,,,50,50,1,12,4,120.553434,24.2343,3
3095,66000,387130000C,(04)23274275,(04)23288582,2025,11,8,16,21,臺中市,西屯區,0,1,0,7,2,6,50,4,1,1,5,4,6,6,1,1,8,4,4,1,16,3,10,5,4,B03,7,6,1,8,2,1,,11,11,1,13,4,120.666303,24.169788,2
3096,66000,387130000C,(04)23274275,(04)23288582,2025,11,8,16,24,臺中市,霧峰區,0,1,0,7,2,6,50,5,1,1,5,4,6,6,1,1,10,5,5,2,12,2,9,5,4,C03,7,9,3,19,2,14,,84,84,1,12,4,120.696435,24.054262,2
3097,66000,387130000C,(04)23274275,(04)23288582,2025,11,8,16,30,臺中市,清水區,0,0,0,7,,,50,,,,,,,,,,,,,,,,,,,B03,,,1,,2,,,50,50,1,12,4,120.576307,24.270695,3
3098,66000,387130000C,(04)23274275,(04)23288582,2025,11,8,16,46,臺中市,西屯區,0,0,0,7,,,30,,,,,,,,,,,,,,17,,,,,B03,,,1,,1,,,50,50,1,12,4,120.65461,24.163803,3
3099,66000,387130000C,(04)23274275,(04)23288582,2025,11,8,16,51,臺中市,神岡區,0,1,0,7,2,6,30,11,9,1,5,4,6,6,4,4,10,5,5,2,18,2,9,2,1,C03,7,9,5,19,2,12,,84,84,1,6,4,120.686452,24.237381,2
3100,66000,387130000C,(04)23274275,(04)23288582,2025,11,8,16,52,臺中市,南區,0,0,0,7,,,50,,,,,,,,,,,,,,13,,,,,B12,,,1,,1,,,7,7,1,13,4,120.670221,24.112462,3
3101,66000,387130000C,(04)23274275,(04)23288582,2025,11,8,16,57,臺中市,南區,0,0,0,7,,,30,,,,,,,,,,,,,,15,,,,,C03,,,1,,1,,,15,15,1,12,4,120.670835,24.124988,3
3102,66000,387130000C,(04)23274275,(04)23288582,2025,11,8,16,57,臺中市,后里區,0,1,0,7,2,6,50,13,9,1,5,4,6,6,4,4,9,4,4,1,14,3,10,3,1,B03,7,2,1,8,2,3,,49,49,1,6,4,120.737809,24.29532,2
3103,66000,387130000C,(04)23274275,(04)23288582,2025,11,8,16,58,臺中市,南區,0,0,0,7,,,50,,,,,,,,,,,,,,17,,,,,C03,,,1,,2,,,1,1,1,6,4,120.659592,24.110904,3
3104,66000,387130000C,(04)23274275,(04)23288582,2025,11,8,17,0,臺中市,西屯區,0,3,0,7,1,6,50,13,9,1,5,4,6,6,1,1,1,4,5,1,12,3,10,3,1,B03,7,7,1,8,2,1,,40,40,1,12,4,120.646502,24.157072,2
3105,66000,387130000C,(04)23274275,(04)23288582,2025,11,8,17,0,臺中市,太平區,0,0,0,7,,,,,,,,,,,,,,,,,17,,,,,,,,,,,,,86,86,1,,,120.718042,24.137098,3
3106,66000,387130000C,(04)23274275,(04)23288582,2025,11,8,17,2,臺中市,太平區,0,1,0,7,2,6,50,4,1,1,5,4,6,6,1,1,5,5,4,2,13,3,10,2,1,C03,7,9,1,10,2,11,,7,7,1,12,4,120.716404,24.105789,2
3107,66000,387130000C,(04)23274275,(04)23288582,2025,11,8,17,11,臺中市,大里區,0,0,0,7,,,30,,,,,,,,,,,,,,,,,,,B12,,,1,,2,,,50,50,1,13,4,120.706801,24.099213,3
3108,66000,387130000C,(04)23274275,(04)23288582,2025,11,8,17,11,臺中市,烏日區,0,1,0,7,1,6,50,4,1,1,5,4,6,6,1,1,10,5,5,2,17,2,8,2,1,C03,7,1,1,10,2,14,,51,51,1,6,4,120.615595,24.113985,2
3109,66000,387130000C,(04)23274275,(04)23288582,2025,11,8,17,12,臺中市,龍井區,0,1,0,7,2,6,50,5,1,1,5,4,6,6,1,1,1,4,5,1,15,3,10,3,1,B03,7,1,1,7,2,5,,51,51,1,12,4,120.536335,24.194472,2
3110,66000,387130000C,(04)23274275,(04)23288582,2025,11,8,17,21,臺中市,北區,0,2,0,7,1,6,50,4,1,1,5,4,6,6,4,4,5,5,5,2,13,2,9,1,1,C03,7,9,1,10,2,11,,59,59,1,12,4,120.669409,24.171606,2
3111,66000,387130000C,(04)23274275,(04)23288582,2025,11,8,17,21,臺中市,西屯區,0,0,0,7,,,40,,,,,,,,,,,,,,13,,,,,C03,,,1,,1,,,7,7,1,12,4,120.645966,24.164424,3
3112,66000,387130000C,(04)23274275,(04)23288582,2025,11,8,17,27,臺中市,北屯區,0,2,0,7,3,6,50,4,1,1,5,4,6,6,1,1,10,5,5,2,16,2,9,2,1,C03,7,6,1,10,1,11,,11,11,1,6,4,120.700546,24.178479,2
3113,66000,387130000C,(04)23274275,(04)23288582,2025,11,8,17,27,臺中市,太平區,0,1,0,7,1,6,50,5,1,1,5,4,6,6,1,1,5,5,5,2,16,3,10,3,1,B03,7,5,1,8,2,2,,84,84,1,12,4,120.724103,24.137347,2
3114,66000,387130000C,(04)23274275,(04)23288582,2025,11,8,17,29,臺中市,北屯區,0,1,0,7,1,6,30,4,1,1,5,4,6,6,4,4,10,5,5,2,15,2,9,1,1,C03,7,9,1,10,2,14,,12,12,1,13,4,120.699217,24.18589,2
3115,66000,387130000C,(04)23274275,(04)23288582,2025,11,8,17,33,臺中市,神岡區,0,0,0,7,,,40,,,,,,,,,,,,,,16,,,,,F03,,,7,,2,,,14,14,1,13,4,120.705018,24.260249,3
3116,66000,387130000C,(04)23274275,(04)23288582,2025,11,8,17,34,臺中市,南區,0,0,0,7,,,50,,,,,,,,,,,,,,13,,,,,B03,,,1,,1,,,7,7,1,12,4,120.679112,24.126971,3
3117,66000,387130000C,(04)23274275,(04)23288582,2025,11,8,17,35,臺中市,南屯區,0,0,0,7,,,50,,,,,,,,,,,,,,16,,,,,B03,,,1,,1,,,84,84,1,12,4,120.63836,24.147284,3
3118,66000,387130000C,(04)23274275,(04)23288582,2025,11,8,17,35,臺中市,北屯區,0,2,0,7,1,6,30,13,9,1,5,4,6,6,4,4,10,5,5,2,17,2,8,1,1,C03,7,9,1,10,2,11,,58,58,1,6,4,120.670221,24.178904,2
3119,66000,387130000C,(04)23274275,(04)23288582,2025,11,8,17,36,臺中市,西屯區,0,1,0,7,1,6,50,4,2,1,5,4,6,6,1,1,5,4,5,2,2,3,10,3,1,B03,7,9,1,8,2,2,,84,84,1,12,4,120.645472,24.175895,2
3120,66000,387130000C,(04)23274275,(04)23288582,2025,11,8,17,38,臺中市,西屯區,0,1,0,7,1,6,50,4,1,1,5,4,6,6,2,1,10,5,5,2,17,3,10,5,4,C03,7,9,3,19,1,11,,4,4,1,13,4,120.660273,24.164406,2
3121,66000,387130000C,(04)23274275,(04)23288582,2025,11,8,17,39,臺中市,烏日區,0,0,0,7,,,50,,,,,,,,,,,,,,,,,,,B11,,,1,,2,,,84,84,1,6,4,120.638243,24.107027,3
3122,66000,387130000C,(04)23274275,(04)23288582,2025,11,8,17,40,臺中市,西屯區,0,3,0,7,1,6,50,4,1,1,5,4,6,6,2,1,10,5,5,2,17,2,9,5,4,C03,7,5,3,19,1,12,,11,11,1,13,4,120.660091,24.164392,2
3123,66000,387130000C,(04)23274275,(04)23288582,2025,11,8,17,40,臺中市,太平區,0,0,0,7,,,30,,,,,,,,,,,,,,17,,,,,B03,,,1,,2,,,76,76,1,12,4,120.752788,24.123123,3
3124,66000,387130000C,(04)23274275,(04)23288582,2025,11,8,17,41,臺中市,西屯區,0,0,0,7,,,30,,,,,,,,,,,,,,11,,,,,B03,,,1,,1,,,8,8,1,12,4,120.645671,24.181854,3
3125,66000,387130000C,(04)23274275,(04)23288582,2025,11,8,17,42,臺中市,西屯區,0,1,0,7,1,6,50,4,1,1,5,4,6,6,1,1,8,4,4,1,16,3,10,5,4,B03,7,6,1,8,2,2,,11,11,1,13,4,120.614213,24.185318,2
3126,66000,387130000C,(04)23274275,(04)23288582,2025,11,8,17,43,臺中市,大雅區,0,0,0,7,,,30,,,,,,,,,,,,,,30,,,,,B03,,,1,,2,,,8,8,1,12,4,120.681665,24.232408,3
3127,66000,387130000C,(04)23274275,(04)23288582,2025,11,8,17,46,臺中市,潭子區,0,2,0,7,1,6,50,3,1,1,5,4,6,6,4,4,5,5,5,1,3,2,9,2,1,C03,7,9,1,10,2,12,,59,59,1,13,4,120.707018,24.212845,2
3128,66000,387130000C,(04)23274275,(04)23288582,2025,11,8,17,47,臺中市,豐原區,0,0,0,7,,,50,,,,,,,,,,,,,,,,,,,B12,,,1,,2,,,7,7,1,13,4,120.734231,24.273305,3
3129,66000,387130000C,(04)23274275,(04)23288582,2025,11,8,17,48,臺中市,西屯區,0,2,0,7,1,6,40,3,1,1,5,4,6,6,1,1,10,5,5,1,12,2,9,2,1,C03,7,9,1,10,2,12,,85,85,1,12,4,120.618821,24.181149,2
3130,66000,387130000C,(04)23274275,(04)23288582,2025,11,8,17,49,臺中市,大里區,0,0,0,7,,,50,,,,,,,,,,,,,,13,,,,,B03,,,1,,1,,,7,7,1,12,4,120.682694,24.079102,3
3131,66000,387130000C,(04)23274275,(04)23288582,2025,11,8,17,49,臺中市,大肚區,0,2,0,7,1,6,50,13,9,1,5,4,6,6,4,4,5,4,5,2,9,2,9,6,5,H04,8,20,7,21,2,17,,109,109,1,12,5,120.544695,24.152885,2
3132,66000,387130000C,(04)23274275,(04)23288582,2025,11,8,17,50,臺中市,北區,0,1,0,7,1,6,50,13,9,1,5,4,6,6,4,4,1,3,5,2,13,2,9,2,1,C03,7,9,1,10,2,11,,58,58,1,13,4,120.672248,24.169214,2
3133,66000,387130000C,(04)23274275,(04)23288582,2025,11,8,17,51,臺中市,北屯區,0,0,0,7,,3,40,,,,,,,,,,,,,,13,,,,,B12,,,1,,1,,,59,59,1,6,4,120.68281,24.201204,3
3134,66000,387130000C,(04)23274275,(04)23288582,2025,11,8,17,53,臺中市,烏日區,0,1,0,7,1,6,50,3,2,1,5,4,5,6,4,4,5,5,4,1,16,3,10,1,1,C03,7,5,1,10,2,14,,20,20,1,6,2,120.622393,24.106447,2
3135,66000,387130000C,(04)23274275,(04)23288582,2025,11,8,17,55,臺中市,大雅區,0,0,0,7,,,30,,,,,,,,,,,,,,15,,,,,C03,,,1,,2,,,20,20,1,13,4,120.656932,24.222758,3
3136,66000,387130000C,(04)23274275,(04)23288582,2025,11,8,17,55,臺中市,大里區,0,0,0,7,,,30,,,,,,,,,,,,,,,,,,,B03,,,1,,2,,,84,84,1,13,4,120.704616,24.088183,3
3137,66000,387130000C,(04)23274275,(04)23288582,2025,11,8,17,58,臺中市,神岡區,0,0,0,7,,,40,,,,,,,,,,,,,,17,,,,,B02,,,1,,2,,,51,51,1,6,4,120.690319,24.266461,3
3138,66000,387130000C,(04)23274275,(04)23288582,2025,11,8,18,0,臺中市,北區,0,3,0,7,1,6,50,4,1,1,5,4,6,6,1,1,5,4,5,2,17,2,9,5,1,C03,7,9,1,10,2,11,,39,39,1,13,4,120.677176,24.165176,2
3139,66000,387130000C,(04)23274275,(04)23288582,2025,11,8,18,5,臺中市,北區,0,3,0,7,1,6,40,4,1,1,5,4,6,6,2,1,10,5,4,2,13,2,9,1,1,C03,7,9,1,10,2,16,,84,84,1,13,4,120.685112,24.165034,2
3140,66000,387130000C,(04)23274275,(04)23288582,2025,11,8,18,5,臺中市,西屯區,0,0,0,7,,,50,,,,,,,,,,,,,,12,,,,,B03,,,1,,1,,,8,8,1,12,4,120.657319,24.196649,3
3141,66000,387130000C,(04)23274275,(04)23288582,2025,11,8,18,10,臺中市,南屯區,0,0,0,7,1,6,50,13,9,1,5,4,6,6,1,1,5,5,5,2,12,,,,,B03,,,1,,1,,,7,7,1,12,4,120.643696,24.138245,3
3142,66000,387130000C,(04)23274275,(04)23288582,2025,11,8,18,11,臺中市,東區,0,1,0,7,1,6,50,4,1,1,5,4,6,6,1,1,10,5,5,2,16,3,10,5,4,B03,7,6,1,8,2,1,,11,11,1,12,4,120.696201,24.14275,2
3143,66000,387130000C,(04)23274275,(04)23288582,2025,11,8,18,14,臺中市,南區,0,0,0,7,,,50,,,,,,,,,,,,,,13,,,,,C03,,,1,,2,,,84,84,1,13,4,120.679302,24.124943,3
3144,66000,387130000C,(04)23274275,(04)23288582,2025,11,8,18,16,臺中市,東區,0,1,0,7,1,6,50,4,1,1,5,4,6,6,4,4,10,5,5,2,15,2,9,1,1,C03,7,9,1,10,2,11,,15,15,1,6,2,120.690925,24.144208,2
3145,66000,387130000C,(04)23274275,(04)23288582,2025,11,8,18,17,臺中市,西屯區,0,0,0,7,,,50,,,,,,,,,,,,,,17,,,,,B03,,,1,,2,,,40,40,1,13,4,120.64153,24.173011,3
3146,66000,387130000C,(04)23274275,(04)23288582,2025,11,8,18,21,臺中市,北區,0,2,0,7,1,6,50,4,1,1,5,4,6,6,4,4,5,5,5,2,15,2,9,1,1,C03,7,9,1,10,2,11,,20,20,1,12,4,120.677627,24.15819,2
3147,66000,387130000C,(04)23274275,(04)23288582,2025,11,8,18,21,臺中市,豐原區,0,3,0,7,1,6,50,4,1,1,5,4,6,6,3,1,5,5,5,1,15,2,8,1,1,C03,7,9,1,10,2,11,,24,24,1,12,4,120.730485,24.248795,2
3148,66000,387130000C,(04)23274275,(04)23288582,2025,11,8,18,26,臺中市,潭子區,0,2,0,7,1,6,50,4,1,1,5,4,6,6,2,1,10,5,5,2,16,2,9,2,1,C03,7,6,1,10,2,12,,11,11,1,12,4,120.710636,24.203088,2
3149,66000,387130000C,(04)23274275,(04)23288582,2025,11,8,18,26,臺中市,東區,0,1,0,7,2,6,50,4,1,1,5,4,6,6,2,1,10,5,5,2,16,3,10,3,1,B03,7,6,1,8,2,5,,11,11,1,12,4,120.699367,24.135205,2
3150,66000,387130000C,(04)23274275,(04)23288582,2025,11,8,18,27,臺中市,東區,0,1,0,7,1,6,50,13,9,1,5,4,6,6,4,4,5,5,5,2,13,3,10,3,1,B03,7,9,1,8,2,1,,87,87,1,12,4,120.703783,24.13501,2
3151,66000,387130000C,(04)23274275,(04)23288582,2025,11,8,18,27,臺中市,北屯區,0,0,0,7,,,50,,,,,,,,,,,,,,14,,,,,B03,,,1,,1,,,49,49,1,12,4,120.740949,24.165634,3
3152,66000,387130000C,(04)23274275,(04)23288582,2025,11,8,18,28,臺中市,北區,0,0,0,7,1,6,50,4,2,1,5,4,6,6,2,1,10,5,5,2,13,3,10,5,1,G01,7,9,1,21,2,11,,88,88,1,13,4,120.687276,24.155361,3
3153,66000,387130000C,(04)23274275,(04)23288582,2025,11,8,18,40,臺中市,北區,0,1,0,7,1,6,50,4,1,1,5,4,6,6,1,1,5,4,4,2,17,3,10,5,1,B03,7,6,1,8,2,7,,11,11,1,13,4,120.663022,24.16153,2
3154,66000,387130000C,(04)23274275,(04)23288582,2025,11,8,18,42,臺中市,東區,0,1,0,7,1,6,50,4,1,1,5,4,6,6,1,1,10,5,5,2,16,3,10,5,4,B03,7,5,1,7,2,2,,11,11,1,12,4,120.705991,24.140434,2
3155,66000,387130000C,(04)23274275,(04)23288582,2025,11,8,18,47,臺中市,霧峰區,0,2,0,7,1,6,40,4,1,1,5,4,6,6,1,1,10,5,5,2,16,2,9,5,4,C03,7,9,1,10,2,11,,84,84,1,12,4,120.698725,24.064461,2