序號,縣市別代碼,機關代碼,市話,傳真,年,月,日,時,分,縣市,區,死亡數量,受傷數量,2-30,天候,道路照明設備,道路類別,道路速限,道路型態,事故位置,路面鋪裝,路面狀態,路面缺陷,障礙物,視距,號誌種類,號誌動作,分向設施,快車道或一般車道間,快慢車道間,路面邊線,事故類型及型態,受傷程度,主要傷處,保護裝備,行動電話或功能裝置,當事者區分(類別),車輛用途,當事者行動狀態,駕照狀態,駕照種類,飲酒情形,車輛撞擊部位最初,車輛撞擊部位其他,肇事因素個別,肇事因素主要,肇事逃逸,職業,共享經濟或外送平台,GPS座標X,GPS座標Y,事故類別
3156,66000,387130000C,(04)23274275,(04)23288582,2025,11,8,18,48,臺中市,南屯區,0,0,0,7,,,50,,,,,,,,,,,,,,,,,,,B03,,,5,,1,,,84,84,1,12,4,120.645664,24.134592,3
3157,66000,387130000C,(04)23274275,(04)23288582,2025,11,8,18,49,臺中市,北屯區,0,1,0,7,1,6,50,4,2,1,5,4,6,6,2,1,1,2,5,2,12,3,10,3,1,B03,7,9,1,8,2,2,,84,84,1,12,4,120.679026,24.168724,2
3158,66000,387130000C,(04)23274275,(04)23288582,2025,11,8,18,50,臺中市,大雅區,0,1,0,7,3,6,50,4,9,1,5,4,6,6,1,1,9,4,5,1,11,2,9,2,1,C03,7,6,1,10,2,11,,39,39,1,13,4,120.654386,24.229294,2
3159,66000,387130000C,(04)23274275,(04)23288582,2025,11,8,18,58,臺中市,西區,0,0,0,7,,,50,,,,,,,,,,,,,,17,,,,,B03,,,1,,2,,,84,84,1,12,4,120.661683,24.134253,3
3160,66000,387130000C,(04)23274275,(04)23288582,2025,11,8,18,58,臺中市,東區,0,0,0,7,,,50,,,,,,,,,,,,,,17,,,,,B12,,,1,,1,,,51,51,1,6,4,120.709109,24.145948,3
3161,66000,387130000C,(04)23274275,(04)23288582,2025,11,8,19,1,臺中市,南區,0,2,0,7,1,6,50,13,9,1,5,4,6,6,4,4,9,5,5,2,12,3,10,3,1,B03,7,1,1,8,2,8,,51,51,1,13,4,120.682564,24.13116,2
3162,66000,387130000C,(04)23274275,(04)23288582,2025,11,8,19,1,臺中市,南屯區,0,1,0,7,1,6,50,12,9,1,5,4,6,6,3,1,5,5,5,1,16,3,10,3,1,B03,7,6,1,8,2,5,,20,20,1,12,4,120.581192,24.143428,2
3163,66000,387130000C,(04)23274275,(04)23288582,2025,11,8,19,4,臺中市,北屯區,0,1,0,7,1,6,50,4,1,1,5,4,6,6,2,1,10,5,5,2,16,2,8,1,1,C04,7,6,1,8,2,11,,48,48,1,13,4,120.667723,24.187599,2
3164,66000,387130000C,(04)23274275,(04)23288582,2025,11,8,19,4,臺中市,太平區,0,0,0,7,,,,,,,,,,,,,,,,,17,,,,,,,,,,,,,86,86,1,,,120.719097,24.158483,3
3165,66000,387130000C,(04)23274275,(04)23288582,2025,11,8,19,4,臺中市,龍井區,0,1,0,7,1,6,30,3,1,1,5,4,6,6,4,4,10,5,5,2,16,2,9,1,1,F03,7,6,7,21,2,11,,13,13,1,6,4,120.582026,24.185765,2
3166,66000,387130000C,(04)23274275,(04)23288582,2025,11,8,19,8,臺中市,西區,0,1,0,7,1,6,50,4,1,1,5,4,6,6,4,4,8,3,5,2,15,3,10,3,1,B03,7,9,1,8,2,2,,15,15,1,12,4,120.660165,24.155286,2
3167,66000,387130000C,(04)23274275,(04)23288582,2025,11,8,19,9,臺中市,北屯區,0,0,0,7,,3,40,,,,,,,,,,,,,,13,,,,,B12,,,1,,1,,,7,7,1,6,4,120.669897,24.201092,3
3168,66000,387130000C,(04)23274275,(04)23288582,2025,11,8,19,16,臺中市,北屯區,0,0,0,7,,,50,,,,,,,,,,,,,,13,,,,,B12,,,1,,2,,,84,84,1,6,4,120.685233,24.189355,3
3169,66000,387130000C,(04)23274275,(04)23288582,2025,11,8,19,18,臺中市,沙鹿區,0,1,0,7,1,6,60,13,7,1,5,4,6,6,2,1,1,4,3,1,13,3,10,3,1,B03,7,15,1,8,2,1,,7,7,1,12,4,120.563711,24.240194,2
3170,66000,387130000C,(04)23274275,(04)23288582,2025,11,8,19,20,臺中市,南屯區,0,0,0,7,,,50,,,,,,,,,,,,,,14,,,,,B03,,,1,,2,,,50,50,1,12,4,120.626199,24.151862,3
3171,66000,387130000C,(04)23274275,(04)23288582,2025,11,8,19,25,臺中市,大里區,0,0,0,7,,,30,,,,,,,,,,,,,,,,,,,B03,,,1,,2,,,50,50,1,13,4,120.705983,24.082864,3
3172,66000,387130000C,(04)23274275,(04)23288582,2025,11,8,19,26,臺中市,豐原區,0,0,0,7,,,50,,,,,,,,,,,,,,14,,,,,B02,,,1,,2,,,49,49,1,6,4,120.725895,24.25704,3
3173,66000,387130000C,(04)23274275,(04)23288582,2025,11,8,19,30,臺中市,霧峰區,0,1,0,7,1,6,30,3,1,1,5,4,6,5,4,4,10,5,5,1,16,3,10,5,4,B03,7,6,1,8,2,8,,58,58,1,12,4,120.665429,24.072549,2
3174,66000,387130000C,(04)23274275,(04)23288582,2025,11,8,19,36,臺中市,南屯區,0,1,0,6,1,6,40,5,1,1,5,4,6,6,2,1,10,5,5,2,17,3,10,2,4,C03,7,9,1,10,2,16,,21,21,1,6,4,120.648801,24.143679,2
3175,66000,387130000C,(04)23274275,(04)23288582,2025,11,8,19,38,臺中市,北區,0,0,0,7,,,30,,,,,,,,,,,,,,13,,,,,C03,,,1,,1,,,84,84,1,12,4,120.683253,24.152073,3
3176,66000,387130000C,(04)23274275,(04)23288582,2025,11,8,19,39,臺中市,潭子區,0,1,0,7,1,6,30,13,13,1,5,4,6,6,4,4,10,5,5,1,18,2,1,4,1,F01,7,9,7,21,2,14,,84,84,1,13,1,120.703037,24.189392,2
3177,66000,387130000C,(04)23274275,(04)23288582,2025,11,8,19,39,臺中市,大里區,0,2,0,7,2,6,50,13,9,1,5,4,6,6,1,1,9,4,5,1,13,2,9,2,1,C03,7,9,1,10,2,11,,7,7,1,12,4,120.663723,24.10757,2
3178,66000,387130000C,(04)23274275,(04)23288582,2025,11,8,19,47,臺中市,西屯區,0,0,0,7,,,30,,,,,,,,,,,,,,,,,,,B03,,,1,,9,,,8,8,1,12,4,120.646795,24.182872,3
3179,66000,387130000C,(04)23274275,(04)23288582,2025,11,8,19,50,臺中市,北區,0,2,0,7,1,6,30,4,2,1,5,4,6,6,4,4,10,3,5,2,17,2,9,2,1,C03,7,9,1,10,2,11,,15,15,1,13,4,120.679181,24.160492,2
3180,66000,387130000C,(04)23274275,(04)23288582,2025,11,8,19,51,臺中市,大里區,0,1,0,7,1,6,50,5,1,1,5,4,6,6,1,1,5,4,5,2,16,2,8,2,1,C03,7,6,1,10,2,14,,11,11,1,12,4,120.67767,24.094072,2
3181,66000,387130000C,(04)23274275,(04)23288582,2025,11,8,19,51,臺中市,清水區,0,0,0,7,,,50,,,,,,,,,,,,,,,,,,,B03,,,5,,11,,,59,59,1,12,4,120.539483,24.269538,3
3182,66000,387130000C,(04)23274275,(04)23288582,2025,11,8,20,0,臺中市,南區,0,0,0,7,,,50,,,,,,,,,,,,,,12,,,,,B03,,,1,,2,,,84,84,1,12,4,120.682505,24.131136,3
3183,66000,387130000C,(04)23274275,(04)23288582,2025,11,8,20,0,臺中市,南屯區,0,0,0,7,,,50,,,,,,,,,,,,,,,,,,,C03,,,1,,10,,,87,87,1,12,4,120.638725,24.136297,3
3184,66000,387130000C,(04)23274275,(04)23288582,2025,11,8,20,0,臺中市,大甲區,0,0,0,7,,,40,,,,,,,,,,,,,,,,,,,B03,,,1,,1,,,51,51,1,12,4,120.623435,24.343811,3
3185,66000,387130000C,(04)23274275,(04)23288582,2025,11,8,20,3,臺中市,北屯區,0,0,0,7,,,30,,,,,,,,,,,,,,17,,,,,B02,,,1,,2,,,43,43,1,13,4,120.661404,24.195776,3
3186,66000,387130000C,(04)23274275,(04)23288582,2025,11,8,20,17,臺中市,烏日區,0,1,0,7,1,6,50,4,1,1,5,4,6,6,4,4,1,4,5,1,16,3,10,3,1,B03,7,5,1,8,2,2,,47,47,1,6,4,120.631642,24.105183,2
3187,66000,387130000C,(04)23274275,(04)23288582,2025,11,8,20,20,臺中市,東區,0,2,0,7,1,6,50,13,9,1,5,4,6,6,4,4,5,4,5,2,17,3,10,3,1,B01,7,1,1,4,2,16,,51,51,1,12,4,120.700619,24.132357,2
3188,66000,387130000C,(04)23274275,(04)23288582,2025,11,8,20,20,臺中市,大里區,0,2,0,7,1,6,40,13,7,1,5,4,6,6,1,1,5,5,4,2,13,2,9,5,4,C03,7,1,1,10,2,13,,51,51,1,12,4,120.708767,24.086595,2
3189,66000,387130000C,(04)23274275,(04)23288582,2025,11,8,20,39,臺中市,太平區,0,2,0,7,1,6,50,4,1,1,5,4,6,6,1,1,10,5,5,2,13,2,8,2,1,C03,7,5,1,10,2,11,,7,7,1,12,4,120.725915,24.134047,2
3190,66000,387130000C,(04)23274275,(04)23288582,2025,11,8,20,45,臺中市,潭子區,0,0,0,7,,,50,,,,,,,,,,,,,,,,,,,B03,,,1,,2,,,7,7,1,13,4,120.703134,24.201248,3
3191,66000,387130000C,(04)23274275,(04)23288582,2025,11,8,20,45,臺中市,東區,0,1,0,7,1,6,50,4,1,1,5,4,6,6,1,1,10,5,5,2,16,3,10,5,4,B03,7,6,1,8,2,5,,11,11,1,12,4,120.701456,24.138879,2
3192,66000,387130000C,(04)23274275,(04)23288582,2025,11,8,20,55,臺中市,西屯區,0,0,0,7,,,30,,,,,,,,,,,,,,9,,,,,,,,,,,,,86,86,2,,,120.660533,24.199645,3
3193,66000,387130000C,(04)23274275,(04)23288582,2025,11,8,21,2,臺中市,大甲區,0,0,0,7,,,70,,,,,,,,,,,,,,,,,,,B03,,,1,,1,,,35,35,1,12,4,120.639775,24.362987,3
3194,66000,387130000C,(04)23274275,(04)23288582,2025,11,8,21,5,臺中市,東區,0,1,0,7,1,6,50,3,1,1,5,4,6,6,4,4,5,4,5,2,3,3,10,3,1,B03,7,9,1,8,2,2,,85,85,1,13,4,120.692432,24.140709,2
3195,66000,387130000C,(04)23274275,(04)23288582,2025,11,8,21,10,臺中市,北區,0,3,0,7,1,6,50,4,1,1,5,4,6,6,1,1,5,4,5,2,17,2,9,5,1,C03,7,5,5,19,2,12,,20,20,1,13,4,120.685489,24.15585,2
3196,66000,387130000C,(04)23274275,(04)23288582,2025,11,8,21,11,臺中市,太平區,0,1,0,7,1,6,30,3,9,1,5,4,6,6,4,4,10,5,5,2,9,3,10,1,1,F02,7,9,7,21,7,11,,84,84,1,12,4,120.728223,24.12772,2
3197,66000,387130000C,(04)23274275,(04)23288582,2025,11,8,21,17,臺中市,北屯區,0,0,0,7,,,50,,,,,,,,,,,,,,17,,,,,C03,,,1,,2,,,84,84,1,6,4,120.715788,24.173633,3
3198,66000,387130000C,(04)23274275,(04)23288582,2025,11,8,21,20,臺中市,西屯區,0,0,0,7,,,50,,,,,,,,,,,,,,13,,,,,B03,,,1,,1,,,7,7,1,12,4,120.644415,24.163209,3
3199,66000,387130000C,(04)23274275,(04)23288582,2025,11,8,21,20,臺中市,后里區,0,2,0,7,1,6,50,4,1,1,5,4,6,6,1,1,10,5,5,2,3,2,9,6,5,H01,8,16,7,21,10,17,,96,96,1,12,5,120.709729,24.305222,2
3200,66000,387130000C,(04)23274275,(04)23288582,2025,11,8,21,27,臺中市,大里區,0,2,0,7,1,6,50,13,9,1,5,4,6,6,1,1,9,4,5,1,13,2,9,2,1,C03,7,9,1,10,2,11,,7,7,1,12,4,120.677876,24.115013,2
3201,66000,387130000C,(04)23274275,(04)23288582,2025,11,8,21,34,臺中市,東區,0,2,0,7,1,6,50,4,1,1,5,4,6,6,1,1,10,5,5,2,16,2,9,1,1,C03,7,6,1,10,2,11,,11,11,1,6,2,120.705875,24.137122,2
3202,66000,387130000C,(04)23274275,(04)23288582,2025,11,8,21,35,臺中市,西屯區,0,0,0,7,,,50,,,,,,,,,,,,,,17,,,,,B03,,,1,,1,,,59,59,1,13,4,120.645888,24.163734,3
3203,66000,387130000C,(04)23274275,(04)23288582,2025,11,8,21,35,臺中市,豐原區,0,0,0,7,3,6,50,11,9,1,5,4,6,6,4,4,10,5,5,2,14,3,10,3,1,B03,7,2,1,8,2,6,,49,49,1,12,4,120.733373,24.24074,3
3204,66000,387130000C,(04)23274275,(04)23288582,2025,11,8,21,37,臺中市,西屯區,0,1,0,7,1,6,50,3,1,1,5,4,6,6,4,4,10,4,5,1,13,2,9,5,4,C03,7,9,1,10,1,11,,7,7,1,13,4,120.644297,24.174982,2
3205,66000,387130000C,(04)23274275,(04)23288582,2025,11,8,21,41,臺中市,西屯區,0,1,0,7,1,6,50,4,1,1,5,4,6,6,2,1,10,5,5,2,16,3,10,5,4,B03,7,6,1,8,2,6,,11,11,1,12,4,120.606243,24.187327,2
3206,66000,387130000C,(04)23274275,(04)23288582,2025,11,8,21,43,臺中市,豐原區,0,0,0,7,,,50,,,,,,,,,,,,,,16,,,,,C03,,,1,,2,,,1,1,1,12,4,120.703414,24.238372,3
3207,66000,387130000C,(04)23274275,(04)23288582,2025,11,8,21,44,臺中市,北屯區,0,2,0,7,1,6,40,4,1,1,5,4,6,6,2,1,5,4,4,1,13,3,10,3,1,B01,7,9,1,4,2,8,,7,7,1,12,4,120.704454,24.164862,2
3208,66000,387130000C,(04)23274275,(04)23288582,2025,11,8,21,47,臺中市,東區,0,0,0,7,,,50,,,,,,,,,,,,,,14,,,,,C03,,,1,,1,,,49,49,1,12,4,120.688484,24.135263,4
3209,66000,387130000C,(04)23274275,(04)23288582,2025,11,8,21,55,臺中市,西屯區,0,0,0,7,,3,80,,,,,,,,,,,,,,12,,,,,B03,,,1,,1,,,40,40,1,12,4,120.633595,24.173692,3
3210,66000,387130000C,(04)23274275,(04)23288582,2025,11,8,22,5,臺中市,潭子區,0,0,0,7,,,40,,,,,,,,,,,,,,,,,,,B03,,,1,,2,,,8,8,1,13,4,120.702813,24.200557,3
3211,66000,387130000C,(04)23274275,(04)23288582,2025,11,8,22,19,臺中市,大里區,0,2,0,7,1,6,50,4,2,1,5,4,6,6,2,1,5,4,4,2,12,3,10,3,1,B03,7,9,1,8,2,5,,8,8,1,12,4,120.699068,24.110107,2
3212,66000,387130000C,(04)23274275,(04)23288582,2025,11,8,22,21,臺中市,北屯區,0,2,0,7,3,6,50,13,9,1,5,4,6,6,4,4,10,5,5,2,16,2,9,2,1,C03,7,11,1,10,2,12,,84,84,1,6,4,120.667693,24.17394,2
3213,66000,387130000C,(04)23274275,(04)23288582,2025,11,8,22,28,臺中市,中區,0,0,0,7,,,50,,,,,,,,,,,,,,,,,,,B03,,,1,,2,,,84,84,1,12,4,120.680692,24.138637,3
3214,66000,387130000C,(04)23274275,(04)23288582,2025,11,8,22,35,臺中市,西區,0,0,0,7,,,50,,,,,,,,,,,,,,14,,,,,B03,,,1,,1,,,49,49,1,13,4,120.673013,24.141229,3
3215,66000,387130000C,(04)23274275,(04)23288582,2025,11,8,22,35,臺中市,新社區,0,0,0,7,,,50,,,,,,,,,,,,,,14,,,,,B03,,,1,,1,,,49,49,1,13,4,120.794357,24.205484,3
3216,66000,387130000C,(04)23274275,(04)23288582,2025,11,8,22,37,臺中市,東區,0,2,0,7,1,6,50,4,1,1,5,4,6,6,1,1,10,5,5,2,16,2,8,1,1,C03,7,6,1,10,2,11,,11,11,1,12,4,120.697296,24.147958,2
3217,66000,387130000C,(04)23274275,(04)23288582,2025,11,8,22,46,臺中市,北屯區,0,1,0,7,1,6,50,11,9,1,5,4,6,6,4,4,1,4,5,2,17,2,9,1,1,C03,7,9,1,10,3,11,,84,84,1,13,4,120.736516,24.175769,2
3218,66000,387130000C,(04)23274275,(04)23288582,2025,11,8,23,1,臺中市,南屯區,0,0,0,7,,,50,,,,,,,,,,,,,,17,,,,,C03,,,1,,2,,,84,84,1,12,4,120.635743,24.151151,3
3219,66000,387130000C,(04)23274275,(04)23288582,2025,11,8,23,14,臺中市,西屯區,0,1,0,7,1,6,40,13,8,1,5,4,6,6,4,4,1,5,1,2,18,2,9,5,4,C03,7,9,1,10,2,11,,59,59,1,13,4,120.604095,24.18292,2
3220,66000,387130000C,(04)23274275,(04)23288582,2025,11,8,23,17,臺中市,西區,0,1,0,7,1,6,50,13,9,1,5,4,6,6,4,4,5,5,5,2,18,2,9,2,1,C03,7,9,1,10,2,12,,84,84,1,12,4,120.670768,24.153096,2
3221,66000,387130000C,(04)23274275,(04)23288582,2025,11,8,23,34,臺中市,大甲區,0,1,0,7,1,6,50,5,9,1,5,4,6,6,1,1,6,3,4,1,11,3,10,3,1,B03,7,1,1,8,2,5,,51,51,1,12,4,120.622479,24.356791,2
3222,66000,387130000C,(04)23274275,(04)23288582,2025,11,9,0,12,臺中市,西屯區,0,2,0,7,1,6,50,13,7,4,5,4,6,6,4,4,5,5,4,2,2,3,10,5,4,C03,7,9,3,19,2,11,,8,8,1,13,4,120.645918,24.178684,2
3223,66000,387130000C,(04)23274275,(04)23288582,2025,11,9,0,14,臺中市,大里區,0,1,0,7,1,6,50,4,1,1,5,4,6,6,1,1,10,5,5,2,16,3,10,3,1,B03,7,5,1,8,2,8,,20,20,1,6,4,120.688023,24.094271,2
3224,66000,387130000C,(04)23274275,(04)23288582,2025,11,9,0,30,臺中市,清水區,0,0,0,7,,,50,,,,,,,,,,,,,,,,,,,B03,,,1,,1,,,87,87,1,12,4,120.535103,24.269183,3
3225,66000,387130000C,(04)23274275,(04)23288582,2025,11,9,0,48,臺中市,豐原區,0,0,0,7,2,6,50,13,9,1,5,4,6,6,4,4,5,5,5,2,21,3,10,3,1,B03,7,3,1,8,2,2,,50,50,1,12,4,120.719585,24.247778,3
3226,66000,387130000C,(04)23274275,(04)23288582,2025,11,9,1,15,臺中市,北屯區,0,0,0,7,,,50,,,,,,,,,,,,,,19,,,,,B03,,,1,,2,,,84,84,1,6,4,120.663449,24.185035,3
3227,66000,387130000C,(04)23274275,(04)23288582,2025,11,9,1,50,臺中市,南屯區,0,0,0,6,,,50,,,,,,,,,,,,,,,,,,,B03,,,1,,1,,,59,59,1,12,4,120.637943,24.134774,4
3228,66000,387130000C,(04)23274275,(04)23288582,2025,11,9,1,54,臺中市,北屯區,0,1,0,7,1,6,50,4,1,1,5,4,6,6,3,1,10,5,5,2,15,2,9,1,1,C03,7,9,1,10,2,11,,24,24,1,6,4,120.696327,24.185327,2
3229,66000,387130000C,(04)23274275,(04)23288582,2025,11,9,2,0,臺中市,北屯區,0,1,0,7,3,6,50,13,9,1,5,4,6,6,4,4,5,5,5,2,17,2,9,3,1,B03,7,9,1,8,8,5,,53,53,1,6,4,120.702938,24.169902,2
3230,66000,387130000C,(04)23274275,(04)23288582,2025,11,9,3,32,臺中市,西屯區,0,0,0,7,,,60,,,,,,,,,,,,,,12,,,,,B03,,,1,,2,,,40,40,1,12,4,120.639069,24.168932,3
3231,66000,387130000C,(04)23274275,(04)23288582,2025,11,9,5,14,臺中市,豐原區,0,1,0,7,1,6,50,4,2,1,5,4,6,6,1,1,5,4,4,1,13,2,9,1,1,C03,7,9,1,10,2,11,,7,7,1,12,4,120.713819,24.253678,2
3232,66000,387130000C,(04)23274275,(04)23288582,2025,11,9,5,40,臺中市,北屯區,0,0,0,7,1,6,50,4,1,1,5,4,6,6,2,1,10,5,5,2,12,3,10,3,1,B03,7,9,5,19,8,5,,84,84,1,12,4,120.674143,24.173976,3
3233,66000,387130000C,(04)23274275,(04)23288582,2025,11,9,6,15,臺中市,西區,0,0,0,7,,,50,,,,,,,,,,,,,,,,,,,C03,,,1,,2,,,84,84,1,12,4,120.672166,24.138981,3
3234,66000,387130000C,(04)23274275,(04)23288582,2025,11,9,6,24,臺中市,東區,0,2,0,7,2,6,50,4,1,1,5,4,6,6,2,1,10,5,5,2,16,2,8,3,1,B03,7,6,1,8,2,2,,11,11,1,12,4,120.701405,24.138892,2
3235,66000,387130000C,(04)23274275,(04)23288582,2025,11,9,7,6,臺中市,潭子區,0,1,0,7,2,6,50,4,1,1,5,4,6,6,2,1,10,5,5,2,15,3,10,3,1,B03,7,9,1,8,2,1,,21,21,1,13,4,120.718345,24.218157,2
3236,66000,387130000C,(04)23274275,(04)23288582,2025,11,9,7,30,臺中市,南屯區,0,0,0,7,,,50,,,,,,,,,,,,,,17,,,,,B03,,,1,,2,,,84,84,1,13,4,120.641892,24.134681,3
3237,66000,387130000C,(04)23274275,(04)23288582,2025,11,9,7,37,臺中市,北屯區,0,2,0,7,2,6,50,13,9,1,5,4,6,6,4,4,9,4,5,2,13,2,9,2,1,C03,7,9,1,10,2,12,,7,7,1,6,4,120.73237,24.159857,2
3238,66000,387130000C,(04)23274275,(04)23288582,2025,11,9,7,40,臺中市,霧峰區,0,1,0,7,2,6,50,13,9,1,5,4,6,6,4,4,9,5,5,2,17,2,9,2,1,F03,7,11,7,21,2,14,,45,45,1,13,4,120.665092,24.060084,2
3239,66000,387130000C,(04)23274275,(04)23288582,2025,11,9,7,49,臺中市,北屯區,0,0,0,7,,,50,,,,,,,,,,,,,,13,,,,,B03,,,1,,1,,,84,84,1,12,4,120.667544,24.179701,3
3240,66000,387130000C,(04)23274275,(04)23288582,2025,11,9,7,50,臺中市,西屯區,0,0,0,7,,,30,,,,,,,,,,,,,,17,,,,,B03,,,3,,9,,,59,59,1,13,4,120.635562,24.1679,3
3241,66000,387130000C,(04)23274275,(04)23288582,2025,11,9,7,56,臺中市,大甲區,0,0,0,7,,,50,,,,,,,,,,,,,,30,,,,,B03,,,1,,2,,,8,8,1,6,4,120.629155,24.419442,3
3242,66000,387130000C,(04)23274275,(04)23288582,2025,11,9,8,0,臺中市,大雅區,0,1,0,7,3,6,30,4,9,1,5,4,6,6,1,1,9,4,5,1,16,3,10,2,1,C03,7,6,1,10,2,14,,23,23,1,13,4,120.655113,24.237148,2
3243,66000,387130000C,(04)23274275,(04)23288582,2025,11,9,8,1,臺中市,西區,0,0,0,7,,,50,,,,,,,,,,,,,,30,,,,,B03,,,1,8,1,,,85,85,1,13,4,120.66102,24.151822,3
3244,66000,387130000C,(04)23274275,(04)23288582,2025,11,9,8,2,臺中市,北區,0,0,0,7,,,50,,,,,,,,,,,,,,13,,,,,B03,,,1,,1,,,59,59,1,13,4,120.688894,24.152943,3
3245,66000,387130000C,(04)23274275,(04)23288582,2025,11,9,8,15,臺中市,北屯區,0,0,0,7,,,50,,,,,,,,,,,,,,13,,,,,B03,,,1,,1,,,56,56,1,6,4,120.71528,24.180324,3
3246,66000,387130000C,(04)23274275,(04)23288582,2025,11,9,8,15,臺中市,霧峰區,0,1,0,7,3,6,50,13,9,1,5,4,6,6,4,4,9,5,5,1,12,3,10,3,1,B03,7,4,1,8,2,2,,8,8,1,12,4,120.705653,24.073973,2
3247,66000,387130000C,(04)23274275,(04)23288582,2025,11,9,8,19,臺中市,大里區,0,1,0,7,3,6,50,13,9,1,5,4,6,6,4,4,3,4,4,1,13,3,10,1,1,C03,7,8,1,10,2,11,,7,7,1,12,4,120.697385,24.083449,2
3248,66000,387130000C,(04)23274275,(04)23288582,2025,11,9,8,21,臺中市,北區,0,0,0,7,,,50,,,,,,,,,,,,,,,,,,,B03,,,1,,2,,,49,49,1,12,4,120.676995,24.15829,3
3249,66000,387130000C,(04)23274275,(04)23288582,2025,11,9,8,23,臺中市,北屯區,0,2,0,7,3,6,30,3,2,1,5,4,6,6,4,4,9,5,5,2,16,2,8,1,1,C03,7,6,3,19,2,11,,14,14,1,12,4,120.664881,24.192588,2
3250,66000,387130000C,(04)23274275,(04)23288582,2025,11,9,8,24,臺中市,南區,0,2,0,7,3,6,50,4,1,1,5,4,6,6,1,1,10,5,5,2,16,2,9,2,1,C03,7,6,3,19,2,12,,48,48,1,12,4,120.655222,24.134993,2
3251,66000,387130000C,(04)23274275,(04)23288582,2025,11,9,8,24,臺中市,太平區,0,1,0,7,2,6,50,4,1,1,5,4,6,6,1,1,10,5,5,2,18,2,9,1,1,C03,7,9,1,10,2,12,,59,59,1,12,4,120.729761,24.109318,2
3252,66000,387130000C,(04)23274275,(04)23288582,2025,11,9,8,24,臺中市,沙鹿區,0,0,0,7,,,50,,,,,,,,,,,,,,12,,,,,B03,,,1,,11,,,50,50,1,6,4,120.560275,24.238109,3
3253,66000,387130000C,(04)23274275,(04)23288582,2025,11,9,8,30,臺中市,烏日區,0,0,0,7,,,50,,,,,,,,,,,,,,13,,,,,B03,,,1,,1,,,7,7,1,13,4,120.626068,24.111693,3
3254,66000,387130000C,(04)23274275,(04)23288582,2025,11,9,8,30,臺中市,烏日區,0,1,0,7,2,6,40,4,1,1,5,4,6,6,2,1,1,3,4,1,17,2,8,1,1,F01,7,9,7,21,2,11,,84,84,1,6,4,120.647463,24.078944,2
3255,66000,387130000C,(04)23274275,(04)23288582,2025,11,9,8,40,臺中市,外埔區,0,0,0,7,,,50,,,,,,,,,,,,,,13,,,,,B03,,,1,,2,,,59,59,1,6,4,120.655481,24.333027,3
3256,66000,387130000C,(04)23274275,(04)23288582,2025,11,9,8,49,臺中市,東區,0,0,0,7,,,50,,,,,,,,,,,,,,17,,,,,B03,,,1,,1,,,8,8,1,12,4,120.692522,24.132456,3
3257,66000,387130000C,(04)23274275,(04)23288582,2025,11,9,8,59,臺中市,中區,0,3,0,7,2,6,50,3,1,1,5,4,6,6,4,4,5,2,5,2,16,2,9,1,1,C03,7,6,1,10,2,11,,26,26,1,12,4,120.681739,24.136313,2
3258,66000,387130000C,(04)23274275,(04)23288582,2025,11,9,9,2,臺中市,北屯區,0,0,0,7,,,30,,,,,,,,,,,,,,17,,,,,B03,,,1,,1,,,84,84,1,6,4,120.6652,24.181831,3
3259,66000,387130000C,(04)23274275,(04)23288582,2025,11,9,9,7,臺中市,西區,0,1,0,7,2,6,50,13,9,1,5,4,6,6,4,4,1,4,5,2,12,3,10,5,4,B12,7,7,1,8,2,2,,40,40,1,13,4,120.669225,24.150899,2
3260,66000,387130000C,(04)23274275,(04)23288582,2025,11,9,9,9,臺中市,大甲區,0,0,0,7,,,70,,,,,,,,,,,,,,,,,,,B03,,,1,,1,,,59,59,1,12,4,120.65165,24.382517,3
3261,66000,387130000C,(04)23274275,(04)23288582,2025,11,9,9,16,臺中市,太平區,0,2,0,7,2,6,50,13,9,1,5,4,6,6,4,4,9,5,4,2,16,2,8,2,1,C03,7,9,1,10,2,12,,85,85,1,12,4,120.733938,24.1476,2
3262,66000,387130000C,(04)23274275,(04)23288582,2025,11,9,9,31,臺中市,太平區,0,3,0,7,2,6,50,3,1,1,5,4,6,6,3,1,10,5,5,2,16,2,8,1,1,C03,7,6,1,10,2,11,,24,24,1,12,4,120.72257,24.129355,2
3263,66000,387130000C,(04)23274275,(04)23288582,2025,11,9,9,38,臺中市,西區,0,0,0,7,,,50,,,,,,,,,,,,,,14,,,,,B03,,,1,,1,,,49,49,1,12,4,120.660207,24.152541,3
3264,66000,387130000C,(04)23274275,(04)23288582,2025,11,9,9,42,臺中市,西區,0,1,0,7,2,6,50,3,2,1,5,4,6,6,4,4,5,4,5,2,18,2,9,1,1,C03,7,9,1,10,2,12,,84,84,1,13,4,120.650146,24.144222,2
3265,66000,387130000C,(04)23274275,(04)23288582,2025,11,9,9,50,臺中市,太平區,0,1,0,7,2,6,50,4,1,1,5,4,6,6,1,1,10,5,5,2,16,3,10,3,1,B03,7,15,1,8,2,8,,11,11,1,12,4,120.712548,24.157362,2
3266,66000,387130000C,(04)23274275,(04)23288582,2025,11,9,9,53,臺中市,豐原區,0,2,0,7,1,6,50,4,1,1,5,4,6,6,2,1,1,4,5,1,17,2,9,2,4,C03,7,1,3,19,2,14,,51,51,1,12,4,120.714533,24.244864,2
3267,66000,387130000C,(04)23274275,(04)23288582,2025,11,9,10,7,臺中市,豐原區,0,0,0,7,,,50,,,,,,,,,,,,,,22,,,,,B03,,,1,,2,,,84,84,1,12,4,120.719333,24.247994,3