序號,縣市別代碼,機關代碼,市話,傳真,年,月,日,時,分,縣市,區,死亡數量,受傷數量,2-30,天候,道路照明設備,道路類別,道路速限,道路型態,事故位置,路面鋪裝,路面狀態,路面缺陷,障礙物,視距,號誌種類,號誌動作,分向設施,快車道或一般車道間,快慢車道間,路面邊線,事故類型及型態,受傷程度,主要傷處,保護裝備,行動電話或功能裝置,當事者區分(類別),車輛用途,當事者行動狀態,駕照狀態,駕照種類,飲酒情形,車輛撞擊部位最初,車輛撞擊部位其他,肇事因素個別,肇事因素主要,肇事逃逸,職業,共享經濟或外送平台,GPS座標X,GPS座標Y,事故類別
3268,66000,387130000C,(04)23274275,(04)23288582,2025,11,9,10,10,臺中市,烏日區,0,1,0,7,2,6,40,13,8,1,5,4,6,6,4,4,1,5,1,2,18,2,9,5,4,F03,7,9,7,21,2,12,,59,59,1,13,4,120.617751,24.113848,2
3269,66000,387130000C,(04)23274275,(04)23288582,2025,11,9,10,20,臺中市,潭子區,0,1,0,7,2,6,60,13,7,1,5,4,6,6,4,4,1,4,4,1,12,2,9,1,1,C03,7,8,1,10,2,14,,40,40,1,13,4,120.702485,24.187414,2
3270,66000,387130000C,(04)23274275,(04)23288582,2025,11,9,10,20,臺中市,大甲區,0,1,0,7,2,6,50,4,1,1,5,4,6,6,4,4,10,5,5,2,15,2,9,2,1,C03,7,9,1,10,2,12,,15,15,1,6,4,120.625043,24.344964,2
3271,66000,387130000C,(04)23274275,(04)23288582,2025,11,9,10,31,臺中市,后里區,0,0,0,7,,,50,,,,,,,,,,,,,,13,,,,,B03,,,1,,1,,,84,84,1,6,4,120.731801,24.33955,3
3272,66000,387130000C,(04)23274275,(04)23288582,2025,11,9,10,35,臺中市,沙鹿區,0,0,0,7,,,50,,,,,,,,,,,,,,12,,,,,C03,,,7,,2,,,8,8,1,13,4,120.567762,24.253405,4
3273,66000,387130000C,(04)23274275,(04)23288582,2025,11,9,10,39,臺中市,東區,0,3,0,7,2,6,50,3,1,1,5,4,6,6,1,1,10,5,5,2,16,2,9,2,1,C03,7,4,1,10,2,12,,1,1,1,13,4,120.690251,24.140033,2
3274,66000,387130000C,(04)23274275,(04)23288582,2025,11,9,10,48,臺中市,南屯區,0,1,0,7,3,6,50,4,1,1,5,4,6,6,1,1,10,5,5,2,16,3,10,3,1,B03,7,5,1,8,2,6,,47,47,1,13,4,120.623093,24.149587,2
3275,66000,387130000C,(04)23274275,(04)23288582,2025,11,9,10,58,臺中市,清水區,0,1,0,7,2,6,50,13,9,1,5,4,6,6,4,4,8,5,5,2,17,3,10,5,1,G03,7,9,7,21,9,16,,93,93,1,12,4,120.548568,24.271054,2
3276,66000,387130000C,(04)23274275,(04)23288582,2025,11,9,11,0,臺中市,烏日區,0,0,0,7,,,50,,,,,,,,,,,,,,13,,,,,B03,,,1,,2,,,7,7,1,6,4,120.618069,24.105755,3
3277,66000,387130000C,(04)23274275,(04)23288582,2025,11,9,11,0,臺中市,后里區,0,0,0,7,,,50,,,,,,,,,,,,,,14,,,,,B03,,,1,,1,,,49,49,1,13,4,120.731223,24.300973,3
3278,66000,387130000C,(04)23274275,(04)23288582,2025,11,9,11,3,臺中市,北區,0,1,0,7,3,6,50,13,9,1,5,4,6,6,4,4,3,4,5,2,13,2,9,1,1,C03,7,9,1,10,2,11,,59,59,1,12,4,120.683799,24.148604,2
3279,66000,387130000C,(04)23274275,(04)23288582,2025,11,9,11,7,臺中市,北屯區,0,0,0,7,,,50,,,,,,,,,,,,,,12,,,,,C03,,,5,,1,,,18,18,1,12,4,120.740129,24.179003,3
3280,66000,387130000C,(04)23274275,(04)23288582,2025,11,9,11,7,臺中市,烏日區,0,0,0,7,,,50,,,,,,,,,,,,,,28,,,,,,,,,,,,,118,118,1,,,120.626169,24.103936,3
3281,66000,387130000C,(04)23274275,(04)23288582,2025,11,9,11,13,臺中市,東區,0,0,0,7,,,50,,,,,,,,,,,,,,,,,,,B03,,,1,,1,,,8,8,1,12,4,120.688022,24.135932,3
3282,66000,387130000C,(04)23274275,(04)23288582,2025,11,9,11,14,臺中市,烏日區,0,0,0,7,,,50,,,,,,,,,,,,,,12,,,,,B03,,,1,,2,,,51,51,1,13,4,120.61875,24.103361,3
3283,66000,387130000C,(04)23274275,(04)23288582,2025,11,9,11,20,臺中市,烏日區,0,0,0,7,,,50,,,,,,,,,,,,,,2,,,,,B03,,,1,,1,,,1,1,1,6,4,120.618813,24.112616,3
3284,66000,387130000C,(04)23274275,(04)23288582,2025,11,9,11,20,臺中市,沙鹿區,0,3,0,7,2,6,50,13,9,1,5,4,6,6,4,4,5,5,5,1,17,3,10,3,1,B03,7,4,1,8,2,2,,1,1,1,12,4,120.584807,24.265919,2
3285,66000,387130000C,(04)23274275,(04)23288582,2025,11,9,11,22,臺中市,太平區,0,1,0,7,2,6,50,3,1,1,5,4,6,6,4,4,10,5,5,2,13,2,8,1,1,C03,7,9,1,10,2,11,,85,85,1,12,2,120.715198,24.157092,2
3286,66000,387130000C,(04)23274275,(04)23288582,2025,11,9,11,24,臺中市,北區,0,0,0,7,,,50,,,,,,,,,,,,,,13,,,,,C03,,,1,,1,,,1,1,1,13,4,120.676665,24.153932,3
3287,66000,387130000C,(04)23274275,(04)23288582,2025,11,9,11,24,臺中市,西屯區,0,0,0,7,,,50,,,,,,,,,,,,,,17,,,,,B03,,,1,,9,,,77,77,1,12,4,120.621307,24.181126,3
3288,66000,387130000C,(04)23274275,(04)23288582,2025,11,9,11,26,臺中市,太平區,0,1,0,7,2,6,30,11,9,1,5,4,6,6,4,4,10,5,5,1,17,3,10,3,1,B03,7,9,1,8,2,8,,41,41,1,12,4,120.76936,24.140628,2
3289,66000,387130000C,(04)23274275,(04)23288582,2025,11,9,11,27,臺中市,西區,0,1,0,7,2,6,30,3,1,1,5,4,6,6,4,4,10,5,5,2,16,3,10,3,1,B03,7,5,1,8,2,4,,11,11,1,12,4,120.664564,24.150296,2
3290,66000,387130000C,(04)23274275,(04)23288582,2025,11,9,11,38,臺中市,西區,0,1,0,7,2,6,50,4,1,1,5,4,6,6,1,1,10,5,5,2,16,3,10,5,4,B03,7,5,1,8,2,2,,47,47,1,13,4,120.663924,24.157491,2
3291,66000,387130000C,(04)23274275,(04)23288582,2025,11,9,11,44,臺中市,南區,0,0,0,7,,,50,,,,,,,,,,,,,,,,,,,C03,,,1,,1,,,7,7,1,6,4,120.682878,24.134486,4
3292,66000,387130000C,(04)23274275,(04)23288582,2025,11,9,11,46,臺中市,西屯區,0,0,0,7,,,60,,,,,,,,,,,,,,13,,,,,B03,,,1,,1,,,7,7,1,13,4,120.644526,24.164305,3
3293,66000,387130000C,(04)23274275,(04)23288582,2025,11,9,11,47,臺中市,北屯區,0,0,0,7,,,25,,,,,,,,,,,,,,12,,,,,B03,,,1,,1,,,8,8,1,12,4,120.783548,24.204977,3
3294,66000,387130000C,(04)23274275,(04)23288582,2025,11,9,11,50,臺中市,烏日區,0,0,0,7,,,30,,,,,,,,,,,,,,14,,,,,B03,,,1,,1,,,49,49,1,6,4,120.60574,24.118943,3
3295,66000,387130000C,(04)23274275,(04)23288582,2025,11,9,11,50,臺中市,梧棲區,0,3,0,7,2,6,30,4,1,1,5,4,6,6,4,4,10,5,5,1,15,2,9,1,1,C03,7,9,1,10,2,11,,15,15,1,12,2,120.560358,24.257899,2
3296,66000,387130000C,(04)23274275,(04)23288582,2025,11,9,11,57,臺中市,霧峰區,0,2,0,7,2,6,50,4,1,1,5,4,6,6,1,1,10,5,5,2,13,2,9,2,1,C03,7,9,1,10,2,11,,84,84,1,5,4,120.693371,24.073166,2
3297,66000,387130000C,(04)23274275,(04)23288582,2025,11,9,11,59,臺中市,北屯區,0,0,0,7,,,40,,,,,,,,,,,,,,12,,,,,B03,,,1,,1,,,8,8,1,12,4,120.686087,24.175842,3
3298,66000,387130000C,(04)23274275,(04)23288582,2025,11,9,12,2,臺中市,豐原區,0,0,0,7,,,50,,,,,,,,,,,,,,13,,,,,B03,,,1,,2,,,84,84,1,6,4,120.709201,24.2499,3
3299,66000,387130000C,(04)23274275,(04)23288582,2025,11,9,12,4,臺中市,新社區,0,0,0,7,,,30,,,,,,,,,,,,,,,,,,,B03,,,1,,2,,,12,12,1,12,4,120.80653,24.194213,3
3300,66000,387130000C,(04)23274275,(04)23288582,2025,11,9,12,5,臺中市,西區,0,2,0,7,2,6,50,13,9,1,5,4,6,6,4,4,5,4,5,2,17,3,10,4,1,B01,7,15,1,4,2,8,,76,76,1,12,4,120.659809,24.146611,2
3301,66000,387130000C,(04)23274275,(04)23288582,2025,11,9,12,5,臺中市,西區,0,0,0,7,,,50,,,,,,,,,,,,,,9,,,,,B03,,,1,,2,,,7,7,1,12,4,120.65721,24.142303,3
3302,66000,387130000C,(04)23274275,(04)23288582,2025,11,9,12,10,臺中市,大甲區,0,0,0,7,,,50,,,,,,,,,,,,,,35,,,,,B03,,,1,,2,,,50,50,1,12,4,120.621258,24.342076,3
3303,66000,387130000C,(04)23274275,(04)23288582,2025,11,9,12,11,臺中市,外埔區,0,0,0,7,,,50,,,,,,,,,,,,,,17,,,,,B03,,,1,,2,,,51,51,1,6,4,120.653377,24.331611,3
3304,66000,387130000C,(04)23274275,(04)23288582,2025,11,9,12,12,臺中市,北屯區,0,1,0,7,2,6,30,4,2,1,4,4,6,6,1,1,1,2,5,2,12,2,8,2,1,C03,7,1,1,10,2,11,,84,84,1,12,4,120.721147,24.17562,2
3305,66000,387130000C,(04)23274275,(04)23288582,2025,11,9,12,18,臺中市,西屯區,0,0,0,7,,,50,,,,,,,,,,,,,,13,,,,,B03,,,1,,2,,,59,59,1,13,4,120.654345,24.194323,3
3306,66000,387130000C,(04)23274275,(04)23288582,2025,11,9,12,19,臺中市,后里區,0,0,0,7,2,2,60,13,14,1,5,4,6,6,4,4,9,3,4,1,14,3,10,3,1,B03,7,2,1,8,2,3,,49,49,1,6,4,120.721323,24.305893,3
3307,66000,387130000C,(04)23274275,(04)23288582,2025,11,9,12,22,臺中市,西區,0,1,0,7,2,6,50,4,1,1,5,4,6,6,1,1,10,5,5,2,15,3,10,5,4,B03,7,9,1,8,2,4,,21,21,1,13,4,120.661687,24.139281,2
3308,66000,387130000C,(04)23274275,(04)23288582,2025,11,9,12,23,臺中市,西區,0,0,0,7,,,50,,,,,,,,,,,,,,,,,,,B03,,,1,,1,,,7,7,1,6,4,120.659159,24.156682,3
3309,66000,387130000C,(04)23274275,(04)23288582,2025,11,9,12,23,臺中市,東區,0,3,0,7,3,6,50,3,1,1,5,4,6,6,1,1,10,5,5,2,17,2,9,2,1,C03,7,9,1,10,2,11,,84,84,1,12,4,120.690338,24.125036,2
3310,66000,387130000C,(04)23274275,(04)23288582,2025,11,9,12,25,臺中市,沙鹿區,0,0,0,7,2,6,60,13,7,1,5,4,6,6,1,1,1,3,4,2,13,,,,,B12,,,1,,2,,,7,7,1,12,4,120.563492,24.206423,3
3311,66000,387130000C,(04)23274275,(04)23288582,2025,11,9,12,28,臺中市,潭子區,0,0,0,7,,,30,,,,,,,,,,,,,,,,,,,B03,,,1,,2,,,49,49,1,13,4,120.680536,24.221445,3
3312,66000,387130000C,(04)23274275,(04)23288582,2025,11,9,12,29,臺中市,潭子區,0,1,0,7,2,6,30,13,9,1,5,4,6,6,4,4,10,5,5,2,18,2,9,5,4,C03,7,9,5,10,2,14,,84,84,1,13,4,120.691815,24.211348,2
3313,66000,387130000C,(04)23274275,(04)23288582,2025,11,9,12,30,臺中市,南屯區,0,4,0,7,2,6,50,4,1,1,5,4,6,6,4,4,5,5,5,2,15,3,10,3,1,B03,7,9,1,8,2,1,,13,13,1,13,4,120.645052,24.152371,2
3314,66000,387130000C,(04)23274275,(04)23288582,2025,11,9,12,30,臺中市,外埔區,0,1,0,7,3,6,50,3,1,1,5,4,6,6,4,4,10,5,5,2,17,3,10,3,1,B03,7,5,1,8,2,16,,20,20,1,6,4,120.715094,24.339758,2
3315,66000,387130000C,(04)23274275,(04)23288582,2025,11,9,12,32,臺中市,龍井區,0,0,0,7,,,30,,,,,,,,,,,,,,12,,,,,B03,,,1,,2,,,59,59,1,6,4,120.591971,24.180633,3
3316,66000,387130000C,(04)23274275,(04)23288582,2025,11,9,12,33,臺中市,大里區,0,2,0,7,2,6,30,4,1,1,5,4,6,3,4,4,10,5,5,2,17,2,8,1,1,C03,7,9,1,10,2,12,,15,15,1,13,4,120.67532,24.099144,2
3317,66000,387130000C,(04)23274275,(04)23288582,2025,11,9,12,35,臺中市,中區,0,0,0,7,,,30,,,,,,,,,,,,,,,,,,,,,,,,,,,86,86,1,,,120.680619,24.142315,3
3318,66000,387130000C,(04)23274275,(04)23288582,2025,11,9,12,36,臺中市,北區,0,0,0,7,,,40,,,,,,,,,,,,,,,,,,,B01,,,1,,1,,,87,87,1,12,4,120.684455,24.147925,3
3319,66000,387130000C,(04)23274275,(04)23288582,2025,11,9,12,37,臺中市,北屯區,0,0,0,7,,,30,,,,,,,,,,,,,,15,,,,,C03,,,3,,1,,,12,12,1,6,4,120.715941,24.172908,3
3320,66000,387130000C,(04)23274275,(04)23288582,2025,11,9,12,38,臺中市,烏日區,0,0,0,7,,,50,,,,,,,,,,,,,,17,,,,,B03,,,1,,1,,,82,82,1,6,4,120.615155,24.117805,3
3321,66000,387130000C,(04)23274275,(04)23288582,2025,11,9,12,44,臺中市,東區,0,0,0,7,,,50,,,,,,,,,,,,,,17,,,,,B03,,,3,,1,,,8,8,1,12,4,120.69451,24.142756,3
3322,66000,387130000C,(04)23274275,(04)23288582,2025,11,9,12,45,臺中市,大里區,0,0,0,7,,,50,,,,,,,,,,,,,,13,,,,,B03,,,3,,2,,,84,84,1,12,4,120.690296,24.11291,3
3323,66000,387130000C,(04)23274275,(04)23288582,2025,11,9,12,46,臺中市,大雅區,0,2,0,7,1,6,50,5,1,1,5,4,6,6,1,1,10,5,5,2,16,3,10,3,1,B12,7,5,1,8,2,2,,11,11,1,12,4,120.653333,24.225665,2
3324,66000,387130000C,(04)23274275,(04)23288582,2025,11,9,12,51,臺中市,西區,0,0,0,7,,,30,,,,,,,,,,,,,,,,,,,B03,,,1,8,2,,,4,4,1,13,4,120.66445,24.152687,3
3325,66000,387130000C,(04)23274275,(04)23288582,2025,11,9,12,53,臺中市,東區,0,1,0,7,2,6,50,4,2,1,5,4,6,6,1,1,10,5,5,2,13,3,10,2,1,C03,7,9,1,10,1,12,,7,7,1,13,4,120.685019,24.129367,2
3326,66000,387130000C,(04)23274275,(04)23288582,2025,11,9,12,55,臺中市,北區,0,1,0,7,2,6,50,4,1,1,5,4,6,6,2,1,10,5,5,2,15,3,10,3,1,B03,7,9,1,8,2,1,,21,21,1,12,4,120.664089,24.162142,2
3327,66000,387130000C,(04)23274275,(04)23288582,2025,11,9,13,8,臺中市,豐原區,0,0,0,7,,,50,,,,,,,,,,,,,,14,,,,,B03,,,1,,1,,,49,49,1,12,4,120.706226,24.243685,3
3328,66000,387130000C,(04)23274275,(04)23288582,2025,11,9,13,9,臺中市,西屯區,0,0,0,7,,,50,,,,,,,,,,,,,,12,,,,,B03,,,1,,1,,,40,40,1,12,4,120.653217,24.160452,3
3329,66000,387130000C,(04)23274275,(04)23288582,2025,11,9,13,10,臺中市,北屯區,0,0,0,7,,,60,,,,,,,,,,,,,,,,,,,B03,,,1,,2,,,40,40,1,6,4,120.718695,24.163206,3
3330,66000,387130000C,(04)23274275,(04)23288582,2025,11,9,13,10,臺中市,沙鹿區,0,0,0,7,,,0,,,,,,,,,,,,,,11,,,,,B03,,,1,,1,,,51,51,1,12,4,120.554028,24.233026,4
3331,66000,387130000C,(04)23274275,(04)23288582,2025,11,9,13,15,臺中市,西區,0,1,0,7,2,6,40,18,8,1,5,4,6,6,4,4,1,4,4,2,17,3,10,3,1,B03,7,2,1,8,2,3,,49,49,1,13,4,120.657061,24.153137,2
3332,66000,387130000C,(04)23274275,(04)23288582,2025,11,9,13,15,臺中市,沙鹿區,0,0,0,7,,,50,,,,,,,,,,,,,,12,,,,,B03,,,1,,2,,,40,40,1,6,4,120.567072,24.204469,3
3333,66000,387130000C,(04)23274275,(04)23288582,2025,11,9,13,16,臺中市,北區,0,0,0,7,,,50,,,,,,,,,,,,,,17,,,,,B03,,,1,,2,,,51,51,1,13,4,120.682874,24.166867,3
3334,66000,387130000C,(04)23274275,(04)23288582,2025,11,9,13,20,臺中市,西區,0,0,0,7,,,50,,,,,,,,,,,,,,9,,,,,C03,,,1,,1,,,7,7,1,12,4,120.655171,24.149743,3
3335,66000,387130000C,(04)23274275,(04)23288582,2025,11,9,13,44,臺中市,潭子區,0,0,0,7,,,50,,,,,,,,,,,,,,14,,,,,B03,,,1,,2,,,49,49,1,13,4,120.675551,24.206358,3
3336,66000,387130000C,(04)23274275,(04)23288582,2025,11,9,13,45,臺中市,西區,0,0,0,7,,,50,,,,,,,,,,,,,,,,,,,B03,,,1,8,1,,,49,49,1,13,4,120.664625,24.156928,3
3337,66000,387130000C,(04)23274275,(04)23288582,2025,11,9,13,45,臺中市,新社區,0,1,0,7,2,6,50,3,1,1,5,4,6,6,4,4,10,5,5,2,17,3,10,3,1,B02,7,6,1,8,2,8,,14,14,1,12,4,120.829625,24.156679,2
3338,66000,387130000C,(04)23274275,(04)23288582,2025,11,9,13,47,臺中市,東區,0,2,0,7,2,6,50,5,1,1,5,4,6,6,2,1,10,5,5,2,13,2,9,2,1,C03,7,9,1,10,2,11,,84,84,1,12,4,120.692422,24.140113,2
3339,66000,387130000C,(04)23274275,(04)23288582,2025,11,9,13,48,臺中市,西區,0,1,0,7,2,6,50,4,1,1,5,4,6,6,2,1,10,5,5,2,16,2,9,1,1,C03,7,6,1,10,2,13,,48,48,1,5,4,120.652951,24.147792,2
3340,66000,387130000C,(04)23274275,(04)23288582,2025,11,9,13,53,臺中市,豐原區,0,0,0,7,,,60,,,,,,,,,,,,,,13,,,,,B03,,,3,,1,,,59,59,1,12,4,120.720573,24.264155,3
3341,66000,387130000C,(04)23274275,(04)23288582,2025,11,9,14,0,臺中市,新社區,0,2,0,7,2,6,50,11,9,1,5,4,6,6,4,4,5,5,5,1,17,3,10,5,4,A05,7,9,1,1,2,4,,39,39,1,12,4,120.815828,24.185911,2
3342,66000,387130000C,(04)23274275,(04)23288582,2025,11,9,14,2,臺中市,北屯區,0,0,0,7,,,50,,,,,,,,,,,,,,12,,,,,C03,,,1,,1,,,42,42,1,12,4,120.737361,24.178186,3
3343,66000,387130000C,(04)23274275,(04)23288582,2025,11,9,14,3,臺中市,大里區,0,1,0,7,2,6,50,3,1,1,5,4,6,6,4,4,10,5,5,1,17,2,9,1,1,C03,7,9,1,10,2,11,,84,84,1,12,4,120.698429,24.109459,2
3344,66000,387130000C,(04)23274275,(04)23288582,2025,11,9,14,5,臺中市,東區,0,0,0,7,,,50,,,,,,,,,,,,,,14,,,,,,,,,,,,,86,86,1,,,120.689809,24.13612,4
3345,66000,387130000C,(04)23274275,(04)23288582,2025,11,9,14,5,臺中市,烏日區,0,0,0,7,,,40,,,,,,,,,,,,,,14,,,,,B02,,,1,,2,,,49,49,1,13,4,120.642774,24.065239,3
3346,66000,387130000C,(04)23274275,(04)23288582,2025,11,9,14,7,臺中市,豐原區,0,0,0,7,2,6,50,13,8,1,5,4,6,6,4,4,5,5,4,2,12,3,10,3,1,B13,7,7,1,8,2,2,,85,85,1,12,4,120.699218,24.24821,3
3347,66000,387130000C,(04)23274275,(04)23288582,2025,11,9,14,10,臺中市,大雅區,0,1,0,7,1,6,40,13,8,1,5,4,6,6,4,4,5,5,4,1,17,2,9,2,1,C03,7,9,1,9,2,12,,59,59,1,12,4,120.630384,24.210269,2
3348,66000,387130000C,(04)23274275,(04)23288582,2025,11,9,14,13,臺中市,西屯區,0,0,0,7,,,50,,,,,,,,,,,,,,12,,,,,B03,,,1,,1,,,84,84,1,12,4,120.656193,24.192058,3
3349,66000,387130000C,(04)23274275,(04)23288582,2025,11,9,14,18,臺中市,沙鹿區,0,0,0,7,,,50,,,,,,,,,,,,,,17,,,,,B03,,,1,,2,,,8,8,1,6,4,120.562538,24.242234,3
3350,66000,387130000C,(04)23274275,(04)23288582,2025,11,9,14,25,臺中市,東區,0,2,0,7,3,6,50,13,9,1,5,4,6,6,4,4,1,4,4,2,12,2,9,2,1,C03,7,9,1,10,2,11,,84,84,1,6,4,120.696227,24.135007,2
3351,66000,387130000C,(04)23274275,(04)23288582,2025,11,9,14,26,臺中市,北區,0,0,0,7,,,50,,,,,,,,,,,,,,,,,,,B03,,,1,,2,,,8,8,1,12,4,120.676184,24.150285,3
3352,66000,387130000C,(04)23274275,(04)23288582,2025,11,9,14,30,臺中市,龍井區,0,0,0,7,,,60,,,,,,,,,,,,,,,,,,,B03,,,1,,1,,,51,51,1,12,4,120.580157,24.189864,3
3353,66000,387130000C,(04)23274275,(04)23288582,2025,11,9,14,32,臺中市,東勢區,0,0,0,7,,,50,,,,,,,,,,,,,,,,,,,B03,,,1,,1,,,7,7,1,12,4,120.824549,24.262305,3
3354,66000,387130000C,(04)23274275,(04)23288582,2025,11,9,14,36,臺中市,北屯區,0,1,0,7,2,6,50,4,1,1,5,4,6,6,1,1,10,5,5,2,15,2,9,1,1,C03,7,9,1,10,2,11,,21,21,1,12,4,120.689327,24.201289,2
3355,66000,387130000C,(04)23274275,(04)23288582,2025,11,9,14,37,臺中市,北屯區,0,0,0,7,,3,40,,,,,,,,,,,,,,13,,,,,B03,,,1,,1,,,84,84,1,12,4,120.667814,24.20118,3
3356,66000,387130000C,(04)23274275,(04)23288582,2025,11,9,14,44,臺中市,龍井區,0,0,0,7,,,30,,,,,,,,,,,,,,,,,,,B03,,,1,,1,,,8,8,1,12,4,120.588824,24.18337,3
3357,66000,387130000C,(04)23274275,(04)23288582,2025,11,9,14,47,臺中市,太平區,0,0,0,7,,,50,,,,,,,,,,,,,,19,,,,,B03,,,1,,1,,,51,51,1,13,4,120.704696,24.162475,3
3358,66000,387130000C,(04)23274275,(04)23288582,2025,11,9,14,48,臺中市,大甲區,0,0,0,7,,,30,,,,,,,,,,,,,,13,,,,,B03,,,1,,1,,,7,7,1,6,4,120.63523,24.354941,3
3359,66000,387130000C,(04)23274275,(04)23288582,2025,11,9,14,48,臺中市,豐原區,0,2,0,7,2,6,50,3,1,1,5,4,6,6,2,1,5,4,4,2,16,2,8,1,1,C03,7,6,1,10,2,11,,34,34,1,12,4,120.722297,24.254452,2
3360,66000,387130000C,(04)23274275,(04)23288582,2025,11,9,14,59,臺中市,西區,0,2,0,7,2,6,60,4,1,1,5,4,6,6,2,1,1,2,1,2,16,3,10,3,1,B03,7,6,1,8,2,1,,23,23,1,12,4,120.659526,24.156929,2
3361,66000,387130000C,(04)23274275,(04)23288582,2025,11,9,14,59,臺中市,清水區,0,1,0,7,3,6,50,4,1,1,5,4,6,6,3,1,5,4,5,2,15,3,10,3,1,B03,7,9,1,8,2,1,,20,20,1,12,4,120.579062,24.270789,2
3362,66000,387130000C,(04)23274275,(04)23288582,2025,11,9,15,0,臺中市,沙鹿區,0,0,0,7,,,40,,,,,,,,,,,,,,13,,,,,B03,,,1,,2,,,7,7,1,6,4,120.567597,24.203705,3
3363,66000,387130000C,(04)23274275,(04)23288582,2025,11,9,15,4,臺中市,北區,0,2,0,7,2,6,50,3,2,1,5,4,6,6,2,1,10,5,5,2,12,2,9,2,1,C03,7,9,1,10,2,12,,84,84,1,13,4,120.693967,24.159817,2
3364,66000,387130000C,(04)23274275,(04)23288582,2025,11,9,15,10,臺中市,大里區,0,1,0,7,2,6,50,4,1,1,5,4,6,6,4,4,5,5,5,2,17,3,10,1,1,C03,7,5,3,19,1,16,,14,14,1,6,4,120.71186,24.085892,2
3365,66000,387130000C,(04)23274275,(04)23288582,2025,11,9,15,11,臺中市,北屯區,0,1,0,7,2,6,50,13,9,1,5,4,6,6,4,4,9,5,5,2,12,3,10,3,1,B03,7,11,1,8,2,8,,45,45,1,12,4,120.708049,24.190799,2
3366,66000,387130000C,(04)23274275,(04)23288582,2025,11,9,15,12,臺中市,北屯區,0,0,0,7,,,50,,,,,,,,,,,,,,17,,,,,B03,,,1,,1,,,51,51,1,12,4,120.727473,24.176803,3
3367,66000,387130000C,(04)23274275,(04)23288582,2025,11,9,15,13,臺中市,西區,0,0,0,7,,,50,,,,,,,,,,,,,,17,,,,,C03,,,1,,1,,,15,15,1,12,4,120.672171,24.140535,3
3368,66000,387130000C,(04)23274275,(04)23288582,2025,11,9,15,15,臺中市,潭子區,0,1,0,7,2,6,50,13,8,1,5,4,6,6,4,4,3,4,4,2,17,2,1,3,1,B03,7,9,1,8,2,5,,59,59,1,13,4,120.711849,24.210191,2
3369,66000,387130000C,(04)23274275,(04)23288582,2025,11,9,15,15,臺中市,北屯區,0,0,0,7,,,50,,,,,,,,,,,,,,14,,,,,B02,,,1,,1,,,50,50,1,13,4,120.696675,24.168911,3
3370,66000,387130000C,(04)23274275,(04)23288582,2025,11,9,15,16,臺中市,大里區,0,0,0,7,,,50,,,,,,,,,,,,,,,,,,,B03,,,3,,2,,,84,84,1,12,4,120.701991,24.106901,3
3371,66000,387130000C,(04)23274275,(04)23288582,2025,11,9,15,18,臺中市,北屯區,0,2,0,7,2,6,50,4,8,1,5,4,6,6,4,4,5,5,4,2,13,2,8,1,1,C03,7,9,1,10,2,11,,7,7,1,6,4,120.694448,24.172872,2
3372,66000,387130000C,(04)23274275,(04)23288582,2025,11,9,15,20,臺中市,南屯區,0,0,0,7,3,6,30,13,9,1,5,4,6,6,4,4,10,5,5,2,14,,,,,B03,,,1,,9,,,49,49,2,12,4,120.609257,24.148803,3
3373,66000,387130000C,(04)23274275,(04)23288582,2025,11,9,15,22,臺中市,霧峰區,0,1,0,7,2,6,50,3,1,1,5,4,6,6,4,4,5,5,5,1,16,3,10,5,4,B03,7,5,1,8,2,5,,14,14,1,12,4,120.686196,24.065719,2
3374,66000,387130000C,(04)23274275,(04)23288582,2025,11,9,15,25,臺中市,北屯區,0,0,0,7,,,50,,,,,,,,,,,,,,,,,,,B03,,,1,,1,,,7,7,1,12,4,120.693246,24.163633,3
3375,66000,387130000C,(04)23274275,(04)23288582,2025,11,9,15,26,臺中市,西區,0,1,0,7,2,6,50,3,8,1,5,4,6,6,2,1,1,3,4,2,13,3,10,2,1,C03,7,9,1,10,2,11,,7,7,1,12,4,120.665874,24.139445,2
3376,66000,387130000C,(04)23274275,(04)23288582,2025,11,9,15,26,臺中市,西屯區,0,0,0,7,,,60,,,,,,,,,,,,,,12,,,,,B03,,,1,,1,,,48,48,1,12,4,120.640974,24.167772,3
3377,66000,387130000C,(04)23274275,(04)23288582,2025,11,9,15,26,臺中市,后里區,0,1,0,7,2,6,30,4,1,1,5,4,6,6,4,4,1,4,4,1,12,3,10,3,1,B03,7,9,1,8,2,8,,20,20,1,12,4,120.692929,24.317992,2
3378,66000,387130000C,(04)23274275,(04)23288582,2025,11,9,15,27,臺中市,西屯區,0,1,0,7,2,6,50,4,1,1,5,4,6,6,4,4,5,5,5,2,16,3,10,3,1,B03,7,6,1,8,2,4,,48,48,1,12,4,120.651025,24.160476,2
3379,66000,387130000C,(04)23274275,(04)23288582,2025,11,9,15,30,臺中市,西屯區,0,0,0,7,,,50,,,,,,,,,,,,,,13,,,,,B03,,,1,,1,,,84,84,1,13,4,120.636308,24.170136,3
3380,66000,387130000C,(04)23274275,(04)23288582,2025,11,9,15,32,臺中市,霧峰區,0,0,0,7,2,6,80,10,7,1,5,4,6,6,4,4,1,3,5,1,13,,,,,B03,,,1,,1,,,82,82,1,6,4,120.687559,24.058111,3