序號,縣市別代碼,機關代碼,市話,傳真,年,月,日,時,分,縣市,區,死亡數量,受傷數量,2-30,天候,道路照明設備,道路類別,道路速限,道路型態,事故位置,路面鋪裝,路面狀態,路面缺陷,障礙物,視距,號誌種類,號誌動作,分向設施,快車道或一般車道間,快慢車道間,路面邊線,事故類型及型態,受傷程度,主要傷處,保護裝備,行動電話或功能裝置,當事者區分(類別),車輛用途,當事者行動狀態,駕照狀態,駕照種類,飲酒情形,車輛撞擊部位最初,車輛撞擊部位其他,肇事因素個別,肇事因素主要,肇事逃逸,職業,共享經濟或外送平台,GPS座標X,GPS座標Y,事故類別
3381,66000,387130000C,(04)23274275,(04)23288582,2025,11,9,15,34,臺中市,大里區,0,0,0,7,3,6,50,,14,1,5,4,6,6,4,4,5,4,5,1,12,,,,,B03,,,1,,2,,,84,84,1,12,4,120.690023,24.107415,3
3382,66000,387130000C,(04)23274275,(04)23288582,2025,11,9,15,35,臺中市,大肚區,0,0,0,7,,,30,,,,,,,,,,,,,,,,,,,B03,,,1,,2,,,84,84,1,6,4,120.549734,24.155489,3
3383,66000,387130000C,(04)23274275,(04)23288582,2025,11,9,15,40,臺中市,南屯區,0,0,0,7,,,50,,,,,,,,,,,,,,17,,,,,B03,,,1,,2,,,40,40,1,12,4,120.603027,24.159499,3
3384,66000,387130000C,(04)23274275,(04)23288582,2025,11,9,15,41,臺中市,北屯區,0,0,0,7,,,50,,,,,,,,,,,,,,12,,,,,B03,,,1,,1,,,20,20,1,12,4,120.681377,24.192763,4
3385,66000,387130000C,(04)23274275,(04)23288582,2025,11,9,15,44,臺中市,東區,0,0,0,7,,,50,,,,,,,,,,,,,,,,,,,,,,,,,,,86,86,1,,,120.702726,24.144406,3
3386,66000,387130000C,(04)23274275,(04)23288582,2025,11,9,15,47,臺中市,西區,0,0,0,7,,,50,,,,,,,,,,,,,,,,,,,B03,,,1,,2,,,43,43,1,6,4,120.663043,24.163006,3
3387,66000,387130000C,(04)23274275,(04)23288582,2025,11,9,15,47,臺中市,大肚區,0,2,0,7,2,6,30,4,1,1,5,4,6,6,3,1,10,5,5,2,15,2,9,1,1,C03,7,9,1,10,2,13,,24,24,1,6,4,120.545193,24.148964,2
3388,66000,387130000C,(04)23274275,(04)23288582,2025,11,9,15,57,臺中市,大里區,0,0,0,7,,,50,,,,,,,,,,,,,,,,,,,,,,,,,,,119,119,1,,,120.69257,24.109793,4
3389,66000,387130000C,(04)23274275,(04)23288582,2025,11,9,16,3,臺中市,南區,0,0,0,7,,,50,,,,,,,,,,,,,,13,,,,,B03,,,1,,9,,,84,84,1,12,4,120.682323,24.130844,3
3390,66000,387130000C,(04)23274275,(04)23288582,2025,11,9,16,4,臺中市,烏日區,0,0,0,7,,3,40,,,,,,,,,,,,,,13,,,,,B03,,,1,,1,,,59,59,1,13,4,120.615742,24.118965,3
3391,66000,387130000C,(04)23274275,(04)23288582,2025,11,9,16,8,臺中市,南區,0,0,0,7,,,50,,,,,,,,,,,,,,13,,,,,B03,,,1,,2,,,7,7,1,12,4,120.670095,24.119043,3
3392,66000,387130000C,(04)23274275,(04)23288582,2025,11,9,16,10,臺中市,北屯區,0,0,0,7,,,50,,,,,,,,,,,,,,13,,,,,B03,,,1,,2,,,84,84,1,6,4,120.730333,24.173885,3
3393,66000,387130000C,(04)23274275,(04)23288582,2025,11,9,16,14,臺中市,清水區,0,3,0,7,2,6,50,4,1,1,5,4,6,6,3,1,8,3,3,1,17,2,9,1,1,C03,7,9,1,10,3,11,,20,20,1,12,4,120.556189,24.27402,2
3394,66000,387130000C,(04)23274275,(04)23288582,2025,11,9,16,16,臺中市,北區,0,0,0,7,,,50,,,,,,,,,,,,,,17,,,,,B03,,,1,,1,,,87,87,1,13,4,120.675754,24.150337,3
3395,66000,387130000C,(04)23274275,(04)23288582,2025,11,9,16,16,臺中市,南區,0,0,0,7,,,50,,,,,,,,,,,,,,13,,,,,B03,,,1,,2,,,84,84,1,12,4,120.669997,24.122365,3
3396,66000,387130000C,(04)23274275,(04)23288582,2025,11,9,16,22,臺中市,南區,0,0,0,7,,,50,,,,,,,,,,,,,,,,,,,B03,,,1,,1,,,7,7,1,13,4,120.66999,24.11936,3
3397,66000,387130000C,(04)23274275,(04)23288582,2025,11,9,16,23,臺中市,東勢區,0,2,0,7,2,6,50,13,9,1,5,4,6,6,4,4,10,5,5,2,17,3,10,2,1,C03,7,1,1,10,2,11,,51,51,1,12,4,120.844522,24.246868,2
3398,66000,387130000C,(04)23274275,(04)23288582,2025,11,9,16,24,臺中市,西屯區,0,0,0,7,,,50,,,,,,,,,,,,,,16,,,,,B03,,,1,,1,,,11,11,1,13,4,120.614455,24.177277,3
3399,66000,387130000C,(04)23274275,(04)23288582,2025,11,9,16,31,臺中市,西屯區,0,0,0,7,,,50,,,,,,,,,,,,,,,,,,,C03,,,1,,1,,,48,48,1,13,4,120.643003,24.176992,4
3400,66000,387130000C,(04)23274275,(04)23288582,2025,11,9,16,33,臺中市,北屯區,0,0,0,7,,,50,,,,,,,,,,,,,,16,,,,,B03,,,1,,1,,,20,20,1,13,4,120.684387,24.172352,3
3401,66000,387130000C,(04)23274275,(04)23288582,2025,11,9,16,42,臺中市,大肚區,0,1,0,7,2,6,50,13,9,1,5,4,6,6,4,4,5,5,5,1,17,2,9,5,4,C03,7,1,1,10,2,11,,51,51,1,12,4,120.580384,24.171957,2
3402,66000,387130000C,(04)23274275,(04)23288582,2025,11,9,16,46,臺中市,北屯區,0,0,0,7,,,50,,,,,,,,,,,,,,,,,,,B03,,,1,,1,,,49,49,1,12,4,120.668509,24.179853,3
3403,66000,387130000C,(04)23274275,(04)23288582,2025,11,9,16,47,臺中市,北屯區,0,1,0,7,2,6,40,13,7,1,5,4,6,6,4,4,9,5,4,2,16,3,10,3,1,B03,7,11,1,8,2,4,,45,45,1,6,4,120.667941,24.198005,2
3404,66000,387130000C,(04)23274275,(04)23288582,2025,11,9,16,48,臺中市,東區,0,0,0,7,,,50,,,,,,,,,,,,,,,,,,,B03,,,1,,1,,,7,7,1,12,4,120.701029,24.144602,3
3405,66000,387130000C,(04)23274275,(04)23288582,2025,11,9,16,50,臺中市,西區,0,3,0,7,2,6,40,5,1,1,5,4,6,6,1,1,10,5,5,2,17,2,9,1,1,C03,7,5,6,20,2,12,,84,84,1,12,4,120.669837,24.150818,2
3406,66000,387130000C,(04)23274275,(04)23288582,2025,11,9,16,50,臺中市,北屯區,0,1,0,7,2,6,50,13,9,1,5,4,6,6,4,4,5,5,5,2,14,3,10,3,1,B12,7,2,1,8,2,6,,49,49,1,6,4,120.68616,24.170894,2
3407,66000,387130000C,(04)23274275,(04)23288582,2025,11,9,16,50,臺中市,龍井區,0,2,0,7,2,6,40,5,1,1,5,4,6,6,1,1,10,5,5,2,17,2,9,5,4,C03,7,9,1,10,2,14,,7,7,1,12,4,120.573422,24.185409,2
3408,66000,387130000C,(04)23274275,(04)23288582,2025,11,9,16,53,臺中市,南屯區,0,0,0,7,,,50,,,,,,,,,,,,,,17,,,,,B03,,,1,,2,,,8,8,1,6,4,120.65003,24.134097,3
3409,66000,387130000C,(04)23274275,(04)23288582,2025,11,9,16,55,臺中市,烏日區,0,1,0,7,2,6,50,3,1,1,5,4,6,6,4,4,5,5,4,1,17,3,10,3,1,B03,7,7,1,8,2,6,,40,40,1,6,4,120.621091,24.106436,2
3410,66000,387130000C,(04)23274275,(04)23288582,2025,11,9,16,59,臺中市,后里區,0,1,0,7,1,6,60,13,9,1,5,4,6,6,4,4,5,4,5,1,13,3,10,2,1,C03,7,9,1,10,2,12,,85,85,1,12,4,120.73074,24.335404,2
3411,66000,387130000C,(04)23274275,(04)23288582,2025,11,9,17,9,臺中市,北屯區,0,2,0,7,2,3,80,13,9,1,5,4,6,6,4,4,1,4,5,2,13,3,10,3,1,B03,7,9,1,8,2,1,,59,59,1,12,4,120.720679,24.169616,2
3412,66000,387130000C,(04)23274275,(04)23288582,2025,11,9,17,11,臺中市,南屯區,0,0,0,7,,,40,,,,,,,,,,,,,,13,,,,,C03,,,2,,1,,,7,7,1,12,4,120.622563,24.141266,3
3413,66000,387130000C,(04)23274275,(04)23288582,2025,11,9,17,11,臺中市,大里區,0,0,0,7,,,50,,,,,,,,,,,,,,13,,,,,C03,,,1,,1,,,7,7,1,12,4,120.693943,24.093614,3
3414,66000,387130000C,(04)23274275,(04)23288582,2025,11,9,17,12,臺中市,中區,0,0,0,7,,,50,,,,,,,,,,,,,,13,,,,,C03,,,1,,2,,,84,84,1,12,4,120.685084,24.142815,3
3415,66000,387130000C,(04)23274275,(04)23288582,2025,11,9,17,19,臺中市,北區,0,0,0,7,,,50,,,,,,,,,,,,,,17,,,,,B01,,,1,,1,,,84,84,1,12,4,120.683351,24.148662,3
3416,66000,387130000C,(04)23274275,(04)23288582,2025,11,9,17,26,臺中市,北區,0,0,0,7,,,50,,,,,,,,,,,,,,13,,,,,B03,,,1,,2,,,84,84,1,12,4,120.675129,24.162784,3
3417,66000,387130000C,(04)23274275,(04)23288582,2025,11,9,17,30,臺中市,后里區,0,1,0,7,1,6,50,4,1,1,5,4,6,6,1,1,10,5,5,2,3,3,10,1,1,C03,7,9,1,10,9,11,,59,59,1,12,4,120.722282,24.307882,2
3418,66000,387130000C,(04)23274275,(04)23288582,2025,11,9,17,32,臺中市,東區,0,0,0,7,,,50,,,,,,,,,,,,,,12,,,,,B03,,,1,,1,,,26,26,1,12,4,120.690163,24.131725,3
3419,66000,387130000C,(04)23274275,(04)23288582,2025,11,9,17,33,臺中市,西屯區,0,0,0,7,,,60,,,,,,,,,,,,,,13,,,,,B03,,,1,,1,,,59,59,1,12,4,120.630699,24.162179,3
3420,66000,387130000C,(04)23274275,(04)23288582,2025,11,9,17,35,臺中市,西屯區,0,0,0,7,,,50,,,,,,,,,,,,,,14,,,,,B03,,,1,,1,,,49,49,1,12,4,120.658006,24.194687,3
3421,66000,387130000C,(04)23274275,(04)23288582,2025,11,9,17,36,臺中市,北屯區,0,0,0,7,,3,80,,,,,,,,,,,,,,13,,,,,B03,,,1,,1,,,7,7,1,13,4,120.72231,24.187413,3
3422,66000,387130000C,(04)23274275,(04)23288582,2025,11,9,17,37,臺中市,烏日區,0,0,0,7,,,50,,,,,,,,,,,,,,12,,,,,B03,,,1,,1,,,8,8,1,6,4,120.618724,24.115942,3
3423,66000,387130000C,(04)23274275,(04)23288582,2025,11,9,17,43,臺中市,南屯區,0,0,0,7,1,6,40,13,8,1,5,4,6,6,4,4,5,5,4,2,14,,,,,B03,,,1,,1,,,49,49,1,12,4,120.643742,24.135996,4
3424,66000,387130000C,(04)23274275,(04)23288582,2025,11,9,17,44,臺中市,豐原區,0,0,0,7,,,50,,,,,,,,,,,,,,17,,,,,B03,,,1,,2,,,40,40,1,6,4,120.743876,24.264365,3
3425,66000,387130000C,(04)23274275,(04)23288582,2025,11,9,17,45,臺中市,南屯區,0,0,0,7,1,6,50,13,9,1,5,4,6,6,4,4,1,4,5,2,12,,,,,B03,,,1,,9,,,8,8,1,12,4,120.646391,24.142313,3
3426,66000,387130000C,(04)23274275,(04)23288582,2025,11,9,17,45,臺中市,北屯區,0,1,0,7,1,6,50,4,1,1,5,4,6,6,2,1,10,5,5,2,16,3,10,3,1,B12,7,6,1,8,1,1,,25,25,1,6,4,120.721569,24.180023,2
3427,66000,387130000C,(04)23274275,(04)23288582,2025,11,9,17,45,臺中市,清水區,0,1,0,7,1,6,40,13,7,1,5,4,6,6,4,4,1,4,4,1,17,3,10,3,1,B03,7,1,1,7,2,8,,51,51,1,12,4,120.583197,24.284287,2
3428,66000,387130000C,(04)23274275,(04)23288582,2025,11,9,17,45,臺中市,沙鹿區,0,1,0,7,1,6,30,12,9,1,5,4,6,6,4,4,10,5,5,2,18,2,9,2,1,C03,7,9,1,10,2,14,,59,59,1,6,4,120.578774,24.23059,2
3429,66000,387130000C,(04)23274275,(04)23288582,2025,11,9,17,46,臺中市,大甲區,0,1,0,7,1,6,50,13,9,1,5,4,6,6,4,4,9,5,5,1,16,3,10,3,1,B03,7,6,1,10,2,4,,48,48,1,12,4,120.627636,24.35108,2
3430,66000,387130000C,(04)23274275,(04)23288582,2025,11,9,17,53,臺中市,南屯區,0,0,0,7,,,50,,,,,,,,,,,,,,12,,,,,B03,,,1,,1,,,45,45,1,6,4,120.64334,24.144824,3
3431,66000,387130000C,(04)23274275,(04)23288582,2025,11,9,17,55,臺中市,大雅區,0,1,0,7,1,6,50,13,9,1,5,4,6,6,4,4,9,5,5,1,9,3,10,2,1,C03,7,9,5,10,9,11,,84,84,1,13,4,120.62224,24.228454,2
3432,66000,387130000C,(04)23274275,(04)23288582,2025,11,9,17,57,臺中市,大里區,0,1,0,6,1,6,30,11,9,1,5,4,6,6,4,4,10,5,5,1,11,2,9,1,1,C03,7,9,5,19,3,14,,84,84,1,12,4,120.673293,24.0857,2
3433,66000,387130000C,(04)23274275,(04)23288582,2025,11,9,17,58,臺中市,北屯區,0,0,0,7,,,50,,,,,,,,,,,,,,13,,,,,B03,,,1,,1,,,58,58,1,6,4,120.685411,24.198938,3
3434,66000,387130000C,(04)23274275,(04)23288582,2025,11,9,18,3,臺中市,潭子區,0,0,0,7,,,60,,,,,,,,,,,,,,,,,,,B03,,,1,,2,,,84,84,1,13,4,120.704991,24.206474,3
3435,66000,387130000C,(04)23274275,(04)23288582,2025,11,9,18,3,臺中市,大雅區,0,1,0,7,1,6,30,11,9,1,5,4,6,6,4,4,10,5,5,2,11,3,10,3,1,B03,7,6,1,8,2,4,,8,8,1,13,4,120.655663,24.223475,2
3436,66000,387130000C,(04)23274275,(04)23288582,2025,11,9,18,4,臺中市,大甲區,0,1,0,7,1,6,50,4,1,1,5,4,6,6,4,4,10,5,5,2,16,3,10,2,1,F03,7,5,7,21,2,14,,14,14,1,6,4,120.624949,24.432586,2
3437,66000,387130000C,(04)23274275,(04)23288582,2025,11,9,18,5,臺中市,南屯區,0,1,0,7,1,6,50,4,1,1,5,4,6,6,2,1,5,4,4,2,12,3,10,3,1,B03,7,5,1,8,2,2,,47,47,1,12,4,120.613201,24.139827,2
3438,66000,387130000C,(04)23274275,(04)23288582,2025,11,9,18,6,臺中市,潭子區,0,0,0,7,,,50,,,,,,,,,,,,,,,,,,,B03,,,1,,2,,,84,84,1,13,4,120.720033,24.228386,3
3439,66000,387130000C,(04)23274275,(04)23288582,2025,11,9,18,10,臺中市,烏日區,0,1,0,7,2,6,50,4,1,1,5,4,6,6,2,1,5,4,5,1,18,2,9,1,1,C03,7,9,1,10,2,14,,84,84,1,6,4,120.638966,24.096466,2
3440,66000,387130000C,(04)23274275,(04)23288582,2025,11,9,18,11,臺中市,南屯區,0,1,0,7,1,6,50,4,1,1,5,4,6,6,4,4,8,3,5,1,17,3,10,3,1,B03,7,5,1,8,1,2,,14,14,1,12,4,120.641884,24.146877,2
3441,66000,387130000C,(04)23274275,(04)23288582,2025,11,9,18,13,臺中市,西屯區,0,1,0,7,1,6,30,13,9,1,5,4,6,6,4,4,10,5,5,2,17,3,10,5,4,C03,7,9,1,10,2,16,,68,68,1,13,4,120.647616,24.169098,2
3442,66000,387130000C,(04)23274275,(04)23288582,2025,11,9,18,15,臺中市,石岡區,0,0,0,7,,,50,,,,,,,,,,,,,,,,,,,B03,,,1,,2,,,7,7,1,12,4,120.782593,24.274136,3
3443,66000,387130000C,(04)23274275,(04)23288582,2025,11,9,18,15,臺中市,豐原區,0,1,0,7,2,6,50,13,9,1,5,4,6,6,4,4,5,5,5,2,13,3,10,5,4,B03,7,9,1,8,2,1,,7,7,1,12,4,120.724534,24.255429,2
3444,66000,387130000C,(04)23274275,(04)23288582,2025,11,9,18,15,臺中市,豐原區,0,1,0,7,1,6,50,5,2,1,5,4,6,6,2,1,1,4,4,1,13,2,9,1,1,C03,7,9,1,10,2,11,,84,84,1,12,4,120.746952,24.266021,2
3445,66000,387130000C,(04)23274275,(04)23288582,2025,11,9,18,16,臺中市,沙鹿區,0,1,0,7,1,6,40,13,8,1,5,4,6,6,4,4,1,5,5,2,17,4,11,5,4,C03,7,15,1,10,11,12,,84,84,1,6,4,120.580533,24.199943,2
3446,66000,387130000C,(04)23274275,(04)23288582,2025,11,9,18,16,臺中市,神岡區,0,0,0,7,1,6,60,13,7,1,5,4,6,6,4,4,1,,4,1,11,,,,,C03,,,1,,9,,,4,4,1,12,4,120.707394,24.257872,3
3447,66000,387130000C,(04)23274275,(04)23288582,2025,11,9,18,19,臺中市,大甲區,0,1,0,7,1,6,50,11,9,1,5,4,6,6,4,4,5,5,5,1,17,2,9,1,1,F01,7,9,7,21,2,11,,87,87,1,12,4,120.628311,24.345122,2
3448,66000,387130000C,(04)23274275,(04)23288582,2025,11,9,18,21,臺中市,大里區,0,1,0,7,1,6,40,5,1,1,5,4,6,6,1,1,10,5,5,2,16,3,10,5,4,B03,7,6,1,8,2,5,,11,11,1,12,4,120.695359,24.096976,2
3449,66000,387130000C,(04)23274275,(04)23288582,2025,11,9,18,23,臺中市,大雅區,0,1,0,7,1,6,50,4,19,1,5,4,6,6,1,1,10,5,5,2,2,3,10,3,1,B03,7,6,1,8,2,8,,10,10,1,12,4,120.650065,24.221553,2
3450,66000,387130000C,(04)23274275,(04)23288582,2025,11,9,18,24,臺中市,西區,0,0,0,7,,,50,,,,,,,,,,,,,,,,,,,C03,,,1,,1,,,1,1,1,6,2,120.660154,24.136954,3
3451,66000,387130000C,(04)23274275,(04)23288582,2025,11,9,18,25,臺中市,南區,0,0,0,7,,,50,,,,,,,,,,,,,,13,,,,,B03,,,1,,1,,,7,7,1,12,4,120.655182,24.113559,3
3452,66000,387130000C,(04)23274275,(04)23288582,2025,11,9,18,26,臺中市,太平區,0,0,0,7,,,50,,,,,,,,,,,,,,15,,,,,C03,,,1,,2,,,15,15,1,13,4,120.71651,24.145213,3
3453,66000,387130000C,(04)23274275,(04)23288582,2025,11,9,18,30,臺中市,大里區,0,0,0,7,1,6,50,13,9,1,5,4,6,6,4,4,1,4,5,1,13,,,,,C03,,,1,,1,,,82,82,1,5,4,120.69081,24.092326,3
3454,66000,387130000C,(04)23274275,(04)23288582,2025,11,9,18,32,臺中市,南區,0,2,0,7,1,6,30,13,9,1,5,4,6,6,4,4,10,5,5,2,10,2,8,5,4,C03,7,9,1,10,2,11,,41,41,1,12,4,120.682008,24.134964,2
3455,66000,387130000C,(04)23274275,(04)23288582,2025,11,9,18,36,臺中市,西屯區,0,0,0,6,,,50,,,,,,,,,,,,,,,,,,,B03,,,1,,1,,,7,7,1,13,4,120.649182,24.163222,3
3456,66000,387130000C,(04)23274275,(04)23288582,2025,11,9,18,36,臺中市,沙鹿區,0,1,0,7,1,6,50,3,2,1,5,4,6,6,2,1,10,5,5,2,17,3,10,3,1,B03,7,6,1,8,2,5,,8,8,1,10,4,120.566831,24.204652,2
3457,66000,387130000C,(04)23274275,(04)23288582,2025,11,9,18,38,臺中市,大肚區,0,0,0,7,,,40,,,,,,,,,,,,,,14,,,,,B03,,,1,,2,,,49,49,1,6,4,120.551478,24.137306,3
3458,66000,387130000C,(04)23274275,(04)23288582,2025,11,9,18,41,臺中市,西區,0,0,0,7,,,50,,,,,,,,,,,,,,17,,,,,B01,,,1,,2,,,7,7,1,12,4,120.652969,24.146689,3
3459,66000,387130000C,(04)23274275,(04)23288582,2025,11,9,18,41,臺中市,東區,0,0,0,7,,,50,,,,,,,,,,,,,,,,,,,C03,,,1,,1,,,84,84,1,6,4,120.697065,24.142711,4
3460,66000,387130000C,(04)23274275,(04)23288582,2025,11,9,18,46,臺中市,潭子區,0,0,0,7,,,60,,,,,,,,,,,,,,,,,,,B03,,,1,,2,,,11,11,1,13,4,120.704538,24.204579,3
3461,66000,387130000C,(04)23274275,(04)23288582,2025,11,9,18,53,臺中市,太平區,0,0,0,7,,,50,,,,,,,,,,,,,,17,,,,,B03,,,1,,2,,,50,50,1,6,4,120.728985,24.095312,3
3462,66000,387130000C,(04)23274275,(04)23288582,2025,11,9,18,59,臺中市,西屯區,0,2,0,7,1,6,50,3,2,1,5,4,6,6,3,1,5,4,4,2,13,2,9,2,1,C03,7,9,1,10,2,11,,59,59,1,12,4,120.653103,24.156214,2
3463,66000,387130000C,(04)23274275,(04)23288582,2025,11,9,18,59,臺中市,大里區,0,2,0,7,1,6,50,4,1,1,5,4,6,6,1,1,10,5,5,2,16,2,9,2,1,C03,7,6,1,10,2,11,,48,48,1,12,4,120.678732,24.097907,2
3464,66000,387130000C,(04)23274275,(04)23288582,2025,11,9,19,0,臺中市,大里區,0,1,0,7,1,6,50,13,9,1,5,4,6,6,4,4,5,5,5,1,17,2,9,5,1,F01,7,9,7,21,2,12,,82,82,1,12,4,120.692891,24.089684,2
3465,66000,387130000C,(04)23274275,(04)23288582,2025,11,9,19,0,臺中市,烏日區,0,0,0,7,,,50,,,,,,,,,,,,,,17,,,,,B01,,,1,,1,,,8,8,1,6,4,120.615814,24.11615,3
3466,66000,387130000C,(04)23274275,(04)23288582,2025,11,9,19,3,臺中市,大甲區,0,1,0,7,1,6,50,3,1,1,5,4,6,6,2,1,10,5,5,2,17,3,10,5,4,F03,7,6,7,21,2,16,,48,48,1,6,4,120.643302,24.400397,2
3467,66000,387130000C,(04)23274275,(04)23288582,2025,11,9,19,3,臺中市,外埔區,0,0,0,7,1,6,50,8,7,1,5,4,6,6,4,4,1,3,4,2,13,3,10,3,1,B03,7,9,1,8,2,1,,84,84,1,12,4,120.639937,24.340849,3
3468,66000,387130000C,(04)23274275,(04)23288582,2025,11,9,19,9,臺中市,清水區,0,1,0,7,1,6,50,3,1,1,5,4,6,6,1,1,1,4,4,1,18,2,9,1,1,C03,7,9,1,10,2,12,,59,59,1,12,4,120.577015,24.27563,2
3469,66000,387130000C,(04)23274275,(04)23288582,2025,11,9,19,18,臺中市,南區,0,1,0,7,1,6,40,13,8,1,5,4,6,6,4,4,5,4,4,2,12,2,8,4,1,F01,7,9,7,21,2,11,14,84,84,1,12,1,120.657173,24.118509,2
3470,66000,387130000C,(04)23274275,(04)23288582,2025,11,9,19,18,臺中市,大里區,0,0,0,7,,,50,,,,,,,,,,,,,,17,,,,,B03,,,1,,2,,,59,59,1,12,4,120.690358,24.089198,3
3471,66000,387130000C,(04)23274275,(04)23288582,2025,11,9,19,25,臺中市,后里區,0,3,0,7,1,6,50,3,2,1,5,4,6,6,1,1,5,5,5,1,16,2,9,2,1,C03,7,6,1,10,2,12,,48,48,1,12,4,120.689144,24.307239,2
3472,66000,387130000C,(04)23274275,(04)23288582,2025,11,9,19,45,臺中市,西屯區,0,0,0,7,,,40,,,,,,,,,,,,,,12,,,,,C03,,,1,,1,,,8,8,1,12,4,120.644526,24.164305,3
3473,66000,387130000C,(04)23274275,(04)23288582,2025,11,9,19,48,臺中市,清水區,0,0,0,7,,,30,,,,,,,,,,,,,,,,,,,B03,,,5,,11,,,8,8,1,13,4,120.545433,24.266689,3
3474,66000,387130000C,(04)23274275,(04)23288582,2025,11,9,19,51,臺中市,西區,0,1,0,6,1,6,50,4,1,1,5,4,6,6,1,1,10,5,5,2,17,2,9,1,1,C03,7,9,1,10,2,11,,84,84,1,12,4,120.665874,24.134659,2
3475,66000,387130000C,(04)23274275,(04)23288582,2025,11,9,20,5,臺中市,東區,0,0,0,7,,,40,,,,,,,,,,,,,,30,,,,,,,,,,,,,119,119,1,,,120.703751,24.144392,3
3476,66000,387130000C,(04)23274275,(04)23288582,2025,11,9,20,8,臺中市,外埔區,0,1,0,7,1,6,50,3,1,1,5,4,6,6,1,1,5,5,4,1,16,2,8,2,1,C03,7,9,1,9,2,11,,21,21,1,12,4,120.65186,24.333163,2
3477,66000,387130000C,(04)23274275,(04)23288582,2025,11,9,20,19,臺中市,神岡區,0,1,0,7,3,6,50,13,9,1,5,4,6,6,4,4,9,5,5,1,12,3,10,3,1,B03,7,1,1,8,2,2,,51,51,1,13,4,120.658583,24.277335,2
3478,66000,387130000C,(04)23274275,(04)23288582,2025,11,9,20,24,臺中市,霧峰區,0,1,0,7,1,6,50,4,1,1,5,4,6,6,4,4,10,5,5,2,16,3,10,3,1,B03,7,6,1,8,2,1,,11,11,1,6,4,120.698616,24.064473,2
3479,66000,387130000C,(04)23274275,(04)23288582,2025,11,9,20,35,臺中市,西區,0,1,0,7,1,6,50,5,2,1,5,4,6,6,1,1,8,5,5,2,16,3,10,2,1,C03,7,6,1,10,2,11,,39,39,1,12,4,120.675465,24.150872,2
3480,66000,387130000C,(04)23274275,(04)23288582,2025,11,9,20,41,臺中市,北區,0,0,0,7,,,50,,,,,,,,,,,,,,14,,,,,B03,,,1,,9,,,49,49,1,13,4,120.685758,24.145368,3
3481,66000,387130000C,(04)23274275,(04)23288582,2025,11,9,20,44,臺中市,霧峰區,0,0,0,7,,,40,,,,,,,,,,,,,,28,,,,,B03,,,1,,2,,,83,83,1,12,4,120.661959,24.055046,3
3482,66000,387130000C,(04)23274275,(04)23288582,2025,11,9,21,15,臺中市,梧棲區,0,1,0,7,1,6,50,13,8,1,5,4,6,6,4,4,9,4,4,1,12,2,9,1,1,F03,7,9,7,21,8,11,,53,53,1,12,4,120.558747,24.257661,2
3483,66000,387130000C,(04)23274275,(04)23288582,2025,11,9,21,19,臺中市,外埔區,0,1,0,7,1,6,50,3,1,1,5,4,6,6,4,4,10,5,5,2,16,3,10,4,1,G06,7,6,7,21,2,17,,14,14,1,12,4,120.664716,24.321848,2
3484,66000,387130000C,(04)23274275,(04)23288582,2025,11,9,21,30,臺中市,大雅區,0,1,0,7,1,6,50,4,1,1,5,4,6,6,4,4,5,5,5,1,17,2,9,1,1,C03,7,4,1,10,2,12,,1,1,1,13,4,120.647794,24.227757,2
3485,66000,387130000C,(04)23274275,(04)23288582,2025,11,9,21,31,臺中市,北屯區,0,0,0,7,,,50,,,,,,,,,,,,,,12,,,,,B03,,,1,,1,,,8,8,1,6,4,120.671321,24.193079,3
3486,66000,387130000C,(04)23274275,(04)23288582,2025,11,9,21,34,臺中市,北區,0,1,0,7,1,6,50,4,1,1,5,4,6,6,2,1,10,5,5,2,17,3,10,3,1,B03,7,6,1,8,2,5,,11,11,1,13,4,120.669201,24.162841,2
3487,66000,387130000C,(04)23274275,(04)23288582,2025,11,9,21,34,臺中市,清水區,0,1,0,7,1,6,30,13,9,1,5,4,6,6,4,4,10,5,5,2,17,3,10,1,1,C03,7,1,1,10,2,16,,51,51,1,12,4,120.54109,24.265743,2
3488,66000,387130000C,(04)23274275,(04)23288582,2025,11,9,21,44,臺中市,東區,0,0,0,7,,,50,,,,,,,,,,,,,,14,,,,,B03,,,1,,1,,,49,49,1,12,4,120.709626,24.138383,3
3489,66000,387130000C,(04)23274275,(04)23288582,2025,11,9,21,54,臺中市,西區,0,1,0,7,1,6,50,4,1,1,5,4,6,6,4,4,10,5,5,1,17,2,9,5,4,C03,7,9,1,10,2,12,,15,15,1,12,4,120.666524,24.139274,2
3490,66000,387130000C,(04)23274275,(04)23288582,2025,11,9,21,57,臺中市,南區,0,3,0,7,1,6,50,13,9,1,5,4,6,6,4,4,9,4,5,2,10,2,9,1,1,C03,7,9,1,10,2,11,14,8,8,1,12,4,120.650469,24.113158,2
3491,66000,387130000C,(04)23274275,(04)23288582,2025,11,9,22,3,臺中市,東勢區,0,0,0,7,,,50,,,,,,,,,,,,,,17,,,,,F01,,,7,,9,,,54,54,1,13,4,120.830141,24.247368,3
3492,66000,387130000C,(04)23274275,(04)23288582,2025,11,9,22,9,臺中市,西區,0,0,0,7,,,50,,,,,,,,,,,,,,17,,,,,B03,,,1,,9,,,59,59,1,12,4,120.658289,24.152577,3
3493,66000,387130000C,(04)23274275,(04)23288582,2025,11,9,22,9,臺中市,烏日區,0,0,0,7,,,50,,,,,,,,,,,,,,13,,,,,B01,,,1,,1,,,51,51,1,12,4,120.615333,24.11403,3