序號,縣市別代碼,機關代碼,市話,傳真,年,月,日,時,分,縣市,區,死亡數量,受傷數量,2-30,天候,道路照明設備,道路類別,道路速限,道路型態,事故位置,路面鋪裝,路面狀態,路面缺陷,障礙物,視距,號誌種類,號誌動作,分向設施,快車道或一般車道間,快慢車道間,路面邊線,事故類型及型態,受傷程度,主要傷處,保護裝備,行動電話或功能裝置,當事者區分(類別),車輛用途,當事者行動狀態,駕照狀態,駕照種類,飲酒情形,車輛撞擊部位最初,車輛撞擊部位其他,肇事因素個別,肇事因素主要,肇事逃逸,職業,共享經濟或外送平台,GPS座標X,GPS座標Y,事故類別
3494,66000,387130000C,(04)23274275,(04)23288582,2025,11,9,22,14,臺中市,烏日區,0,1,0,7,3,6,50,13,9,1,5,4,6,6,4,4,5,4,5,1,2,2,9,1,1,C03,7,9,1,10,2,11,14,84,84,1,6,4,120.642607,24.070428,2
3495,66000,387130000C,(04)23274275,(04)23288582,2025,11,9,22,20,臺中市,西屯區,0,0,0,7,1,6,60,13,7,1,5,4,6,6,4,4,1,4,1,2,13,3,10,5,4,B03,7,9,1,8,6,1,,7,7,1,13,4,120.649239,24.162791,3
3496,66000,387130000C,(04)23274275,(04)23288582,2025,11,9,22,21,臺中市,豐原區,0,0,0,7,1,6,50,4,9,1,5,4,6,6,2,1,1,2,5,2,13,3,10,3,1,B03,7,9,1,8,2,1,,25,25,1,12,4,120.729911,24.243395,3
3497,66000,387130000C,(04)23274275,(04)23288582,2025,11,9,22,25,臺中市,西屯區,0,1,0,7,1,6,50,4,1,1,5,4,6,6,1,1,3,4,4,2,16,3,10,3,1,B03,7,5,1,8,1,6,,47,47,1,12,4,120.642751,24.158785,2
3498,66000,387130000C,(04)23274275,(04)23288582,2025,11,9,22,32,臺中市,清水區,0,1,0,7,1,6,30,4,1,1,5,4,6,6,4,4,9,5,5,2,15,2,7,1,1,C03,7,9,1,10,2,11,,20,20,1,12,4,120.569201,24.260046,2
3499,66000,387130000C,(04)23274275,(04)23288582,2025,11,9,22,49,臺中市,霧峰區,0,1,0,7,1,6,50,13,9,1,5,4,6,6,4,4,9,5,5,1,16,2,9,5,4,C03,7,8,6,20,2,11,,59,59,1,12,4,120.706047,24.074518,2
3500,66000,387130000C,(04)23274275,(04)23288582,2025,11,9,23,0,臺中市,沙鹿區,0,0,0,7,,,40,,,,,,,,,,,,,,,,,,,B03,,,1,,2,,,82,82,1,6,4,120.581825,24.219614,3
3501,66000,387130000C,(04)23274275,(04)23288582,2025,11,9,23,8,臺中市,中區,0,1,0,7,1,6,50,4,1,1,5,4,6,6,2,1,10,5,5,2,3,3,10,3,1,B03,7,5,1,8,2,5,,59,59,1,13,4,120.684272,24.142281,2
3502,66000,387130000C,(04)23274275,(04)23288582,2025,11,9,23,12,臺中市,西屯區,0,2,0,7,1,6,50,3,5,1,5,4,6,6,4,4,10,5,5,2,16,2,9,5,4,C03,7,1,1,10,2,11,,51,51,1,12,2,120.644297,24.187188,2
3503,66000,387130000C,(04)23274275,(04)23288582,2025,11,9,23,20,臺中市,西屯區,0,1,0,7,1,6,40,4,1,1,5,4,6,6,2,1,1,5,1,2,12,3,10,5,4,B03,7,5,1,8,2,2,,47,47,1,13,4,120.621549,24.180068,2
3504,66000,387130000C,(04)23274275,(04)23288582,2025,11,9,23,20,臺中市,烏日區,0,1,0,7,1,6,50,4,1,1,5,4,6,6,2,1,5,2,5,1,16,3,10,3,1,B03,7,6,1,8,2,2,,11,11,1,12,4,120.62498,24.10628,2
3505,66000,387130000C,(04)23274275,(04)23288582,2025,11,9,23,24,臺中市,豐原區,0,2,0,7,1,6,50,3,9,1,5,4,6,6,4,4,10,5,5,2,16,2,8,1,1,C03,7,11,1,10,2,13,,45,45,1,12,4,120.713377,24.239507,2
3506,66000,387130000C,(04)23274275,(04)23288582,2025,11,9,23,38,臺中市,北屯區,0,1,0,6,1,6,50,13,7,1,5,4,6,6,4,4,9,5,4,2,12,2,9,2,1,C03,7,9,1,10,2,12,,84,84,1,5,4,120.694343,24.174784,2
3507,66000,387130000C,(04)23274275,(04)23288582,2025,11,9,23,50,臺中市,北屯區,0,3,0,7,3,6,50,13,9,1,5,4,6,6,4,4,5,5,5,2,12,2,9,2,1,C03,7,9,2,19,2,11,,84,84,1,6,4,120.731251,24.170535,2
3508,66000,387130000C,(04)23274275,(04)23288582,2025,11,9,23,52,臺中市,梧棲區,0,1,0,7,1,6,50,4,1,1,5,4,6,6,4,4,10,5,5,2,12,2,1,3,1,B03,7,6,1,8,2,8,,48,48,1,12,4,120.534307,24.246606,2
3509,66000,387130000C,(04)23274275,(04)23288582,2025,11,9,23,55,臺中市,沙鹿區,0,1,0,7,1,6,50,13,9,1,5,4,6,6,4,4,5,5,5,2,17,3,10,2,1,C03,7,11,1,10,2,13,,45,45,1,5,4,120.571891,24.212862,2
3510,66000,387130000C,(04)23274275,(04)23288582,2025,11,10,0,16,臺中市,西屯區,0,0,0,7,,,50,,,,,,,,,,,,,,12,,,,,B03,,,1,,2,,,59,59,1,12,4,120.645472,24.175895,3
3511,66000,387130000C,(04)23274275,(04)23288582,2025,11,10,0,18,臺中市,西屯區,0,0,0,7,,,50,,,,,,,,,,,,,,17,,,,,B03,,,1,,2,,,59,59,1,12,4,120.64519,24.177339,3
3512,66000,387130000C,(04)23274275,(04)23288582,2025,11,10,0,48,臺中市,太平區,0,1,0,7,1,6,30,4,1,1,5,4,6,6,4,4,10,5,5,2,18,2,1,6,1,F02,7,5,7,21,8,12,,53,53,1,13,4,120.721545,24.118705,2
3513,66000,387130000C,(04)23274275,(04)23288582,2025,11,10,1,12,臺中市,梧棲區,0,0,0,7,,,40,,,,,,,,,,,,,,18,,,,,B03,,,1,,2,,,4,4,1,12,4,120.531172,24.251558,3
3514,66000,387130000C,(04)23274275,(04)23288582,2025,11,10,2,15,臺中市,沙鹿區,0,0,0,7,,,50,,,,,,,,,,,,,,,,,,,C03,,,1,,2,,,59,59,1,6,4,120.579895,24.216274,3
3515,66000,387130000C,(04)23274275,(04)23288582,2025,11,10,3,31,臺中市,北屯區,0,0,0,7,,,50,,,,,,,,,,,,,,14,,,,,B03,,,1,5,9,,,49,49,1,6,4,120.687703,24.188396,3
3516,66000,387130000C,(04)23274275,(04)23288582,2025,11,10,5,43,臺中市,大雅區,0,1,0,7,3,6,60,4,2,1,5,4,6,6,3,1,5,2,5,1,17,3,10,3,1,A11,7,11,1,7,2,6,,45,45,1,12,4,120.650056,24.212104,2
3517,66000,387130000C,(04)23274275,(04)23288582,2025,11,10,6,26,臺中市,西區,0,0,0,7,,,50,,,,,,,,,,,,,,,,,,,C03,,,1,,1,,,84,84,1,12,4,120.656899,24.156723,3
3518,66000,387130000C,(04)23274275,(04)23288582,2025,11,10,6,26,臺中市,大甲區,0,0,0,7,,,50,,,,,,,,,,,,,,,,,,,B03,,,1,,2,,,84,84,1,6,4,120.602421,24.329826,3
3519,66000,387130000C,(04)23274275,(04)23288582,2025,11,10,6,42,臺中市,西屯區,0,1,0,7,2,6,30,4,1,1,5,4,6,6,3,1,5,5,4,2,15,2,9,5,4,C03,7,9,1,10,2,11,,12,12,1,13,4,120.650251,24.169196,2
3520,66000,387130000C,(04)23274275,(04)23288582,2025,11,10,6,44,臺中市,大肚區,0,0,0,7,,,50,,,,,,,,,,,,,,,,,,,C03,,,1,,2,,,7,7,1,6,4,120.577998,24.118357,3
3521,66000,387130000C,(04)23274275,(04)23288582,2025,11,10,6,44,臺中市,清水區,0,0,0,7,,,40,,,,,,,,,,,,,,,,,,,B03,,,1,,2,,,49,49,1,12,4,120.631293,24.292107,3
3522,66000,387130000C,(04)23274275,(04)23288582,2025,11,10,6,50,臺中市,沙鹿區,0,1,0,7,2,6,50,13,9,1,5,4,6,6,4,4,8,4,5,2,18,2,9,2,1,F03,7,9,7,21,8,11,,53,53,1,12,4,120.551842,24.226276,2
3523,66000,387130000C,(04)23274275,(04)23288582,2025,11,10,6,54,臺中市,石岡區,0,0,0,7,,,70,,,,,,,,,,,,,,13,,,,,A12,,,1,,1,,,7,7,1,6,4,120.793438,24.272068,3
3524,66000,387130000C,(04)23274275,(04)23288582,2025,11,10,7,1,臺中市,沙鹿區,0,1,0,7,3,6,30,18,9,1,5,4,6,6,4,4,10,5,5,2,17,3,10,3,1,B03,7,15,1,8,2,1,,41,41,1,12,4,120.565084,24.234834,2
3525,66000,387130000C,(04)23274275,(04)23288582,2025,11,10,7,3,臺中市,烏日區,0,0,0,7,,,70,,,,,,,,,,,,,,13,,,,,B03,,,5,,2,,,84,84,1,13,4,120.607352,24.108611,3
3526,66000,387130000C,(04)23274275,(04)23288582,2025,11,10,7,5,臺中市,神岡區,0,2,0,7,2,6,30,3,1,1,5,4,6,6,4,4,10,5,5,2,16,2,9,5,4,C03,7,6,1,9,2,13,,14,14,1,13,4,120.69703,24.248105,2
3527,66000,387130000C,(04)23274275,(04)23288582,2025,11,10,7,5,臺中市,豐原區,0,0,0,7,,,50,,,,,,,,,,,,,,17,,,,,B03,,,1,,2,,,84,84,1,13,4,120.708577,24.245356,3
3528,66000,387130000C,(04)23274275,(04)23288582,2025,11,10,7,8,臺中市,太平區,0,0,0,7,,,50,,,,,,,,,,,,,,16,,,,,B03,,,,,2,,,51,51,1,13,4,120.751393,24.121962,3
3529,66000,387130000C,(04)23274275,(04)23288582,2025,11,10,7,10,臺中市,太平區,0,0,0,7,,,50,,,,,,,,,,,,,,16,,,,,C03,,,1,,1,,,51,51,1,12,4,120.724016,24.155522,3
3530,66000,387130000C,(04)23274275,(04)23288582,2025,11,10,7,15,臺中市,沙鹿區,0,2,0,7,2,6,50,3,1,1,5,4,6,6,1,1,10,5,5,2,12,3,10,3,1,B03,7,5,1,8,2,6,,47,47,1,12,4,120.558592,24.227694,2
3531,66000,387130000C,(04)23274275,(04)23288582,2025,11,10,7,23,臺中市,龍井區,0,1,0,7,2,6,50,11,9,1,5,4,6,6,4,4,5,5,5,1,11,2,7,1,1,C03,7,9,1,10,2,14,,39,39,1,6,4,120.577969,24.193975,2
3532,66000,387130000C,(04)23274275,(04)23288582,2025,11,10,7,27,臺中市,北屯區,0,2,0,6,3,6,40,4,1,1,5,4,6,3,4,4,10,5,5,2,16,2,7,1,1,F01,7,6,7,21,2,13,,13,13,1,2,4,120.668708,24.185997,2
3533,66000,387130000C,(04)23274275,(04)23288582,2025,11,10,7,29,臺中市,大里區,0,1,0,7,2,6,50,13,9,1,5,4,6,6,4,4,5,5,4,2,17,2,8,1,1,C03,7,11,1,10,2,13,,26,26,1,12,4,120.677846,24.097471,2
3534,66000,387130000C,(04)23274275,(04)23288582,2025,11,10,7,30,臺中市,南屯區,0,0,0,7,,,50,,,,,,,,,,,,,,13,,,,,B03,,,1,,1,,,7,7,1,12,4,120.639006,24.14175,3
3535,66000,387130000C,(04)23274275,(04)23288582,2025,11,10,7,31,臺中市,神岡區,0,0,0,7,,,50,,,,,,,,,,,,,,17,,,,,B03,,,1,,2,,,51,51,1,12,4,120.655529,24.258946,3
3536,66000,387130000C,(04)23274275,(04)23288582,2025,11,10,7,35,臺中市,南區,0,0,0,7,,,40,,,,,,,,,,,,,,16,,,,,C03,,,1,,1,,,48,48,1,12,4,120.678691,24.132622,3
3537,66000,387130000C,(04)23274275,(04)23288582,2025,11,10,7,35,臺中市,西屯區,0,0,0,7,,,50,,,,,,,,,,,,,,12,,,,,B01,,,1,,2,,,40,40,1,12,4,120.643855,24.155565,3
3538,66000,387130000C,(04)23274275,(04)23288582,2025,11,10,7,37,臺中市,南區,0,1,0,7,3,6,50,4,1,1,5,4,6,6,1,1,10,5,5,2,13,2,9,2,1,C03,7,9,1,10,2,11,,7,7,1,12,4,120.653374,24.126324,2
3539,66000,387130000C,(04)23274275,(04)23288582,2025,11,10,7,39,臺中市,梧棲區,0,1,0,7,3,6,50,4,1,1,5,4,6,6,1,1,10,5,5,2,16,3,10,3,1,B03,7,6,1,8,2,5,,11,11,1,6,4,120.516216,24.226465,2
3540,66000,387130000C,(04)23274275,(04)23288582,2025,11,10,7,41,臺中市,豐原區,0,0,0,7,,,50,,,,,,,,,,,,,,17,,,,,C03,,,1,,2,,,14,14,1,12,4,120.732048,24.25528,3
3541,66000,387130000C,(04)23274275,(04)23288582,2025,11,10,7,43,臺中市,太平區,0,1,0,7,2,6,50,3,1,1,5,4,6,6,1,1,5,4,4,2,17,2,9,2,1,C03,7,6,5,19,2,14,,54,54,1,12,4,120.713006,24.149756,2
3542,66000,387130000C,(04)23274275,(04)23288582,2025,11,10,7,44,臺中市,太平區,0,0,0,7,,,50,,,,,,,,,,,,,,13,,,,,B12,,,1,,2,,,7,7,1,13,4,120.733183,24.150526,3
3543,66000,387130000C,(04)23274275,(04)23288582,2025,11,10,7,44,臺中市,后里區,0,1,0,7,3,6,50,13,7,1,5,4,6,6,1,1,1,4,4,1,23,2,7,3,1,B03,7,9,1,8,2,8,,59,59,1,6,4,120.723059,24.284555,2
3544,66000,387130000C,(04)23274275,(04)23288582,2025,11,10,7,45,臺中市,南屯區,0,0,0,7,3,6,50,13,9,1,5,4,6,6,4,4,3,4,4,2,12,,,,,B03,,,1,,2,,,8,8,1,12,4,120.625078,24.144879,3
3545,66000,387130000C,(04)23274275,(04)23288582,2025,11,10,7,45,臺中市,大里區,0,1,0,7,2,6,50,4,1,1,5,4,6,6,1,1,10,5,5,2,17,2,9,2,1,C03,7,9,1,10,2,11,,7,7,1,12,4,120.691267,24.091935,2
3546,66000,387130000C,(04)23274275,(04)23288582,2025,11,10,7,45,臺中市,外埔區,0,1,0,7,3,6,30,13,9,1,5,4,6,6,4,4,10,5,5,2,14,3,10,3,1,B03,7,2,1,8,2,8,,49,49,1,6,4,120.641717,24.342407,2
3547,66000,387130000C,(04)23274275,(04)23288582,2025,11,10,7,47,臺中市,北屯區,0,0,0,7,,,50,,,,,,,,,,,,,,17,,,,,C03,,,1,,2,,,40,40,1,6,4,120.686582,24.201323,3
3548,66000,387130000C,(04)23274275,(04)23288582,2025,11,10,7,47,臺中市,豐原區,0,0,0,7,,,30,,,,,,,,,,,,,,17,,,,,C03,,,1,,2,,,12,12,1,12,4,120.737754,24.25141,3
3549,66000,387130000C,(04)23274275,(04)23288582,2025,11,10,7,50,臺中市,南區,0,0,0,7,,,50,,,,,,,,,,,,,,17,,,,,C03,,,1,,1,,,7,7,1,12,4,120.657054,24.113038,3
3550,66000,387130000C,(04)23274275,(04)23288582,2025,11,10,7,50,臺中市,北屯區,0,2,0,7,3,6,50,3,1,1,5,4,6,6,4,4,5,5,5,1,16,2,8,1,1,C03,7,6,5,10,2,12,,14,14,1,12,4,120.743717,24.159521,2
3551,66000,387130000C,(04)23274275,(04)23288582,2025,11,10,7,50,臺中市,大肚區,0,0,0,7,,,30,,,,,,,,,,,,,,11,,,,,B03,,,1,,2,,,8,8,1,6,4,120.576233,24.120663,3
3552,66000,387130000C,(04)23274275,(04)23288582,2025,11,10,7,50,臺中市,沙鹿區,0,0,0,7,2,6,50,4,7,1,5,4,6,6,1,1,4,3,4,2,13,,,,,B03,,,1,,2,,,7,7,1,12,4,120.562569,24.233781,3
3553,66000,387130000C,(04)23274275,(04)23288582,2025,11,10,7,51,臺中市,北屯區,0,0,0,7,,,30,,,,,,,,,,,,,,16,,,,,B03,,,1,,2,,,14,14,1,12,4,120.667852,24.183801,3
3554,66000,387130000C,(04)23274275,(04)23288582,2025,11,10,7,52,臺中市,南屯區,0,0,0,7,,,50,,,,,,,,,,,,,,,,,,,B03,,,1,,2,,,85,85,1,12,4,120.639103,24.14485,3
3555,66000,387130000C,(04)23274275,(04)23288582,2025,11,10,7,52,臺中市,北屯區,0,1,0,7,2,6,50,4,1,1,5,4,6,6,4,4,10,5,5,2,15,3,10,3,1,B03,7,9,1,8,1,8,,13,13,1,12,4,120.677519,24.175443,2
3556,66000,387130000C,(04)23274275,(04)23288582,2025,11,10,7,53,臺中市,大雅區,0,2,0,6,1,6,30,3,1,1,5,4,6,6,4,4,10,5,5,1,3,2,9,6,5,H01,8,18,7,21,10,17,,98,98,1,12,5,120.636146,24.219158,2
3557,66000,387130000C,(04)23274275,(04)23288582,2025,11,10,7,54,臺中市,西屯區,0,0,0,7,,3,40,,,,,,,,,,,,,,13,,,,,B03,,,1,,1,,,59,59,1,12,4,120.633356,24.173082,3
3558,66000,387130000C,(04)23274275,(04)23288582,2025,11,10,7,55,臺中市,北區,0,0,0,7,,,50,,,,,,,,,,,,,,,,,,,B03,,,1,,1,,,56,56,1,12,4,120.679697,24.152218,3
3559,66000,387130000C,(04)23274275,(04)23288582,2025,11,10,7,56,臺中市,西區,0,0,0,7,,,50,,,,,,,,,,,,,,14,,,,,B02,,,1,,2,,,49,49,1,12,4,120.677891,24.133885,3
3560,66000,387130000C,(04)23274275,(04)23288582,2025,11,10,7,56,臺中市,太平區,0,1,0,7,2,6,50,13,9,1,5,4,6,6,3,1,5,2,5,1,13,3,10,3,1,E05,7,9,1,15,2,5,,7,7,1,13,4,120.735673,24.133487,2
3561,66000,387130000C,(04)23274275,(04)23288582,2025,11,10,7,58,臺中市,太平區,0,1,0,7,2,6,30,3,1,1,5,4,6,6,4,4,9,5,5,1,16,3,10,3,1,B03,7,6,1,8,2,5,,14,14,1,13,4,120.703691,24.113293,2
3562,66000,387130000C,(04)23274275,(04)23288582,2025,11,10,7,58,臺中市,太平區,0,2,0,7,2,6,50,13,9,1,5,4,6,6,4,4,5,4,5,1,13,2,8,2,1,C03,7,9,1,10,2,11,,7,7,1,12,4,120.717156,24.133593,2
3563,66000,387130000C,(04)23274275,(04)23288582,2025,11,10,7,59,臺中市,北屯區,0,0,0,7,,,30,,,,,,,,,,,,,,16,,,,,B03,,,1,8,1,,,14,14,1,12,4,120.748241,24.178653,3
3564,66000,387130000C,(04)23274275,(04)23288582,2025,11,10,8,0,臺中市,西屯區,0,1,0,7,3,6,50,4,2,1,5,4,6,6,1,1,1,4,5,2,12,2,9,5,4,C03,7,9,1,1,2,14,,8,8,1,12,4,120.648341,24.159575,2
3565,66000,387130000C,(04)23274275,(04)23288582,2025,11,10,8,1,臺中市,西屯區,0,0,0,7,,,40,,,,,,,,,,,,,,,,,,,C03,,,1,,1,,,7,7,1,12,4,120.613586,24.183752,3
3566,66000,387130000C,(04)23274275,(04)23288582,2025,11,10,8,4,臺中市,北屯區,0,1,0,7,3,6,50,4,1,1,5,4,6,6,4,4,10,5,5,2,17,3,10,3,1,B03,7,9,1,8,2,2,,15,15,1,12,4,120.725371,24.165362,2
3567,66000,387130000C,(04)23274275,(04)23288582,2025,11,10,8,4,臺中市,大里區,0,1,0,7,2,6,50,13,9,1,5,4,6,6,4,4,9,5,5,1,17,3,10,2,1,C03,7,1,3,19,2,14,,51,51,1,6,4,120.707021,24.087186,2
3568,66000,387130000C,(04)23274275,(04)23288582,2025,11,10,8,5,臺中市,西屯區,0,0,0,7,,,50,,,,,,,,,,,,,,13,,,,,C03,,,1,,1,,,7,7,1,12,4,120.644086,24.171127,4
3569,66000,387130000C,(04)23274275,(04)23288582,2025,11,10,8,5,臺中市,霧峰區,0,0,0,7,,,60,,,,,,,,,,,,,,,,,,,B03,,,1,,2,,,7,7,1,12,4,120.695693,24.053332,3
3570,66000,387130000C,(04)23274275,(04)23288582,2025,11,10,8,6,臺中市,西屯區,0,0,0,7,,,50,,,,,,,,,,,,,,,,,,,B12,,,1,,1,,,7,7,1,12,4,120.618889,24.184696,3
3571,66000,387130000C,(04)23274275,(04)23288582,2025,11,10,8,6,臺中市,沙鹿區,0,2,0,7,3,6,30,4,1,1,5,4,6,6,4,4,10,5,5,2,17,2,9,2,1,C03,7,9,1,10,2,12,,12,12,1,12,4,120.567935,24.197467,2
3572,66000,387130000C,(04)23274275,(04)23288582,2025,11,10,8,10,臺中市,西屯區,0,1,0,6,2,6,50,4,1,1,5,4,6,6,2,1,10,5,5,2,13,2,9,1,1,C03,7,9,1,10,2,11,,7,7,1,12,4,120.64796,24.174287,2
3573,66000,387130000C,(04)23274275,(04)23288582,2025,11,10,8,12,臺中市,西區,0,0,0,7,,,50,,,,,,,,,,,,,,,,,,,C03,,,1,,2,,,85,85,1,13,4,120.657262,24.140026,3
3574,66000,387130000C,(04)23274275,(04)23288582,2025,11,10,8,13,臺中市,烏日區,0,0,0,7,,,50,,,,,,,,,,,,,,,,,,,B03,,,1,,1,,,84,84,1,6,4,120.642068,24.067649,3
3575,66000,387130000C,(04)23274275,(04)23288582,2025,11,10,8,15,臺中市,北屯區,0,0,0,6,,,40,,,,,,,,,,,,,,17,,,,,B03,,,1,,1,,,8,8,1,6,4,120.726969,24.177308,3
3576,66000,387130000C,(04)23274275,(04)23288582,2025,11,10,8,15,臺中市,烏日區,0,1,0,7,3,6,30,13,9,1,5,4,3,3,4,4,10,5,5,2,17,3,10,5,4,B03,7,1,1,8,2,1,,51,51,1,13,4,120.634854,24.107633,2
3577,66000,387130000C,(04)23274275,(04)23288582,2025,11,10,8,17,臺中市,北區,0,0,0,7,,,50,,,,,,,,,,,,,,,,,,,C03,,,1,,1,,,84,84,1,12,4,120.68287,24.15488,4
3578,66000,387130000C,(04)23274275,(04)23288582,2025,11,10,8,19,臺中市,大里區,0,0,0,7,,,50,,,,,,,,,,,,,,17,,,,,B03,,,1,,2,,,11,11,1,12,4,120.694164,24.111623,3
3579,66000,387130000C,(04)23274275,(04)23288582,2025,11,10,8,22,臺中市,清水區,0,1,0,7,2,6,50,4,1,1,5,4,6,6,1,1,9,1,4,1,17,3,10,3,1,B03,7,6,1,8,1,5,,11,11,1,12,4,120.574892,24.267497,2
3580,66000,387130000C,(04)23274275,(04)23288582,2025,11,10,8,23,臺中市,東區,0,0,0,7,,,50,,,,,,,,,,,,,,13,,,,,B03,,,1,,1,,,7,7,1,13,4,120.70114,24.132046,3
3581,66000,387130000C,(04)23274275,(04)23288582,2025,11,10,8,24,臺中市,西區,0,1,0,7,2,6,50,4,1,1,5,4,6,6,2,1,1,2,5,2,13,3,10,3,1,B03,7,9,1,8,2,5,,84,84,1,12,4,120.666748,24.140863,2
3582,66000,387130000C,(04)23274275,(04)23288582,2025,11,10,8,24,臺中市,西屯區,0,0,0,7,,,50,,,,,,,,,,,,,,13,,,,,C03,,,1,,1,,,7,7,1,13,4,120.652646,24.176464,3
3583,66000,387130000C,(04)23274275,(04)23288582,2025,11,10,8,24,臺中市,大里區,0,1,0,7,2,6,50,4,1,1,5,4,6,6,1,1,10,5,5,2,15,2,9,2,1,C03,7,9,1,10,2,12,,21,21,1,6,4,120.713683,24.094193,2
3584,66000,387130000C,(04)23274275,(04)23288582,2025,11,10,8,25,臺中市,西區,0,1,0,7,2,6,50,4,2,1,5,4,6,6,4,4,7,5,5,2,11,3,10,1,1,C03,7,5,1,10,2,13,,84,84,1,13,4,120.671669,24.146539,2
3585,66000,387130000C,(04)23274275,(04)23288582,2025,11,10,8,25,臺中市,南屯區,0,0,0,7,,,50,,,,,,,,,,,,,,,,,,,B13,,,1,,1,,,49,49,1,12,4,120.634795,24.147081,4
3586,66000,387130000C,(04)23274275,(04)23288582,2025,11,10,8,26,臺中市,西區,0,0,0,7,,,50,,,,,,,,,,,,,,17,,,,,B03,,,1,,2,,,87,87,1,12,4,120.668764,24.139117,3
3587,66000,387130000C,(04)23274275,(04)23288582,2025,11,10,8,26,臺中市,北區,0,0,0,7,,,50,,,,,,,,,,,,,,17,,,,,F03,,,1,,1,,,85,85,1,13,4,120.685673,24.154002,3
3588,66000,387130000C,(04)23274275,(04)23288582,2025,11,10,8,34,臺中市,南屯區,0,0,0,7,,,50,,,,,,,,,,,,,,12,,,,,B03,,,1,,2,,,11,11,1,12,4,120.61181,24.14869,3
3589,66000,387130000C,(04)23274275,(04)23288582,2025,11,10,8,40,臺中市,南屯區,0,0,0,7,3,6,60,13,7,1,5,4,6,6,4,4,3,4,3,2,13,,,,,B03,,,1,,2,,,7,7,1,12,4,120.613788,24.148873,3
3590,66000,387130000C,(04)23274275,(04)23288582,2025,11,10,8,40,臺中市,霧峰區,0,0,0,7,,,50,,,,,,,,,,,,,,,,,,,B03,,,1,,2,,,23,23,1,12,4,120.699916,24.075615,3
3591,66000,387130000C,(04)23274275,(04)23288582,2025,11,10,8,40,臺中市,烏日區,0,1,0,7,2,6,30,13,9,1,5,4,6,6,4,4,5,5,5,2,17,3,10,3,1,B03,7,1,1,8,2,1,,51,51,1,6,4,120.641937,24.103582,2
3592,66000,387130000C,(04)23274275,(04)23288582,2025,11,10,8,40,臺中市,外埔區,0,0,0,7,2,4,70,4,2,1,5,4,6,6,1,1,1,2,1,1,13,3,10,3,1,B03,7,,1,8,1,1,1,56,56,1,12,4,120.65265,24.32087,3
3593,66000,387130000C,(04)23274275,(04)23288582,2025,11,10,8,45,臺中市,大雅區,0,1,0,7,3,6,50,13,9,1,5,4,6,6,4,4,4,5,5,1,9,3,10,5,4,C03,7,9,1,10,2,11,,84,84,1,13,4,120.648307,24.221828,2
3594,66000,387130000C,(04)23274275,(04)23288582,2025,11,10,8,45,臺中市,北屯區,0,0,0,7,,,40,,,,,,,,,,,,,,17,,,,,B12,,,1,,1,,,58,58,1,6,4,120.693738,24.174647,3
3595,66000,387130000C,(04)23274275,(04)23288582,2025,11,10,8,48,臺中市,潭子區,0,0,0,7,,,30,,,,,,,,,,,,,,13,,,,,B03,,,1,,2,,,7,7,1,13,4,120.70732,24.199468,3
3596,66000,387130000C,(04)23274275,(04)23288582,2025,11,10,8,48,臺中市,南屯區,0,0,0,7,,,50,,,,,,,,,,,,,,,,,,,C03,,,1,,1,,,84,84,1,12,4,120.646662,24.153604,4
3597,66000,387130000C,(04)23274275,(04)23288582,2025,11,10,8,50,臺中市,北區,0,1,0,7,2,6,50,4,1,1,5,4,6,6,4,4,10,5,5,2,15,3,10,3,1,B12,7,9,1,8,2,5,,15,15,1,12,4,120.677253,24.16272,2
3598,66000,387130000C,(04)23274275,(04)23288582,2025,11,10,8,50,臺中市,西屯區,0,0,0,7,,,30,,,,,,,,,,,,,,14,,,,,A41,,,1,,2,,,49,49,1,12,4,120.593138,24.169166,3
3599,66000,387130000C,(04)23274275,(04)23288582,2025,11,10,8,50,臺中市,太平區,0,1,0,7,3,6,50,13,9,1,5,4,6,6,4,4,5,5,5,1,16,3,10,2,1,C03,7,1,1,10,2,11,,51,51,1,12,4,120.734386,24.14496,2
3600,66000,387130000C,(04)23274275,(04)23288582,2025,11,10,8,52,臺中市,北區,0,0,0,7,,,50,,,,,,,,,,,,,,13,,,,,B12,,,1,,1,,,7,7,1,13,4,120.674507,24.162862,3
3601,66000,387130000C,(04)23274275,(04)23288582,2025,11,10,8,57,臺中市,霧峰區,0,1,0,7,2,6,50,3,1,1,5,4,6,6,4,4,10,5,5,2,16,3,10,2,1,C03,7,5,1,10,2,12,,14,14,1,6,4,120.699221,24.0644,2
3602,66000,387130000C,(04)23274275,(04)23288582,2025,11,10,9,6,臺中市,西屯區,0,0,0,7,,,50,,,,,,,,,,,,,,,,,,,C03,,,1,,1,,,39,39,1,12,4,120.636135,24.186385,3
3603,66000,387130000C,(04)23274275,(04)23288582,2025,11,10,9,9,臺中市,北區,0,0,0,7,,,50,,,,,,,,,,,,,,,,,,,B03,,,1,,1,,,8,8,1,12,4,120.676422,24.163117,3
3604,66000,387130000C,(04)23274275,(04)23288582,2025,11,10,9,15,臺中市,太平區,0,1,0,7,2,6,50,4,1,1,5,4,6,6,2,1,10,5,5,2,18,2,8,1,1,C03,7,1,1,10,2,12,,84,84,1,13,4,120.725915,24.134047,2
3605,66000,387130000C,(04)23274275,(04)23288582,2025,11,10,9,19,臺中市,西區,0,1,0,7,2,6,50,4,1,1,5,4,6,6,1,1,10,5,5,2,16,3,10,3,1,B03,7,5,1,8,2,2,,20,20,1,13,4,120.668365,24.129905,2