序號,縣市別代碼,機關代碼,市話,傳真,年,月,日,時,分,縣市,區,死亡數量,受傷數量,2-30,天候,道路照明設備,道路類別,道路速限,道路型態,事故位置,路面鋪裝,路面狀態,路面缺陷,障礙物,視距,號誌種類,號誌動作,分向設施,快車道或一般車道間,快慢車道間,路面邊線,事故類型及型態,受傷程度,主要傷處,保護裝備,行動電話或功能裝置,當事者區分(類別),車輛用途,當事者行動狀態,駕照狀態,駕照種類,飲酒情形,車輛撞擊部位最初,車輛撞擊部位其他,肇事因素個別,肇事因素主要,肇事逃逸,職業,共享經濟或外送平台,GPS座標X,GPS座標Y,事故類別
3606,66000,387130000C,(04)23274275,(04)23288582,2025,11,10,9,21,臺中市,北區,0,0,0,7,,,50,,,,,,,,,,,,,,14,,,,,B03,,,1,,1,7,,49,49,1,12,4,120.668788,24.15941,3
3607,66000,387130000C,(04)23274275,(04)23288582,2025,11,10,9,28,臺中市,大里區,0,0,0,7,2,6,0,3,2,1,5,4,6,6,4,4,10,5,5,2,14,,,,,A12,,,1,,2,,,49,49,1,13,4,120.663805,24.095019,3
3608,66000,387130000C,(04)23274275,(04)23288582,2025,11,10,9,30,臺中市,西屯區,0,1,0,7,2,6,30,3,9,1,5,4,6,6,4,4,10,5,5,1,18,2,9,2,1,C03,7,15,1,10,2,12,,84,84,1,12,4,120.634327,24.190306,2
3609,66000,387130000C,(04)23274275,(04)23288582,2025,11,10,9,30,臺中市,后里區,0,0,0,7,,,50,,,,,,,,,,,,,,13,,,,,C03,,,1,,2,,,59,59,1,6,4,120.719816,24.306851,4
3610,66000,387130000C,(04)23274275,(04)23288582,2025,11,10,9,30,臺中市,東勢區,0,0,0,7,,,30,,,,,,,,,,,,,,,,,,,A12,,,1,,9,,,84,84,1,12,4,120.874354,24.191512,3
3611,66000,387130000C,(04)23274275,(04)23288582,2025,11,10,9,33,臺中市,烏日區,0,0,0,7,,,50,,,,,,,,,,,,,,13,,,,,A12,,,1,,2,,,59,59,1,13,4,120.647554,24.11021,3
3612,66000,387130000C,(04)23274275,(04)23288582,2025,11,10,9,33,臺中市,梧棲區,0,0,0,7,,,40,,,,,,,,,,,,,,13,,,,,B03,,,1,,2,,,7,7,1,6,4,120.525642,24.224383,3
3613,66000,387130000C,(04)23274275,(04)23288582,2025,11,10,9,34,臺中市,豐原區,0,0,0,7,,,50,,,,,,,,,,,,,,17,,,,,C03,,,1,,1,,,11,11,1,13,4,120.709364,24.248679,4
3614,66000,387130000C,(04)23274275,(04)23288582,2025,11,10,9,35,臺中市,梧棲區,0,1,0,7,3,6,30,4,1,1,5,4,6,6,4,4,10,5,5,2,15,3,10,3,1,B03,7,9,1,8,2,5,,15,15,1,6,4,120.552841,24.248555,2
3615,66000,387130000C,(04)23274275,(04)23288582,2025,11,10,9,43,臺中市,大雅區,0,0,0,7,,,60,,,,,,,,,,,,,,13,,,,,C03,,,1,,2,,,51,51,1,12,4,120.647238,24.221179,3
3616,66000,387130000C,(04)23274275,(04)23288582,2025,11,10,9,44,臺中市,潭子區,0,1,0,7,2,6,40,3,7,1,5,4,6,6,4,4,5,5,4,2,9,3,10,3,1,B12,7,2,1,8,2,3,,49,49,1,13,4,120.698998,24.191975,2
3617,66000,387130000C,(04)23274275,(04)23288582,2025,11,10,9,44,臺中市,西區,0,1,0,7,2,6,50,13,9,1,5,4,6,6,4,4,5,4,5,2,18,2,9,1,1,C03,7,9,1,10,2,14,,82,82,1,13,4,120.665327,24.144566,2
3618,66000,387130000C,(04)23274275,(04)23288582,2025,11,10,9,50,臺中市,太平區,0,2,0,7,2,6,50,4,1,1,5,4,6,6,1,1,5,5,4,1,16,2,9,2,1,F03,7,6,7,21,2,14,,48,48,1,12,4,120.730863,24.112095,2
3619,66000,387130000C,(04)23274275,(04)23288582,2025,11,10,9,52,臺中市,清水區,0,0,0,6,,,50,,,,,,,,,,,,,,,,,,,B03,,,1,,11,,,87,87,1,12,4,120.560401,24.26996,3
3620,66000,387130000C,(04)23274275,(04)23288582,2025,11,10,10,0,臺中市,烏日區,0,0,0,7,,,60,,,,,,,,,,,,,,2,,,,,B01,,,1,,1,,,8,8,1,6,4,120.612438,24.10646,3
3621,66000,387130000C,(04)23274275,(04)23288582,2025,11,10,10,2,臺中市,南屯區,0,0,0,7,,,50,,,,,,,,,,,,,,12,,,,,B03,,,1,,2,,,8,8,1,12,4,120.612743,24.15369,3
3622,66000,387130000C,(04)23274275,(04)23288582,2025,11,10,10,6,臺中市,北屯區,0,1,0,7,2,6,50,4,1,1,5,4,6,6,2,1,10,5,5,2,16,3,10,1,1,C03,7,5,1,10,2,12,,11,11,1,12,4,120.703926,24.182114,2
3623,66000,387130000C,(04)23274275,(04)23288582,2025,11,10,10,6,臺中市,東勢區,0,0,0,7,,,50,,,,,,,,,,,,,,,,,,,B03,,,1,,1,,,7,7,1,12,4,120.830082,24.253682,3
3624,66000,387130000C,(04)23274275,(04)23288582,2025,11,10,10,7,臺中市,后里區,0,1,0,7,3,6,50,3,1,1,5,4,6,6,1,1,10,5,5,2,16,3,10,3,1,B03,7,5,1,8,2,2,,11,11,1,12,4,120.721725,24.306263,2
3625,66000,387130000C,(04)23274275,(04)23288582,2025,11,10,10,8,臺中市,北屯區,0,1,0,7,2,6,50,4,1,1,5,4,6,6,4,4,10,5,5,2,16,3,10,3,1,B03,7,5,1,8,2,2,,14,14,1,12,4,120.72452,24.167433,2
3626,66000,387130000C,(04)23274275,(04)23288582,2025,11,10,10,8,臺中市,清水區,0,0,0,7,,,50,,,,,,,,,,,,,,,,,,,B03,,,1,,2,,,49,49,1,12,4,120.560103,24.268248,3
3627,66000,387130000C,(04)23274275,(04)23288582,2025,11,10,10,10,臺中市,太平區,0,0,0,7,,,50,,,,,,,,,,,,,,16,,,,,B03,,,1,,2,,,42,42,1,13,4,120.719193,24.124938,3
3628,66000,387130000C,(04)23274275,(04)23288582,2025,11,10,10,14,臺中市,西屯區,0,1,0,7,2,6,50,3,1,1,5,4,6,6,4,4,10,5,5,2,17,3,10,5,1,B03,7,11,1,8,2,1,,45,45,1,12,4,120.648435,24.17496,2
3629,66000,387130000C,(04)23274275,(04)23288582,2025,11,10,10,16,臺中市,西屯區,0,1,0,6,2,6,40,13,8,1,5,4,6,6,4,4,1,3,1,2,13,3,10,1,1,C03,7,9,1,10,2,11,13,7,7,1,12,4,120.598906,24.181819,2
3630,66000,387130000C,(04)23274275,(04)23288582,2025,11,10,10,18,臺中市,大肚區,0,0,0,7,,,30,,,,,,,,,,,,,,15,,,,,B11,,,1,,2,,,20,20,1,6,4,120.545191,24.14894,3
3631,66000,387130000C,(04)23274275,(04)23288582,2025,11,10,10,19,臺中市,西屯區,0,1,0,7,3,6,50,4,1,1,5,4,6,6,1,1,10,5,5,2,15,3,10,5,4,C03,7,9,1,10,2,11,,21,21,1,13,4,120.66318,24.176289,2
3632,66000,387130000C,(04)23274275,(04)23288582,2025,11,10,10,19,臺中市,大里區,0,2,0,7,2,6,50,4,2,1,5,4,6,6,1,1,10,5,5,1,12,2,9,1,1,C03,7,6,1,10,2,12,,8,8,1,12,4,120.687937,24.094375,2
3633,66000,387130000C,(04)23274275,(04)23288582,2025,11,10,10,20,臺中市,東勢區,0,0,0,7,,,50,,,,,,,,,,,,,,,,,,,B03,,,1,,1,,,1,1,1,12,4,120.867634,24.240746,3
3634,66000,387130000C,(04)23274275,(04)23288582,2025,11,10,10,20,臺中市,豐原區,0,0,0,7,,,30,,,,,,,,,,,,,,14,,,,,B12,,,1,,9,,,49,49,1,13,4,120.727444,24.231606,3
3635,66000,387130000C,(04)23274275,(04)23288582,2025,11,10,10,24,臺中市,北屯區,0,0,0,7,,,40,,,,,,,,,,,,,,12,,,,,B03,,,1,,9,,,8,8,1,6,4,120.69066,24.199941,3
3636,66000,387130000C,(04)23274275,(04)23288582,2025,11,10,10,31,臺中市,大里區,0,1,0,7,2,6,50,3,1,1,5,4,6,6,4,4,10,5,5,2,16,2,9,2,1,C04,7,5,1,8,2,14,,14,14,1,6,4,120.69595,24.090862,2
3637,66000,387130000C,(04)23274275,(04)23288582,2025,11,10,10,33,臺中市,西屯區,0,1,0,7,2,6,50,13,9,1,5,4,6,6,4,4,10,4,5,1,13,2,9,1,1,C03,7,9,1,10,2,11,,7,7,1,13,4,120.604486,24.187075,2
3638,66000,387130000C,(04)23274275,(04)23288582,2025,11,10,10,35,臺中市,南屯區,0,1,0,7,2,6,50,13,9,1,5,4,6,6,4,4,5,5,5,2,13,2,8,2,1,C03,7,9,3,19,2,14,,7,7,1,12,4,120.626333,24.11477,2
3639,66000,387130000C,(04)23274275,(04)23288582,2025,11,10,10,42,臺中市,大里區,0,2,0,7,2,6,50,13,8,1,5,4,6,6,4,4,5,5,4,2,17,2,9,1,1,C03,7,5,1,10,2,12,,84,84,1,12,4,120.679246,24.11235,2
3640,66000,387130000C,(04)23274275,(04)23288582,2025,11,10,10,46,臺中市,太平區,0,0,0,7,,,50,,,,,,,,,,,,,,14,,,,,B11,,,1,,1,,,49,49,1,12,4,120.719027,24.141364,3
3641,66000,387130000C,(04)23274275,(04)23288582,2025,11,10,10,49,臺中市,西區,0,0,0,7,,,50,,,,,,,,,,,,,,13,,,,,B03,,,1,,1,,,59,59,1,12,4,120.682088,24.135957,3
3642,66000,387130000C,(04)23274275,(04)23288582,2025,11,10,10,49,臺中市,新社區,0,2,0,6,2,6,30,4,1,1,5,4,6,6,3,1,10,5,5,2,15,2,9,5,4,C03,7,9,1,10,1,14,,24,24,1,13,4,120.801945,24.206739,2
3643,66000,387130000C,(04)23274275,(04)23288582,2025,11,10,10,49,臺中市,豐原區,0,1,0,6,3,6,30,3,1,1,5,4,6,6,4,4,10,5,5,2,17,3,10,5,4,B03,7,6,1,8,2,1,,14,14,1,12,4,120.701325,24.231765,2
3644,66000,387130000C,(04)23274275,(04)23288582,2025,11,10,10,50,臺中市,大里區,0,0,0,7,,,50,,,,,,,,,,,,,,,,,,,B03,,,1,,2,,,11,11,1,12,4,120.691855,24.074068,3
3645,66000,387130000C,(04)23274275,(04)23288582,2025,11,10,11,3,臺中市,北區,0,2,0,7,2,6,50,3,1,1,5,4,6,6,4,4,10,5,5,2,16,2,7,1,1,C03,7,1,1,10,2,14,,51,51,1,12,4,120.686707,24.153147,2
3646,66000,387130000C,(04)23274275,(04)23288582,2025,11,10,11,10,臺中市,豐原區,0,1,0,7,2,6,50,4,1,1,5,4,6,6,1,1,5,4,4,2,15,2,9,1,1,C03,7,9,3,19,2,11,,21,21,1,12,4,120.719173,24.241821,2
3647,66000,387130000C,(04)23274275,(04)23288582,2025,11,10,11,11,臺中市,南屯區,0,0,0,7,,,50,,,,,,,,,,,,,,13,,,,,B03,,,1,,1,,,7,7,1,12,4,120.638891,24.141827,3
3648,66000,387130000C,(04)23274275,(04)23288582,2025,11,10,11,12,臺中市,烏日區,0,2,0,7,2,6,40,13,8,1,5,4,5,6,4,4,1,4,3,2,17,2,8,5,4,C03,7,4,1,10,2,14,,84,84,1,6,4,120.648445,24.090947,2
3649,66000,387130000C,(04)23274275,(04)23288582,2025,11,10,11,15,臺中市,大雅區,0,1,0,7,2,6,50,4,2,1,5,4,6,6,1,1,1,4,5,1,13,2,9,3,1,A12,7,9,1,7,2,1,,7,7,1,13,4,120.614881,24.218014,2
3650,66000,387130000C,(04)23274275,(04)23288582,2025,11,10,11,15,臺中市,南屯區,0,0,0,7,3,6,50,13,9,1,5,4,6,6,4,4,5,5,5,2,13,,,,,B03,,,1,,1,,,7,7,1,12,4,120.652762,24.135308,3
3651,66000,387130000C,(04)23274275,(04)23288582,2025,11,10,11,17,臺中市,西屯區,0,2,0,7,2,6,50,5,1,1,5,4,6,6,1,1,5,5,5,2,16,2,9,2,1,C03,7,5,1,10,2,12,,11,11,1,12,4,120.661852,24.176249,2
3652,66000,387130000C,(04)23274275,(04)23288582,2025,11,10,11,21,臺中市,西屯區,0,0,0,7,,,50,,,,,,,,,,,,,,,,,,,B03,,,1,,1,,,50,50,1,12,4,120.661576,24.171149,3
3653,66000,387130000C,(04)23274275,(04)23288582,2025,11,10,11,25,臺中市,西屯區,0,1,0,7,2,6,50,4,1,1,5,4,6,6,1,1,5,5,5,2,15,2,9,2,1,C03,7,9,1,10,2,11,,21,21,1,12,4,120.652417,24.15812,2
3654,66000,387130000C,(04)23274275,(04)23288582,2025,11,10,11,31,臺中市,梧棲區,0,0,0,7,,,70,,,,,,,,,,,,,,13,,,,,A11,,,1,,1,,,7,7,1,6,4,120.552548,24.244117,3
3655,66000,387130000C,(04)23274275,(04)23288582,2025,11,10,11,34,臺中市,西屯區,0,0,0,6,,,30,,,,,,,,,,,,,,17,,,,,B03,,,1,,2,,,51,51,1,12,4,120.642581,24.175971,3
3656,66000,387130000C,(04)23274275,(04)23288582,2025,11,10,11,38,臺中市,南屯區,0,0,0,7,,,50,,,,,,,,,,,,,,,,,,,B03,,,1,,1,,,35,35,1,12,4,120.635796,24.143319,4
3657,66000,387130000C,(04)23274275,(04)23288582,2025,11,10,11,40,臺中市,南區,0,1,0,7,2,6,50,4,1,1,5,4,6,6,4,4,10,5,5,2,17,3,10,3,1,B03,7,1,1,8,2,8,1,51,51,1,12,4,120.675471,24.128855,2
3658,66000,387130000C,(04)23274275,(04)23288582,2025,11,10,11,41,臺中市,潭子區,0,1,0,6,2,6,50,4,19,1,5,4,6,6,1,1,10,5,5,2,3,3,10,3,1,B03,7,6,1,8,2,8,,10,10,1,13,4,120.701633,24.207278,2
3659,66000,387130000C,(04)23274275,(04)23288582,2025,11,10,11,41,臺中市,大甲區,0,0,0,7,,,50,,,,,,,,,,,,,,16,,,,,B03,,,1,,2,,,14,14,1,6,4,120.638538,24.409271,3
3660,66000,387130000C,(04)23274275,(04)23288582,2025,11,10,11,44,臺中市,西區,0,0,0,7,,,50,,,,,,,,,,,,,,,,,,,C03,,,1,10,2,,,84,84,1,13,4,120.656529,24.142944,3
3661,66000,387130000C,(04)23274275,(04)23288582,2025,11,10,11,45,臺中市,北屯區,0,0,0,7,,,50,,,,,,,,,,,,,,,,,,,B03,,,1,,1,,,59,59,1,12,4,120.664775,24.183861,3
3662,66000,387130000C,(04)23274275,(04)23288582,2025,11,10,11,46,臺中市,大里區,0,2,0,7,2,6,50,3,2,1,5,4,6,6,4,4,5,5,5,2,10,2,9,2,1,C03,7,9,1,10,2,12,,39,39,1,6,4,120.707803,24.097538,2
3663,66000,387130000C,(04)23274275,(04)23288582,2025,11,10,11,49,臺中市,南屯區,0,2,0,7,2,6,50,4,1,1,5,4,6,6,1,1,10,5,5,2,17,2,9,2,1,C03,7,6,1,10,2,12,,11,11,1,12,4,120.638237,24.139836,2
3664,66000,387130000C,(04)23274275,(04)23288582,2025,11,10,11,50,臺中市,潭子區,0,0,0,7,,,50,,,,,,,,,,,,,,13,,,,,B03,,,1,,2,,,59,59,1,13,4,120.704974,24.200384,3
3665,66000,387130000C,(04)23274275,(04)23288582,2025,11,10,11,50,臺中市,北區,0,0,0,7,,,50,,,,,,,,,,,,,,13,,,,,B03,,,1,,1,,,59,59,1,13,4,120.684628,24.163369,3
3666,66000,387130000C,(04)23274275,(04)23288582,2025,11,10,11,50,臺中市,西屯區,0,0,0,7,,,50,,,,,,,,,,,,,,13,,,,,C03,,,1,,1,,,7,7,1,13,4,120.633832,24.162414,3
3667,66000,387130000C,(04)23274275,(04)23288582,2025,11,10,11,50,臺中市,西屯區,0,0,0,7,,,40,,,,,,,,,,,,,,17,,,,,B03,,,1,,1,,,40,40,1,13,4,120.641699,24.192581,3
3668,66000,387130000C,(04)23274275,(04)23288582,2025,11,10,11,50,臺中市,大安區,0,0,0,7,,,30,,,,,,,,,,,,,,17,,,,,B03,,,1,,9,,,84,84,1,6,4,120.597822,24.344619,3
3669,66000,387130000C,(04)23274275,(04)23288582,2025,11,10,11,52,臺中市,北屯區,0,0,0,6,,,50,,,,,,,,,,,,,,13,,,,,C03,,,1,,1,,,40,40,1,6,4,120.712986,24.172785,3
3670,66000,387130000C,(04)23274275,(04)23288582,2025,11,10,11,53,臺中市,西屯區,0,0,0,7,,,50,,,,,,,,,,,,,,13,,,,,B03,,,1,,1,,,59,59,1,12,4,120.643194,24.195986,3
3671,66000,387130000C,(04)23274275,(04)23288582,2025,11,10,11,55,臺中市,大雅區,0,1,0,6,1,6,30,13,9,1,5,4,6,6,4,4,10,5,5,2,11,2,9,1,1,C03,7,5,1,10,2,11,,8,8,1,12,4,120.653743,24.221806,2
3672,66000,387130000C,(04)23274275,(04)23288582,2025,11,10,11,55,臺中市,豐原區,0,1,0,6,2,6,50,13,9,1,5,4,6,6,4,4,5,5,5,1,17,3,10,5,4,B12,7,13,1,8,2,8,,76,76,1,12,4,120.71926,24.25058,2
3673,66000,387130000C,(04)23274275,(04)23288582,2025,11,10,11,56,臺中市,北區,0,0,0,7,,,50,,,,,,,,,,,,,,,,,,,B03,,,1,,1,,,7,7,1,12,4,120.672809,24.166877,3
3674,66000,387130000C,(04)23274275,(04)23288582,2025,11,10,11,56,臺中市,北屯區,0,1,0,7,2,6,50,4,2,1,5,4,6,6,1,1,1,4,5,2,18,2,9,1,1,C03,7,9,1,10,1,14,,58,58,1,6,4,120.707758,24.18387,2
3675,66000,387130000C,(04)23274275,(04)23288582,2025,11,10,11,58,臺中市,北屯區,0,1,0,7,3,6,50,4,1,1,5,4,6,6,1,1,10,5,5,2,16,2,9,1,1,C03,7,6,1,10,2,12,,11,11,1,12,4,120.668254,24.195425,2
3676,66000,387130000C,(04)23274275,(04)23288582,2025,11,10,12,1,臺中市,潭子區,0,1,0,6,3,6,40,11,9,1,5,4,6,6,4,4,10,5,5,1,20,2,9,2,1,C03,7,9,1,10,2,12,,84,84,1,13,4,120.720575,24.222433,2
3677,66000,387130000C,(04)23274275,(04)23288582,2025,11,10,12,8,臺中市,北屯區,0,3,0,7,2,6,40,3,1,1,5,4,6,6,2,1,10,5,5,2,13,2,8,1,1,C03,7,9,1,10,2,11,13,7,7,1,12,4,120.722964,24.161944,2
3678,66000,387130000C,(04)23274275,(04)23288582,2025,11,10,12,10,臺中市,烏日區,0,0,0,7,,,50,,,,,,,,,,,,,,9,,,,,F03,,,7,,2,,,84,84,1,6,4,120.643928,24.08246,4
3679,66000,387130000C,(04)23274275,(04)23288582,2025,11,10,12,33,臺中市,龍井區,0,0,0,7,,,50,,,,,,,,,,,,,,18,,,,,C03,,,1,,1,,,59,59,1,6,4,120.584242,24.181973,4
3680,66000,387130000C,(04)23274275,(04)23288582,2025,11,10,12,39,臺中市,太平區,0,0,0,7,2,6,50,13,8,5,5,4,6,6,4,4,5,4,4,1,11,,,,,B12,,,1,,2,,,50,50,1,12,4,120.714652,24.126601,3
3681,66000,387130000C,(04)23274275,(04)23288582,2025,11,10,12,41,臺中市,北區,0,1,0,7,2,6,50,5,1,1,5,4,6,6,4,4,5,5,5,2,17,3,10,1,1,C03,7,6,1,10,2,14,,48,48,1,12,4,120.666236,24.161596,2
3682,66000,387130000C,(04)23274275,(04)23288582,2025,11,10,12,41,臺中市,南屯區,0,0,0,7,,,30,,,,,,,,,,,,,,14,,,,,B03,,,1,,9,,,49,49,1,12,4,120.6437,24.137691,3
3683,66000,387130000C,(04)23274275,(04)23288582,2025,11,10,12,49,臺中市,后里區,0,0,0,7,,,50,,,,,,,,,,,,,,17,,,,,B03,,,1,,2,,,51,51,1,6,4,120.719393,24.309375,3
3684,66000,387130000C,(04)23274275,(04)23288582,2025,11,10,12,50,臺中市,太平區,0,0,0,7,,,0,,,,,,,,,,,,,,,,,,,C03,,,1,,1,,,84,84,1,12,4,120.712551,24.149755,3
3685,66000,387130000C,(04)23274275,(04)23288582,2025,11,10,12,50,臺中市,沙鹿區,0,0,0,7,2,6,50,3,9,1,5,4,6,6,1,1,4,4,4,2,11,,,,,B03,,,1,,2,,,34,34,1,12,4,120.56459,24.249016,3
3686,66000,387130000C,(04)23274275,(04)23288582,2025,11,10,12,57,臺中市,西屯區,0,1,0,7,1,6,50,4,1,1,5,4,6,6,4,4,5,5,5,2,18,2,9,5,4,C03,7,9,1,10,2,14,,87,87,1,12,4,120.656865,24.16698,2
3687,66000,387130000C,(04)23274275,(04)23288582,2025,11,10,12,57,臺中市,霧峰區,0,1,0,7,2,6,50,5,1,1,5,4,6,6,4,4,10,5,5,1,13,2,9,1,1,C03,7,9,1,10,2,11,,1,1,1,12,4,120.687411,24.051643,2
3688,66000,387130000C,(04)23274275,(04)23288582,2025,11,10,13,0,臺中市,北屯區,0,0,0,7,,,,,,,,,,,,,,,,,9,,,,,,,,,,,,,119,119,1,,,120.711024,24.174367,3
3689,66000,387130000C,(04)23274275,(04)23288582,2025,11,10,13,0,臺中市,大里區,0,0,0,7,,3,80,,,,,,,,,,,,,,,,,,,B12,,,1,,2,,,94,94,1,12,4,120.699684,24.114372,3
3690,66000,387130000C,(04)23274275,(04)23288582,2025,11,10,13,13,臺中市,南屯區,0,1,0,7,3,6,30,13,9,1,5,4,6,6,4,4,10,5,5,2,14,3,10,3,1,B02,7,2,1,8,2,6,,49,49,1,12,4,120.618833,24.150344,2
3691,66000,387130000C,(04)23274275,(04)23288582,2025,11,10,13,15,臺中市,南屯區,0,0,0,7,,,50,,,,,,,,,,,,,,14,,,,,B03,,,1,,1,,,49,49,1,6,4,120.633211,24.138503,3
3692,66000,387130000C,(04)23274275,(04)23288582,2025,11,10,13,15,臺中市,大里區,0,1,0,7,2,6,50,4,1,1,5,4,6,6,4,4,10,5,5,2,17,3,10,2,1,C03,7,5,1,10,2,16,,14,14,1,12,2,120.708855,24.083093,2
3693,66000,387130000C,(04)23274275,(04)23288582,2025,11,10,13,18,臺中市,南屯區,0,1,0,7,2,6,50,4,2,1,5,4,6,6,2,1,1,4,5,1,13,2,8,1,1,C03,7,9,1,10,2,11,,7,7,1,12,4,120.646681,24.153613,2
3694,66000,387130000C,(04)23274275,(04)23288582,2025,11,10,13,27,臺中市,北屯區,0,2,0,7,2,6,50,13,9,1,5,4,6,6,4,4,9,5,5,2,3,2,9,6,5,H01,8,16,7,21,10,17,,95,95,1,12,5,120.683,24.191968,2
3695,66000,387130000C,(04)23274275,(04)23288582,2025,11,10,13,30,臺中市,大肚區,0,2,0,7,2,6,50,11,9,1,5,4,6,6,4,4,4,4,5,1,18,2,9,1,1,C03,7,9,1,10,2,12,,6,6,1,6,4,120.554455,24.150365,2
3696,66000,387130000C,(04)23274275,(04)23288582,2025,11,10,13,30,臺中市,沙鹿區,0,0,0,7,,,40,,,,,,,,,,,,,,12,,,,,B12,,,1,,2,,,8,8,1,6,4,120.567579,24.227573,3
3697,66000,387130000C,(04)23274275,(04)23288582,2025,11,10,13,30,臺中市,新社區,0,0,0,7,,,50,,,,,,,,,,,,,,,,,,,B03,,,1,,2,,,59,59,1,12,4,120.837762,24.153672,3
3698,66000,387130000C,(04)23274275,(04)23288582,2025,11,10,13,36,臺中市,東區,0,2,0,7,2,6,50,4,1,1,5,4,6,6,2,1,10,5,5,2,17,2,9,2,1,C03,7,15,1,10,2,12,,84,84,1,12,4,120.69533,24.141681,2
3699,66000,387130000C,(04)23274275,(04)23288582,2025,11,10,13,37,臺中市,西區,0,0,0,7,,,50,,,,,,,,,,,,,,,,,,,B03,,,1,,1,,,49,49,1,12,4,120.677081,24.1375,3
3700,66000,387130000C,(04)23274275,(04)23288582,2025,11,10,13,40,臺中市,豐原區,0,3,0,7,2,6,50,13,9,1,5,4,6,6,4,4,1,4,5,2,13,3,10,5,4,B03,7,9,1,8,2,1,,7,7,1,13,4,120.707833,24.250227,2
3701,66000,387130000C,(04)23274275,(04)23288582,2025,11,10,13,48,臺中市,西屯區,0,1,0,7,2,6,50,4,1,1,5,4,6,6,1,1,10,5,5,2,16,3,10,5,1,B03,7,5,1,8,2,2,,25,25,1,12,4,120.635854,24.181778,2
3702,66000,387130000C,(04)23274275,(04)23288582,2025,11,10,13,49,臺中市,東區,0,0,0,7,,,50,,,,,,,,,,,,,,17,,,,,B03,,,1,,2,,,87,87,1,12,4,120.686264,24.144092,3
3703,66000,387130000C,(04)23274275,(04)23288582,2025,11,10,13,50,臺中市,龍井區,0,0,0,7,,,50,,,,,,,,,,,,,,,,,,,B03,,,1,,9,,,84,84,1,12,4,120.544417,24.177962,3
3704,66000,387130000C,(04)23274275,(04)23288582,2025,11,10,13,51,臺中市,北屯區,0,0,0,7,,,30,,,,,,,,,,,,,,17,,,,,B03,,,1,,1,,,8,8,1,6,4,120.703161,24.167248,3
3705,66000,387130000C,(04)23274275,(04)23288582,2025,11,10,13,53,臺中市,南屯區,0,0,0,7,3,6,50,13,9,1,5,4,6,6,4,4,3,4,5,2,12,,,,,B03,,,1,,1,,,40,40,1,12,4,120.622745,24.145059,3
3706,66000,387130000C,(04)23274275,(04)23288582,2025,11,10,13,58,臺中市,南區,0,0,0,7,,,50,,,,,,,,,,,,,,,,,,,B12,,,1,,9,,,84,84,1,12,4,120.666963,24.117658,3
3707,66000,387130000C,(04)23274275,(04)23288582,2025,11,10,14,2,臺中市,新社區,0,0,0,6,,,50,,,,,,,,,,,,,,16,,,,,B03,,,1,,1,,,45,45,1,13,4,120.80846,24.251359,3
3708,66000,387130000C,(04)23274275,(04)23288582,2025,11,10,14,2,臺中市,石岡區,0,0,0,7,,,50,,,,,,,,,,,,,,,,,,,B12,,,1,,9,,,8,8,2,12,4,120.776995,24.276227,3
3709,66000,387130000C,(04)23274275,(04)23288582,2025,11,10,14,3,臺中市,潭子區,0,0,0,6,,,,,,,,,,,,,,,,,,,,,,,,,,,,,,86,86,1,,,120.702539,24.226252,3
3710,66000,387130000C,(04)23274275,(04)23288582,2025,11,10,14,3,臺中市,南屯區,0,0,0,7,3,6,40,13,8,1,5,4,6,6,4,4,9,5,4,2,12,,,,,B03,,,1,,1,,,84,84,1,12,4,120.636671,24.146302,3
3711,66000,387130000C,(04)23274275,(04)23288582,2025,11,10,14,4,臺中市,南區,0,0,0,7,,,50,,,,,,,,,,,,,,17,,,,,B03,,,1,,2,,,84,84,1,12,4,120.654614,24.1164,3
3712,66000,387130000C,(04)23274275,(04)23288582,2025,11,10,14,7,臺中市,西區,0,1,0,7,2,6,50,4,1,1,5,4,6,6,4,4,10,5,5,2,17,2,9,1,1,C03,7,9,1,10,2,11,,12,12,1,13,4,120.670103,24.139575,2
3713,66000,387130000C,(04)23274275,(04)23288582,2025,11,10,14,10,臺中市,南區,0,0,0,7,,,50,,,,,,,,,,,,,,13,,,,,B03,,,1,,1,,,7,7,1,13,4,120.657425,24.113175,3
3714,66000,387130000C,(04)23274275,(04)23288582,2025,11,10,14,13,臺中市,霧峰區,0,0,0,7,,,50,,,,,,,,,,,,,,14,,,,,B12,,,1,,2,,,49,49,1,6,4,120.683419,24.065382,3
3715,66000,387130000C,(04)23274275,(04)23288582,2025,11,10,14,14,臺中市,大雅區,0,0,0,7,,,50,,,,,,,,,,,,,,,,,,,C03,,,3,,1,,,49,49,1,13,4,120.649805,24.227061,3
3716,66000,387130000C,(04)23274275,(04)23288582,2025,11,10,14,15,臺中市,大雅區,0,0,0,7,,,0,,,,,,,,,,,,,,17,,,,,B03,,,1,,1,,,50,50,1,13,4,120.613983,24.214867,3
3717,66000,387130000C,(04)23274275,(04)23288582,2025,11,10,14,17,臺中市,南屯區,0,0,0,7,,,40,,,,,,,,,,,,,,11,,,,,B03,,,1,,1,,,84,84,1,12,4,120.649075,24.154703,3
3718,66000,387130000C,(04)23274275,(04)23288582,2025,11,10,14,17,臺中市,神岡區,0,1,0,7,1,6,50,13,7,1,5,4,6,6,4,4,5,5,4,1,12,3,10,3,1,B12,7,11,1,8,6,4,,45,45,1,12,4,120.638224,24.288971,2