序號,縣市別代碼,機關代碼,市話,傳真,年,月,日,時,分,縣市,區,死亡數量,受傷數量,2-30,天候,道路照明設備,道路類別,道路速限,道路型態,事故位置,路面鋪裝,路面狀態,路面缺陷,障礙物,視距,號誌種類,號誌動作,分向設施,快車道或一般車道間,快慢車道間,路面邊線,事故類型及型態,受傷程度,主要傷處,保護裝備,行動電話或功能裝置,當事者區分(類別),車輛用途,當事者行動狀態,駕照狀態,駕照種類,飲酒情形,車輛撞擊部位最初,車輛撞擊部位其他,肇事因素個別,肇事因素主要,肇事逃逸,職業,共享經濟或外送平台,GPS座標X,GPS座標Y,事故類別
3719,66000,387130000C,(04)23274275,(04)23288582,2025,11,10,14,20,臺中市,神岡區,0,0,0,7,,,50,,,,,,,,,,,,,,17,,,,,B03,,,1,,1,,,85,85,1,13,4,120.674346,24.25231,3
3720,66000,387130000C,(04)23274275,(04)23288582,2025,11,10,14,21,臺中市,西區,0,0,0,7,,,50,,,,,,,,,,,,,,12,,,,,B03,,,1,,1,,,40,40,1,12,4,120.66173,24.150409,3
3721,66000,387130000C,(04)23274275,(04)23288582,2025,11,10,14,21,臺中市,北屯區,0,1,0,7,2,6,40,13,7,1,5,4,6,6,4,4,5,5,4,2,17,2,9,1,1,C03,7,1,1,10,2,14,,51,51,1,12,4,120.696872,24.174845,2
3722,66000,387130000C,(04)23274275,(04)23288582,2025,11,10,14,23,臺中市,烏日區,0,0,0,7,,,50,,,,,,,,,,,,,,12,,,,,B03,,,1,,9,,,59,59,2,13,4,120.631377,24.096481,3
3723,66000,387130000C,(04)23274275,(04)23288582,2025,11,10,14,25,臺中市,太平區,0,0,0,7,,3,80,,,,,,,,,,,,,,13,,,,,B03,,,1,,2,,,7,7,1,13,4,120.71756,24.157855,3
3724,66000,387130000C,(04)23274275,(04)23288582,2025,11,10,14,29,臺中市,大甲區,0,2,0,7,2,6,50,11,9,1,5,4,6,6,4,4,10,5,5,2,11,2,9,1,1,C03,7,9,1,10,2,11,,84,84,1,12,4,120.657598,24.384443,2
3725,66000,387130000C,(04)23274275,(04)23288582,2025,11,10,14,33,臺中市,西屯區,0,2,0,6,2,6,50,13,9,1,5,4,6,6,4,4,1,4,5,2,12,2,9,1,1,C03,7,9,3,19,2,12,,85,85,1,12,4,120.612389,24.186802,2
3726,66000,387130000C,(04)23274275,(04)23288582,2025,11,10,14,37,臺中市,霧峰區,0,0,0,7,,,50,,,,,,,,,,,,,,,,,,,C03,,,1,,2,,,40,40,1,12,4,120.691846,24.042313,3
3727,66000,387130000C,(04)23274275,(04)23288582,2025,11,10,14,39,臺中市,北屯區,0,1,0,7,2,6,50,4,1,1,5,4,6,6,1,1,10,5,5,2,16,3,10,5,4,B03,7,6,1,8,2,6,,20,20,1,12,4,120.690371,24.176874,2
3728,66000,387130000C,(04)23274275,(04)23288582,2025,11,10,14,43,臺中市,太平區,0,1,0,7,2,6,30,4,1,1,5,4,6,6,4,4,10,5,5,2,15,3,10,3,1,B03,7,9,5,10,1,1,,15,15,1,12,4,120.711231,24.156891,2
3729,66000,387130000C,(04)23274275,(04)23288582,2025,11,10,14,45,臺中市,南屯區,0,1,0,7,3,6,50,13,9,1,5,4,6,6,4,4,3,4,5,2,13,2,4,1,1,C03,7,9,1,10,1,11,,59,59,1,12,4,120.64862,24.139866,2
3730,66000,387130000C,(04)23274275,(04)23288582,2025,11,10,14,46,臺中市,西屯區,0,0,0,7,,,50,,,,,,,,,,,,,,7,,,,,B03,,,1,,1,,,51,51,1,13,4,120.643858,24.200801,3
3731,66000,387130000C,(04)23274275,(04)23288582,2025,11,10,14,47,臺中市,北屯區,0,1,0,6,3,6,50,4,2,1,5,4,6,3,4,4,10,5,5,2,17,2,8,2,1,C03,7,9,1,10,2,14,,43,43,1,6,4,120.689319,24.163855,2
3732,66000,387130000C,(04)23274275,(04)23288582,2025,11,10,14,50,臺中市,西屯區,0,0,0,7,,,60,,,,,,,,,,,,,,,,,,,B03,,,1,,1,,,20,20,1,12,4,120.649392,24.16295,3
3733,66000,387130000C,(04)23274275,(04)23288582,2025,11,10,14,55,臺中市,和平區,0,0,0,7,2,6,30,3,2,1,5,4,6,6,3,1,10,5,5,1,11,3,10,6,1,A05,7,5,1,1,2,4,,8,8,1,6,4,121.010109,24.202331,3
3734,66000,387130000C,(04)23274275,(04)23288582,2025,11,10,14,57,臺中市,南屯區,0,0,0,7,,,50,,,,,,,,,,,,,,12,,,,,B03,,,1,,1,,,51,51,1,12,4,120.651386,24.151079,3
3735,66000,387130000C,(04)23274275,(04)23288582,2025,11,10,14,58,臺中市,中區,0,1,0,7,2,6,50,4,1,1,5,4,6,6,1,1,10,5,5,2,17,3,10,3,1,B03,7,6,1,8,2,2,,11,11,1,12,4,120.677572,24.144109,2
3736,66000,387130000C,(04)23274275,(04)23288582,2025,11,10,15,0,臺中市,北區,0,0,0,7,,,50,,,,,,,,,,,,,,17,,,,,A12,,,1,,2,,,85,85,1,13,4,120.678958,24.159035,3
3737,66000,387130000C,(04)23274275,(04)23288582,2025,11,10,15,7,臺中市,沙鹿區,0,1,0,7,2,6,50,3,1,1,5,4,6,6,4,4,10,5,5,2,16,2,8,2,1,C03,7,6,1,10,1,11,,14,14,1,12,4,120.560601,24.237886,2
3738,66000,387130000C,(04)23274275,(04)23288582,2025,11,10,15,10,臺中市,霧峰區,0,1,0,7,3,6,60,3,2,1,5,4,6,6,1,1,1,3,4,1,17,3,10,3,1,B03,7,5,1,8,2,16,,65,65,1,12,4,120.695993,24.018955,2
3739,66000,387130000C,(04)23274275,(04)23288582,2025,11,10,15,15,臺中市,豐原區,0,0,0,7,,,50,,,,,,,,,,,,,,13,,,,,B02,,,1,,2,,,84,84,1,12,4,120.720432,24.251468,3
3740,66000,387130000C,(04)23274275,(04)23288582,2025,11,10,15,19,臺中市,北區,0,0,0,7,,,50,,,,,,,,,,,,,,12,,,,,C03,,,1,,1,,,84,84,1,13,4,120.67168,24.171423,3
3741,66000,387130000C,(04)23274275,(04)23288582,2025,11,10,15,20,臺中市,北屯區,0,0,0,7,,,50,,,,,,,,,,,,,,13,,,,,B03,,,1,,2,,,84,84,1,6,4,120.69499,24.165126,3
3742,66000,387130000C,(04)23274275,(04)23288582,2025,11,10,15,24,臺中市,西屯區,0,0,0,7,,,30,,,,,,,,,,,,,,11,,,,,B03,,,1,,2,,,8,8,1,12,4,120.645564,24.18185,3
3743,66000,387130000C,(04)23274275,(04)23288582,2025,11,10,15,30,臺中市,西屯區,0,0,0,7,,,60,,,,,,,,,,,,,,13,,,,,B03,,,1,,2,,,7,7,1,12,4,120.654268,24.160478,3
3744,66000,387130000C,(04)23274275,(04)23288582,2025,11,10,15,30,臺中市,石岡區,0,0,0,7,,,70,,,,,,,,,,,,,,,,,,,C03,,,1,,1,,,8,8,1,12,4,120.791167,24.272675,3
3745,66000,387130000C,(04)23274275,(04)23288582,2025,11,10,15,33,臺中市,西屯區,0,0,0,7,,3,,,,,,,,,,,,,,,30,,,,,,,,,,,,,116,116,1,,,120.635417,24.181959,3
3746,66000,387130000C,(04)23274275,(04)23288582,2025,11,10,15,38,臺中市,新社區,0,1,0,6,2,6,50,3,1,1,5,4,6,6,3,1,5,5,5,1,13,2,9,5,4,C03,7,4,1,10,2,11,,34,34,1,13,4,120.81381,24.238102,2
3747,66000,387130000C,(04)23274275,(04)23288582,2025,11,10,15,40,臺中市,太平區,0,1,0,7,2,6,50,13,9,1,5,4,1,6,1,1,5,5,4,2,13,3,10,1,1,C03,7,9,1,11,2,11,,7,7,1,12,4,120.718441,24.153557,2
3748,66000,387130000C,(04)23274275,(04)23288582,2025,11,10,15,40,臺中市,豐原區,0,1,0,6,2,6,50,3,1,1,5,4,6,6,2,1,5,4,4,2,13,2,9,1,1,C03,7,9,3,19,2,11,,7,7,1,12,4,120.722254,24.25662,2
3749,66000,387130000C,(04)23274275,(04)23288582,2025,11,10,15,45,臺中市,北屯區,0,1,0,7,2,6,60,5,1,1,5,4,6,6,2,1,10,5,5,2,16,3,10,3,1,B03,7,5,1,8,2,5,,47,47,1,6,4,120.686502,24.200835,2
3750,66000,387130000C,(04)23274275,(04)23288582,2025,11,10,15,46,臺中市,北屯區,0,0,0,7,,,50,,,,,,,,,,,,,,14,,,,,B12,,,1,,1,,,49,49,1,12,4,120.697316,24.191499,3
3751,66000,387130000C,(04)23274275,(04)23288582,2025,11,10,15,50,臺中市,大雅區,0,0,0,7,,,50,,,,,,,,,,,,,,,,,,,A41,,,1,,2,,,40,40,1,12,4,120.652031,24.228206,3
3752,66000,387130000C,(04)23274275,(04)23288582,2025,11,10,15,50,臺中市,西屯區,0,0,0,7,,,50,,,,,,,,,,,,,,14,,,,,B03,,,1,,2,,,50,50,1,5,4,120.640097,24.187197,3
3753,66000,387130000C,(04)23274275,(04)23288582,2025,11,10,15,53,臺中市,北區,0,0,0,7,,,50,,,,,,,,,,,,,,17,,,,,B03,,,1,,1,,,50,50,1,13,4,120.670899,24.161483,3
3754,66000,387130000C,(04)23274275,(04)23288582,2025,11,10,15,53,臺中市,北屯區,0,1,0,7,1,6,50,4,2,1,5,4,6,6,4,4,3,4,5,2,17,2,9,1,1,C03,7,9,1,10,2,11,,6,6,1,13,4,120.739578,24.177834,2
3755,66000,387130000C,(04)23274275,(04)23288582,2025,11,10,15,55,臺中市,沙鹿區,0,0,0,7,,,40,,,,,,,,,,,,,,,,,,,B03,,,1,,1,,,50,50,1,12,4,120.566943,24.237711,3
3756,66000,387130000C,(04)23274275,(04)23288582,2025,11,10,16,1,臺中市,太平區,0,2,0,7,2,6,50,3,4,1,5,4,6,6,1,1,5,4,5,2,18,2,9,1,1,C03,7,3,1,10,2,12,,84,84,1,12,4,120.731555,24.139989,2
3757,66000,387130000C,(04)23274275,(04)23288582,2025,11,10,16,2,臺中市,北區,0,0,0,7,,,50,,,,,,,,,,,,,,17,,,,,B03,,,1,,1,,,8,8,1,13,4,120.699638,24.154587,3
3758,66000,387130000C,(04)23274275,(04)23288582,2025,11,10,16,2,臺中市,太平區,0,1,0,7,2,6,50,5,1,1,5,4,6,6,2,1,10,5,5,2,16,3,10,3,1,B03,7,5,1,8,2,5,,22,22,1,13,4,120.713128,24.143407,2
3759,66000,387130000C,(04)23274275,(04)23288582,2025,11,10,16,3,臺中市,西屯區,0,1,0,7,2,6,50,3,1,1,5,4,6,6,4,4,10,5,5,2,16,3,10,3,1,B03,2,6,1,1,2,5,,14,14,1,12,4,120.621092,24.186812,2
3760,66000,387130000C,(04)23274275,(04)23288582,2025,11,10,16,4,臺中市,西屯區,0,1,0,7,2,6,50,3,1,1,5,4,6,6,4,4,10,5,5,2,16,3,10,5,4,B03,7,6,1,8,2,1,,84,84,1,13,4,120.593534,24.180452,2
3761,66000,387130000C,(04)23274275,(04)23288582,2025,11,10,16,7,臺中市,沙鹿區,0,0,0,7,,,50,,,,,,,,,,,,,,13,,,,,B03,,,1,,2,,,7,7,1,6,4,120.554169,24.231245,3
3762,66000,387130000C,(04)23274275,(04)23288582,2025,11,10,16,8,臺中市,東區,0,1,0,7,3,6,50,3,2,1,5,4,6,6,2,1,5,5,5,2,14,3,10,3,1,B03,7,2,1,8,2,7,,87,87,1,6,4,120.699163,24.146857,2
3763,66000,387130000C,(04)23274275,(04)23288582,2025,11,10,16,8,臺中市,大里區,0,0,0,7,,,50,,,,,,,,,,,,,,17,,,,,B12,,,1,,2,,,78,78,1,12,4,120.691863,24.100829,3
3764,66000,387130000C,(04)23274275,(04)23288582,2025,11,10,16,9,臺中市,沙鹿區,0,1,0,7,3,6,50,3,2,1,5,4,6,6,4,4,10,5,5,2,16,2,9,1,1,C03,7,5,3,19,2,13,,14,14,1,12,4,120.571109,24.218181,2
3765,66000,387130000C,(04)23274275,(04)23288582,2025,11,10,16,11,臺中市,太平區,0,2,0,7,2,6,50,4,1,1,5,4,6,6,4,4,10,5,5,2,15,2,8,1,1,C03,7,9,1,10,2,14,,12,12,1,12,2,120.721062,24.15141,2
3766,66000,387130000C,(04)23274275,(04)23288582,2025,11,10,16,11,臺中市,大安區,0,1,0,6,3,6,50,18,24,1,5,4,6,6,4,4,10,5,5,2,18,2,9,1,1,C03,7,1,1,10,2,12,,87,87,1,12,4,120.589009,24.345794,2
3767,66000,387130000C,(04)23274275,(04)23288582,2025,11,10,16,18,臺中市,后里區,0,0,0,7,2,6,40,13,8,1,5,4,6,6,4,4,5,5,4,2,17,3,10,3,1,B03,7,2,1,8,2,3,2,78,78,1,12,4,120.710966,24.304508,3
3768,66000,387130000C,(04)23274275,(04)23288582,2025,11,10,16,25,臺中市,西屯區,0,0,0,7,,,30,,,,,,,,,,,,,,12,,,,,B03,,,1,,2,,,8,8,1,12,4,120.652585,24.169647,3
3769,66000,387130000C,(04)23274275,(04)23288582,2025,11,10,16,27,臺中市,西區,0,0,0,7,,,50,,,,,,,,,,,,,,,,,,,B03,,,1,8,1,,,51,51,1,13,4,120.677391,24.146002,3
3770,66000,387130000C,(04)23274275,(04)23288582,2025,11,10,16,27,臺中市,西屯區,0,0,0,7,,,30,,,,,,,,,,,,,,14,,,,,B02,,,1,,2,,,49,49,1,12,4,120.644865,24.166169,3
3771,66000,387130000C,(04)23274275,(04)23288582,2025,11,10,16,29,臺中市,東勢區,0,2,0,7,2,6,50,13,9,1,5,4,6,6,4,4,10,5,5,2,16,2,9,1,1,C03,7,1,1,10,2,14,,51,51,1,12,4,120.831003,24.261067,2
3772,66000,387130000C,(04)23274275,(04)23288582,2025,11,10,16,34,臺中市,南區,0,2,0,7,2,6,50,13,7,1,5,4,6,6,4,4,7,5,4,2,3,2,9,6,5,H01,8,18,7,21,10,17,,95,95,1,12,5,120.675295,24.126606,2
3773,66000,387130000C,(04)23274275,(04)23288582,2025,11,10,16,36,臺中市,梧棲區,0,0,0,7,,,50,,,,,,,,,,,,,,13,,,,,B03,,,1,,2,,,84,84,1,6,4,120.530192,24.261015,3
3774,66000,387130000C,(04)23274275,(04)23288582,2025,11,10,16,39,臺中市,北區,0,0,0,7,,,50,,,,,,,,,,,,,,17,,,,,B03,,,1,,1,,,40,40,1,13,4,120.671339,24.173154,3
3775,66000,387130000C,(04)23274275,(04)23288582,2025,11,10,16,39,臺中市,北屯區,0,0,0,7,,,50,,,,,,,,,,,,,,13,,,,,A04,,,1,,2,,,84,84,1,6,4,120.671181,24.174134,3
3776,66000,387130000C,(04)23274275,(04)23288582,2025,11,10,16,40,臺中市,西屯區,0,0,0,7,,,60,,,,,,,,,,,,,,,,,,,B03,,,1,,1,,,7,7,1,12,4,120.648176,24.163931,3
3777,66000,387130000C,(04)23274275,(04)23288582,2025,11,10,16,46,臺中市,大里區,0,1,0,7,1,6,50,4,1,1,5,4,6,6,1,1,10,5,5,1,13,2,8,1,1,C03,7,9,1,10,2,11,,7,7,1,12,4,120.692975,24.090802,2
3778,66000,387130000C,(04)23274275,(04)23288582,2025,11,10,16,47,臺中市,西區,0,0,0,6,,,50,,,,,,,,,,,,,,,,,,,B03,,,1,,1,,,40,40,1,12,4,120.666157,24.153332,3
3779,66000,387130000C,(04)23274275,(04)23288582,2025,11,10,16,49,臺中市,北區,0,1,0,7,2,6,50,13,7,1,5,4,6,6,4,4,1,4,4,2,13,2,9,1,4,C03,7,9,3,19,2,11,,84,84,1,13,4,120.694233,24.157431,2
3780,66000,387130000C,(04)23274275,(04)23288582,2025,11,10,16,51,臺中市,大里區,0,0,0,6,3,6,50,13,7,1,4,4,6,6,4,4,1,4,4,2,13,,,,,B03,,,1,,1,,,59,59,1,12,4,120.690639,24.101025,3
3781,66000,387130000C,(04)23274275,(04)23288582,2025,11,10,16,51,臺中市,太平區,0,0,0,7,,,40,,,,,,,,,,,,,,,,,,,B12,,,1,,1,,,84,84,1,12,4,120.709797,24.134739,3
3782,66000,387130000C,(04)23274275,(04)23288582,2025,11,10,16,59,臺中市,太平區,0,1,0,7,2,6,50,13,9,1,4,4,6,6,4,4,5,4,5,2,13,3,10,3,1,B03,7,9,1,8,2,1,,7,7,1,12,4,120.700732,24.149698,2
3783,66000,387130000C,(04)23274275,(04)23288582,2025,11,10,17,5,臺中市,南區,0,1,0,7,1,6,30,3,1,1,5,4,6,6,2,1,10,5,5,2,17,2,9,5,4,F01,7,1,7,21,2,11,,51,51,1,13,4,120.659796,24.124722,2
3784,66000,387130000C,(04)23274275,(04)23288582,2025,11,10,17,5,臺中市,大里區,0,0,0,7,2,3,80,13,9,1,5,4,6,6,4,4,1,3,5,1,12,,,,,B03,,,1,,1,,,40,40,1,13,4,120.683086,24.08413,3
3785,66000,387130000C,(04)23274275,(04)23288582,2025,11,10,17,6,臺中市,北區,0,2,0,6,1,6,50,4,1,1,5,4,6,6,2,1,10,5,5,2,17,2,9,1,1,C04,7,1,1,10,2,14,,51,51,1,13,4,120.68447,24.147929,2
3786,66000,387130000C,(04)23274275,(04)23288582,2025,11,10,17,6,臺中市,豐原區,0,0,0,7,1,6,50,4,1,1,5,4,6,6,2,1,1,2,4,1,12,3,10,6,1,F01,7,9,7,21,2,14,,51,51,1,12,4,120.737316,24.255773,3
3787,66000,387130000C,(04)23274275,(04)23288582,2025,11,10,17,9,臺中市,豐原區,0,0,0,7,,,50,,,,,,,,,,,,,,17,,,,,B12,,,1,,2,,,85,85,1,13,4,120.721744,24.277857,3
3788,66000,387130000C,(04)23274275,(04)23288582,2025,11,10,17,10,臺中市,北屯區,0,1,0,7,1,6,50,4,2,1,5,4,6,6,4,4,10,5,5,2,17,2,8,1,1,C04,7,5,1,10,2,11,,85,85,1,13,4,120.718448,24.177081,2
3789,66000,387130000C,(04)23274275,(04)23288582,2025,11,10,17,13,臺中市,西屯區,0,0,0,7,,,50,,,,,,,,,,,,,,13,,,,,B03,,,1,,1,,,59,59,1,13,4,120.6349,24.172084,3
3790,66000,387130000C,(04)23274275,(04)23288582,2025,11,10,17,14,臺中市,神岡區,0,2,0,6,1,6,40,13,8,1,5,4,6,6,4,4,9,5,4,2,13,2,9,5,4,C03,7,9,1,10,2,11,,84,84,1,12,4,120.662634,24.258535,2
3791,66000,387130000C,(04)23274275,(04)23288582,2025,11,10,17,17,臺中市,大里區,0,0,0,5,,,50,,,,,,,,,,,,,,12,,,,,B03,,,1,,2,,,42,42,1,12,4,120.699444,24.082657,3
3792,66000,387130000C,(04)23274275,(04)23288582,2025,11,10,17,18,臺中市,南區,0,0,0,7,,,50,,,,,,,,,,,,,,,,,,,B03,,,1,,1,,,84,84,1,6,4,120.66072,24.110176,3
3793,66000,387130000C,(04)23274275,(04)23288582,2025,11,10,17,19,臺中市,北屯區,0,1,0,6,1,6,30,4,1,1,5,4,6,6,4,4,10,5,5,2,16,3,10,3,1,B03,7,6,1,8,2,8,,12,12,1,6,4,120.677274,24.188075,2
3794,66000,387130000C,(04)23274275,(04)23288582,2025,11,10,17,19,臺中市,梧棲區,0,0,0,7,,,70,,,,,,,,,,,,,,13,,,,,B03,,,1,,1,,,7,7,1,6,4,120.555033,24.249034,3
3795,66000,387130000C,(04)23274275,(04)23288582,2025,11,10,17,19,臺中市,豐原區,0,0,0,5,,,50,,,,,,,,,,,,,,13,,,,,B03,,,1,,2,,,84,84,1,13,4,120.720119,24.259418,3
3796,66000,387130000C,(04)23274275,(04)23288582,2025,11,10,17,23,臺中市,東區,0,1,0,5,1,6,50,13,9,1,4,4,6,6,4,4,9,4,5,2,24,2,9,1,1,C03,7,9,1,10,2,11,12,84,84,1,12,4,120.687127,24.136224,2
3797,66000,387130000C,(04)23274275,(04)23288582,2025,11,10,17,23,臺中市,大里區,0,1,0,5,1,6,50,13,9,1,4,4,6,6,4,4,5,4,5,1,18,2,9,1,1,C03,7,9,1,10,2,12,,59,59,1,12,4,120.674816,24.108347,2
3798,66000,387130000C,(04)23274275,(04)23288582,2025,11,10,17,27,臺中市,大里區,0,1,0,7,2,3,80,13,9,1,5,4,6,6,4,4,1,3,5,1,13,3,10,3,1,B12,7,9,1,5,2,5,,7,7,1,13,4,120.694658,24.10767,2
3799,66000,387130000C,(04)23274275,(04)23288582,2025,11,10,17,29,臺中市,太平區,0,1,0,5,1,6,50,13,9,1,4,4,5,6,4,4,9,5,5,2,11,3,10,3,1,B03,7,15,1,8,2,4,,84,84,1,12,4,120.711567,24.156339,2
3800,66000,387130000C,(04)23274275,(04)23288582,2025,11,10,17,30,臺中市,東區,0,1,0,5,1,6,50,3,1,1,4,4,6,6,1,1,10,5,5,2,16,3,10,3,1,B03,7,6,1,8,2,6,,11,11,1,12,4,120.691161,24.131992,2
3801,66000,387130000C,(04)23274275,(04)23288582,2025,11,10,17,30,臺中市,西屯區,0,0,0,7,,,30,,,,,,,,,,,,,,17,,,,,B02,,,1,,2,,,59,59,1,13,4,120.639181,24.17588,3
3802,66000,387130000C,(04)23274275,(04)23288582,2025,11,10,17,30,臺中市,霧峰區,0,0,0,5,1,8,50,13,9,1,5,4,6,6,4,4,5,5,5,2,17,,,,,B03,,,1,,2,,,82,82,1,6,4,120.697467,24.061602,3
3803,66000,387130000C,(04)23274275,(04)23288582,2025,11,10,17,30,臺中市,烏日區,0,1,0,7,2,6,50,3,1,1,5,4,6,6,4,4,5,4,5,1,16,3,10,3,1,B03,7,5,1,8,2,2,,14,14,1,6,4,120.645673,24.085868,2
3804,66000,387130000C,(04)23274275,(04)23288582,2025,11,10,17,31,臺中市,沙鹿區,0,1,0,7,1,6,30,13,9,1,5,4,6,6,4,4,10,5,5,2,17,3,10,2,1,C02,7,9,1,9,9,15,,85,85,1,6,4,120.570976,24.199872,2
3805,66000,387130000C,(04)23274275,(04)23288582,2025,11,10,17,32,臺中市,北屯區,0,2,0,5,1,6,50,5,1,1,4,4,6,6,2,1,10,5,5,2,15,2,9,6,1,F01,7,9,7,21,1,12,,21,21,1,12,4,120.696733,24.173279,2
3806,66000,387130000C,(04)23274275,(04)23288582,2025,11,10,17,32,臺中市,太平區,0,0,0,5,1,6,50,13,9,1,4,4,6,6,4,4,5,2,5,2,13,,,,,C03,,,1,,2,,,84,84,1,12,4,120.733512,24.155129,3
3807,66000,387130000C,(04)23274275,(04)23288582,2025,11,10,17,34,臺中市,南區,0,1,0,7,1,6,0,3,1,1,4,4,6,6,1,1,10,5,5,2,16,2,9,4,1,F01,7,1,7,21,2,14,,51,51,1,12,1,120.668671,24.114552,2
3808,66000,387130000C,(04)23274275,(04)23288582,2025,11,10,17,34,臺中市,南屯區,0,0,0,7,,,40,,,,,,,,,,,,,,17,,,,,B02,,,1,,1,,,40,40,1,12,4,120.629286,24.150923,3
3809,66000,387130000C,(04)23274275,(04)23288582,2025,11,10,17,34,臺中市,霧峰區,0,2,0,7,1,6,50,3,2,1,4,4,6,6,4,4,5,5,5,1,16,2,4,1,1,C03,7,6,3,19,2,12,,48,48,1,12,4,120.71665,24.077224,2
3810,66000,387130000C,(04)23274275,(04)23288582,2025,11,10,17,34,臺中市,清水區,0,0,0,6,,,50,,,,,,,,,,,,,,,,,,,B03,,,1,,1,,,14,14,1,12,4,120.565928,24.271496,3
3811,66000,387130000C,(04)23274275,(04)23288582,2025,11,10,17,35,臺中市,北屯區,0,0,0,7,,,50,,,,,,,,,,,,,,16,,,,,B03,,,1,,1,,,84,84,1,12,4,120.704454,24.164862,3
3812,66000,387130000C,(04)23274275,(04)23288582,2025,11,10,17,36,臺中市,西屯區,0,0,0,5,,,70,,,,,,,,,,,,,,13,,,,,B03,,,1,,2,,,59,59,1,12,4,120.618501,24.181596,3
3813,66000,387130000C,(04)23274275,(04)23288582,2025,11,10,17,37,臺中市,中區,0,1,0,7,1,6,50,4,1,1,4,4,6,6,1,1,10,5,5,2,17,2,9,1,1,C03,7,9,1,10,2,11,,7,7,1,12,4,120.679497,24.142426,2
3814,66000,387130000C,(04)23274275,(04)23288582,2025,11,10,17,37,臺中市,神岡區,0,0,0,5,1,6,30,13,9,1,5,4,6,6,,4,10,5,5,1,11,,,,,B03,,,1,,1,,,8,8,1,12,4,120.6965,24.257477,3
3815,66000,387130000C,(04)23274275,(04)23288582,2025,11,10,17,38,臺中市,太平區,0,0,0,5,1,3,80,,,,,,,,,,,,,,,,,,,B03,,,1,,2,1,3,7,7,1,12,4,120.713034,24.147927,3
3816,66000,387130000C,(04)23274275,(04)23288582,2025,11,10,17,38,臺中市,龍井區,0,1,0,7,1,6,50,3,1,1,5,4,6,6,2,1,5,5,4,2,3,3,10,3,1,B03,7,6,1,5,2,1,,10,10,1,12,4,120.521131,24.204241,2
3817,66000,387130000C,(04)23274275,(04)23288582,2025,11,10,17,39,臺中市,北屯區,0,0,0,6,,,50,,,,,,,,,,,,,,13,,,,,B03,,,1,,1,,,82,82,1,12,4,120.685806,24.175757,3
3818,66000,387130000C,(04)23274275,(04)23288582,2025,11,10,17,39,臺中市,烏日區,0,0,0,7,,,50,,,,,,,,,,,,,,,,,,,B03,,,1,,1,,,7,7,1,13,4,120.624964,24.106272,3
3819,66000,387130000C,(04)23274275,(04)23288582,2025,11,10,17,41,臺中市,北區,0,1,0,5,1,6,50,4,1,1,4,4,6,6,1,1,1,4,4,2,18,2,9,1,1,C03,7,9,1,10,2,16,,84,84,1,13,4,120.679818,24.15215,2
3820,66000,387130000C,(04)23274275,(04)23288582,2025,11,10,17,42,臺中市,大里區,0,1,0,5,1,6,50,4,1,1,4,4,6,6,1,1,5,5,5,2,16,3,10,1,1,C03,7,5,1,10,1,11,,11,11,1,5,4,120.695871,24.096452,2
3821,66000,387130000C,(04)23274275,(04)23288582,2025,11,10,17,43,臺中市,南屯區,0,2,0,7,1,6,40,3,7,1,5,4,6,6,4,4,5,5,4,2,16,2,9,2,4,C03,7,6,1,10,2,12,,14,14,1,6,4,120.610659,24.144663,2
3822,66000,387130000C,(04)23274275,(04)23288582,2025,11,10,17,43,臺中市,大里區,0,1,0,5,1,6,50,13,9,1,4,4,6,6,4,4,5,5,5,1,2,3,10,3,1,B03,7,9,1,8,2,2,,59,59,1,12,4,120.7017,24.085417,2
3823,66000,387130000C,(04)23274275,(04)23288582,2025,11,10,17,44,臺中市,北區,0,1,0,7,1,6,50,13,9,1,4,4,6,6,1,1,5,4,5,2,17,3,10,2,1,C03,7,6,1,10,2,16,,48,48,1,12,4,120.67726,24.149337,2
3824,66000,387130000C,(04)23274275,(04)23288582,2025,11,10,17,44,臺中市,沙鹿區,0,0,0,7,,,50,,,,,,,,,,,,,,13,,,,,B03,,,1,,1,,,7,7,1,6,4,120.564631,24.232725,3
3825,66000,387130000C,(04)23274275,(04)23288582,2025,11,10,17,45,臺中市,西區,0,0,0,5,,,50,,,,,,,,,,,,,,13,,,,,B03,,,1,,1,,,84,84,1,12,4,120.657126,24.136551,3
3826,66000,387130000C,(04)23274275,(04)23288582,2025,11,10,17,45,臺中市,南屯區,0,0,0,5,1,6,50,13,9,1,5,4,6,6,1,1,5,4,5,2,13,,,,,B03,,,1,,1,,,59,59,1,12,4,120.630824,24.14455,3
3827,66000,387130000C,(04)23274275,(04)23288582,2025,11,10,17,46,臺中市,北區,0,1,0,7,1,6,50,4,2,1,5,4,6,6,2,1,10,3,5,2,9,3,10,3,1,B03,7,6,1,8,2,1,,10,10,1,13,4,120.678695,24.16298,2
3828,66000,387130000C,(04)23274275,(04)23288582,2025,11,10,17,46,臺中市,南區,0,1,0,5,1,6,50,13,9,1,4,4,6,6,4,4,5,4,5,2,18,2,9,5,4,C03,7,9,1,10,2,14,,84,84,1,13,4,120.684804,24.130477,2
3829,66000,387130000C,(04)23274275,(04)23288582,2025,11,10,17,46,臺中市,南屯區,0,0,0,7,,,40,,,,,,,,,,,,,,17,,,,,B03,,,1,,1,,,84,84,1,12,4,120.629286,24.150923,3