序號,縣市別代碼,機關代碼,市話,傳真,年,月,日,時,分,縣市,區,死亡數量,受傷數量,2-30,天候,道路照明設備,道路類別,道路速限,道路型態,事故位置,路面鋪裝,路面狀態,路面缺陷,障礙物,視距,號誌種類,號誌動作,分向設施,快車道或一般車道間,快慢車道間,路面邊線,事故類型及型態,受傷程度,主要傷處,保護裝備,行動電話或功能裝置,當事者區分(類別),車輛用途,當事者行動狀態,駕照狀態,駕照種類,飲酒情形,車輛撞擊部位最初,車輛撞擊部位其他,肇事因素個別,肇事因素主要,肇事逃逸,職業,共享經濟或外送平台,GPS座標X,GPS座標Y,事故類別
3830,66000,387130000C,(04)23274275,(04)23288582,2025,11,10,17,47,臺中市,西區,0,1,0,5,1,6,50,3,9,1,4,4,6,6,4,4,5,4,5,2,12,2,7,1,1,C03,7,9,1,10,2,14,,43,43,1,6,4,120.656519,24.150851,2
3831,66000,387130000C,(04)23274275,(04)23288582,2025,11,10,17,47,臺中市,沙鹿區,0,2,0,6,2,6,50,3,2,1,5,4,6,6,4,4,5,5,5,2,2,2,8,2,1,C03,7,9,1,10,2,11,,59,59,1,6,4,120.562997,24.236725,2
3832,66000,387130000C,(04)23274275,(04)23288582,2025,11,10,17,47,臺中市,豐原區,0,3,0,7,2,6,40,13,9,1,4,4,6,6,4,4,5,4,5,1,9,2,9,1,1,C03,7,9,1,10,2,11,,7,7,1,12,4,120.724483,24.224901,2
3833,66000,387130000C,(04)23274275,(04)23288582,2025,11,10,17,48,臺中市,烏日區,0,1,0,6,1,6,50,3,1,1,4,4,6,5,4,4,10,5,5,2,18,2,9,1,1,C03,7,9,1,10,2,14,,84,84,1,5,4,120.617319,24.106206,2
3834,66000,387130000C,(04)23274275,(04)23288582,2025,11,10,17,49,臺中市,豐原區,0,1,0,7,1,6,60,5,9,1,5,4,6,6,1,1,1,2,5,1,12,3,10,5,4,B03,7,9,1,8,2,4,,85,85,1,13,4,120.71043,24.237253,2
3835,66000,387130000C,(04)23274275,(04)23288582,2025,11,10,17,50,臺中市,南屯區,0,0,0,5,1,6,50,13,9,1,4,4,6,6,4,4,5,5,5,2,17,,,,,C03,,,1,,2,,,49,49,1,12,4,120.649471,24.149893,3
3836,66000,387130000C,(04)23274275,(04)23288582,2025,11,10,17,55,臺中市,豐原區,0,0,0,7,,,50,,,,,,,,,,,,,,13,,,,,A04,,,1,,2,,,84,84,1,13,4,120.724843,24.25216,3
3837,66000,387130000C,(04)23274275,(04)23288582,2025,11,10,17,56,臺中市,西區,0,0,0,6,,,50,,,,,,,,,,,,,,,,,,,B01,,,1,,2,,,15,15,1,12,4,120.66097,24.154839,3
3838,66000,387130000C,(04)23274275,(04)23288582,2025,11,10,17,56,臺中市,北區,0,1,0,5,1,6,50,4,2,1,4,4,6,6,1,1,5,5,5,2,13,3,10,3,1,B03,7,9,5,8,2,8,,84,84,1,13,4,120.692954,24.157211,2
3839,66000,387130000C,(04)23274275,(04)23288582,2025,11,10,17,57,臺中市,豐原區,0,1,0,6,1,6,60,3,1,1,5,4,6,6,4,4,1,5,5,2,13,2,9,1,1,C03,7,9,1,10,2,12,,84,84,1,12,4,120.737305,24.253575,2
3840,66000,387130000C,(04)23274275,(04)23288582,2025,11,10,17,58,臺中市,北屯區,0,2,0,7,1,6,50,13,9,1,5,4,6,6,4,4,5,4,5,2,17,2,9,1,1,C03,7,11,1,10,2,14,,46,46,1,13,4,120.672793,24.190092,2
3841,66000,387130000C,(04)23274275,(04)23288582,2025,11,10,17,59,臺中市,大里區,0,1,0,5,1,6,50,13,9,1,4,4,6,6,4,4,5,5,5,1,18,2,9,1,1,C03,7,9,1,10,2,12,,84,84,1,12,4,120.68275,24.09281,2
3842,66000,387130000C,(04)23274275,(04)23288582,2025,11,10,18,0,臺中市,西區,0,1,0,6,2,6,50,5,1,1,5,4,6,6,1,1,10,5,5,2,17,3,10,3,1,B03,7,6,1,8,2,8,,11,11,1,12,4,120.669259,24.144555,2
3843,66000,387130000C,(04)23274275,(04)23288582,2025,11,10,18,1,臺中市,霧峰區,0,1,0,7,1,6,50,4,1,1,4,4,6,6,1,1,10,5,5,2,18,2,9,1,1,C03,7,9,1,10,2,12,,59,59,1,12,4,120.679929,24.071014,2
3844,66000,387130000C,(04)23274275,(04)23288582,2025,11,10,18,3,臺中市,北區,0,2,0,6,1,6,50,4,2,1,5,4,6,6,1,1,5,4,5,2,12,3,10,3,1,B01,7,8,1,4,2,4,,40,40,1,13,4,120.68388,24.167019,2
3845,66000,387130000C,(04)23274275,(04)23288582,2025,11,10,18,3,臺中市,南屯區,0,2,0,5,1,6,50,13,9,1,4,4,6,6,4,4,5,4,5,2,13,2,9,1,1,C03,7,9,1,10,2,11,,7,7,1,12,4,120.645725,24.134647,2
3846,66000,387130000C,(04)23274275,(04)23288582,2025,11,10,18,3,臺中市,北屯區,0,1,0,7,1,6,50,13,9,1,5,4,6,6,4,4,5,4,5,2,12,3,10,3,1,B03,7,11,1,8,2,1,,45,45,1,13,4,120.690455,24.16673,2
3847,66000,387130000C,(04)23274275,(04)23288582,2025,11,10,18,3,臺中市,大里區,0,0,0,7,,,50,,,,,,,,,,,,,,16,,,,,B03,,,1,,2,,,7,7,1,12,4,120.662505,24.108259,3
3848,66000,387130000C,(04)23274275,(04)23288582,2025,11,10,18,5,臺中市,大雅區,1,0,0,7,1,6,50,3,2,1,5,4,6,6,4,4,5,5,5,1,13,3,10,3,1,A41,7,9,1,1,2,1,,84,84,1,13,4,120.644767,24.223194,1
3849,66000,387130000C,(04)23274275,(04)23288582,2025,11,10,18,5,臺中市,北屯區,0,0,0,6,,3,80,,,,,,,,,,,,,,13,,,,,B03,,,1,,2,,,84,84,1,6,4,120.720793,24.168953,3
3850,66000,387130000C,(04)23274275,(04)23288582,2025,11,10,18,5,臺中市,西屯區,0,0,0,7,,,50,,,,,,,,,,,,,,14,,,,,B03,,,5,,1,,,49,49,1,12,4,120.623581,24.176904,3
3851,66000,387130000C,(04)23274275,(04)23288582,2025,11,10,18,7,臺中市,潭子區,0,0,0,7,,,50,,,,,,,,,,,,,,,,,,,B02,,,1,,2,,,50,50,1,13,4,120.709761,24.205868,3
3852,66000,387130000C,(04)23274275,(04)23288582,2025,11,10,18,7,臺中市,大甲區,0,1,0,7,1,6,50,3,1,1,5,4,6,6,1,1,5,5,5,1,3,3,10,3,1,B03,7,6,1,8,2,8,,10,10,1,12,4,120.620966,24.349364,2
3853,66000,387130000C,(04)23274275,(04)23288582,2025,11,10,18,9,臺中市,南區,0,0,0,7,,,50,,,,,,,,,,,,,,17,,,,,C03,,,1,,9,,,84,84,2,12,4,120.655528,24.114711,3
3854,66000,387130000C,(04)23274275,(04)23288582,2025,11,10,18,9,臺中市,霧峰區,0,0,0,5,,3,80,,,,,,,,,,,,,,13,,,,,B03,,,1,,1,,,59,59,1,12,4,120.689871,24.064078,3
3855,66000,387130000C,(04)23274275,(04)23288582,2025,11,10,18,10,臺中市,太平區,0,0,0,6,,,50,,,,,,,,,,,,,,,,,,,B03,,,1,,2,,,7,7,1,12,4,120.702525,24.111058,3
3856,66000,387130000C,(04)23274275,(04)23288582,2025,11,10,18,11,臺中市,南屯區,0,1,0,7,1,6,50,4,4,1,5,4,6,6,2,1,1,4,5,2,13,3,10,5,4,B03,7,9,1,8,2,5,,7,7,1,6,4,120.646399,24.15079,2
3857,66000,387130000C,(04)23274275,(04)23288582,2025,11,10,18,11,臺中市,北屯區,0,0,0,5,,,50,,,,,,,,,,,,,,13,,,,,B03,,,1,,2,,,84,84,1,6,4,120.669995,24.176196,3
3858,66000,387130000C,(04)23274275,(04)23288582,2025,11,10,18,11,臺中市,清水區,0,3,0,7,1,6,40,3,1,1,5,4,6,6,1,1,1,4,4,1,12,2,9,1,1,C03,7,5,1,10,2,12,,6,6,1,12,4,120.583872,24.284459,2
3859,66000,387130000C,(04)23274275,(04)23288582,2025,11,10,18,12,臺中市,沙鹿區,0,0,0,7,,,0,,,,,,,,,,,,,,9,,,,,H03,,,7,,10,,,109,109,1,6,5,120.561222,24.242419,3
3860,66000,387130000C,(04)23274275,(04)23288582,2025,11,10,18,14,臺中市,霧峰區,0,0,0,5,1,6,50,13,9,1,4,4,6,6,4,4,1,4,5,1,12,,,,,B03,,,1,,2,,,8,8,1,6,4,120.699783,24.075842,3
3861,66000,387130000C,(04)23274275,(04)23288582,2025,11,10,18,14,臺中市,清水區,0,1,0,6,1,6,50,4,1,1,5,4,6,6,2,1,5,5,5,1,9,3,10,3,1,B03,7,6,1,8,2,1,,10,10,1,12,4,120.566511,24.26831,2
3862,66000,387130000C,(04)23274275,(04)23288582,2025,11,10,18,15,臺中市,西屯區,0,0,0,5,,,50,,,,,,,,,,,,,,13,,,,,B03,,,1,,1,,,59,59,1,13,4,120.635935,24.169905,3
3863,66000,387130000C,(04)23274275,(04)23288582,2025,11,10,18,16,臺中市,南屯區,0,0,0,5,1,6,50,13,9,1,5,4,6,6,4,4,5,4,5,2,12,,,,,B03,,,1,,1,,,84,84,1,12,4,120.63992,24.147113,3
3864,66000,387130000C,(04)23274275,(04)23288582,2025,11,10,18,17,臺中市,西屯區,0,1,0,7,1,6,50,13,9,1,5,4,6,6,4,4,3,4,5,2,13,2,9,5,4,C03,7,14,1,10,2,11,,59,59,1,13,4,120.621241,24.183494,2
3865,66000,387130000C,(04)23274275,(04)23288582,2025,11,10,18,19,臺中市,清水區,0,1,0,7,1,6,30,5,1,1,5,4,6,6,1,1,1,4,4,2,16,2,9,1,1,C03,7,9,1,10,2,11,,21,21,1,12,4,120.578461,24.276583,2
3866,66000,387130000C,(04)23274275,(04)23288582,2025,11,10,18,19,臺中市,大甲區,0,0,0,7,,,30,,,,,,,,,,,,,,,,,,,B12,,,1,,9,,,49,49,1,6,4,120.611461,24.349158,3
3867,66000,387130000C,(04)23274275,(04)23288582,2025,11,10,18,19,臺中市,豐原區,0,2,0,7,1,6,50,3,1,1,5,4,6,6,4,4,9,5,4,2,13,2,9,1,1,C03,7,9,1,10,2,12,14,58,58,1,13,4,120.70096,24.247571,2
3868,66000,387130000C,(04)23274275,(04)23288582,2025,11,10,18,20,臺中市,北區,0,0,0,7,,,50,,,,,,,,,,,,,,17,,,,,C03,,,3,,2,,,7,7,1,13,4,120.67703,24.15165,3
3869,66000,387130000C,(04)23274275,(04)23288582,2025,11,10,18,21,臺中市,大雅區,0,0,0,7,,,60,,,,,,,,,,,,,,,,,,,B03,,,1,,1,,,47,47,1,12,4,120.650465,24.211119,3
3870,66000,387130000C,(04)23274275,(04)23288582,2025,11,10,18,21,臺中市,南區,0,0,0,7,,,50,,,,,,,,,,,,,,,,,,,B03,,,1,,2,,,10,10,1,6,4,120.66852,24.114552,4
3871,66000,387130000C,(04)23274275,(04)23288582,2025,11,10,18,21,臺中市,沙鹿區,0,0,0,7,,,1,,,,,,,,,,,,,,14,,,,,B03,,,1,,2,,,49,49,1,6,4,120.570425,24.217806,3
3872,66000,387130000C,(04)23274275,(04)23288582,2025,11,10,18,25,臺中市,西屯區,0,0,0,6,,,40,,,,,,,,,,,,,,13,,,,,C03,,,1,,1,,,58,58,1,12,4,120.603434,24.182774,3
3873,66000,387130000C,(04)23274275,(04)23288582,2025,11,10,18,28,臺中市,大里區,0,1,0,5,1,6,30,5,2,1,4,4,6,6,3,1,10,5,5,2,11,2,9,1,1,C03,7,9,1,10,2,11,,4,4,1,12,4,120.680017,24.114919,2
3874,66000,387130000C,(04)23274275,(04)23288582,2025,11,10,18,28,臺中市,沙鹿區,0,0,0,7,,,50,,,,,,,,,,,,,,,,,,,B03,,,1,,2,,,7,7,1,6,4,120.565597,24.234733,3
3875,66000,387130000C,(04)23274275,(04)23288582,2025,11,10,18,29,臺中市,大雅區,0,0,0,6,,,50,,,,,,,,,,,,,,16,,,,,B03,,,1,,1,,,34,34,1,13,4,120.673125,24.231293,3
3876,66000,387130000C,(04)23274275,(04)23288582,2025,11,10,18,29,臺中市,西屯區,0,0,0,5,,,50,,,,,,,,,,,,,,13,,,,,A11,,,1,,1,,,59,59,1,12,4,120.655411,24.192827,3
3877,66000,387130000C,(04)23274275,(04)23288582,2025,11,10,18,29,臺中市,龍井區,0,0,0,7,,,30,,,,,,,,,,,,,,,,,,,B03,,,1,,1,,,8,8,1,12,4,120.58506,24.181873,3
3878,66000,387130000C,(04)23274275,(04)23288582,2025,11,10,18,29,臺中市,豐原區,0,1,0,7,1,6,50,5,1,1,5,4,6,6,1,1,10,5,5,2,16,3,10,1,1,C03,7,9,1,10,2,11,,84,84,1,12,4,120.718099,24.251817,2
3879,66000,387130000C,(04)23274275,(04)23288582,2025,11,10,18,30,臺中市,大雅區,0,0,0,7,,,60,,,,,,,,,,,,,,,,,,,A41,,,1,,2,,,49,49,1,13,4,120.650447,24.211107,3
3880,66000,387130000C,(04)23274275,(04)23288582,2025,11,10,18,30,臺中市,西屯區,0,0,0,7,,3,80,,,,,,,,,,,,,,13,,,,,B03,,,1,,1,,,59,59,1,12,4,120.651549,24.197797,3
3881,66000,387130000C,(04)23274275,(04)23288582,2025,11,10,18,31,臺中市,南屯區,0,2,0,5,1,6,40,5,1,1,4,4,6,6,4,4,8,3,5,1,17,2,7,1,1,C03,7,6,1,10,2,11,,14,14,1,12,4,120.626928,24.152664,2
3882,66000,387130000C,(04)23274275,(04)23288582,2025,11,10,18,34,臺中市,太平區,0,0,0,6,1,6,50,13,9,1,5,4,6,6,4,4,5,2,4,2,14,,,,,B12,,,1,,2,,,49,49,1,12,4,120.733566,24.154819,3
3883,66000,387130000C,(04)23274275,(04)23288582,2025,11,10,18,37,臺中市,太平區,0,0,0,5,1,6,50,13,7,5,5,4,6,6,4,4,1,4,1,2,13,,,,,B03,,,1,,2,,,7,7,1,12,4,120.712777,24.146114,3
3884,66000,387130000C,(04)23274275,(04)23288582,2025,11,10,18,39,臺中市,西屯區,0,0,0,7,,,40,,,,,,,,,,,,,,12,,,,,B11,,,1,,1,,,8,8,1,12,4,120.634595,24.176292,3
3885,66000,387130000C,(04)23274275,(04)23288582,2025,11,10,18,40,臺中市,中區,0,1,0,5,1,6,50,4,1,1,4,4,6,6,2,1,2,3,5,2,9,3,10,3,1,B01,7,6,1,8,2,5,,10,10,1,12,4,120.685694,24.138445,2
3886,66000,387130000C,(04)23274275,(04)23288582,2025,11,10,18,41,臺中市,西屯區,0,0,0,5,,,50,,,,,,,,,,,,,,13,,,,,C03,,,1,,2,,,40,40,1,5,4,120.645184,24.180226,3
3887,66000,387130000C,(04)23274275,(04)23288582,2025,11,10,18,43,臺中市,大里區,0,2,0,5,1,6,40,13,8,1,4,4,6,6,4,4,3,4,4,2,18,2,9,1,1,C03,7,9,1,10,2,12,,84,84,1,12,4,120.668019,24.083483,2
3888,66000,387130000C,(04)23274275,(04)23288582,2025,11,10,18,46,臺中市,北區,0,2,0,7,1,6,50,4,2,1,5,4,6,6,2,1,10,5,5,2,12,2,9,2,1,C03,7,9,1,10,2,11,,7,7,1,13,4,120.679041,24.170709,2
3889,66000,387130000C,(04)23274275,(04)23288582,2025,11,10,18,46,臺中市,南屯區,0,0,0,5,1,6,50,13,9,1,4,4,6,6,4,4,5,5,5,2,12,,,,,A12,,,1,,1,,,84,84,1,12,4,120.64302,24.137616,3
3890,66000,387130000C,(04)23274275,(04)23288582,2025,11,10,18,46,臺中市,沙鹿區,0,2,0,7,1,6,50,3,2,1,5,4,6,6,4,4,10,5,5,2,16,3,10,3,1,B01,7,5,1,4,2,7,,14,14,1,6,4,120.579046,24.222834,2
3891,66000,387130000C,(04)23274275,(04)23288582,2025,11,10,18,47,臺中市,南屯區,0,0,0,7,,,50,,,,,,,,,,,,,,12,,,,,B03,,,1,,1,,,8,8,1,6,4,120.642083,24.140766,3
3892,66000,387130000C,(04)23274275,(04)23288582,2025,11,10,18,48,臺中市,外埔區,0,0,0,7,1,6,50,3,1,1,5,4,6,6,4,4,4,5,4,1,14,3,10,3,1,B12,7,2,1,8,2,3,,49,49,1,12,4,120.637755,24.34253,3
3893,66000,387130000C,(04)23274275,(04)23288582,2025,11,10,18,48,臺中市,豐原區,0,0,0,5,1,6,50,13,9,1,5,4,6,6,4,4,1,4,5,2,13,3,10,3,1,B03,7,9,1,8,2,1,,7,7,1,12,4,120.699946,24.248944,3
3894,66000,387130000C,(04)23274275,(04)23288582,2025,11,10,18,50,臺中市,清水區,0,2,0,7,1,6,50,4,1,1,5,4,6,6,2,1,5,4,5,2,16,2,8,1,1,C03,7,6,1,10,2,12,,20,20,1,12,4,120.573887,24.267813,2
3895,66000,387130000C,(04)23274275,(04)23288582,2025,11,10,18,53,臺中市,南屯區,0,0,0,5,1,6,50,13,9,1,5,4,6,6,4,4,1,4,5,2,13,,,,,B12,,,1,,2,,,7,7,1,12,4,120.646841,24.138359,3
3896,66000,387130000C,(04)23274275,(04)23288582,2025,11,10,18,57,臺中市,北屯區,0,0,0,5,,,50,,,,,,,,,,,,,,,,,,,B01,,,1,,1,,,84,84,1,6,4,120.665781,24.182774,3
3897,66000,387130000C,(04)23274275,(04)23288582,2025,11,10,19,0,臺中市,北區,0,0,0,7,,,40,,,,,,,,,,,,,,17,,,,,C03,,,1,,1,,,84,84,1,13,4,120.682489,24.148446,3
3898,66000,387130000C,(04)23274275,(04)23288582,2025,11,10,19,1,臺中市,潭子區,0,1,0,6,3,6,60,13,8,1,5,4,6,6,4,4,1,4,4,1,17,3,10,3,1,B03,7,5,1,8,2,5,,84,84,1,13,4,120.705469,24.214641,2
3899,66000,387130000C,(04)23274275,(04)23288582,2025,11,10,19,5,臺中市,西屯區,0,0,0,7,,,60,,,,,,,,,,,,,,13,,,,,B03,,,1,,1,,,7,7,1,13,4,120.618314,24.181218,3
3900,66000,387130000C,(04)23274275,(04)23288582,2025,11,10,19,7,臺中市,中區,0,0,0,7,,,50,,,,,,,,,,,,,,,,,,,B03,,,1,,1,,,84,84,1,6,4,120.679926,24.142621,3
3901,66000,387130000C,(04)23274275,(04)23288582,2025,11,10,19,13,臺中市,西屯區,0,0,0,5,,,50,,,,,,,,,,,,,,12,,,,,B03,,,1,,2,,,40,40,1,12,4,120.653893,24.155798,3
3902,66000,387130000C,(04)23274275,(04)23288582,2025,11,10,19,15,臺中市,太平區,0,1,0,6,1,6,50,13,9,1,5,4,6,6,1,1,5,5,5,2,17,3,10,1,1,F03,7,11,7,21,2,12,,45,45,1,12,4,120.711219,24.126966,2
3903,66000,387130000C,(04)23274275,(04)23288582,2025,11,10,19,17,臺中市,西區,0,0,0,6,,,50,,,,,,,,,,,,,,13,,,,,C03,,,1,,2,,,84,84,1,13,4,120.654458,24.146894,3
3904,66000,387130000C,(04)23274275,(04)23288582,2025,11,10,19,18,臺中市,西屯區,0,0,0,6,,,50,,,,,,,,,,,,,,16,,,,,C03,,,1,,2,,,84,84,1,12,4,120.654052,24.16803,3
3905,66000,387130000C,(04)23274275,(04)23288582,2025,11,10,19,19,臺中市,大雅區,0,0,0,7,,,40,,,,,,,,,,,,,,,,,,,C03,,,1,,2,,,7,7,1,12,4,120.663703,24.218723,3
3906,66000,387130000C,(04)23274275,(04)23288582,2025,11,10,19,22,臺中市,南屯區,0,0,0,5,,,50,,,,,,,,,,,,,,13,,,,,C03,,,1,,1,,,7,7,1,12,4,120.646947,24.139807,3
3907,66000,387130000C,(04)23274275,(04)23288582,2025,11,10,19,24,臺中市,東區,0,1,0,5,1,6,50,13,9,1,4,4,6,6,4,4,7,5,5,2,16,3,10,3,1,B03,7,5,1,8,2,2,,42,42,1,12,4,120.698609,24.146877,2
3908,66000,387130000C,(04)23274275,(04)23288582,2025,11,10,19,26,臺中市,后里區,0,1,0,5,1,6,50,4,19,1,4,4,6,6,1,1,5,5,4,2,3,3,10,3,1,B03,7,6,1,8,2,1,,10,10,1,12,4,120.712432,24.304058,2
3909,66000,387130000C,(04)23274275,(04)23288582,2025,11,10,19,29,臺中市,龍井區,0,2,0,7,1,6,30,4,2,1,5,4,6,6,4,4,5,5,5,2,16,2,7,5,4,F02,7,6,7,21,2,12,,48,48,1,12,4,120.596907,24.188623,2
3910,66000,387130000C,(04)23274275,(04)23288582,2025,11,10,19,30,臺中市,南屯區,0,2,0,5,1,6,50,13,9,1,4,4,6,6,4,4,5,4,5,2,13,2,9,1,1,C03,7,9,1,10,2,11,,84,84,1,12,4,120.652919,24.139326,2
3911,66000,387130000C,(04)23274275,(04)23288582,2025,11,10,19,30,臺中市,梧棲區,0,0,0,7,,,50,,,,,,,,,,,,,,16,,,,,A12,,,1,,1,,,51,51,1,6,4,120.550156,24.245571,3
3912,66000,387130000C,(04)23274275,(04)23288582,2025,11,10,19,38,臺中市,西區,0,1,0,6,2,6,50,13,9,1,5,4,6,6,4,4,1,4,5,2,17,2,9,1,1,C03,7,9,1,10,2,12,,8,8,1,12,4,120.653238,24.150623,2
3913,66000,387130000C,(04)23274275,(04)23288582,2025,11,10,19,38,臺中市,神岡區,0,1,0,6,1,6,30,11,9,1,5,4,6,6,4,4,10,5,5,1,10,2,9,5,4,C03,7,9,1,10,2,11,,84,84,1,12,4,120.654367,24.262914,2
3914,66000,387130000C,(04)23274275,(04)23288582,2025,11,10,19,50,臺中市,太平區,0,0,0,5,,,30,,,,,,,,,,,,,,,,,,,B03,,,1,,1,,,84,84,1,12,4,120.717456,24.14927,3
3915,66000,387130000C,(04)23274275,(04)23288582,2025,11,10,19,51,臺中市,太平區,0,2,0,5,1,6,50,3,1,1,4,4,6,6,3,1,10,5,5,2,3,2,9,6,5,H01,8,16,7,21,10,16,,95,95,1,12,5,120.734044,24.143883,2
3916,66000,387130000C,(04)23274275,(04)23288582,2025,11,10,19,59,臺中市,西屯區,0,0,0,6,,,50,,,,,,,,,,,,,,17,,,,,B03,,,1,,1,,,48,48,1,12,4,120.610961,24.191838,3
3917,66000,387130000C,(04)23274275,(04)23288582,2025,11,10,20,2,臺中市,潭子區,0,2,0,6,1,6,50,4,2,1,5,4,6,6,2,1,5,5,5,1,17,2,8,1,1,C03,7,1,1,10,2,14,,51,51,1,13,4,120.710785,24.213136,2
3918,66000,387130000C,(04)23274275,(04)23288582,2025,11,10,20,24,臺中市,大里區,0,0,0,6,1,6,50,4,1,1,4,4,6,6,1,1,10,5,5,2,13,,,,,C03,,,1,,2,,,7,7,1,12,4,120.682629,24.100425,3
3919,66000,387130000C,(04)23274275,(04)23288582,2025,11,10,20,25,臺中市,太平區,0,0,0,5,,,50,,,,,,,,,,,,,,,,,,,B03,,,1,,2,,,59,59,1,12,4,120.701683,24.153509,3
3920,66000,387130000C,(04)23274275,(04)23288582,2025,11,10,20,27,臺中市,西區,0,0,0,5,,,50,,,,,,,,,,,,,,13,,,,,B03,,,1,,1,,,7,7,1,12,4,120.667878,24.130948,3
3921,66000,387130000C,(04)23274275,(04)23288582,2025,11,10,20,32,臺中市,西區,0,1,0,5,1,6,50,4,1,1,4,4,6,6,1,1,10,5,5,2,17,3,10,1,1,C03,7,5,1,10,2,12,,47,47,1,12,4,120.66576,24.136558,2
3922,66000,387130000C,(04)23274275,(04)23288582,2025,11,10,20,36,臺中市,北區,0,1,0,5,1,6,50,4,1,1,4,4,6,6,4,4,10,5,5,2,17,3,10,1,1,C03,7,9,1,10,2,16,,12,12,1,13,4,120.672057,24.167455,2
3923,66000,387130000C,(04)23274275,(04)23288582,2025,11,10,20,37,臺中市,大里區,0,0,0,7,,,50,,,,,,,,,,,,,,16,,,,,B03,,,1,,2,,,47,47,1,12,4,120.663615,24.107911,3
3924,66000,387130000C,(04)23274275,(04)23288582,2025,11,10,20,38,臺中市,東區,0,0,0,1,,,50,,,,,,,,,,,,,,,,,,,B12,,,1,,2,,,7,7,1,6,4,120.695059,24.134832,4
3925,66000,387130000C,(04)23274275,(04)23288582,2025,11,10,20,38,臺中市,大里區,0,0,0,5,,,50,,,,,,,,,,,,,,13,,,,,C03,,,1,,1,,,7,7,1,12,2,120.68374,24.11096,3
3926,66000,387130000C,(04)23274275,(04)23288582,2025,11,10,20,39,臺中市,太平區,0,2,0,5,1,6,50,4,2,1,4,4,6,6,4,4,10,5,5,2,2,2,8,6,1,F02,7,9,7,21,2,11,,58,58,1,12,4,120.720599,24.122905,2
3927,66000,387130000C,(04)23274275,(04)23288582,2025,11,10,20,40,臺中市,西區,0,0,0,5,,,30,,,,,,,,,,,,,,,,,,,B03,,,1,,2,,,49,49,1,6,4,120.663181,24.140407,3
3928,66000,387130000C,(04)23274275,(04)23288582,2025,11,10,20,41,臺中市,大里區,0,1,0,5,3,6,40,13,12,1,4,4,6,3,4,4,1,4,4,2,18,2,9,1,1,C03,7,9,1,10,2,14,,59,59,1,12,4,120.666213,24.105795,2
3929,66000,387130000C,(04)23274275,(04)23288582,2025,11,10,20,44,臺中市,北區,0,0,0,6,,,50,,,,,,,,,,,,,,,,,,,B03,,,1,,11,,,49,49,1,13,4,120.675002,24.147648,3
3930,66000,387130000C,(04)23274275,(04)23288582,2025,11,10,20,46,臺中市,太平區,0,1,0,5,1,6,50,4,1,1,4,4,6,6,2,1,10,5,5,2,18,2,9,2,1,C03,7,9,1,10,2,14,,84,84,1,12,4,120.716071,24.13341,2
3931,66000,387130000C,(04)23274275,(04)23288582,2025,11,10,20,52,臺中市,大里區,0,0,0,7,,,50,,,,,,,,,,,,,,,,,,,B03,,,1,,1,,,8,8,1,12,4,120.701662,24.096073,3
3932,66000,387130000C,(04)23274275,(04)23288582,2025,11,10,21,2,臺中市,大雅區,0,3,0,5,3,6,40,4,2,1,4,4,6,6,1,1,5,2,4,1,17,2,9,1,1,C03,7,9,1,10,2,11,,84,84,1,12,4,120.640971,24.219198,2
3933,66000,387130000C,(04)23274275,(04)23288582,2025,11,10,21,3,臺中市,霧峰區,0,1,0,5,1,6,50,4,2,1,4,4,6,6,1,1,5,5,4,1,17,2,9,1,1,C03,7,9,3,19,2,12,,84,84,1,12,4,120.707661,24.076532,2
3934,66000,387130000C,(04)23274275,(04)23288582,2025,11,10,21,6,臺中市,豐原區,0,1,0,5,1,6,50,4,9,1,4,4,6,6,1,1,5,5,5,1,13,3,10,5,4,B03,7,9,1,8,2,1,,7,7,1,12,4,120.716493,24.260428,2
3935,66000,387130000C,(04)23274275,(04)23288582,2025,11,10,21,15,臺中市,北屯區,0,1,0,5,1,6,50,13,9,1,4,4,6,6,4,4,9,5,5,2,17,3,10,3,1,B03,7,1,1,8,2,1,,51,51,1,12,4,120.681615,24.170862,2
3936,66000,387130000C,(04)23274275,(04)23288582,2025,11,10,21,19,臺中市,烏日區,0,0,0,7,,,50,,,,,,,,,,,,,,,,,,,A41,,,1,,2,,,84,84,1,6,4,120.648865,24.086252,3
3937,66000,387130000C,(04)23274275,(04)23288582,2025,11,10,21,19,臺中市,龍井區,0,0,0,7,,,30,,,,,,,,,,,,,,,,,,,C03,,,1,,1,,,12,12,1,12,4,120.59085,24.181081,4
3938,66000,387130000C,(04)23274275,(04)23288582,2025,11,10,21,21,臺中市,北區,0,1,0,5,1,6,50,5,1,1,4,4,6,6,1,1,10,5,5,2,17,2,9,5,4,C03,7,12,1,10,2,12,,84,84,1,13,4,120.673498,24.166839,2
3939,66000,387130000C,(04)23274275,(04)23288582,2025,11,10,21,22,臺中市,北區,0,0,0,7,,,50,,,,,,,,,,,,,,17,,,,,B03,,,1,,1,,,78,78,1,13,4,120.685364,24.153302,3
3940,66000,387130000C,(04)23274275,(04)23288582,2025,11,10,21,25,臺中市,烏日區,0,1,0,6,1,6,60,13,9,1,4,4,6,6,4,4,1,4,5,1,16,3,10,3,1,B03,7,11,1,3,2,2,,84,84,1,6,4,120.626615,24.103966,2
3941,66000,387130000C,(04)23274275,(04)23288582,2025,11,10,21,32,臺中市,大肚區,0,1,0,7,1,6,40,3,2,1,5,4,6,6,2,1,10,5,5,2,17,2,9,5,4,C03,7,6,1,10,2,13,,8,8,1,12,4,120.580139,24.168406,2