序號,縣市別代碼,機關代碼,市話,傳真,年,月,日,時,分,縣市,區,死亡數量,受傷數量,2-30,天候,道路照明設備,道路類別,道路速限,道路型態,事故位置,路面鋪裝,路面狀態,路面缺陷,障礙物,視距,號誌種類,號誌動作,分向設施,快車道或一般車道間,快慢車道間,路面邊線,事故類型及型態,受傷程度,主要傷處,保護裝備,行動電話或功能裝置,當事者區分(類別),車輛用途,當事者行動狀態,駕照狀態,駕照種類,飲酒情形,車輛撞擊部位最初,車輛撞擊部位其他,肇事因素個別,肇事因素主要,肇事逃逸,職業,共享經濟或外送平台,GPS座標X,GPS座標Y,事故類別
3942,66000,387130000C,(04)23274275,(04)23288582,2025,11,10,21,33,臺中市,東區,0,1,0,7,1,6,50,4,1,1,5,4,6,6,1,1,9,4,5,2,11,3,10,3,1,B03,7,9,1,8,2,2,,20,20,1,12,4,120.700116,24.140067,2
3943,66000,387130000C,(04)23274275,(04)23288582,2025,11,10,21,33,臺中市,南區,0,1,0,7,1,6,50,4,1,1,5,4,6,6,1,1,9,4,5,2,2,3,10,3,1,B03,7,6,1,8,2,8,,10,10,1,12,4,120.67334,24.130464,2
3944,66000,387130000C,(04)23274275,(04)23288582,2025,11,10,21,39,臺中市,龍井區,0,1,0,5,1,6,40,3,2,1,4,4,6,6,2,1,10,4,1,2,19,2,7,5,4,C03,7,9,1,10,2,15,,59,59,1,6,4,120.579309,24.192097,2
3945,66000,387130000C,(04)23274275,(04)23288582,2025,11,10,21,40,臺中市,西區,0,0,0,7,,,50,,,,,,,,,,,,,,12,,,,,B03,,,1,,1,,,40,40,1,12,4,120.662053,24.155727,3
3946,66000,387130000C,(04)23274275,(04)23288582,2025,11,10,21,40,臺中市,西屯區,0,1,0,6,1,6,30,3,1,1,5,4,6,6,4,4,10,5,5,2,17,3,10,3,1,B03,7,9,1,8,2,16,,12,12,1,12,4,120.627016,24.177498,2
3947,66000,387130000C,(04)23274275,(04)23288582,2025,11,10,21,45,臺中市,北屯區,0,1,0,5,1,6,50,13,9,1,4,4,6,6,4,4,5,4,5,2,12,3,10,3,1,B03,7,1,3,19,2,1,,51,51,1,13,4,120.728712,24.166678,2
3948,66000,387130000C,(04)23274275,(04)23288582,2025,11,10,21,45,臺中市,烏日區,0,0,0,7,,,70,,,,,,,,,,,,,,9,,,,,B03,,,1,,2,,,84,84,1,6,4,120.60991,24.1116,3
3949,66000,387130000C,(04)23274275,(04)23288582,2025,11,10,21,52,臺中市,東區,0,0,0,7,,,50,,,,,,,,,,,,,,13,,,,,B03,,,1,,1,,,7,7,1,12,4,120.700116,24.132225,3
3950,66000,387130000C,(04)23274275,(04)23288582,2025,11,10,21,54,臺中市,西屯區,0,0,0,5,,,40,,,,,,,,,,,,,,13,,,,,C03,,,1,,1,,,59,59,1,12,4,120.655885,24.158979,3
3951,66000,387130000C,(04)23274275,(04)23288582,2025,11,10,22,9,臺中市,太平區,0,2,0,6,1,6,50,13,5,1,5,4,6,6,4,4,10,5,5,2,16,2,7,2,1,C03,7,6,1,10,2,13,,48,48,1,13,4,120.721165,24.130471,2
3952,66000,387130000C,(04)23274275,(04)23288582,2025,11,10,22,9,臺中市,沙鹿區,0,1,0,7,2,6,30,4,1,1,5,4,6,6,1,1,10,5,5,2,16,3,10,3,1,B03,7,6,1,8,2,1,,11,11,1,6,4,120.578696,24.221269,2
3953,66000,387130000C,(04)23274275,(04)23288582,2025,11,10,22,24,臺中市,北區,0,1,0,7,1,6,50,4,2,1,4,4,6,6,1,1,5,4,5,2,18,2,9,5,1,C03,7,9,1,10,2,12,,84,84,1,13,4,120.672834,24.166844,2
3954,66000,387130000C,(04)23274275,(04)23288582,2025,11,10,22,28,臺中市,北區,0,0,0,5,,,50,,,,,,,,,,,,,,17,,,,,F07,,,7,,2,,,85,85,1,12,4,120.68237,24.159103,4
3955,66000,387130000C,(04)23274275,(04)23288582,2025,11,10,22,30,臺中市,西屯區,0,0,0,7,,,50,,,,,,,,,,,,,,26,,,,,B01,,,1,,1,,,84,84,1,12,4,120.641293,24.182874,3
3956,66000,387130000C,(04)23274275,(04)23288582,2025,11,10,22,34,臺中市,梧棲區,0,0,0,7,,,50,,,,,,,,,,,,,,16,,,,,C03,,,1,,2,,,11,11,1,12,4,120.537069,24.242366,3
3957,66000,387130000C,(04)23274275,(04)23288582,2025,11,10,22,38,臺中市,大雅區,0,1,0,6,3,6,0,13,9,1,5,4,6,6,4,4,5,3,5,1,17,3,10,3,1,B03,7,1,1,8,1,4,,51,51,1,12,4,120.646267,24.220014,2
3958,66000,387130000C,(04)23274275,(04)23288582,2025,11,10,22,39,臺中市,南屯區,0,0,0,5,,,60,,,,,,,,,,,,,,12,,,,,B03,,,1,,1,,,84,84,1,12,4,120.622643,24.150214,3
3959,66000,387130000C,(04)23274275,(04)23288582,2025,11,10,23,1,臺中市,西屯區,0,0,0,6,,,50,,,,,,,,,,,,,,13,,,,,B03,,,1,,1,,,7,7,1,13,4,120.622158,24.186284,3
3960,66000,387130000C,(04)23274275,(04)23288582,2025,11,10,23,1,臺中市,大里區,0,0,0,7,,6,50,,,,,,,,,,,,,,17,,,,,C03,,,1,10,2,,,84,84,1,13,4,120.709353,24.086356,3
3961,66000,387130000C,(04)23274275,(04)23288582,2025,11,10,23,12,臺中市,東勢區,0,1,0,5,1,6,60,13,8,1,4,4,6,6,4,4,1,4,4,1,16,3,10,3,1,B03,7,5,1,8,2,2,,20,20,1,6,4,120.83127,24.247842,2
3962,66000,387130000C,(04)23274275,(04)23288582,2025,11,10,23,18,臺中市,北屯區,0,2,0,5,1,6,50,4,1,1,4,4,6,6,3,1,10,5,5,2,15,2,9,3,1,B03,7,9,1,8,2,1,,24,24,1,6,4,120.688938,24.167944,2
3963,66000,387130000C,(04)23274275,(04)23288582,2025,11,10,23,28,臺中市,西屯區,0,0,0,7,,,50,,,,,,,,,,,,,,17,,,,,B03,,,1,,1,,,8,8,1,12,4,120.647058,24.174792,3
3964,66000,387130000C,(04)23274275,(04)23288582,2025,11,11,2,23,臺中市,東區,0,1,0,7,1,6,50,13,9,1,5,4,6,6,4,4,5,5,5,2,17,3,10,3,1,B03,7,1,1,8,2,4,,51,51,1,13,4,120.68286,24.134648,2
3965,66000,387130000C,(04)23274275,(04)23288582,2025,11,11,3,15,臺中市,南區,0,1,0,7,1,6,50,3,1,1,5,4,6,6,4,4,5,5,4,2,17,3,10,3,1,B03,7,8,1,8,2,7,,40,40,1,6,4,120.67395,24.128761,2
3966,66000,387130000C,(04)23274275,(04)23288582,2025,11,11,3,57,臺中市,西屯區,0,1,0,7,2,6,50,3,1,1,5,4,6,6,2,1,10,5,5,2,13,3,10,5,4,B03,7,9,5,19,2,1,,59,59,1,13,4,120.659507,24.16554,2
3967,66000,387130000C,(04)23274275,(04)23288582,2025,11,11,5,57,臺中市,大甲區,0,1,0,7,3,6,50,13,9,1,5,4,6,6,4,4,9,5,5,1,17,3,10,3,1,B03,7,1,1,8,2,8,,51,51,2,6,4,120.613708,24.33592,2
3968,66000,387130000C,(04)23274275,(04)23288582,2025,11,11,6,30,臺中市,太平區,0,0,0,7,,,30,,,,,,,,,,,,,,17,,,,,B03,,,1,,2,,,76,76,1,12,4,120.720682,24.120072,3
3969,66000,387130000C,(04)23274275,(04)23288582,2025,11,11,6,33,臺中市,北區,0,1,0,7,2,6,50,13,8,1,5,4,6,6,4,4,5,5,4,2,17,3,10,5,1,B01,7,7,1,4,2,16,,40,40,1,13,4,120.676128,24.150229,2
3970,66000,387130000C,(04)23274275,(04)23288582,2025,11,11,6,38,臺中市,西屯區,0,0,0,7,,,50,,,,,,,,,,,,,,13,,,,,A11,,,1,,1,,,84,84,1,12,4,120.604772,24.187601,3
3971,66000,387130000C,(04)23274275,(04)23288582,2025,11,11,6,40,臺中市,大甲區,0,1,0,7,3,6,50,13,9,1,5,4,6,6,4,4,9,5,5,1,17,2,9,1,1,C03,7,9,1,10,2,12,,84,84,1,6,4,120.632984,24.345938,2
3972,66000,387130000C,(04)23274275,(04)23288582,2025,11,11,6,50,臺中市,大雅區,0,1,0,7,2,6,50,3,9,1,5,4,6,6,4,4,5,5,5,1,12,2,9,2,1,C03,7,9,1,10,2,11,,84,84,1,13,4,120.669175,24.22105,2
3973,66000,387130000C,(04)23274275,(04)23288582,2025,11,11,6,50,臺中市,后里區,0,0,0,7,,,50,,,,,,,,,,,,,,17,,,,,B03,,,1,,1,,,50,50,1,6,4,120.718281,24.302426,3
3974,66000,387130000C,(04)23274275,(04)23288582,2025,11,11,6,51,臺中市,西屯區,0,0,0,7,,,50,,,,,,,,,,,,,,13,,,,,C03,,,1,,1,,,7,7,1,13,4,120.610803,24.191005,3
3975,66000,387130000C,(04)23274275,(04)23288582,2025,11,11,6,54,臺中市,烏日區,0,0,0,7,,,50,,,,,,,,,,,,,,12,,,,,B03,,,1,,2,,,48,48,1,6,4,120.600702,24.112093,3
3976,66000,387130000C,(04)23274275,(04)23288582,2025,11,11,6,58,臺中市,北區,0,1,0,7,2,6,50,4,1,1,5,4,6,6,1,1,5,5,4,2,16,3,10,3,1,A12,7,5,1,2,2,2,,11,11,1,12,4,120.682197,24.158928,2
3977,66000,387130000C,(04)23274275,(04)23288582,2025,11,11,7,0,臺中市,豐原區,0,2,0,7,2,6,30,3,2,1,5,4,6,6,4,4,10,5,5,2,16,2,9,1,1,C03,7,6,1,10,2,12,14,14,14,1,13,4,120.737733,24.25151,2
3978,66000,387130000C,(04)23274275,(04)23288582,2025,11,11,7,6,臺中市,霧峰區,0,0,0,7,,,30,,,,,,,,,,,,,,17,,,,,B12,,,1,,2,,,20,20,1,13,4,120.673524,24.075964,3
3979,66000,387130000C,(04)23274275,(04)23288582,2025,11,11,7,10,臺中市,大里區,0,1,0,7,2,6,50,13,9,1,5,4,6,6,4,4,9,5,5,1,3,3,10,2,1,C03,7,9,1,10,9,12,,84,84,2,6,4,120.696304,24.09076,2
3980,66000,387130000C,(04)23274275,(04)23288582,2025,11,11,7,12,臺中市,太平區,0,1,0,7,2,6,30,4,1,1,5,4,6,6,4,4,10,5,5,2,15,2,9,1,1,C03,7,9,1,8,2,12,,15,15,1,12,4,120.70547,24.159051,2
3981,66000,387130000C,(04)23274275,(04)23288582,2025,11,11,7,12,臺中市,梧棲區,0,1,0,7,3,6,50,13,9,1,5,4,6,6,4,4,1,4,5,2,17,3,10,5,1,B03,7,13,1,8,2,4,,76,76,1,6,4,120.528959,24.251281,2
3982,66000,387130000C,(04)23274275,(04)23288582,2025,11,11,7,14,臺中市,神岡區,0,0,0,7,,,50,,,,,,,,,,,,,,2,,,,,C03,,,1,,2,,,7,7,1,12,4,120.684926,24.249647,3
3983,66000,387130000C,(04)23274275,(04)23288582,2025,11,11,7,15,臺中市,南屯區,0,1,0,6,2,6,50,13,8,1,5,4,6,6,4,4,1,5,3,2,13,2,9,1,1,C03,7,9,1,10,2,11,,85,85,1,6,4,120.608781,24.151256,2
3984,66000,387130000C,(04)23274275,(04)23288582,2025,11,11,7,15,臺中市,豐原區,0,0,0,7,,,60,,,,,,,,,,,,,,17,,,,,C03,,,1,,2,,,23,23,1,13,4,120.729763,24.243619,3
3985,66000,387130000C,(04)23274275,(04)23288582,2025,11,11,7,16,臺中市,大里區,0,2,0,6,2,6,50,3,2,1,5,4,6,6,4,4,5,5,4,2,17,2,9,1,1,C03,7,6,1,10,2,12,,39,39,1,12,4,120.718422,24.096602,2
3986,66000,387130000C,(04)23274275,(04)23288582,2025,11,11,7,16,臺中市,龍井區,0,1,0,7,2,6,30,4,1,1,5,4,6,6,4,4,10,5,5,1,15,3,10,1,1,C03,7,9,3,19,2,11,,12,12,1,12,4,120.524746,24.2153,2
3987,66000,387130000C,(04)23274275,(04)23288582,2025,11,11,7,20,臺中市,大肚區,0,1,0,7,2,6,50,3,2,1,5,4,6,6,1,1,10,5,5,2,17,2,9,1,1,C03,7,6,1,10,2,11,,7,7,1,6,4,120.576412,24.118764,2
3988,66000,387130000C,(04)23274275,(04)23288582,2025,11,11,7,20,臺中市,沙鹿區,0,0,0,7,,,50,,,,,,,,,,,,,,30,,,,,F06,,,7,,10,,,84,84,1,12,4,120.560591,24.237738,3
3989,66000,387130000C,(04)23274275,(04)23288582,2025,11,11,7,21,臺中市,中區,0,1,0,7,2,6,50,4,1,1,5,4,6,6,4,4,10,5,5,2,17,2,9,1,1,C03,7,9,1,10,2,11,,7,7,1,13,4,120.677113,24.144545,2
3990,66000,387130000C,(04)23274275,(04)23288582,2025,11,11,7,22,臺中市,太平區,0,2,0,7,3,6,50,3,1,1,5,4,6,6,4,4,5,5,5,1,16,2,9,2,1,C03,7,6,1,10,2,14,,14,14,1,12,4,120.715693,24.160227,2
3991,66000,387130000C,(04)23274275,(04)23288582,2025,11,11,7,23,臺中市,南屯區,0,2,0,7,2,6,50,13,9,1,5,4,6,6,4,4,9,4,5,2,12,2,9,1,1,C02,7,9,1,10,2,12,14,84,84,1,12,4,120.635281,24.136298,2
3992,66000,387130000C,(04)23274275,(04)23288582,2025,11,11,7,25,臺中市,豐原區,0,1,0,6,2,6,50,13,9,1,5,4,6,6,4,4,5,5,5,1,17,3,10,5,4,B03,7,9,1,8,2,8,,59,59,1,12,4,120.744886,24.264107,2
3993,66000,387130000C,(04)23274275,(04)23288582,2025,11,11,7,27,臺中市,龍井區,0,0,0,7,,,50,,,,,,,,,,,,,,12,,,,,B03,,,1,,2,,,8,8,1,6,4,120.58898,24.190915,3
3994,66000,387130000C,(04)23274275,(04)23288582,2025,11,11,7,28,臺中市,豐原區,0,1,0,7,2,6,50,13,7,1,5,4,6,6,4,4,5,5,4,2,13,2,8,2,1,C03,7,9,1,10,2,14,,7,7,1,13,4,120.708398,24.246188,2
3995,66000,387130000C,(04)23274275,(04)23288582,2025,11,11,7,29,臺中市,沙鹿區,0,0,0,7,,,50,,,,,,,,,,,,,,13,,,,,B03,,,1,,1,,,7,7,1,6,4,120.564418,24.240028,3
3996,66000,387130000C,(04)23274275,(04)23288582,2025,11,11,7,30,臺中市,西屯區,0,0,0,7,,3,80,,,,,,,,,,,,,,13,,,,,B03,,,1,,1,,,7,7,1,12,4,120.657018,24.200317,3
3997,66000,387130000C,(04)23274275,(04)23288582,2025,11,11,7,30,臺中市,沙鹿區,0,1,0,7,3,6,40,13,8,1,5,4,6,6,4,4,1,4,3,1,18,2,9,2,1,C03,7,9,1,10,2,12,,82,82,1,13,4,120.580779,24.212564,2
3998,66000,387130000C,(04)23274275,(04)23288582,2025,11,11,7,31,臺中市,北區,0,1,0,7,3,6,50,11,8,1,5,4,6,6,4,4,5,4,4,2,12,2,9,5,4,C03,7,8,5,19,2,14,,40,40,1,13,4,120.677005,24.15435,2
3999,66000,387130000C,(04)23274275,(04)23288582,2025,11,11,7,31,臺中市,西屯區,0,0,0,7,,,40,,,,,,,,,,,,,,13,,,,,B03,,,1,,1,,,8,8,1,12,4,120.612757,24.184086,4
4000,66000,387130000C,(04)23274275,(04)23288582,2025,11,11,7,33,臺中市,太平區,0,0,0,7,,,50,,,,,,,,,,,,,,13,,,,,B03,,,1,,2,,,56,56,1,12,4,120.723689,24.133889,3
4001,66000,387130000C,(04)23274275,(04)23288582,2025,11,11,7,35,臺中市,沙鹿區,0,0,0,7,,,50,,,,,,,,,,,,,,16,,,,,B03,,,1,,1,,,14,14,1,12,4,120.55473,24.23155,3
4002,66000,387130000C,(04)23274275,(04)23288582,2025,11,11,7,35,臺中市,豐原區,0,0,0,7,,,50,,,,,,,,,,,,,,12,,,,,B03,,,1,,2,,,40,40,1,13,4,120.74801,24.269191,3
4003,66000,387130000C,(04)23274275,(04)23288582,2025,11,11,7,38,臺中市,北屯區,0,3,0,6,3,6,50,4,1,1,5,4,6,6,1,1,10,5,5,2,16,2,8,1,1,C03,7,5,1,10,2,12,,11,11,1,12,4,120.690448,24.173976,2
4004,66000,387130000C,(04)23274275,(04)23288582,2025,11,11,7,40,臺中市,大肚區,0,0,0,7,,,50,,,,,,,,,,,,,,13,,,,,B03,,,1,,2,,,59,59,1,6,4,120.579916,24.174905,3
4005,66000,387130000C,(04)23274275,(04)23288582,2025,11,11,7,41,臺中市,北屯區,0,0,0,7,,,50,,,,,,,,,,,,,,16,,,,,B03,,,1,,1,,,20,20,1,6,4,120.695063,24.183279,3
4006,66000,387130000C,(04)23274275,(04)23288582,2025,11,11,7,42,臺中市,大里區,0,0,0,7,,3,80,,,,,,,,,,,,,,13,,,,,B03,,,1,,2,,,7,7,1,6,4,120.687653,24.094105,3
4007,66000,387130000C,(04)23274275,(04)23288582,2025,11,11,7,43,臺中市,大里區,0,0,0,7,,,50,,,,,,,,,,,,,,,,,,,C03,,,3,,1,,,48,48,1,12,4,120.679964,24.095563,3
4008,66000,387130000C,(04)23274275,(04)23288582,2025,11,11,7,46,臺中市,北屯區,0,0,0,7,,,50,,,,,,,,,,,,,,13,,,,,B03,,,1,,1,,,87,87,1,12,4,120.661225,24.190675,3
4009,66000,387130000C,(04)23274275,(04)23288582,2025,11,11,7,46,臺中市,梧棲區,0,1,0,7,3,6,30,3,1,1,5,4,6,6,4,4,10,5,5,2,17,3,10,1,1,C03,7,6,1,10,2,14,,14,14,1,6,4,120.557737,24.241625,2
4010,66000,387130000C,(04)23274275,(04)23288582,2025,11,11,7,48,臺中市,大雅區,0,1,0,6,2,6,0,13,9,1,5,4,6,6,4,4,5,5,5,1,17,3,10,3,1,B03,7,6,1,8,2,1,,39,39,1,13,4,120.647714,24.225419,2
4011,66000,387130000C,(04)23274275,(04)23288582,2025,11,11,7,48,臺中市,北區,0,0,0,7,,,50,,,,,,,,,,,,,,17,,,,,B03,,,1,,2,,,8,8,1,13,4,120.672984,24.144019,3
4012,66000,387130000C,(04)23274275,(04)23288582,2025,11,11,7,50,臺中市,西屯區,0,0,0,7,,,40,,,,,,,,,,,,,,13,,,,,B03,,,1,,1,,,59,59,1,12,4,120.644251,24.194815,3
4013,66000,387130000C,(04)23274275,(04)23288582,2025,11,11,7,50,臺中市,龍井區,0,1,0,7,2,6,50,4,1,1,5,4,6,6,4,4,5,5,5,1,28,2,9,1,1,C03,7,9,1,10,2,11,,87,87,1,12,4,120.518062,24.212642,2
4014,66000,387130000C,(04)23274275,(04)23288582,2025,11,11,7,50,臺中市,神岡區,0,1,0,7,2,6,40,4,1,1,5,4,6,6,3,1,10,5,5,2,13,2,9,5,4,C03,7,9,1,10,2,11,,7,7,1,13,4,120.710982,24.258467,2
4015,66000,387130000C,(04)23274275,(04)23288582,2025,11,11,7,52,臺中市,大里區,0,0,0,7,,,50,,,,,,,,,,,,,,12,,,,,B03,,,1,,1,,,1,1,1,13,4,120.695783,24.096499,3
4016,66000,387130000C,(04)23274275,(04)23288582,2025,11,11,7,54,臺中市,北區,0,0,0,7,,,50,,,,,,,,,,,,,,,,,,,B03,,,1,,2,,,7,7,1,12,4,120.68176,24.155337,4
4017,66000,387130000C,(04)23274275,(04)23288582,2025,11,11,7,54,臺中市,北屯區,0,1,0,7,2,6,50,4,2,1,5,4,6,6,2,1,5,5,5,2,17,3,10,1,1,C03,7,1,1,10,2,11,,51,51,1,12,4,120.687795,24.173009,2
4018,66000,387130000C,(04)23274275,(04)23288582,2025,11,11,7,55,臺中市,西屯區,0,1,0,6,2,6,50,4,2,1,5,4,6,6,1,1,10,5,5,1,17,3,10,3,1,B03,7,14,1,5,2,4,,76,76,1,12,4,120.642563,24.181624,2
4019,66000,387130000C,(04)23274275,(04)23288582,2025,11,11,7,56,臺中市,大雅區,0,0,0,7,,,50,,,,,,,,,,,,,,,,,,,B03,,,1,,1,,,84,84,1,12,4,120.668455,24.216192,3
4020,66000,387130000C,(04)23274275,(04)23288582,2025,11,11,8,0,臺中市,西區,0,0,0,6,,,50,,,,,,,,,,,,,,13,,,,,C03,,,1,,1,,,7,7,1,12,4,120.660621,24.146804,3
4021,66000,387130000C,(04)23274275,(04)23288582,2025,11,11,8,5,臺中市,南屯區,0,0,0,7,,,50,,,,,,,,,,,,,,12,,,,,A41,,,1,,9,,,8,8,1,12,4,120.616764,24.153537,3
4022,66000,387130000C,(04)23274275,(04)23288582,2025,11,11,8,6,臺中市,西屯區,0,0,0,7,,,30,,,,,,,,,,,,,,13,,,,,B03,,,1,,1,,,58,58,1,13,4,120.609058,24.163094,3
4023,66000,387130000C,(04)23274275,(04)23288582,2025,11,11,8,6,臺中市,后里區,0,2,0,7,3,6,50,5,1,1,5,4,6,6,1,1,10,5,5,2,12,3,10,3,1,A31,7,7,1,1,2,2,,40,40,1,6,4,120.709743,24.31099,2
4024,66000,387130000C,(04)23274275,(04)23288582,2025,11,11,8,10,臺中市,北區,0,1,0,7,3,6,50,4,2,1,5,4,6,6,1,1,5,4,5,2,17,3,10,5,4,B03,7,8,1,8,2,1,,35,35,1,13,4,120.677115,24.16334,2
4025,66000,387130000C,(04)23274275,(04)23288582,2025,11,11,8,10,臺中市,西屯區,0,0,0,7,,,50,,,,,,,,,,,,,,13,,,,,B03,,,1,,1,,,59,59,1,12,4,120.648085,24.167752,3
4026,66000,387130000C,(04)23274275,(04)23288582,2025,11,11,8,12,臺中市,南屯區,0,1,0,7,2,6,50,4,4,1,5,4,6,6,2,1,1,4,1,2,12,3,10,2,1,C03,7,9,1,10,2,12,,84,84,1,12,4,120.615424,24.147739,2
4027,66000,387130000C,(04)23274275,(04)23288582,2025,11,11,8,13,臺中市,西區,0,1,0,7,2,6,50,4,1,1,5,4,6,6,1,1,10,5,5,2,17,3,10,5,4,B03,7,11,1,8,2,4,,45,45,1,13,4,120.670857,24.137521,2
4028,66000,387130000C,(04)23274275,(04)23288582,2025,11,11,8,15,臺中市,大甲區,0,1,0,7,2,6,50,13,7,1,5,4,6,6,4,4,9,5,4,1,16,3,10,3,1,B03,7,1,1,8,2,4,,51,51,1,6,4,120.615218,24.351492,2
4029,66000,387130000C,(04)23274275,(04)23288582,2025,11,11,8,16,臺中市,南屯區,0,0,0,6,,,50,,,,,,,,,,,,,,,,,,,A41,,,1,,2,,,84,84,1,6,4,120.643806,24.152424,3
4030,66000,387130000C,(04)23274275,(04)23288582,2025,11,11,8,18,臺中市,西屯區,0,0,0,7,,3,80,,,,,,,,,,,,,,13,,,,,B03,,,1,,1,,,85,85,1,12,4,120.633671,24.173609,3
4031,66000,387130000C,(04)23274275,(04)23288582,2025,11,11,8,18,臺中市,豐原區,0,0,0,6,,,50,,,,,,,,,,,,,,13,,,,,B03,,,1,,2,,,84,84,1,12,4,120.715227,24.248705,3
4032,66000,387130000C,(04)23274275,(04)23288582,2025,11,11,8,23,臺中市,龍井區,0,1,0,7,2,6,50,3,1,1,5,4,6,6,4,4,5,5,5,1,16,2,9,2,1,C03,7,4,1,10,2,12,,1,1,1,12,4,120.526014,24.215272,2
4033,66000,387130000C,(04)23274275,(04)23288582,2025,11,11,8,28,臺中市,南屯區,0,2,0,7,2,6,50,3,1,1,5,4,6,6,4,4,9,4,5,2,11,2,9,1,1,C03,7,6,1,10,2,11,,14,14,1,12,4,120.644591,24.133295,2
4034,66000,387130000C,(04)23274275,(04)23288582,2025,11,11,8,28,臺中市,北屯區,0,1,0,6,2,6,50,13,9,1,5,4,6,6,4,4,4,3,5,2,13,2,9,1,1,C03,7,9,1,10,2,11,,7,7,1,6,4,120.712489,24.172695,2
4035,66000,387130000C,(04)23274275,(04)23288582,2025,11,11,8,29,臺中市,北區,0,1,0,7,2,6,50,4,1,1,5,4,6,6,1,1,10,5,5,2,16,3,10,3,1,B03,7,6,1,8,2,2,,11,11,1,12,4,120.686662,24.16309,2
4036,66000,387130000C,(04)23274275,(04)23288582,2025,11,11,8,30,臺中市,北屯區,0,1,0,7,2,6,50,4,1,1,5,4,6,6,1,1,10,5,5,2,15,3,10,5,4,F04,7,9,7,21,2,16,,21,21,1,12,4,120.703112,24.180079,2
4037,66000,387130000C,(04)23274275,(04)23288582,2025,11,11,8,30,臺中市,清水區,0,1,0,7,2,6,50,5,1,1,5,4,6,6,1,1,8,3,4,1,17,3,10,3,1,B03,7,5,1,8,2,2,,22,22,1,12,4,120.575322,24.278338,2
4038,66000,387130000C,(04)23274275,(04)23288582,2025,11,11,8,31,臺中市,霧峰區,0,0,0,7,,,50,,,,,,,,,,,,,,17,,,,,B03,,,1,,2,,,21,21,1,6,4,120.6958,24.012525,3
4039,66000,387130000C,(04)23274275,(04)23288582,2025,11,11,8,31,臺中市,清水區,0,0,0,7,,,40,,,,,,,,,,,,,,,,,,,B03,,,1,,2,,,49,49,1,12,4,120.571792,24.26094,3
4040,66000,387130000C,(04)23274275,(04)23288582,2025,11,11,8,34,臺中市,西屯區,0,1,0,7,2,6,30,3,1,1,5,4,6,6,4,4,10,5,5,2,16,3,10,5,4,B01,7,6,1,4,2,1,,14,14,1,12,4,120.654015,24.160807,2
4041,66000,387130000C,(04)23274275,(04)23288582,2025,11,11,8,37,臺中市,西屯區,0,1,0,7,2,6,50,3,1,1,5,4,6,6,1,1,10,5,5,2,16,3,10,5,1,B02,7,6,1,8,2,1,,11,11,1,12,4,120.608547,24.157339,2
4042,66000,387130000C,(04)23274275,(04)23288582,2025,11,11,8,45,臺中市,南屯區,0,2,0,7,3,6,50,4,1,1,5,4,6,6,4,4,10,5,5,2,16,2,9,2,1,C03,7,6,1,10,2,12,,14,14,1,13,4,120.638696,24.139325,2
4043,66000,387130000C,(04)23274275,(04)23288582,2025,11,11,8,45,臺中市,豐原區,0,0,0,7,,,60,,,,,,,,,,,,,,30,,,,,B12,,,1,,2,,,50,50,1,13,4,120.714471,24.262971,3
4044,66000,387130000C,(04)23274275,(04)23288582,2025,11,11,8,46,臺中市,西屯區,0,0,0,6,,,0,,,,,,,,,,,,,,17,,,,,C03,,,1,,2,,,84,84,1,12,4,120.614902,24.181231,3
4045,66000,387130000C,(04)23274275,(04)23288582,2025,11,11,8,48,臺中市,南屯區,0,0,0,7,,3,80,,,,,,,,,,,,,,,,,,,B03,,,1,,9,,,75,75,1,13,4,120.620007,24.127844,3
4046,66000,387130000C,(04)23274275,(04)23288582,2025,11,11,8,50,臺中市,西區,0,0,0,7,,,50,,,,,,,,,,,,,,,,,,,B03,,,1,,1,,,84,84,1,6,4,120.664266,24.132296,3
4047,66000,387130000C,(04)23274275,(04)23288582,2025,11,11,8,50,臺中市,西屯區,0,1,0,7,2,6,50,4,19,1,5,4,6,6,2,1,10,5,5,2,3,3,10,5,4,B03,7,5,1,8,2,5,,10,10,1,12,4,120.618217,24.183494,2
4048,66000,387130000C,(04)23274275,(04)23288582,2025,11,11,8,55,臺中市,北屯區,0,1,0,7,3,6,50,4,1,1,5,4,6,6,1,1,10,5,5,2,13,2,8,1,1,C03,7,6,1,10,2,13,,87,87,1,12,4,120.707387,24.174559,2
4049,66000,387130000C,(04)23274275,(04)23288582,2025,11,11,8,55,臺中市,大里區,0,0,0,6,,,50,,,,,,,,,,,,,,17,,,,,B03,,,1,,2,,,50,50,1,12,4,120.690353,24.122722,3
4050,66000,387130000C,(04)23274275,(04)23288582,2025,11,11,8,57,臺中市,西屯區,0,1,0,7,2,6,30,4,1,1,5,4,6,6,4,4,10,5,5,2,15,2,9,2,1,C03,7,9,1,10,2,12,,15,15,1,12,4,120.660183,24.196073,2
4051,66000,387130000C,(04)23274275,(04)23288582,2025,11,11,8,58,臺中市,北區,0,1,0,7,2,6,50,13,7,1,5,4,6,6,4,4,5,4,4,2,12,2,9,1,1,C03,7,8,1,10,2,14,,40,40,1,13,4,120.668447,24.154624,2
4052,66000,387130000C,(04)23274275,(04)23288582,2025,11,11,9,0,臺中市,西區,0,0,0,7,,,50,,,,,,,,,,,,,,,,,,,A05,,,1,,1,,,49,49,1,12,4,120.671641,24.150007,3
4053,66000,387130000C,(04)23274275,(04)23288582,2025,11,11,9,0,臺中市,大里區,0,0,0,7,,,50,,,,,,,,,,,,,,13,,,,,C03,,,1,,2,,,7,7,1,13,4,120.693618,24.089928,3