序號,縣市別代碼,機關代碼,市話,傳真,年,月,日,時,分,縣市,區,死亡數量,受傷數量,2-30,天候,道路照明設備,道路類別,道路速限,道路型態,事故位置,路面鋪裝,路面狀態,路面缺陷,障礙物,視距,號誌種類,號誌動作,分向設施,快車道或一般車道間,快慢車道間,路面邊線,事故類型及型態,受傷程度,主要傷處,保護裝備,行動電話或功能裝置,當事者區分(類別),車輛用途,當事者行動狀態,駕照狀態,駕照種類,飲酒情形,車輛撞擊部位最初,車輛撞擊部位其他,肇事因素個別,肇事因素主要,肇事逃逸,職業,共享經濟或外送平台,GPS座標X,GPS座標Y,事故類別
4054,66000,387130000C,(04)23274275,(04)23288582,2025,11,11,9,4,臺中市,霧峰區,0,1,0,7,2,6,30,13,9,1,5,4,6,6,4,4,5,4,5,1,18,2,9,2,1,C03,7,9,1,10,2,12,,84,84,1,6,4,120.695735,24.064694,2
4055,66000,387130000C,(04)23274275,(04)23288582,2025,11,11,9,5,臺中市,太平區,0,1,0,7,3,6,50,4,1,1,5,4,6,6,1,1,5,4,5,1,16,2,9,2,1,C03,7,9,3,19,2,14,,39,39,1,12,4,120.716145,24.133513,2
4056,66000,387130000C,(04)23274275,(04)23288582,2025,11,11,9,5,臺中市,太平區,0,2,0,7,2,6,50,3,1,1,5,4,6,6,4,4,10,5,5,1,16,2,9,1,1,C03,7,6,3,19,2,14,,14,14,1,13,4,120.734383,24.122926,2
4057,66000,387130000C,(04)23274275,(04)23288582,2025,11,11,9,5,臺中市,大肚區,0,2,0,7,2,6,50,3,1,1,5,4,6,6,2,1,10,5,5,2,16,3,10,3,1,B03,7,6,1,8,2,1,,48,48,1,6,4,120.545055,24.152045,2
4058,66000,387130000C,(04)23274275,(04)23288582,2025,11,11,9,8,臺中市,北屯區,0,1,0,7,2,6,40,3,1,1,5,4,6,6,4,4,10,5,5,2,17,3,10,3,1,B03,7,1,1,8,2,5,,51,51,1,6,4,120.662522,24.189747,2
4059,66000,387130000C,(04)23274275,(04)23288582,2025,11,11,9,9,臺中市,豐原區,0,0,0,7,,,50,,,,,,,,,,,,,,17,,,,,B12,,,1,,2,,,49,49,1,13,4,120.705647,24.243658,3
4060,66000,387130000C,(04)23274275,(04)23288582,2025,11,11,9,13,臺中市,南屯區,0,0,0,7,,,50,,,,,,,,,,,,,,13,,,,,B03,,,1,,1,,,84,84,1,6,4,120.6308,24.14472,3
4061,66000,387130000C,(04)23274275,(04)23288582,2025,11,11,9,21,臺中市,大肚區,0,0,0,7,,,50,,,,,,,,,,,,,,,,,,,B12,,,1,,2,,,40,40,1,6,4,120.565277,24.123049,3
4062,66000,387130000C,(04)23274275,(04)23288582,2025,11,11,9,26,臺中市,南區,0,2,0,7,1,6,50,4,1,1,5,4,6,6,1,1,10,5,5,2,17,2,9,5,4,C03,7,9,1,10,2,11,,8,8,1,12,4,120.662411,24.120844,2
4063,66000,387130000C,(04)23274275,(04)23288582,2025,11,11,9,30,臺中市,大肚區,0,1,0,7,2,6,50,4,1,1,5,4,6,6,4,4,10,5,5,2,17,2,9,1,1,C03,7,9,1,10,2,14,,6,6,1,6,4,120.580643,24.173147,2
4064,66000,387130000C,(04)23274275,(04)23288582,2025,11,11,9,30,臺中市,大甲區,0,0,0,7,,,50,,,,,,,,,,,,,,,,,,,B03,,,1,,9,,,84,84,1,6,4,120.620459,24.337655,3
4065,66000,387130000C,(04)23274275,(04)23288582,2025,11,11,9,35,臺中市,北區,0,0,0,7,,,40,,,,,,,,,,,,,,,,,,,C03,,,1,,2,,,84,84,1,12,4,120.687253,24.155754,4
4066,66000,387130000C,(04)23274275,(04)23288582,2025,11,11,9,46,臺中市,北區,0,1,0,7,3,6,50,13,9,1,5,4,6,6,4,4,5,4,5,2,12,2,9,5,4,F02,7,9,7,21,2,14,,84,84,1,13,4,120.665583,24.15973,2
4067,66000,387130000C,(04)23274275,(04)23288582,2025,11,11,9,46,臺中市,北屯區,0,0,0,7,,,50,,,,,,,,,,,,,,12,,,,,B03,,,1,,1,,,59,59,1,12,4,120.666293,24.190729,3
4068,66000,387130000C,(04)23274275,(04)23288582,2025,11,11,9,47,臺中市,梧棲區,0,0,0,7,,,50,,,,,,,,,,,,,,16,,,,,B03,,,1,,1,,,21,21,1,6,4,120.52955,24.252578,3
4069,66000,387130000C,(04)23274275,(04)23288582,2025,11,11,9,47,臺中市,大甲區,0,0,0,6,,,50,,,,,,,,,,,,,,,,,,,B12,,,1,,1,,,49,49,1,12,4,120.618842,24.352033,3
4070,66000,387130000C,(04)23274275,(04)23288582,2025,11,11,9,48,臺中市,西屯區,0,1,0,6,2,6,50,13,9,1,5,4,6,6,1,1,5,4,5,2,12,3,10,3,1,B03,7,7,1,8,2,2,,40,40,1,12,4,120.627579,24.184092,2
4071,66000,387130000C,(04)23274275,(04)23288582,2025,11,11,9,49,臺中市,西屯區,0,0,0,7,,,50,,,,,,,,,,,,,,16,,,,,C03,,,1,,1,,,21,21,1,12,4,120.622097,24.180782,3
4072,66000,387130000C,(04)23274275,(04)23288582,2025,11,11,9,50,臺中市,西屯區,0,1,0,7,2,6,30,4,1,1,5,4,6,6,3,1,10,5,5,2,15,2,9,1,1,C03,7,9,1,10,2,11,,12,12,1,13,4,120.63847,24.181224,2
4073,66000,387130000C,(04)23274275,(04)23288582,2025,11,11,9,51,臺中市,北區,0,1,0,7,2,6,50,4,9,1,5,4,6,6,1,1,5,4,5,1,13,2,9,1,1,C03,7,9,1,10,2,11,12,7,7,1,13,4,120.665407,24.160364,2
4074,66000,387130000C,(04)23274275,(04)23288582,2025,11,11,9,52,臺中市,北區,0,1,0,7,2,6,50,13,9,1,5,4,6,6,4,4,5,5,5,2,18,2,9,1,4,C03,7,9,1,10,2,15,,84,84,1,12,4,120.673626,24.155183,2
4075,66000,387130000C,(04)23274275,(04)23288582,2025,11,11,9,55,臺中市,北屯區,0,0,0,7,,,50,,,,,,,,,,,,,,17,,,,,C03,,,1,,1,,,4,4,1,12,4,120.682684,24.191976,3
4076,66000,387130000C,(04)23274275,(04)23288582,2025,11,11,10,9,臺中市,北區,0,1,0,7,3,6,50,4,9,1,5,4,6,6,4,4,5,5,5,2,18,2,9,1,1,C04,7,15,1,10,2,16,,84,84,1,12,4,120.66944,24.171576,2
4077,66000,387130000C,(04)23274275,(04)23288582,2025,11,11,10,9,臺中市,太平區,0,1,0,7,2,6,50,3,2,1,5,4,6,6,1,1,5,5,5,1,17,2,8,1,1,C03,7,14,1,10,2,13,,39,39,1,12,4,120.722441,24.119107,2
4078,66000,387130000C,(04)23274275,(04)23288582,2025,11,11,10,10,臺中市,南屯區,0,0,0,7,,,50,,,,,,,,,,,,,,17,,,,,B03,,,1,,1,,,45,45,1,12,4,120.647115,24.137438,3
4079,66000,387130000C,(04)23274275,(04)23288582,2025,11,11,10,10,臺中市,神岡區,0,0,0,7,,,50,,,,,,,,,,,,,,14,,,,,B03,,,1,,2,,,49,49,1,12,4,120.656265,24.258691,3
4080,66000,387130000C,(04)23274275,(04)23288582,2025,11,11,10,21,臺中市,南屯區,0,0,0,7,,,50,,,,,,,,,,,,,,,,,,,B11,,,1,,9,,,59,59,2,13,4,120.626703,24.115542,3
4081,66000,387130000C,(04)23274275,(04)23288582,2025,11,11,10,24,臺中市,東勢區,0,1,0,7,2,6,60,13,7,1,5,4,6,6,4,4,1,4,4,1,18,2,9,1,4,C03,7,9,1,10,2,15,,84,84,1,12,4,120.833535,24.241961,2
4082,66000,387130000C,(04)23274275,(04)23288582,2025,11,11,10,25,臺中市,石岡區,0,1,0,5,2,6,70,5,2,1,4,4,6,6,1,1,1,4,4,1,12,2,3,5,4,B03,7,9,1,8,2,5,,8,8,1,13,4,120.81756,24.260321,2
4083,66000,387130000C,(04)23274275,(04)23288582,2025,11,11,10,30,臺中市,西屯區,0,0,0,7,,,40,,,,,,,,,,,,,,12,,,,,B12,,,1,,1,,,8,8,1,12,4,120.647147,24.195848,4
4084,66000,387130000C,(04)23274275,(04)23288582,2025,11,11,10,31,臺中市,北屯區,0,1,0,6,2,6,50,4,2,1,5,4,6,6,1,1,4,5,5,2,12,2,9,1,1,C03,7,9,1,10,2,12,,21,21,1,12,4,120.676306,24.174348,2
4085,66000,387130000C,(04)23274275,(04)23288582,2025,11,11,10,31,臺中市,烏日區,0,0,0,7,,,50,,,,,,,,,,,,,,17,,,,,B12,,,1,,2,,,59,59,1,6,4,120.643649,24.082342,3
4086,66000,387130000C,(04)23274275,(04)23288582,2025,11,11,10,35,臺中市,東區,0,1,0,7,2,6,50,4,4,1,5,4,6,6,2,1,5,2,5,2,13,3,10,2,1,C03,7,15,1,10,2,14,,84,84,1,12,4,120.698999,24.132964,2
4087,66000,387130000C,(04)23274275,(04)23288582,2025,11,11,10,35,臺中市,豐原區,0,1,0,6,2,6,50,4,1,1,5,4,6,6,2,1,5,4,4,2,17,3,10,5,4,B03,7,6,1,8,2,8,,84,84,1,12,4,120.708766,24.245537,2
4088,66000,387130000C,(04)23274275,(04)23288582,2025,11,11,10,42,臺中市,北屯區,0,0,0,7,,,50,,,,,,,,,,,,,,14,,,,,B03,,,1,,1,,,49,49,1,12,4,120.695544,24.170097,3
4089,66000,387130000C,(04)23274275,(04)23288582,2025,11,11,10,42,臺中市,北屯區,0,0,0,7,,,50,,,,,,,,,,,,,,17,,,,,B03,,,1,,1,,,84,84,1,6,4,120.683436,24.172401,3
4090,66000,387130000C,(04)23274275,(04)23288582,2025,11,11,10,43,臺中市,太平區,0,0,0,7,,,50,,,,,,,,,,,,,,17,,,,,B03,,,1,,1,,,50,50,1,12,4,120.725085,24.144016,3
4091,66000,387130000C,(04)23274275,(04)23288582,2025,11,11,10,45,臺中市,南屯區,0,1,0,7,3,6,50,13,7,1,5,4,6,6,4,4,5,5,4,2,17,3,10,3,1,B03,7,1,1,8,2,16,,51,51,1,13,4,120.615048,24.146302,2
4092,66000,387130000C,(04)23274275,(04)23288582,2025,11,11,10,45,臺中市,沙鹿區,0,1,0,7,3,6,30,13,9,1,5,4,6,6,4,4,10,5,5,2,10,2,8,2,1,C03,7,9,1,10,2,11,,41,41,1,13,4,120.573419,24.239532,2
4093,66000,387130000C,(04)23274275,(04)23288582,2025,11,11,10,46,臺中市,大里區,0,1,0,7,2,6,30,13,9,1,5,4,6,6,4,4,10,5,5,1,2,3,10,1,1,C03,7,9,1,10,2,14,,85,85,1,12,4,120.688215,24.113765,2
4094,66000,387130000C,(04)23274275,(04)23288582,2025,11,11,10,47,臺中市,霧峰區,0,0,0,7,,,50,,,,,,,,,,,,,,12,,,,,B03,,,1,,2,,,51,51,1,13,4,120.696153,24.053781,3
4095,66000,387130000C,(04)23274275,(04)23288582,2025,11,11,10,50,臺中市,南區,0,0,0,7,,,50,,,,,,,,,,,,,,13,,,,,B03,,,1,,2,,,7,7,1,12,4,120.660395,24.123758,3
4096,66000,387130000C,(04)23274275,(04)23288582,2025,11,11,10,50,臺中市,大肚區,0,0,0,7,,,30,,,,,,,,,,,,,,,,,,,B12,,,1,,2,,,8,8,1,6,4,120.557572,24.128845,3
4097,66000,387130000C,(04)23274275,(04)23288582,2025,11,11,10,52,臺中市,西區,0,0,0,7,3,7,,3,9,1,5,4,6,6,4,4,8,5,5,2,17,,,,,,,,,,,,,119,119,1,,,120.66511,24.132911,3
4098,66000,387130000C,(04)23274275,(04)23288582,2025,11,11,10,59,臺中市,潭子區,0,1,0,7,2,6,60,13,8,1,5,4,6,6,4,4,1,4,4,1,12,3,10,3,1,B02,7,9,1,8,2,5,,84,84,1,13,4,120.688289,24.216888,2
4099,66000,387130000C,(04)23274275,(04)23288582,2025,11,11,11,0,臺中市,大甲區,0,0,0,7,,,50,,,,,,,,,,,,,,17,,,,,B03,,,1,,1,,,84,84,1,12,4,120.632133,24.355477,3
4100,66000,387130000C,(04)23274275,(04)23288582,2025,11,11,11,3,臺中市,北屯區,0,2,0,7,2,6,50,13,9,1,5,4,6,6,4,4,9,5,5,2,13,2,9,5,4,C03,7,6,1,10,2,11,,7,7,1,12,4,120.703617,24.176624,2
4101,66000,387130000C,(04)23274275,(04)23288582,2025,11,11,11,17,臺中市,南屯區,0,1,0,7,2,6,40,13,8,1,5,4,6,6,4,4,5,5,4,2,17,3,10,4,1,F01,7,1,7,21,2,11,,51,51,1,12,4,120.638811,24.133577,2
4102,66000,387130000C,(04)23274275,(04)23288582,2025,11,11,11,18,臺中市,太平區,0,1,0,7,2,6,30,4,1,1,5,4,6,6,2,1,10,5,5,2,16,2,9,2,1,C03,7,6,3,19,2,11,,7,7,1,13,4,120.730122,24.109694,2
4103,66000,387130000C,(04)23274275,(04)23288582,2025,11,11,11,19,臺中市,太平區,0,0,0,7,,,50,,,,,,,,,,,,,,13,,,,,C03,,,1,,2,,,7,7,1,12,4,120.733512,24.15512,3
4104,66000,387130000C,(04)23274275,(04)23288582,2025,11,11,11,20,臺中市,東區,0,0,0,7,,,50,,,,,,,,,,,,,,17,,,,,C03,,,1,,2,,,8,8,1,12,4,120.693248,24.13329,3
4105,66000,387130000C,(04)23274275,(04)23288582,2025,11,11,11,21,臺中市,西區,0,1,0,7,2,6,50,13,9,1,5,4,6,6,4,4,5,4,5,2,12,3,10,5,4,B03,7,7,5,19,2,5,,7,7,1,13,4,120.671994,24.135147,2
4106,66000,387130000C,(04)23274275,(04)23288582,2025,11,11,11,24,臺中市,西區,0,1,0,7,2,6,50,4,1,1,5,4,6,6,1,1,10,5,5,2,17,2,9,1,1,C03,7,9,1,10,2,14,,7,7,1,6,4,120.654252,24.146771,2
4107,66000,387130000C,(04)23274275,(04)23288582,2025,11,11,11,24,臺中市,太平區,0,0,0,7,,3,40,,,,,,,,,,,,,,13,,,,,B03,,,1,,2,,,84,84,1,12,4,120.714097,24.14843,3
4108,66000,387130000C,(04)23274275,(04)23288582,2025,11,11,11,27,臺中市,西區,0,0,0,7,,,40,,,,,,,,,,,,,,,,,,,B02,,,1,,1,,,84,84,1,12,4,120.661781,24.155306,3
4109,66000,387130000C,(04)23274275,(04)23288582,2025,11,11,11,30,臺中市,北屯區,0,1,0,7,2,6,40,4,1,1,5,4,6,6,2,1,10,5,5,2,16,3,10,1,1,C03,7,6,1,10,2,12,,11,11,1,12,4,120.670764,24.178767,2
4110,66000,387130000C,(04)23274275,(04)23288582,2025,11,11,11,30,臺中市,西屯區,0,0,0,6,,,50,,,,,,,,,,,,,,13,,,,,B03,,,1,,1,,,59,59,1,12,4,120.621549,24.180068,3
4111,66000,387130000C,(04)23274275,(04)23288582,2025,11,11,11,30,臺中市,烏日區,0,0,0,7,,,40,,,,,,,,,,,,,,13,,,,,B12,,,1,,2,,,84,84,1,6,4,120.649129,24.093503,3
4112,66000,387130000C,(04)23274275,(04)23288582,2025,11,11,11,33,臺中市,北屯區,0,0,0,7,,,50,,,,,,,,,,,,,,12,,,,,B03,,,1,8,1,,,8,8,1,12,4,120.693504,24.171463,3
4113,66000,387130000C,(04)23274275,(04)23288582,2025,11,11,11,33,臺中市,梧棲區,0,1,0,7,3,6,60,4,1,1,5,4,6,6,1,1,10,5,5,2,15,3,10,3,1,B03,7,9,1,8,2,2,,84,84,1,6,4,120.532978,24.242825,2
4114,66000,387130000C,(04)23274275,(04)23288582,2025,11,11,11,40,臺中市,西屯區,0,0,0,7,,,0,,,,,,,,,,,,,,14,,,,,B12,,,1,,2,,,49,49,1,13,4,120.603872,24.186067,3
4115,66000,387130000C,(04)23274275,(04)23288582,2025,11,11,11,41,臺中市,西屯區,0,0,0,7,,,50,,,,,,,,,,,,,,,,,,,B03,,,5,,1,,,7,7,1,12,4,120.638286,24.167754,3
4116,66000,387130000C,(04)23274275,(04)23288582,2025,11,11,11,45,臺中市,北區,0,1,0,7,3,6,50,4,2,1,5,4,6,6,1,1,5,2,5,2,16,3,10,5,4,B03,7,6,1,8,2,8,,11,11,1,13,4,120.666458,24.154546,2
4117,66000,387130000C,(04)23274275,(04)23288582,2025,11,11,11,46,臺中市,太平區,0,2,0,7,2,6,50,4,1,1,5,4,6,6,3,1,10,5,5,2,16,2,9,1,1,C03,7,6,3,19,2,11,,11,11,1,13,4,120.727626,24.150011,2
4118,66000,387130000C,(04)23274275,(04)23288582,2025,11,11,11,52,臺中市,南區,0,3,0,7,2,6,50,4,1,1,5,4,6,6,1,1,10,5,5,2,16,2,9,1,1,C03,7,6,1,10,2,11,,11,11,1,5,4,120.653832,24.122322,2
4119,66000,387130000C,(04)23274275,(04)23288582,2025,11,11,11,55,臺中市,清水區,0,0,0,7,,,50,,,,,,,,,,,,,,,,,,,A11,,,1,,1,,,8,8,1,12,4,120.575383,24.271829,3
4120,66000,387130000C,(04)23274275,(04)23288582,2025,11,11,11,57,臺中市,南屯區,0,0,0,7,,,50,,,,,,,,,,,,,,,,,,,B12,,,1,,2,,,51,51,1,6,4,120.626123,24.147817,3
4121,66000,387130000C,(04)23274275,(04)23288582,2025,11,11,11,57,臺中市,清水區,0,0,0,6,,,40,,,,,,,,,,,,,,,,,,,B03,,,1,,1,,,49,49,1,12,4,120.571167,24.275893,3
4122,66000,387130000C,(04)23274275,(04)23288582,2025,11,11,11,57,臺中市,梧棲區,0,0,0,7,,,30,,,,,,,,,,,,,,15,,,,,B03,,,1,,1,,,20,20,1,6,4,120.531947,24.26085,3
4123,66000,387130000C,(04)23274275,(04)23288582,2025,11,11,11,59,臺中市,西屯區,0,0,0,7,,,50,,,,,,,,,,,,,,13,,,,,B01,,,1,,1,,,7,7,1,12,4,120.663877,24.172426,3
4124,66000,387130000C,(04)23274275,(04)23288582,2025,11,11,12,3,臺中市,霧峰區,0,0,0,7,,,50,,,,,,,,,,,,,,17,,,,,B03,,,1,,9,,,78,78,1,6,4,120.695843,24.057491,3
4125,66000,387130000C,(04)23274275,(04)23288582,2025,11,11,12,6,臺中市,南屯區,0,0,0,7,,,30,,,,,,,,,,,,,,12,,,,,B03,,,1,,1,,,51,51,1,12,4,120.622283,24.13745,3
4126,66000,387130000C,(04)23274275,(04)23288582,2025,11,11,12,9,臺中市,后里區,0,1,0,7,1,9,50,13,9,1,5,4,6,6,4,4,5,4,4,2,30,2,9,6,1,F02,7,9,7,21,2,11,,59,59,1,12,4,120.735786,24.289754,2
4127,66000,387130000C,(04)23274275,(04)23288582,2025,11,11,12,9,臺中市,后里區,0,0,0,6,,,50,3,1,1,5,4,6,6,4,4,4,5,5,1,15,3,10,3,1,A12,7,5,1,7,2,8,,12,12,1,13,4,120.699891,24.286982,3
4128,66000,387130000C,(04)23274275,(04)23288582,2025,11,11,12,11,臺中市,北區,0,1,0,7,2,6,50,4,1,1,5,4,6,6,4,4,10,5,5,2,15,2,9,1,1,C03,7,9,3,19,9,14,,12,12,1,12,4,120.670492,24.153874,2
4129,66000,387130000C,(04)23274275,(04)23288582,2025,11,11,12,12,臺中市,北屯區,0,0,0,7,,3,40,,,,,,,,,,,,,,13,,,,,B13,,,1,,2,,,7,7,1,12,4,120.7197,24.163906,3
4130,66000,387130000C,(04)23274275,(04)23288582,2025,11,11,12,13,臺中市,西屯區,0,0,0,6,,,50,,,,,,,,,,,,,,17,,,,,B12,,,1,,1,,,93,93,1,12,4,120.643288,24.191257,3
4131,66000,387130000C,(04)23274275,(04)23288582,2025,11,11,12,13,臺中市,大里區,0,1,0,7,2,6,50,13,7,1,5,4,6,6,4,4,1,4,4,1,18,2,9,2,1,C03,7,9,1,10,2,15,,84,84,1,13,4,120.697262,24.083881,2
4132,66000,387130000C,(04)23274275,(04)23288582,2025,11,11,12,16,臺中市,太平區,0,0,0,7,,,50,,,,,,,,,,,,,,13,,,,,A12,,,1,,1,,,84,84,1,12,4,120.72521,24.116786,3
4133,66000,387130000C,(04)23274275,(04)23288582,2025,11,11,12,24,臺中市,大里區,0,0,0,7,,,50,,,,,,,,,,,,,,17,,,,,A12,,,1,,2,,,7,7,1,12,4,120.679605,24.11621,3
4134,66000,387130000C,(04)23274275,(04)23288582,2025,11,11,12,28,臺中市,南區,0,1,0,7,1,6,50,4,1,1,5,4,6,6,1,1,10,5,5,2,17,3,10,5,4,B03,7,9,1,10,2,1,,56,56,1,12,4,120.653659,24.113755,2
4135,66000,387130000C,(04)23274275,(04)23288582,2025,11,11,12,30,臺中市,霧峰區,0,1,0,7,2,6,50,4,1,1,5,4,6,6,1,1,10,5,5,2,17,3,10,3,1,B03,7,6,1,8,2,5,,48,48,1,12,4,120.698315,24.061936,2
4136,66000,387130000C,(04)23274275,(04)23288582,2025,11,11,12,31,臺中市,大甲區,0,0,0,7,,,70,,,,,,,,,,,,,,14,,,,,B03,,,1,,2,,,49,49,1,6,4,120.644865,24.39908,3
4137,66000,387130000C,(04)23274275,(04)23288582,2025,11,11,12,36,臺中市,太平區,0,1,0,7,3,6,50,3,1,1,5,4,6,6,1,1,1,4,5,2,13,2,8,2,1,C03,7,9,1,10,2,11,,7,7,1,12,4,120.711027,24.142306,2
4138,66000,387130000C,(04)23274275,(04)23288582,2025,11,11,12,39,臺中市,東區,0,2,0,7,2,6,50,13,9,1,5,4,6,6,4,4,10,4,5,2,17,3,10,5,1,B03,7,13,1,8,2,4,,85,85,1,12,4,120.690943,24.139414,2
4139,66000,387130000C,(04)23274275,(04)23288582,2025,11,11,12,46,臺中市,東區,0,0,0,7,,,50,,,,,,,,,,,,,,9,,,,,B03,,,1,,2,,,84,84,1,12,4,120.697405,24.138818,3
4140,66000,387130000C,(04)23274275,(04)23288582,2025,11,11,12,46,臺中市,西屯區,0,3,0,7,2,6,50,13,9,1,5,4,6,6,4,4,9,5,5,2,16,2,9,1,1,F03,7,1,7,21,6,11,,51,51,1,12,4,120.604297,24.163192,2
4141,66000,387130000C,(04)23274275,(04)23288582,2025,11,11,12,48,臺中市,大里區,0,0,0,7,,,40,,,,,,,,,,,,,,,,,,,B03,,,1,,2,,,51,51,1,12,4,120.69077,24.1023,3
4142,66000,387130000C,(04)23274275,(04)23288582,2025,11,11,12,50,臺中市,神岡區,0,0,0,7,,,50,,,,,,,,,,,,,,12,,,,,A31,,,1,,1,,,75,75,1,12,4,120.69267,24.24854,3
4143,66000,387130000C,(04)23274275,(04)23288582,2025,11,11,12,51,臺中市,西屯區,0,0,0,7,,,60,,,,,,,,,,,,,,13,,,,,B03,,,1,,1,,,7,7,1,12,4,120.647381,24.163939,3
4144,66000,387130000C,(04)23274275,(04)23288582,2025,11,11,12,56,臺中市,神岡區,0,0,0,7,,,30,,,,,,,,,,,,,,14,,,,,A11,,,1,,1,,,49,49,1,12,4,120.700965,24.254646,3
4145,66000,387130000C,(04)23274275,(04)23288582,2025,11,11,12,57,臺中市,清水區,0,0,0,7,,,30,,,,,,,,,,,,,,,,,,,C03,,,1,,2,,,15,15,1,12,4,120.573199,24.269814,3
4146,66000,387130000C,(04)23274275,(04)23288582,2025,11,11,13,7,臺中市,西區,0,2,0,7,2,6,50,3,1,1,5,4,6,6,4,4,10,5,5,2,17,2,9,3,1,B03,7,11,1,8,2,1,,45,45,1,12,4,120.664121,24.14444,2
4147,66000,387130000C,(04)23274275,(04)23288582,2025,11,11,13,9,臺中市,北區,0,1,0,7,2,6,50,3,1,1,5,4,6,6,1,1,1,4,4,2,18,2,9,1,1,C03,7,14,1,10,2,14,,84,84,1,13,4,120.694418,24.159898,2
4148,66000,387130000C,(04)23274275,(04)23288582,2025,11,11,13,10,臺中市,北屯區,0,0,0,7,,,50,,,,,,,,,,,,,,13,,,,,B03,,,1,,1,,,84,84,1,12,4,120.681987,24.181964,3
4149,66000,387130000C,(04)23274275,(04)23288582,2025,11,11,13,11,臺中市,潭子區,0,1,0,7,2,6,50,13,9,1,5,4,6,6,4,4,1,4,5,1,12,2,9,3,1,B03,7,9,1,8,2,5,,84,84,1,13,4,120.698368,24.200909,2
4150,66000,387130000C,(04)23274275,(04)23288582,2025,11,11,13,18,臺中市,西區,0,0,0,7,,,50,,,,,,,,,,,,,,,,,,,B03,,,1,,1,,,49,49,1,13,4,120.665279,24.144329,3
4151,66000,387130000C,(04)23274275,(04)23288582,2025,11,11,13,19,臺中市,清水區,0,2,0,7,3,6,50,4,1,1,5,4,6,6,1,1,3,4,4,2,15,4,11,3,1,B03,7,9,1,8,2,5,,21,21,1,12,4,120.574604,24.267512,2
4152,66000,387130000C,(04)23274275,(04)23288582,2025,11,11,13,28,臺中市,西區,0,0,0,7,,,40,,,,,,,,,,,,,,13,,,,,C03,,,1,,1,,,7,7,1,12,4,120.67062,24.151385,3
4153,66000,387130000C,(04)23274275,(04)23288582,2025,11,11,13,30,臺中市,北屯區,0,0,0,7,,,50,,,,,,,,,,,,,,26,,,,,B03,,,1,,1,,,87,87,1,12,4,120.703921,24.175463,3
4154,66000,387130000C,(04)23274275,(04)23288582,2025,11,11,13,31,臺中市,西區,0,1,0,7,2,6,50,3,1,1,5,4,3,3,4,4,10,5,5,2,3,3,10,3,1,B03,7,9,1,8,2,2,,84,84,1,12,4,120.656758,24.146127,2
4155,66000,387130000C,(04)23274275,(04)23288582,2025,11,11,13,35,臺中市,北屯區,0,0,0,7,,,50,,,,,,,,,,,,,,13,,,,,B03,,,1,,2,,,7,7,1,6,4,120.671094,24.175055,3
4156,66000,387130000C,(04)23274275,(04)23288582,2025,11,11,13,37,臺中市,豐原區,0,1,0,7,2,6,50,4,1,1,5,4,6,6,4,4,5,5,5,2,3,3,10,1,1,C03,7,9,1,10,2,11,,10,10,1,13,2,120.715319,24.260028,2
4157,66000,387130000C,(04)23274275,(04)23288582,2025,11,11,13,40,臺中市,西屯區,0,0,0,7,,3,80,,,,,,,,,,,,,,12,,,,,A11,,,1,,1,,,40,40,1,12,4,120.640832,24.191002,3
4158,66000,387130000C,(04)23274275,(04)23288582,2025,11,11,13,40,臺中市,大甲區,0,0,0,7,,,50,,,,,,,,,,,,,,14,,,,,B03,,,1,,2,,,49,49,1,12,4,120.617602,24.350732,3
4159,66000,387130000C,(04)23274275,(04)23288582,2025,11,11,13,45,臺中市,南屯區,0,1,0,7,3,6,50,4,1,1,5,4,6,6,1,1,10,5,5,2,17,3,10,3,1,B12,7,11,1,8,9,2,,45,45,1,13,4,120.643965,24.134737,2
4160,66000,387130000C,(04)23274275,(04)23288582,2025,11,11,13,46,臺中市,潭子區,0,1,0,7,3,6,50,5,1,1,5,4,6,6,3,1,5,4,5,1,13,3,10,3,1,B12,7,9,1,8,2,5,,7,7,1,12,4,120.705893,24.215506,2
4161,66000,387130000C,(04)23274275,(04)23288582,2025,11,11,13,46,臺中市,北區,0,1,0,7,2,6,50,4,1,1,5,4,6,6,1,1,10,5,5,2,12,3,10,3,1,B03,7,11,1,8,2,4,,45,45,1,13,4,120.682901,24.168453,2
4162,66000,387130000C,(04)23274275,(04)23288582,2025,11,11,13,47,臺中市,南屯區,0,0,0,7,,,50,,,,,,,,,,,,,,13,,,,,B03,,,1,,1,,,7,7,1,12,4,120.628609,24.140148,3
4163,66000,387130000C,(04)23274275,(04)23288582,2025,11,11,13,47,臺中市,太平區,0,1,0,7,2,3,40,13,17,1,5,4,6,6,4,4,10,5,5,1,13,3,10,3,2,B02,7,9,1,8,2,1,,61,61,1,12,4,120.714097,24.14843,2
4164,66000,387130000C,(04)23274275,(04)23288582,2025,11,11,13,52,臺中市,西屯區,0,2,0,7,3,6,50,13,9,1,5,4,6,6,4,4,5,4,5,2,13,2,9,5,4,C03,7,9,1,10,2,11,,59,59,1,13,4,120.655428,24.163964,2
4165,66000,387130000C,(04)23274275,(04)23288582,2025,11,11,13,54,臺中市,南區,0,1,0,7,2,6,50,4,2,1,5,4,6,6,1,1,9,4,4,2,17,2,9,2,1,C03,7,9,1,10,2,11,,8,8,1,12,4,120.659423,24.11711,2