序號,縣市別代碼,機關代碼,市話,傳真,年,月,日,時,分,縣市,區,死亡數量,受傷數量,2-30,天候,道路照明設備,道路類別,道路速限,道路型態,事故位置,路面鋪裝,路面狀態,路面缺陷,障礙物,視距,號誌種類,號誌動作,分向設施,快車道或一般車道間,快慢車道間,路面邊線,事故類型及型態,受傷程度,主要傷處,保護裝備,行動電話或功能裝置,當事者區分(類別),車輛用途,當事者行動狀態,駕照狀態,駕照種類,飲酒情形,車輛撞擊部位最初,車輛撞擊部位其他,肇事因素個別,肇事因素主要,肇事逃逸,職業,共享經濟或外送平台,GPS座標X,GPS座標Y,事故類別
4166,66000,387130000C,(04)23274275,(04)23288582,2025,11,11,13,57,臺中市,大安區,0,1,0,7,2,6,30,4,1,1,5,4,6,6,4,4,10,5,5,2,15,2,9,2,1,C03,7,9,1,10,2,11,,15,15,1,6,4,120.587926,24.347062,2
4167,66000,387130000C,(04)23274275,(04)23288582,2025,11,11,14,2,臺中市,西屯區,0,1,0,7,2,6,0,13,21,1,5,4,6,6,4,4,10,5,5,2,16,3,10,1,1,C03,7,6,1,10,2,11,,42,42,1,13,4,120.599124,24.181811,2
4168,66000,387130000C,(04)23274275,(04)23288582,2025,11,11,14,7,臺中市,沙鹿區,0,0,0,7,,,30,,,,,,,,,,,,,,,,,,,A11,,,1,,2,,,59,59,1,6,4,120.567708,24.2482,3
4169,66000,387130000C,(04)23274275,(04)23288582,2025,11,11,14,10,臺中市,北屯區,0,0,0,7,,,50,,,,,,,,,,,,,,17,,,,,B03,,,1,,2,,,84,84,1,12,4,120.685782,24.177459,3
4170,66000,387130000C,(04)23274275,(04)23288582,2025,11,11,14,11,臺中市,北屯區,0,0,0,7,,,30,,,,,,,,,,,,,,9,,,,,B03,,,1,8,2,,,8,8,1,12,4,120.670284,24.184349,3
4171,66000,387130000C,(04)23274275,(04)23288582,2025,11,11,14,12,臺中市,豐原區,0,0,0,7,,,50,,,,,,,,,,,,,,13,,,,,B12,,,1,,2,,,7,7,1,13,4,120.718948,24.243416,3
4172,66000,387130000C,(04)23274275,(04)23288582,2025,11,11,14,20,臺中市,東區,0,1,0,7,1,6,50,13,8,1,5,4,6,6,4,4,10,5,5,2,17,3,10,5,4,B03,7,1,1,8,2,8,,51,51,1,12,4,120.706788,24.142977,2
4173,66000,387130000C,(04)23274275,(04)23288582,2025,11,11,14,23,臺中市,西屯區,0,0,0,7,,,50,,,,,,,,,,,,,,13,,,,,B03,,,1,,1,,,59,59,1,12,4,120.650567,24.19419,3
4174,66000,387130000C,(04)23274275,(04)23288582,2025,11,11,14,24,臺中市,北區,0,0,0,7,3,6,50,18,24,1,5,4,6,6,2,1,10,5,5,2,17,,,,,B03,,,1,,1,,,49,49,1,13,4,120.682539,24.165378,3
4175,66000,387130000C,(04)23274275,(04)23288582,2025,11,11,14,24,臺中市,西屯區,0,0,0,7,,,60,,,,,,,,,,,,,,11,,,,,B03,,,1,,1,,,84,84,1,12,4,120.644389,24.194582,3
4176,66000,387130000C,(04)23274275,(04)23288582,2025,11,11,14,35,臺中市,南區,0,0,0,7,,,50,,,,,,,,,,,,,,17,,,,,C03,,,1,,2,,,84,84,1,12,4,120.682689,24.134889,3
4177,66000,387130000C,(04)23274275,(04)23288582,2025,11,11,14,39,臺中市,西屯區,0,0,0,7,,,30,,,,,,,,,,,,,,17,,,,,B03,,,1,,2,,,59,59,1,13,4,120.635148,24.172653,3
4178,66000,387130000C,(04)23274275,(04)23288582,2025,11,11,14,47,臺中市,東區,0,0,0,7,,,50,,,,,,,,,,,,,,12,,,,,B03,,,1,,2,,,40,40,1,12,4,120.696864,24.144694,3
4179,66000,387130000C,(04)23274275,(04)23288582,2025,11,11,14,50,臺中市,西屯區,0,1,0,7,2,6,50,13,9,1,5,4,6,6,4,4,5,5,5,2,17,3,10,1,4,C03,7,11,1,10,2,14,,46,46,1,12,2,120.657243,24.167605,2
4180,66000,387130000C,(04)23274275,(04)23288582,2025,11,11,14,52,臺中市,烏日區,0,1,0,1,2,6,50,13,9,1,5,4,6,6,4,4,9,5,5,2,17,2,9,5,4,C03,7,15,3,19,2,15,,84,84,1,12,4,120.598279,24.110092,2
4181,66000,387130000C,(04)23274275,(04)23288582,2025,11,11,14,56,臺中市,北屯區,0,1,0,7,3,6,50,3,1,1,5,4,6,6,4,4,1,4,5,2,16,3,10,3,1,B03,7,5,1,8,2,2,,14,14,1,12,4,120.694058,24.164538,2
4182,66000,387130000C,(04)23274275,(04)23288582,2025,11,11,14,56,臺中市,大里區,0,1,0,7,3,6,50,4,1,1,5,4,6,6,1,1,10,5,5,2,16,2,7,4,1,F01,7,6,7,21,2,14,,48,48,1,12,4,120.676248,24.113567,2
4183,66000,387130000C,(04)23274275,(04)23288582,2025,11,11,14,57,臺中市,西屯區,0,0,0,7,,,50,,,,,,,,,,,,,,11,,,,,B03,,,1,,1,,,21,21,1,12,4,120.626961,24.159603,3
4184,66000,387130000C,(04)23274275,(04)23288582,2025,11,11,14,58,臺中市,太平區,0,0,0,7,,3,80,,,,,,,,,,,,,,12,,,,,B12,,,1,,2,,,40,40,1,13,4,120.714097,24.14843,3
4185,66000,387130000C,(04)23274275,(04)23288582,2025,11,11,15,0,臺中市,南區,0,1,0,7,2,6,50,13,9,1,5,4,6,6,4,4,1,4,5,2,17,3,10,3,1,B03,7,5,1,8,2,5,,20,20,1,12,4,120.669574,24.127599,2
4186,66000,387130000C,(04)23274275,(04)23288582,2025,11,11,15,0,臺中市,沙鹿區,0,2,0,6,2,6,50,4,1,1,5,4,6,6,2,1,1,4,5,2,23,2,4,3,1,B03,7,6,1,8,2,8,,84,84,1,12,4,120.559859,24.237899,2
4187,66000,387130000C,(04)23274275,(04)23288582,2025,11,11,15,5,臺中市,西屯區,0,1,0,7,2,6,50,13,9,1,5,4,6,6,3,1,1,5,5,2,16,3,10,3,1,B03,7,11,1,8,2,5,,45,45,1,12,4,120.603513,24.185584,2
4188,66000,387130000C,(04)23274275,(04)23288582,2025,11,11,15,9,臺中市,潭子區,0,0,0,7,,,50,,,,,,,,,,,,,,,,,,,C03,,,1,,2,,,84,84,1,12,4,120.706409,24.201051,3
4189,66000,387130000C,(04)23274275,(04)23288582,2025,11,11,15,11,臺中市,南屯區,0,0,0,7,3,6,50,13,9,1,5,4,6,6,4,4,5,4,5,2,17,,,,,B03,,,1,,1,,,84,84,1,12,4,120.653165,24.141365,3
4190,66000,387130000C,(04)23274275,(04)23288582,2025,11,11,15,14,臺中市,梧棲區,0,0,0,7,,,40,,,,,,,,,,,,,,13,,,,,B03,,,1,,1,,,7,7,1,6,4,120.526538,24.222355,3
4191,66000,387130000C,(04)23274275,(04)23288582,2025,11,11,15,20,臺中市,東勢區,0,1,0,7,3,6,50,13,9,1,5,4,3,6,4,4,9,5,5,1,12,2,8,5,4,C03,7,9,1,10,2,11,,84,84,1,12,4,120.830186,24.257274,2
4192,66000,387130000C,(04)23274275,(04)23288582,2025,11,11,15,26,臺中市,大里區,0,1,0,7,2,6,50,4,1,1,5,4,6,6,1,1,10,5,5,2,16,3,10,3,1,B03,7,9,1,8,2,8,,84,84,1,12,4,120.682663,24.100534,2
4193,66000,387130000C,(04)23274275,(04)23288582,2025,11,11,15,27,臺中市,潭子區,0,0,0,7,,,50,,,,,,,,,,,,,,,,,,,C03,,,1,,2,,,39,39,1,13,4,120.703283,24.200711,3
4194,66000,387130000C,(04)23274275,(04)23288582,2025,11,11,15,28,臺中市,太平區,0,0,0,7,,,50,,,,,,,,,,,,,,13,,,,,B03,,,1,,2,,,7,7,1,12,4,120.724721,24.14935,3
4195,66000,387130000C,(04)23274275,(04)23288582,2025,11,11,15,30,臺中市,太平區,0,0,0,7,,,50,,,,,,,,,,,,,,16,,,,,B03,,,1,,2,,,14,14,1,13,4,120.714467,24.143421,3
4196,66000,387130000C,(04)23274275,(04)23288582,2025,11,11,15,38,臺中市,北屯區,0,0,0,7,,,50,,,,,,,,,,,,,,12,,,,,,,,,,,,,119,119,1,,,120.669081,24.177396,3
4197,66000,387130000C,(04)23274275,(04)23288582,2025,11,11,15,40,臺中市,北區,0,0,0,7,,,50,,,,,,,,,,,,,,13,,,,,C03,,,1,,1,,,7,7,1,13,4,120.681594,24.156476,3
4198,66000,387130000C,(04)23274275,(04)23288582,2025,11,11,15,49,臺中市,梧棲區,0,1,0,7,3,6,40,4,1,1,5,4,6,6,3,1,10,5,5,2,17,3,10,3,1,B03,7,5,1,7,2,5,,2,2,1,6,4,120.52649,24.222484,2
4199,66000,387130000C,(04)23274275,(04)23288582,2025,11,11,16,1,臺中市,大里區,0,0,0,7,3,6,40,13,14,1,5,4,6,6,4,4,1,4,4,1,14,,,,,A05,,,1,,2,,,84,84,1,12,4,120.689564,24.10098,3
4200,66000,387130000C,(04)23274275,(04)23288582,2025,11,11,16,2,臺中市,太平區,0,0,0,7,,,50,,,,,,,,,,,,,,13,,,,,B03,,,1,,2,,,7,7,1,12,4,120.726133,24.149579,3
4201,66000,387130000C,(04)23274275,(04)23288582,2025,11,11,16,6,臺中市,西屯區,0,1,0,7,2,6,50,4,9,1,5,4,6,6,4,4,5,4,5,2,16,3,10,3,1,B03,7,11,1,8,9,5,,48,48,1,13,4,120.644983,24.181031,2
4202,66000,387130000C,(04)23274275,(04)23288582,2025,11,11,16,6,臺中市,大里區,0,0,0,7,,,50,,,,,,,,,,,,,,13,,,,,C03,,,1,,2,,,7,7,1,12,4,120.699713,24.115338,3
4203,66000,387130000C,(04)23274275,(04)23288582,2025,11,11,16,9,臺中市,大里區,0,1,0,7,3,6,50,4,1,1,5,4,6,6,1,1,10,5,5,2,16,3,10,3,1,B03,7,5,1,8,2,5,,11,11,1,12,4,120.674698,24.102607,2
4204,66000,387130000C,(04)23274275,(04)23288582,2025,11,11,16,15,臺中市,大里區,0,0,0,7,,,50,,,,,,,,,,,,,,,,,,,B03,,,1,,1,,,49,49,1,6,4,120.695423,24.07997,3
4205,66000,387130000C,(04)23274275,(04)23288582,2025,11,11,16,16,臺中市,西屯區,0,1,0,7,2,6,40,13,8,1,5,4,6,6,4,4,1,5,1,2,18,2,9,1,1,C03,7,9,1,10,2,12,,43,43,1,12,4,120.607317,24.18366,2
4206,66000,387130000C,(04)23274275,(04)23288582,2025,11,11,16,17,臺中市,北屯區,0,0,0,7,,,50,,,,,,,,,,,,,,13,,,,,C03,,,1,,2,,,41,41,1,6,4,120.699705,24.165741,4
4207,66000,387130000C,(04)23274275,(04)23288582,2025,11,11,16,17,臺中市,西屯區,0,1,0,7,2,6,40,13,8,1,5,4,6,6,4,4,1,5,1,2,18,2,9,1,1,C03,7,9,1,10,2,14,,43,43,1,12,4,120.607597,24.183732,2
4208,66000,387130000C,(04)23274275,(04)23288582,2025,11,11,16,18,臺中市,北屯區,0,1,0,7,2,6,50,4,1,1,5,4,6,6,2,1,5,2,4,2,3,3,10,3,1,B03,7,1,1,8,2,1,,10,10,1,12,4,120.693828,24.166576,2
4209,66000,387130000C,(04)23274275,(04)23288582,2025,11,11,16,19,臺中市,霧峰區,0,0,0,7,,,50,,,,,,,,,,,,,,13,,,,,B03,,,1,,2,,,7,7,1,13,4,120.692203,24.044945,3
4210,66000,387130000C,(04)23274275,(04)23288582,2025,11,11,16,23,臺中市,沙鹿區,0,0,0,7,,,40,,,,,,,,,,,,,,,,,,,B03,,,1,,1,,,84,84,1,6,4,120.608221,24.24629,3
4211,66000,387130000C,(04)23274275,(04)23288582,2025,11,11,16,25,臺中市,梧棲區,0,0,0,7,,,70,,,,,,,,,,,,,,13,,,,,B03,,,1,,1,,,7,7,1,6,4,120.554189,24.248089,3
4212,66000,387130000C,(04)23274275,(04)23288582,2025,11,11,16,26,臺中市,西區,0,0,0,7,,,50,,,,,,,,,,,,,,,,,,,B03,,,1,,1,,,84,84,1,13,4,120.661855,24.150484,3
4213,66000,387130000C,(04)23274275,(04)23288582,2025,11,11,16,26,臺中市,大里區,0,0,0,7,,,60,,,,,,,,,,,,,,13,,,,,B03,,,1,,1,,,7,7,1,13,4,120.688291,24.082092,3
4214,66000,387130000C,(04)23274275,(04)23288582,2025,11,11,16,30,臺中市,大里區,0,0,0,7,,,40,,,,,,,,,,,,,,,,,,,A12,,,1,,2,,,84,84,1,6,4,120.730666,24.087797,3
4215,66000,387130000C,(04)23274275,(04)23288582,2025,11,11,16,30,臺中市,豐原區,0,1,0,7,1,6,50,3,1,1,5,4,6,6,4,4,5,4,4,2,17,2,9,1,1,C03,7,9,1,10,2,11,,59,59,1,6,4,120.731787,24.255263,2
4216,66000,387130000C,(04)23274275,(04)23288582,2025,11,11,16,31,臺中市,東區,0,1,0,7,1,6,50,5,1,1,5,4,6,6,1,1,9,4,5,2,12,2,9,1,1,C03,7,6,1,10,2,14,12,48,48,1,12,4,120.685536,24.129767,2
4217,66000,387130000C,(04)23274275,(04)23288582,2025,11,11,16,38,臺中市,北屯區,0,0,0,7,,,50,,,,,,,,,,,,,,13,,,,,B03,,,1,,1,,,7,7,1,6,4,120.670067,24.190614,3
4218,66000,387130000C,(04)23274275,(04)23288582,2025,11,11,16,42,臺中市,西屯區,0,0,0,7,,,50,,,,,,,,,,,,,,12,,,,,C02,,,1,,1,,,84,84,1,12,4,120.6373,24.178813,3
4219,66000,387130000C,(04)23274275,(04)23288582,2025,11,11,16,42,臺中市,大里區,0,0,0,7,,,50,,,,,,,,,,,,,,17,,,,,B03,,,1,,2,,,84,84,1,12,4,120.689702,24.113869,3
4220,66000,387130000C,(04)23274275,(04)23288582,2025,11,11,16,44,臺中市,北區,0,0,0,7,,,,,,,,,,,,,,,,,17,,,,,,,,,,,,,84,84,1,,,120.673008,24.16827,3
4221,66000,387130000C,(04)23274275,(04)23288582,2025,11,11,16,44,臺中市,南屯區,0,0,0,7,,,50,,,,,,,,,,,,,,14,,,,,B03,,,1,,1,,,49,49,1,13,4,120.631333,24.149465,3
4222,66000,387130000C,(04)23274275,(04)23288582,2025,11,11,16,46,臺中市,潭子區,0,0,0,7,,,50,,,,,,,,,,,,,,,,,,,B03,,,1,,2,,,8,8,1,12,4,120.705472,24.201048,3
4223,66000,387130000C,(04)23274275,(04)23288582,2025,11,11,16,47,臺中市,東區,0,0,0,7,,,50,,,,,,,,,,,,,,,,,,,B03,,,1,,1,,,42,42,1,8,4,120.687983,24.142995,3
4224,66000,387130000C,(04)23274275,(04)23288582,2025,11,11,16,47,臺中市,西屯區,0,0,0,6,,,30,,,,,,,,,,,,,,17,,,,,B03,,,1,,2,,,8,8,1,12,4,120.651138,24.167583,3
4225,66000,387130000C,(04)23274275,(04)23288582,2025,11,11,16,54,臺中市,東區,0,1,0,7,1,6,40,4,1,1,5,4,6,6,2,1,10,5,5,2,16,2,9,2,1,C03,7,5,1,10,2,12,,47,47,1,12,4,120.687397,24.130608,2
4226,66000,387130000C,(04)23274275,(04)23288582,2025,11,11,16,55,臺中市,石岡區,0,1,0,7,3,6,50,13,9,1,5,4,6,6,4,4,9,5,5,1,28,2,8,5,4,C03,7,9,1,10,1,14,,59,59,1,12,4,120.76817,24.278521,2
4227,66000,387130000C,(04)23274275,(04)23288582,2025,11,11,16,59,臺中市,豐原區,0,1,0,7,2,6,50,3,1,1,5,4,6,6,4,4,1,4,4,1,16,3,10,5,4,B03,7,6,1,8,2,5,,14,14,1,13,4,120.755656,24.274862,2
4228,66000,387130000C,(04)23274275,(04)23288582,2025,11,11,17,0,臺中市,北屯區,0,0,0,7,,,50,,,,,,,,,,,,,,,,,,,C03,,,1,,1,,,84,84,1,13,4,120.683436,24.172401,3
4229,66000,387130000C,(04)23274275,(04)23288582,2025,11,11,17,1,臺中市,后里區,0,1,0,7,2,6,50,4,1,1,5,4,6,6,1,1,5,5,4,1,16,2,9,4,1,F01,7,6,7,21,2,14,,84,84,1,12,4,120.695857,24.311392,2
4230,66000,387130000C,(04)23274275,(04)23288582,2025,11,11,17,2,臺中市,烏日區,0,0,0,7,2,6,50,13,9,1,5,4,6,6,4,4,5,5,5,2,12,3,10,3,1,B03,7,15,1,8,2,2,,50,50,1,6,4,120.595447,24.110173,3
4231,66000,387130000C,(04)23274275,(04)23288582,2025,11,11,17,9,臺中市,西屯區,0,1,0,7,2,6,50,4,1,1,5,4,6,6,2,1,10,5,5,2,15,2,9,2,1,C03,7,9,1,10,2,11,,21,21,1,12,4,120.645575,24.192416,2
4232,66000,387130000C,(04)23274275,(04)23288582,2025,11,11,17,10,臺中市,南區,0,0,0,7,,,50,,,,,,,,,,,,,,,,,,,C03,,,1,,2,,,7,7,1,12,4,120.660394,24.116825,3
4233,66000,387130000C,(04)23274275,(04)23288582,2025,11,11,17,10,臺中市,龍井區,0,2,0,7,1,6,30,4,1,1,5,4,6,6,1,1,10,5,5,2,15,2,9,2,1,C03,7,9,1,10,2,11,,21,21,1,6,4,120.516919,24.204975,2
4234,66000,387130000C,(04)23274275,(04)23288582,2025,11,11,17,11,臺中市,大雅區,0,1,0,7,3,6,50,4,2,1,5,4,6,6,1,1,5,1,5,1,17,3,10,1,1,C03,7,6,1,10,1,12,,11,11,1,12,4,120.645375,24.221874,2
4235,66000,387130000C,(04)23274275,(04)23288582,2025,11,11,17,11,臺中市,梧棲區,0,2,0,7,1,6,50,4,2,1,5,4,6,6,1,1,10,5,5,2,17,2,9,1,1,C03,7,15,3,19,8,11,,42,42,1,6,4,120.528905,24.254528,2
4236,66000,387130000C,(04)23274275,(04)23288582,2025,11,11,17,13,臺中市,東區,0,1,0,7,2,6,50,4,1,1,5,4,6,6,1,1,10,5,5,2,17,3,10,3,1,B01,7,6,1,4,2,1,,11,11,1,12,4,120.698846,24.127941,2
4237,66000,387130000C,(04)23274275,(04)23288582,2025,11,11,17,13,臺中市,北屯區,0,1,0,7,1,6,50,3,1,1,5,4,6,6,4,4,10,5,5,1,13,2,9,1,1,C03,7,9,1,10,2,12,,7,7,1,6,4,120.709399,24.17845,2
4238,66000,387130000C,(04)23274275,(04)23288582,2025,11,11,17,20,臺中市,大雅區,0,1,0,7,1,6,40,3,1,1,5,4,6,6,1,1,10,4,5,1,17,,,,,,,21,,,,,,86,86,2,,,120.646576,24.211637,2
4239,66000,387130000C,(04)23274275,(04)23288582,2025,11,11,17,20,臺中市,中區,0,2,0,6,1,6,50,4,1,1,5,4,6,6,1,1,10,5,5,2,17,2,9,1,1,C03,7,9,1,10,2,11,,21,21,1,13,4,120.676568,24.145044,2
4240,66000,387130000C,(04)23274275,(04)23288582,2025,11,11,17,22,臺中市,西屯區,0,0,0,7,,,40,,,,,,,,,,,,,,13,,,,,C03,,,1,,1,,,7,7,1,12,2,120.638827,24.180171,3
4241,66000,387130000C,(04)23274275,(04)23288582,2025,11,11,17,23,臺中市,西區,0,1,0,7,2,6,50,13,7,1,5,4,6,6,4,4,5,4,4,2,18,2,9,2,1,C03,7,9,1,10,2,11,,84,84,1,12,4,120.673711,24.134951,2
4242,66000,387130000C,(04)23274275,(04)23288582,2025,11,11,17,23,臺中市,中區,0,1,0,7,1,6,50,3,2,1,5,4,6,6,2,1,1,3,4,2,12,2,9,2,1,C03,7,9,1,10,2,11,14,7,7,1,12,4,120.684451,24.13712,2
4243,66000,387130000C,(04)23274275,(04)23288582,2025,11,11,17,23,臺中市,東區,0,1,0,7,1,6,50,13,9,1,5,4,6,6,1,1,9,4,5,2,12,3,10,3,1,B03,7,9,1,8,2,5,,84,84,1,12,4,120.689902,24.13827,2
4244,66000,387130000C,(04)23274275,(04)23288582,2025,11,11,17,25,臺中市,大里區,0,2,0,7,1,6,50,4,1,1,5,4,6,6,3,3,5,5,5,1,15,2,9,1,1,C03,7,9,1,10,2,13,,15,15,1,6,4,120.691548,24.107698,2
4245,66000,387130000C,(04)23274275,(04)23288582,2025,11,11,17,27,臺中市,潭子區,0,1,0,6,1,6,50,4,1,1,5,4,6,6,1,1,5,4,5,1,15,3,10,3,1,B03,7,9,1,8,2,2,,84,84,1,13,4,120.70516,24.207128,2
4246,66000,387130000C,(04)23274275,(04)23288582,2025,11,11,17,27,臺中市,西屯區,0,0,0,7,,,40,,,,,,,,,,,,,,12,,,,,B03,,,1,,2,,,8,8,1,12,4,120.666081,24.169713,3
4247,66000,387130000C,(04)23274275,(04)23288582,2025,11,11,17,28,臺中市,大肚區,0,1,0,7,1,6,30,13,9,1,5,4,6,6,4,4,10,5,5,2,17,2,9,1,1,C03,7,9,1,10,2,11,,84,84,1,6,4,120.569396,24.123237,2
4248,66000,387130000C,(04)23274275,(04)23288582,2025,11,11,17,32,臺中市,南屯區,0,0,0,7,,3,80,,,,,,,,,,,,,,13,,,,,B03,,,1,,1,,,7,7,1,12,4,120.621618,24.134699,3
4249,66000,387130000C,(04)23274275,(04)23288582,2025,11,11,17,32,臺中市,西屯區,0,1,0,7,1,6,50,3,1,1,5,4,6,6,1,1,10,5,5,2,16,3,10,1,4,C03,7,6,1,10,2,12,,39,39,1,12,4,120.633407,24.169932,2
4250,66000,387130000C,(04)23274275,(04)23288582,2025,11,11,17,32,臺中市,太平區,0,0,0,7,,,50,,,,,,,,,,,,,,17,,,,,B03,,,1,,2,,,51,51,1,13,4,120.716765,24.131839,3
4251,66000,387130000C,(04)23274275,(04)23288582,2025,11,11,17,32,臺中市,外埔區,0,0,0,7,,,40,,,,,,,,,,,,,,9,,,,,B03,,,1,,2,,,51,51,1,13,4,120.652352,24.329271,3
4252,66000,387130000C,(04)23274275,(04)23288582,2025,11,11,17,33,臺中市,東區,0,0,0,7,1,6,50,3,1,1,5,4,6,6,4,4,5,4,4,2,10,3,10,3,1,B03,7,9,1,7,8,8,,53,53,1,6,4,120.707015,24.136384,3
4253,66000,387130000C,(04)23274275,(04)23288582,2025,11,11,17,33,臺中市,北屯區,0,0,0,7,,,50,,,,,,,,,,,,,,17,,,,,,,,,,,,,119,119,1,,,120.697358,24.171631,3
4254,66000,387130000C,(04)23274275,(04)23288582,2025,11,11,17,37,臺中市,北屯區,0,2,0,7,1,6,30,4,1,1,5,4,6,6,4,4,5,5,4,2,15,2,9,2,1,C03,7,9,1,10,2,12,,13,13,1,12,4,120.670638,24.184222,2
4255,66000,387130000C,(04)23274275,(04)23288582,2025,11,11,17,41,臺中市,梧棲區,0,1,0,7,1,6,40,13,17,1,5,4,6,6,4,4,10,5,5,2,13,3,10,3,1,B03,7,9,1,8,2,1,,7,7,1,6,4,120.532849,24.241945,2
4256,66000,387130000C,(04)23274275,(04)23288582,2025,11,11,17,42,臺中市,霧峰區,0,0,0,7,,,50,,,,,,,,,,,,,,12,,,,,B03,,,1,,1,,,59,59,1,12,4,120.699876,24.07381,3
4257,66000,387130000C,(04)23274275,(04)23288582,2025,11,11,17,45,臺中市,北屯區,0,0,0,7,,,40,,,,,,,,,,,,,,17,,,,,B03,,,1,,1,,,85,85,1,6,4,120.681699,24.196645,3
4258,66000,387130000C,(04)23274275,(04)23288582,2025,11,11,17,45,臺中市,太平區,0,0,0,7,,,50,,,,,,,,,,,,,,16,,,,,C03,,,1,,1,,,84,84,1,12,4,120.713011,24.159021,3
4259,66000,387130000C,(04)23274275,(04)23288582,2025,11,11,17,47,臺中市,西區,0,0,0,7,,,50,,,,,,,,,,,,,,,,,,,B03,,,1,,1,,,84,84,1,12,4,120.657362,24.145036,3
4260,66000,387130000C,(04)23274275,(04)23288582,2025,11,11,17,48,臺中市,北區,0,0,0,7,,,40,,,,,,,,,,,,,,17,,,,,F01,,,1,,2,,,84,84,1,12,1,120.677213,24.152675,4
4261,66000,387130000C,(04)23274275,(04)23288582,2025,11,11,17,49,臺中市,太平區,0,1,0,7,1,6,50,13,9,1,5,4,6,6,4,4,5,5,5,1,16,3,10,2,1,C03,7,6,1,10,2,11,,34,34,1,13,4,120.71102,24.126637,2
4262,66000,387130000C,(04)23274275,(04)23288582,2025,11,11,17,50,臺中市,豐原區,0,0,0,7,,,60,,,,,,,,,,,,,,13,,,,,B03,,,1,,2,,,7,7,1,12,4,120.722908,24.236325,3
4263,66000,387130000C,(04)23274275,(04)23288582,2025,11,11,17,51,臺中市,太平區,0,0,0,7,,,,,,,,,,,,,,,,,17,,,,,,,,,,,,,86,86,1,,,120.714191,24.1457,3
4264,66000,387130000C,(04)23274275,(04)23288582,2025,11,11,17,52,臺中市,清水區,0,1,0,6,1,6,50,13,7,1,5,4,6,6,4,4,1,4,4,2,12,3,10,3,1,B03,7,9,1,8,2,2,,8,8,1,12,4,120.573699,24.264896,2
4265,66000,387130000C,(04)23274275,(04)23288582,2025,11,11,17,54,臺中市,西屯區,0,0,0,6,,,50,,,,,,,,,,,,,,13,,,,,C03,,,1,,2,,,58,58,1,12,4,120.665823,24.168329,3
4266,66000,387130000C,(04)23274275,(04)23288582,2025,11,11,17,55,臺中市,大雅區,0,0,0,7,,,30,,,,,,,,,,,,,,,,,,,B12,,,1,,1,,,87,87,1,13,4,120.635849,24.23815,3
4267,66000,387130000C,(04)23274275,(04)23288582,2025,11,11,17,55,臺中市,大里區,0,0,0,7,,,50,,,,,,,,,,,,,,13,,,,,B03,,,1,,2,,,59,59,1,12,4,120.715429,24.094675,3
4268,66000,387130000C,(04)23274275,(04)23288582,2025,11,11,17,56,臺中市,西區,0,0,0,6,,,40,,,,,,,,,,,,,,,,,,,C03,,,1,,1,,,7,7,1,13,4,120.661587,24.155869,3
4269,66000,387130000C,(04)23274275,(04)23288582,2025,11,11,17,57,臺中市,西區,0,0,0,7,,,50,,,,,,,,,,,,,,13,,,,,C03,,,1,,1,,,7,7,1,12,4,120.677114,24.140004,3
4270,66000,387130000C,(04)23274275,(04)23288582,2025,11,11,17,57,臺中市,清水區,0,1,0,7,3,6,50,4,1,1,5,4,6,6,4,4,9,4,4,2,8,3,10,3,1,B03,7,5,1,8,11,2,,59,59,2,12,4,120.577227,24.269689,2
4271,66000,387130000C,(04)23274275,(04)23288582,2025,11,11,17,58,臺中市,西屯區,0,0,0,7,,,50,,,,,,,,,,,,,,13,,,,,C03,,,1,,1,,,59,59,1,12,4,120.617393,24.185317,3
4272,66000,387130000C,(04)23274275,(04)23288582,2025,11,11,18,2,臺中市,大里區,0,0,0,6,1,6,50,13,,1,5,4,6,6,4,4,1,4,5,1,14,,,,,B03,,,1,,2,,,49,49,1,12,4,120.681422,24.103649,3
4273,66000,387130000C,(04)23274275,(04)23288582,2025,11,11,18,3,臺中市,南屯區,0,0,0,7,1,6,50,13,9,1,5,4,6,6,1,2,3,4,5,2,12,,,,,B03,,,1,,2,,,40,40,1,12,4,120.63854,24.142225,3
4274,66000,387130000C,(04)23274275,(04)23288582,2025,11,11,18,3,臺中市,南屯區,0,1,0,7,1,6,50,3,2,1,5,4,6,6,4,4,9,5,5,2,17,2,9,2,1,C03,7,6,1,10,2,11,,14,14,1,13,4,120.654495,24.138319,2
4275,66000,387130000C,(04)23274275,(04)23288582,2025,11,11,18,3,臺中市,大甲區,0,0,0,7,,,50,,,,,,,,,,,,,,,,,,,C03,,,1,,1,,,87,87,1,12,4,120.619216,24.343178,3
4276,66000,387130000C,(04)23274275,(04)23288582,2025,11,11,18,4,臺中市,沙鹿區,0,2,0,7,2,6,50,13,7,1,5,4,6,6,4,4,10,5,5,2,3,2,8,1,1,C03,7,9,1,10,2,11,,59,59,1,6,4,120.575237,24.238944,2
4277,66000,387130000C,(04)23274275,(04)23288582,2025,11,11,18,6,臺中市,后里區,0,1,0,7,1,6,30,5,2,1,5,4,6,6,3,1,10,5,5,1,18,2,3,3,1,B03,7,9,1,8,2,8,9,84,84,1,12,4,120.738529,24.317055,2