序號,縣市別代碼,機關代碼,市話,傳真,年,月,日,時,分,縣市,區,死亡數量,受傷數量,2-30,天候,道路照明設備,道路類別,道路速限,道路型態,事故位置,路面鋪裝,路面狀態,路面缺陷,障礙物,視距,號誌種類,號誌動作,分向設施,快車道或一般車道間,快慢車道間,路面邊線,事故類型及型態,受傷程度,主要傷處,保護裝備,行動電話或功能裝置,當事者區分(類別),車輛用途,當事者行動狀態,駕照狀態,駕照種類,飲酒情形,車輛撞擊部位最初,車輛撞擊部位其他,肇事因素個別,肇事因素主要,肇事逃逸,職業,共享經濟或外送平台,GPS座標X,GPS座標Y,事故類別
4278,66000,387130000C,(04)23274275,(04)23288582,2025,11,11,18,10,臺中市,潭子區,0,1,0,7,1,6,60,4,1,1,5,4,6,6,2,1,1,4,5,1,15,2,9,2,1,C03,7,1,1,10,2,11,,84,84,1,13,4,120.703454,24.201128,2
4279,66000,387130000C,(04)23274275,(04)23288582,2025,11,11,18,12,臺中市,北區,0,0,0,7,3,6,50,18,24,1,5,4,6,6,4,4,7,5,5,2,17,,,,,B03,,,1,,2,,,39,39,1,13,4,120.678836,24.16845,3
4280,66000,387130000C,(04)23274275,(04)23288582,2025,11,11,18,12,臺中市,北屯區,0,0,0,7,,,50,,,,,,,,,,,,,,13,,,,,C03,,,1,,2,,,7,7,1,6,4,120.666926,24.1803,3
4281,66000,387130000C,(04)23274275,(04)23288582,2025,11,11,18,16,臺中市,西屯區,0,1,0,7,1,6,50,4,1,1,5,4,6,6,2,1,10,5,5,2,16,3,10,1,1,C03,7,6,1,10,2,12,,48,48,1,13,4,120.621921,24.186373,2
4282,66000,387130000C,(04)23274275,(04)23288582,2025,11,11,18,16,臺中市,大里區,0,0,0,7,,,50,,,,,,,,,,,,,,16,,,,,B03,,,5,,2,,,11,11,1,13,4,120.688619,24.080624,3
4283,66000,387130000C,(04)23274275,(04)23288582,2025,11,11,18,17,臺中市,東區,0,1,0,7,1,6,50,4,1,1,5,4,6,6,4,4,10,5,5,2,15,3,10,3,1,B03,7,9,1,8,2,5,,15,15,1,12,4,120.708516,24.142231,2
4284,66000,387130000C,(04)23274275,(04)23288582,2025,11,11,18,17,臺中市,西屯區,0,0,0,7,,,50,,,,,,,,,,,,,,13,,,,,B03,,,1,,1,,,7,7,1,12,4,120.636025,24.176017,3
4285,66000,387130000C,(04)23274275,(04)23288582,2025,11,11,18,18,臺中市,潭子區,0,1,0,6,3,6,50,3,1,1,5,4,6,6,4,4,5,4,4,2,18,2,9,2,1,C03,7,12,1,10,2,12,,87,87,1,13,4,120.692175,24.226224,2
4286,66000,387130000C,(04)23274275,(04)23288582,2025,11,11,18,18,臺中市,西屯區,0,1,0,7,1,6,40,13,8,1,5,4,6,6,4,4,1,4,3,2,13,2,8,1,4,C03,7,9,1,10,2,11,12,7,7,1,12,4,120.610865,24.184341,2
4287,66000,387130000C,(04)23274275,(04)23288582,2025,11,11,18,19,臺中市,大里區,0,0,0,7,,,50,,,,,,,,,,,,,,16,,,,,C03,,,1,,2,,,14,14,1,12,4,120.68477,24.09554,3
4288,66000,387130000C,(04)23274275,(04)23288582,2025,11,11,18,20,臺中市,大里區,0,2,0,7,1,6,30,3,1,1,5,4,6,6,4,4,10,5,5,2,17,2,9,1,1,F03,7,9,7,21,2,11,,6,6,1,6,4,120.67972,24.10366,2
4289,66000,387130000C,(04)23274275,(04)23288582,2025,11,11,18,22,臺中市,龍井區,0,0,0,7,,,30,,,,,,,,,,,,,,,,,,,B03,,,1,,2,,,14,14,1,6,4,120.577997,24.180368,3
4290,66000,387130000C,(04)23274275,(04)23288582,2025,11,11,18,25,臺中市,西區,0,1,0,7,1,6,50,13,9,1,5,4,6,6,4,4,3,4,5,2,17,3,10,5,4,C03,7,9,1,10,2,11,,7,7,1,12,4,120.668292,24.130051,2
4291,66000,387130000C,(04)23274275,(04)23288582,2025,11,11,18,27,臺中市,龍井區,0,0,0,7,,,60,,,,,,,,,,,,,,,,,,,B12,,,1,,2,,,78,78,1,12,4,120.573422,24.185409,3
4292,66000,387130000C,(04)23274275,(04)23288582,2025,11,11,18,29,臺中市,西屯區,0,0,0,7,,,40,,,,,,,,,,,,,,13,,,,,C03,,,1,,2,,,7,7,1,12,4,120.593055,24.183186,3
4293,66000,387130000C,(04)23274275,(04)23288582,2025,11,11,18,30,臺中市,北區,0,0,0,7,,,50,,,,,,,,,,,,,,17,,,,,B03,,,7,,10,,,87,87,1,13,4,120.692412,24.155452,3
4294,66000,387130000C,(04)23274275,(04)23288582,2025,11,11,18,31,臺中市,梧棲區,0,0,0,7,,,40,,,,,,,,,,,,,,,,,,,B03,,,1,,2,,,49,49,1,6,4,120.537792,24.249092,3
4295,66000,387130000C,(04)23274275,(04)23288582,2025,11,11,18,33,臺中市,大甲區,0,0,0,7,,,50,,,,,,,,,,,,,,13,,,,,B03,,,1,,1,,,7,7,1,12,4,120.618207,24.339013,3
4296,66000,387130000C,(04)23274275,(04)23288582,2025,11,11,18,36,臺中市,西屯區,0,0,0,6,,,30,,,,,,,,,,,,,,13,,,,,B12,,,1,,1,,,7,7,1,12,4,120.663742,24.201318,3
4297,66000,387130000C,(04)23274275,(04)23288582,2025,11,11,18,36,臺中市,霧峰區,0,2,0,7,1,6,50,13,9,1,5,4,6,6,4,4,5,5,5,1,17,2,9,2,1,C03,7,1,1,10,2,14,,51,51,1,5,4,120.715887,24.076643,2
4298,66000,387130000C,(04)23274275,(04)23288582,2025,11,11,18,37,臺中市,南屯區,0,0,0,7,,,50,,,,,,,,,,,,,,17,,,,,B03,,,1,,1,,,40,40,1,12,4,120.635711,24.143383,3
4299,66000,387130000C,(04)23274275,(04)23288582,2025,11,11,18,37,臺中市,龍井區,0,2,0,7,1,6,50,4,2,1,5,4,6,6,4,4,5,5,5,1,16,2,9,5,4,C03,7,6,1,10,2,12,,48,48,1,6,4,120.583723,24.180997,2
4300,66000,387130000C,(04)23274275,(04)23288582,2025,11,11,18,38,臺中市,沙鹿區,0,1,0,7,1,6,30,4,1,1,5,4,6,6,4,4,10,5,5,2,15,3,10,3,1,B12,7,9,1,8,2,2,,15,15,1,12,4,120.565797,24.245931,2
4301,66000,387130000C,(04)23274275,(04)23288582,2025,11,11,18,41,臺中市,南屯區,0,0,0,7,1,6,40,13,8,1,5,4,6,6,4,4,5,5,4,2,12,,,,,B02,,,1,,1,,,59,59,1,12,4,120.6351,24.152827,3
4302,66000,387130000C,(04)23274275,(04)23288582,2025,11,11,18,41,臺中市,西屯區,0,1,0,7,1,6,40,13,9,1,5,4,6,6,4,4,9,5,5,2,9,2,9,6,5,H01,8,16,7,21,2,17,,95,95,1,12,5,120.618328,24.177613,2
4303,66000,387130000C,(04)23274275,(04)23288582,2025,11,11,18,43,臺中市,大里區,0,1,0,6,1,6,60,4,1,1,5,4,6,6,1,1,10,5,5,2,13,2,7,1,1,C03,7,9,1,10,2,11,,7,7,1,12,4,120.667224,24.105078,2
4304,66000,387130000C,(04)23274275,(04)23288582,2025,11,11,18,46,臺中市,北屯區,0,2,0,7,1,6,50,4,1,1,5,4,6,6,1,1,10,5,5,2,17,3,10,1,1,C03,7,4,1,10,2,13,,40,40,1,6,4,120.685387,24.169379,2
4305,66000,387130000C,(04)23274275,(04)23288582,2025,11,11,18,48,臺中市,西區,0,0,0,7,,,50,,,,,,,,,,,,,,,,,,,B03,,,1,,1,,,59,59,1,12,4,120.657136,24.137873,3
4306,66000,387130000C,(04)23274275,(04)23288582,2025,11,11,18,50,臺中市,東區,0,0,0,7,,,50,,,,,,,,,,,,,,,,,,,B03,,,1,,2,,,47,47,1,12,4,120.696491,24.136959,3
4307,66000,387130000C,(04)23274275,(04)23288582,2025,11,11,19,1,臺中市,豐原區,0,1,0,7,2,6,50,13,7,1,5,4,6,6,1,1,5,5,4,2,13,2,8,1,1,C02,7,9,1,9,2,11,,59,59,1,12,4,120.71767,24.249505,2
4308,66000,387130000C,(04)23274275,(04)23288582,2025,11,11,19,1,臺中市,神岡區,0,0,0,7,,,40,,,,,,,,,,,,,,17,,,,,C03,,,1,,1,,,49,49,1,12,4,120.710716,24.258615,3
4309,66000,387130000C,(04)23274275,(04)23288582,2025,11,11,19,4,臺中市,北屯區,0,1,0,7,1,6,50,13,8,1,5,4,6,6,4,4,1,4,4,2,12,3,10,3,1,B03,7,9,1,8,2,5,,85,85,1,12,4,120.675736,24.187695,2
4310,66000,387130000C,(04)23274275,(04)23288582,2025,11,11,19,5,臺中市,沙鹿區,0,0,0,7,,,60,,,,,,,,,,,,,,,,,,,B03,,,1,,1,,,40,40,1,6,4,120.566943,24.237711,3
4311,66000,387130000C,(04)23274275,(04)23288582,2025,11,11,19,5,臺中市,神岡區,0,2,0,7,1,6,40,3,1,1,5,4,6,6,4,4,1,5,5,1,16,2,8,1,4,C03,7,6,1,10,2,11,,14,14,1,12,4,120.670167,24.272142,2
4312,66000,387130000C,(04)23274275,(04)23288582,2025,11,11,19,6,臺中市,南區,0,1,0,7,2,6,50,3,1,1,5,4,6,6,2,1,10,5,5,2,13,2,9,2,1,C03,7,9,1,10,2,11,12,7,7,1,12,4,120.660097,24.124661,2
4313,66000,387130000C,(04)23274275,(04)23288582,2025,11,11,19,13,臺中市,北屯區,0,0,0,7,,,50,,,,,,,,,,,,,,,,,,,C03,,,1,,2,,,10,10,1,13,4,120.69937,24.16324,4
4314,66000,387130000C,(04)23274275,(04)23288582,2025,11,11,19,18,臺中市,霧峰區,0,1,0,7,1,6,25,4,1,1,5,4,6,6,4,4,10,5,5,1,15,3,10,3,1,B03,7,9,1,8,2,7,,20,20,1,13,4,120.689355,24.062241,2
4315,66000,387130000C,(04)23274275,(04)23288582,2025,11,11,19,19,臺中市,大甲區,0,0,0,7,,,50,,,,,,,,,,,,,,,,,,,C03,,,3,,9,,,59,59,1,6,4,120.622038,24.344103,3
4316,66000,387130000C,(04)23274275,(04)23288582,2025,11,11,19,22,臺中市,大雅區,0,1,0,7,1,6,40,13,9,1,5,4,6,6,4,4,5,4,4,1,17,3,10,1,1,C03,7,4,1,10,2,14,,84,84,1,12,4,120.644975,24.204259,2
4317,66000,387130000C,(04)23274275,(04)23288582,2025,11,11,19,22,臺中市,西區,0,0,0,6,,,50,,,,,,,,,,,,,,,,,,,B03,,,1,,1,,,84,84,1,13,4,120.666157,24.153332,3
4318,66000,387130000C,(04)23274275,(04)23288582,2025,11,11,19,23,臺中市,南屯區,0,0,0,7,,,50,,,,,,,,,,,,,,,,,,,B03,,,1,,2,,,8,8,1,13,4,120.63992,24.147113,3
4319,66000,387130000C,(04)23274275,(04)23288582,2025,11,11,19,25,臺中市,豐原區,0,2,0,7,1,6,50,4,1,1,5,4,6,6,3,1,5,4,5,1,17,2,9,1,1,C03,7,9,1,10,2,11,,7,7,1,6,4,120.726511,24.245591,2
4320,66000,387130000C,(04)23274275,(04)23288582,2025,11,11,19,29,臺中市,南屯區,0,1,0,7,1,6,50,13,8,1,5,4,6,6,4,4,1,4,1,2,28,2,9,1,1,C03,7,9,1,10,2,11,,87,87,1,12,4,120.622604,24.144094,2
4321,66000,387130000C,(04)23274275,(04)23288582,2025,11,11,19,31,臺中市,豐原區,0,0,0,6,,,50,,,,,,,,,,,,,,17,,,,,B03,,,1,,2,,,8,8,1,13,4,120.728107,24.250553,3
4322,66000,387130000C,(04)23274275,(04)23288582,2025,11,11,19,36,臺中市,西屯區,0,1,0,7,1,6,50,4,9,1,5,4,6,6,1,1,5,3,5,2,28,2,8,1,4,C03,7,9,1,9,2,12,,43,43,1,12,4,120.624978,24.19611,2
4323,66000,387130000C,(04)23274275,(04)23288582,2025,11,11,19,58,臺中市,西區,0,1,0,7,1,6,50,4,1,1,5,4,6,6,4,4,8,3,5,2,13,2,9,2,1,C03,7,9,1,10,2,11,12,7,7,1,12,4,120.661703,24.153298,2
4324,66000,387130000C,(04)23274275,(04)23288582,2025,11,11,20,2,臺中市,西區,0,1,0,7,1,6,50,4,1,1,5,4,6,6,4,4,10,5,5,1,17,3,10,5,4,C03,7,9,1,10,2,11,,20,20,1,12,4,120.660961,24.149607,2
4325,66000,387130000C,(04)23274275,(04)23288582,2025,11,11,20,8,臺中市,大甲區,0,1,0,7,1,6,50,3,2,1,5,4,6,6,4,4,5,5,5,1,17,2,9,2,1,C03,7,9,1,10,2,11,,59,59,1,6,4,120.629358,24.419451,2
4326,66000,387130000C,(04)23274275,(04)23288582,2025,11,11,20,9,臺中市,東區,0,0,0,7,,,50,,,,,,,,,,,,,,,,,,,B03,,,1,,1,,,84,84,1,12,4,120.694417,24.150688,3
4327,66000,387130000C,(04)23274275,(04)23288582,2025,11,11,20,10,臺中市,豐原區,0,0,0,7,,,60,,,,,,,,,,,,,,17,,,,,B03,,,1,,1,,,40,40,1,6,4,120.730751,24.245129,3
4328,66000,387130000C,(04)23274275,(04)23288582,2025,11,11,20,17,臺中市,豐原區,0,2,0,6,1,6,30,4,1,1,5,4,6,6,4,4,10,5,5,2,15,3,10,5,4,C03,7,9,1,10,2,12,,12,12,1,13,4,120.717707,24.24815,2
4329,66000,387130000C,(04)23274275,(04)23288582,2025,11,11,20,19,臺中市,南區,0,1,0,7,1,6,50,3,1,1,5,4,6,6,4,4,9,5,5,2,16,3,10,3,1,B03,7,6,1,8,2,4,,14,14,1,6,4,120.668281,24.114981,2
4330,66000,387130000C,(04)23274275,(04)23288582,2025,11,11,20,24,臺中市,東區,0,2,0,7,1,6,50,4,1,1,5,4,6,6,4,4,9,4,5,2,15,2,9,1,1,C02,7,9,1,9,2,11,12,15,15,1,12,4,120.696462,24.149734,2
4331,66000,387130000C,(04)23274275,(04)23288582,2025,11,11,20,33,臺中市,龍井區,0,0,0,7,,,50,,,,,,,,,,,,,,,,,,,C03,,,1,,1,,,7,7,1,12,4,120.589338,24.18069,3
4332,66000,387130000C,(04)23274275,(04)23288582,2025,11,11,20,36,臺中市,西屯區,0,0,0,7,,,30,,,,,,,,,,,,,,16,,,,,B03,,,1,,1,,,8,8,1,12,4,120.620685,24.181431,3
4333,66000,387130000C,(04)23274275,(04)23288582,2025,11,11,20,38,臺中市,西區,0,2,0,7,1,6,50,4,1,1,5,4,6,6,4,4,10,5,5,2,17,2,9,2,1,C03,7,9,1,10,2,12,,15,15,1,12,4,120.67364,24.150956,2
4334,66000,387130000C,(04)23274275,(04)23288582,2025,11,11,20,40,臺中市,北屯區,0,0,0,7,,,50,,,,,,,,,,,,,,,,,,,B03,,,1,,2,,,84,84,1,13,4,120.706999,24.189861,3
4335,66000,387130000C,(04)23274275,(04)23288582,2025,11,11,20,41,臺中市,南屯區,0,1,0,7,1,6,50,3,1,1,5,4,6,6,3,1,8,3,5,1,12,3,10,3,1,B03,7,5,5,19,1,2,,11,11,1,12,4,120.635616,24.141467,2
4336,66000,387130000C,(04)23274275,(04)23288582,2025,11,11,20,46,臺中市,南區,0,1,0,7,1,6,50,13,9,1,5,4,6,6,4,4,1,4,5,2,12,3,10,2,1,C03,7,9,1,10,2,12,,7,7,1,12,4,120.649799,24.121161,2
4337,66000,387130000C,(04)23274275,(04)23288582,2025,11,11,20,47,臺中市,北屯區,0,0,0,7,,,50,,,,,,,,,,,,,,12,,,,,B03,,,1,,2,,,85,85,1,6,4,120.69975,24.164913,3
4338,66000,387130000C,(04)23274275,(04)23288582,2025,11,11,20,49,臺中市,西屯區,0,0,0,7,,,60,,,,,,,,,,,,,,13,,,,,B03,,,1,,1,,,59,59,1,12,4,120.644475,24.20156,3
4339,66000,387130000C,(04)23274275,(04)23288582,2025,11,11,20,50,臺中市,后里區,0,0,0,7,1,6,30,4,1,1,5,4,6,6,4,4,5,5,5,2,17,3,10,3,1,B03,7,6,1,8,1,5,,14,14,1,12,4,120.724539,24.308441,3
4340,66000,387130000C,(04)23274275,(04)23288582,2025,11,11,21,0,臺中市,潭子區,0,1,0,6,1,6,50,4,1,1,5,4,6,6,1,1,5,4,4,1,17,3,10,3,1,B03,7,9,1,8,9,1,,39,39,2,13,4,120.706949,24.211374,2
4341,66000,387130000C,(04)23274275,(04)23288582,2025,11,11,21,5,臺中市,東區,0,0,0,7,,,50,,,,,,,,,,,,,,,,,,,B03,,,1,,2,,,50,50,1,12,4,120.692943,24.136853,3
4342,66000,387130000C,(04)23274275,(04)23288582,2025,11,11,21,11,臺中市,潭子區,0,0,0,7,,,30,,,,,,,,,,,,,,,,,,,B03,,,1,,2,,,8,8,1,12,4,120.701886,24.19113,3
4343,66000,387130000C,(04)23274275,(04)23288582,2025,11,11,21,30,臺中市,西屯區,0,2,0,7,1,6,30,4,1,1,5,4,6,6,1,1,10,5,5,2,16,2,9,2,1,C03,7,6,1,10,2,11,,11,11,1,12,4,120.651867,24.178145,2
4344,66000,387130000C,(04)23274275,(04)23288582,2025,11,11,21,33,臺中市,太平區,0,1,0,7,2,6,50,13,7,1,5,4,6,6,4,4,5,4,4,2,17,2,9,1,1,C03,7,8,1,10,7,14,,39,39,1,12,4,120.720384,24.118962,2
4345,66000,387130000C,(04)23274275,(04)23288582,2025,11,11,21,34,臺中市,北區,0,1,0,7,1,6,40,13,8,1,5,4,6,6,4,4,1,4,4,2,18,2,9,5,4,C03,7,9,1,10,2,12,,84,84,1,12,4,120.674939,24.16232,2
4346,66000,387130000C,(04)23274275,(04)23288582,2025,11,11,21,36,臺中市,太平區,0,2,0,7,1,6,50,13,9,1,5,4,6,6,4,4,5,5,5,1,17,2,9,2,1,C03,7,1,1,10,2,14,,51,51,1,12,4,120.732345,24.136959,2
4347,66000,387130000C,(04)23274275,(04)23288582,2025,11,11,21,39,臺中市,東區,0,0,0,7,,,50,,,,,,,,,,,,,,,,,,,B03,,,1,,1,,,7,7,1,6,4,120.683159,24.134073,4
4348,66000,387130000C,(04)23274275,(04)23288582,2025,11,11,21,49,臺中市,北屯區,0,1,0,7,1,6,50,13,9,1,5,4,6,6,4,4,5,5,5,2,11,3,10,3,1,B03,7,6,1,8,2,8,,39,39,1,12,4,120.684558,24.196914,2
4349,66000,387130000C,(04)23274275,(04)23288582,2025,11,11,21,55,臺中市,北屯區,0,1,0,7,1,6,50,3,1,1,5,4,6,6,1,1,10,5,5,2,16,3,10,3,1,B03,7,6,1,8,2,1,,11,11,1,6,4,120.709111,24.1865,2
4350,66000,387130000C,(04)23274275,(04)23288582,2025,11,11,21,59,臺中市,霧峰區,0,0,0,7,,,50,,,,,,,,,,,,,,13,,,,,B03,,,1,,2,,,59,59,1,12,4,120.698274,24.060168,3
4351,66000,387130000C,(04)23274275,(04)23288582,2025,11,11,22,8,臺中市,西屯區,0,0,0,7,,,50,,,,,,,,,,,,,,16,,,,,B02,,,1,,1,,,11,11,1,12,4,120.649667,24.162327,3
4352,66000,387130000C,(04)23274275,(04)23288582,2025,11,11,22,18,臺中市,大里區,0,1,0,7,1,6,50,4,1,1,5,4,6,6,1,1,10,5,5,2,16,3,10,3,1,B03,7,6,1,8,2,6,,11,11,1,12,4,120.667159,24.096703,2
4353,66000,387130000C,(04)23274275,(04)23288582,2025,11,11,22,20,臺中市,中區,0,0,0,7,,,50,,,,,,,,,,,,,,13,,,,,,,,,,,,,86,86,1,,,120.682906,24.136375,3
4354,66000,387130000C,(04)23274275,(04)23288582,2025,11,11,22,25,臺中市,北區,0,0,0,7,,,30,,,,,,,,,,,,,,25,,,,,B03,,,1,,1,,,49,49,1,12,4,120.675545,24.169469,3
4355,66000,387130000C,(04)23274275,(04)23288582,2025,11,11,22,25,臺中市,西屯區,0,0,0,7,,,30,,,,,,,,,,,,,,16,,,,,C03,,,1,,1,,,42,42,1,12,4,120.647176,24.172577,3
4356,66000,387130000C,(04)23274275,(04)23288582,2025,11,11,22,26,臺中市,北區,0,0,0,7,,,50,,,,,,,,,,,,,,13,,,,,B03,,,1,,1,,,84,84,1,12,4,120.676337,24.161688,3
4357,66000,387130000C,(04)23274275,(04)23288582,2025,11,11,22,30,臺中市,大雅區,0,0,0,7,,,30,,,,,,,,,,,,,,,,,,,A12,,,1,,2,,,49,49,1,13,4,120.647718,24.244528,3
4358,66000,387130000C,(04)23274275,(04)23288582,2025,11,11,22,35,臺中市,西區,0,1,0,7,1,6,50,4,1,1,5,4,6,6,1,1,10,5,5,2,3,2,9,6,5,H01,8,16,7,21,10,17,,96,96,1,12,5,120.676568,24.145044,2
4359,66000,387130000C,(04)23274275,(04)23288582,2025,11,11,22,36,臺中市,東區,0,0,0,7,,,50,,,,,,,,,,,,,,,,,,,C03,,,1,,1,,,7,7,1,12,4,120.709159,24.149445,3
4360,66000,387130000C,(04)23274275,(04)23288582,2025,11,11,22,39,臺中市,大里區,0,0,0,7,,,60,,,,,,,,,,,,,,16,,,,,B03,,,1,,2,,,35,35,1,6,4,120.6838,24.103743,3
4361,66000,387130000C,(04)23274275,(04)23288582,2025,11,11,22,50,臺中市,大里區,0,1,0,7,3,6,50,3,2,1,5,4,6,6,4,4,5,2,5,1,16,3,10,2,1,F03,7,6,7,21,2,12,,39,39,1,13,4,120.705454,24.087668,2
4362,66000,387130000C,(04)23274275,(04)23288582,2025,11,11,23,15,臺中市,南屯區,0,1,0,7,1,6,40,13,7,1,5,4,6,6,4,4,9,5,4,2,17,3,10,3,1,B03,7,1,1,8,2,4,,51,51,1,13,4,120.644607,24.148703,2
4363,66000,387130000C,(04)23274275,(04)23288582,2025,11,11,23,16,臺中市,西屯區,0,1,0,7,1,6,50,13,9,1,5,4,6,6,4,4,4,3,5,1,12,3,10,3,4,B03,7,8,1,8,2,8,,35,35,1,12,4,120.645809,24.175778,2
4364,66000,387130000C,(04)23274275,(04)23288582,2025,11,11,23,20,臺中市,北區,0,0,0,7,,,50,,,,,,,,,,,,,,17,,,,,B03,,,1,,1,,,51,51,1,13,4,120.685089,24.161558,3
4365,66000,387130000C,(04)23274275,(04)23288582,2025,11,11,23,34,臺中市,南區,0,0,0,7,,,50,,,,,,,,,,,,,,,,,,,A11,,,1,,2,,,49,49,1,13,4,120.65024,24.115878,3
4366,66000,387130000C,(04)23274275,(04)23288582,2025,11,11,23,35,臺中市,南屯區,0,0,0,7,,,40,,,,,,,,,,,,,,17,,,,,B02,,,1,,2,,,49,49,1,13,4,120.613861,24.143127,3
4367,66000,387130000C,(04)23274275,(04)23288582,2025,11,11,23,50,臺中市,大肚區,0,2,0,7,1,6,50,11,9,1,5,4,6,6,4,4,5,5,5,1,18,2,9,2,1,C03,7,9,1,10,2,12,,59,59,1,6,4,120.574053,24.151977,2
4368,66000,387130000C,(04)23274275,(04)23288582,2025,11,12,0,5,臺中市,西區,0,2,0,7,1,6,50,3,1,1,5,4,6,6,3,1,10,5,5,2,16,2,9,3,1,B03,7,6,1,8,2,7,,24,24,1,6,4,120.674373,24.137219,2
4369,66000,387130000C,(04)23274275,(04)23288582,2025,11,12,0,12,臺中市,霧峰區,0,1,0,7,1,6,50,13,9,1,5,4,6,6,4,4,10,5,5,1,16,2,8,4,1,F02,7,9,7,21,8,12,,67,67,1,12,4,120.680748,24.069435,2
4370,66000,387130000C,(04)23274275,(04)23288582,2025,11,12,0,15,臺中市,東區,0,0,0,7,,,50,,,,,,,,,,,,,,,,,,,B03,,,5,,1,,,49,49,1,13,4,120.703318,24.141572,3
4371,66000,387130000C,(04)23274275,(04)23288582,2025,11,12,0,29,臺中市,北區,0,1,0,7,1,6,50,3,2,1,5,4,6,6,4,4,1,4,5,2,18,2,9,1,1,C03,7,9,1,10,2,12,,84,84,1,12,4,120.684767,24.150776,2
4372,66000,387130000C,(04)23274275,(04)23288582,2025,11,12,0,32,臺中市,西區,0,1,0,7,1,6,40,13,8,1,5,4,6,6,4,4,1,5,1,2,20,2,9,5,4,C03,7,9,1,10,2,11,,84,84,1,12,2,120.663128,24.14306,2
4373,66000,387130000C,(04)23274275,(04)23288582,2025,11,12,1,42,臺中市,梧棲區,0,0,0,7,,,30,,,,,,,,,,,,,,11,,,,,B03,,,1,,1,,,8,8,1,12,4,120.544725,24.233068,3
4374,66000,387130000C,(04)23274275,(04)23288582,2025,11,12,2,2,臺中市,霧峰區,0,1,0,7,1,6,50,11,9,1,5,4,6,6,4,4,5,5,5,1,18,2,9,1,1,C03,7,9,1,10,2,12,,59,59,1,12,4,120.719246,24.065562,2
4375,66000,387130000C,(04)23274275,(04)23288582,2025,11,12,2,37,臺中市,西屯區,0,1,0,7,1,6,50,13,9,1,5,4,6,6,4,4,1,4,5,2,13,3,10,5,4,B01,7,9,1,4,2,5,,59,59,1,13,4,120.645949,24.16351,2
4376,66000,387130000C,(04)23274275,(04)23288582,2025,11,12,2,47,臺中市,西區,0,1,0,7,1,6,50,4,1,1,5,4,6,6,1,1,10,5,5,2,16,2,7,1,1,C03,7,11,1,10,2,12,,11,11,1,12,4,120.661687,24.152547,2
4377,66000,387130000C,(04)23274275,(04)23288582,2025,11,12,2,50,臺中市,豐原區,0,1,0,7,2,6,50,13,9,1,5,4,6,6,4,4,10,5,5,2,18,2,9,5,4,C03,7,1,3,19,2,14,,84,84,1,13,4,120.705605,24.253073,2
4378,66000,387130000C,(04)23274275,(04)23288582,2025,11,12,3,49,臺中市,北區,0,0,0,7,,,50,,,,,,,,,,,,,,,,,,,B03,,,1,,9,,,56,56,1,12,4,120.668492,24.163571,3
4379,66000,387130000C,(04)23274275,(04)23288582,2025,11,12,4,30,臺中市,北屯區,0,0,0,7,,,50,,,,,,,,,,,,,,9,,,,,B03,,,1,,1,,,51,51,1,6,4,120.685855,24.180544,3
4380,66000,387130000C,(04)23274275,(04)23288582,2025,11,12,4,31,臺中市,豐原區,0,2,0,7,2,6,50,3,2,1,5,4,6,6,4,4,1,4,5,1,17,3,10,5,4,B03,7,9,1,8,2,2,,85,85,1,13,4,120.725448,24.245813,2
4381,66000,387130000C,(04)23274275,(04)23288582,2025,11,12,5,7,臺中市,東區,0,1,0,7,1,6,50,4,1,1,5,4,6,6,1,1,5,5,5,2,11,3,10,3,1,B12,7,6,5,19,3,2,,11,11,1,6,4,120.699221,24.129658,2
4382,66000,387130000C,(04)23274275,(04)23288582,2025,11,12,5,14,臺中市,北區,0,2,0,7,1,6,50,4,1,1,5,4,6,6,3,1,10,5,5,2,15,3,10,3,1,B03,7,9,1,8,2,16,,24,24,1,13,4,120.680952,24.16161,2
4383,66000,387130000C,(04)23274275,(04)23288582,2025,11,12,5,14,臺中市,東區,0,0,0,7,,,40,,,,,,,,,,,,,,,,,,,B03,,,1,,9,,,84,84,1,13,4,120.70618,24.145848,3
4384,66000,387130000C,(04)23274275,(04)23288582,2025,11,12,5,19,臺中市,大肚區,0,1,0,7,1,6,50,13,9,1,5,4,6,6,4,4,5,5,5,2,28,2,9,2,1,C03,7,9,5,19,2,11,,59,59,1,6,4,120.577363,24.17521,2
4385,66000,387130000C,(04)23274275,(04)23288582,2025,11,12,5,40,臺中市,北屯區,0,1,0,7,1,6,50,4,1,1,5,4,6,6,1,1,10,5,5,2,16,3,10,3,1,B03,7,6,1,8,2,1,,11,11,1,12,4,120.718838,24.172649,2
4386,66000,387130000C,(04)23274275,(04)23288582,2025,11,12,6,15,臺中市,太平區,0,1,0,6,2,6,50,13,9,1,5,4,6,6,4,4,2,4,5,2,26,2,9,3,1,B03,7,9,5,19,2,1,,84,84,1,12,4,120.721945,24.144927,2
4387,66000,387130000C,(04)23274275,(04)23288582,2025,11,12,7,32,臺中市,梧棲區,0,0,0,5,,,30,,,,,,,,,,,,,,16,,,,,B03,,,1,,1,,,14,14,1,6,4,120.531277,24.257857,3
4388,66000,387130000C,(04)23274275,(04)23288582,2025,11,12,7,42,臺中市,西區,0,2,0,6,2,6,50,13,9,1,5,4,6,6,1,1,5,4,5,2,17,2,9,2,1,C03,7,7,1,10,2,11,,84,84,1,12,4,120.668817,24.131645,2
4389,66000,387130000C,(04)23274275,(04)23288582,2025,11,12,7,50,臺中市,大里區,0,0,0,6,,3,80,,,,,,,,,,,,,,12,,,,,B03,,,1,,9,,,40,40,1,13,4,120.699366,24.114068,3