序號,縣市別代碼,機關代碼,市話,傳真,年,月,日,時,分,縣市,區,死亡數量,受傷數量,2-30,天候,道路照明設備,道路類別,道路速限,道路型態,事故位置,路面鋪裝,路面狀態,路面缺陷,障礙物,視距,號誌種類,號誌動作,分向設施,快車道或一般車道間,快慢車道間,路面邊線,事故類型及型態,受傷程度,主要傷處,保護裝備,行動電話或功能裝置,當事者區分(類別),車輛用途,當事者行動狀態,駕照狀態,駕照種類,飲酒情形,車輛撞擊部位最初,車輛撞擊部位其他,肇事因素個別,肇事因素主要,肇事逃逸,職業,共享經濟或外送平台,GPS座標X,GPS座標Y,事故類別
4390,66000,387130000C,(04)23274275,(04)23288582,2025,11,12,7,55,臺中市,大里區,0,0,0,7,,,60,,,,,,,,,,,,,,13,,,,,B03,,,1,,2,,,59,59,1,6,4,120.679837,24.104161,3
4391,66000,387130000C,(04)23274275,(04)23288582,2025,11,12,8,11,臺中市,南區,0,0,0,7,,,30,,,,,,,,,,,,,,,,,,,B03,,,1,,11,,,84,84,1,12,4,120.679011,24.129084,3
4392,66000,387130000C,(04)23274275,(04)23288582,2025,11,12,8,12,臺中市,豐原區,0,1,0,7,2,6,50,3,1,1,5,4,6,6,1,1,10,5,5,2,17,3,10,2,1,C03,7,9,1,10,2,14,,7,7,1,13,4,120.71999,24.251714,2
4393,66000,387130000C,(04)23274275,(04)23288582,2025,11,12,8,15,臺中市,大甲區,0,1,0,5,2,6,50,13,9,1,4,4,6,6,4,4,5,5,5,1,17,3,10,5,1,B03,7,13,1,8,2,4,,76,76,1,6,4,120.627216,24.350531,2
4394,66000,387130000C,(04)23274275,(04)23288582,2025,11,12,8,21,臺中市,東區,0,1,0,7,2,6,50,4,1,1,5,4,6,6,3,1,1,2,4,2,12,2,9,2,1,C04,7,6,1,10,2,14,,48,48,1,13,4,120.690328,24.130899,2
4395,66000,387130000C,(04)23274275,(04)23288582,2025,11,12,8,35,臺中市,北屯區,0,0,0,7,,,50,,,,,,,,,,,,,,13,,,,,C03,,,1,,2,,,58,58,1,12,4,120.685969,24.181448,3
4396,66000,387130000C,(04)23274275,(04)23288582,2025,11,12,8,35,臺中市,烏日區,0,1,0,7,2,6,50,13,14,1,5,4,6,6,4,4,1,4,5,1,17,3,10,2,1,C03,7,9,1,8,2,11,,39,39,1,6,4,120.62791,24.10427,2
4397,66000,387130000C,(04)23274275,(04)23288582,2025,11,12,8,48,臺中市,龍井區,0,1,0,5,2,6,50,4,1,1,4,4,6,6,1,1,10,5,5,2,17,2,9,2,1,C03,7,9,1,10,2,11,,21,21,1,6,4,120.547462,24.201084,2
4398,66000,387130000C,(04)23274275,(04)23288582,2025,11,12,8,54,臺中市,西區,0,1,0,6,3,6,50,4,1,1,5,4,6,6,2,1,10,5,5,2,12,3,10,3,1,B03,7,5,1,8,2,2,,11,11,1,12,4,120.675397,24.141766,2
4399,66000,387130000C,(04)23274275,(04)23288582,2025,11,12,9,4,臺中市,東區,0,3,0,7,2,6,50,3,1,1,5,4,6,6,4,4,10,5,5,2,17,2,9,2,1,C03,7,1,1,10,6,11,,51,51,1,12,4,120.705608,24.129995,2
4400,66000,387130000C,(04)23274275,(04)23288582,2025,11,12,9,7,臺中市,霧峰區,0,1,0,6,2,6,50,4,2,1,5,4,6,6,1,1,5,5,5,1,17,2,7,1,1,C03,7,9,1,10,2,12,,8,8,1,12,4,120.664484,24.059897,2
4401,66000,387130000C,(04)23274275,(04)23288582,2025,11,12,9,14,臺中市,北區,0,1,0,7,2,6,30,13,9,1,5,4,6,6,4,4,10,5,5,2,9,3,10,3,1,B03,7,9,1,8,2,5,,84,84,1,12,4,120.679682,24.15275,2
4402,66000,387130000C,(04)23274275,(04)23288582,2025,11,12,9,37,臺中市,東區,0,0,0,7,,,50,,,,,,,,,,,,,,15,,,,,B12,,,1,,1,,,21,21,1,12,4,120.68809,24.133661,3
4403,66000,387130000C,(04)23274275,(04)23288582,2025,11,12,9,38,臺中市,西屯區,0,0,0,7,,,50,,,,,,,,,,,,,,13,,,,,A04,,,1,,2,,,59,59,1,12,4,120.640312,24.186747,3
4404,66000,387130000C,(04)23274275,(04)23288582,2025,11,12,9,43,臺中市,豐原區,0,0,0,7,2,6,50,13,8,1,5,4,6,6,4,4,5,5,4,2,17,3,10,5,4,B03,7,7,1,8,4,2,,8,8,1,13,4,120.718437,24.255932,3
4405,66000,387130000C,(04)23274275,(04)23288582,2025,11,12,9,45,臺中市,大肚區,0,1,0,6,2,6,50,3,1,1,4,4,6,6,2,1,10,5,5,2,16,2,9,1,1,C03,7,9,1,10,2,11,,84,84,1,6,4,120.574589,24.160123,2
4406,66000,387130000C,(04)23274275,(04)23288582,2025,11,12,9,48,臺中市,太平區,0,1,0,7,2,6,50,3,1,1,5,4,6,6,2,1,10,5,5,2,16,3,10,3,1,B03,7,6,1,8,2,6,,11,11,1,12,4,120.734135,24.143426,2
4407,66000,387130000C,(04)23274275,(04)23288582,2025,11,12,9,50,臺中市,北屯區,0,1,0,7,3,6,50,4,1,1,5,4,6,6,1,1,10,5,5,2,16,3,10,3,1,B03,7,6,1,8,2,5,,11,11,1,12,4,120.721011,24.169911,2
4408,66000,387130000C,(04)23274275,(04)23288582,2025,11,12,9,53,臺中市,霧峰區,0,1,0,7,2,6,30,3,1,1,5,4,6,6,4,4,10,5,5,2,11,3,10,3,1,B03,7,6,1,8,2,4,,84,84,1,13,4,120.713932,24.073127,2
4409,66000,387130000C,(04)23274275,(04)23288582,2025,11,12,10,1,臺中市,豐原區,0,1,0,6,2,6,50,13,7,1,5,4,6,6,4,4,9,5,4,2,17,3,10,3,1,B03,7,1,1,8,2,8,,51,51,1,13,4,120.733635,24.25474,2
4410,66000,387130000C,(04)23274275,(04)23288582,2025,11,12,10,15,臺中市,后里區,0,0,0,5,3,6,50,5,9,1,4,4,6,6,1,1,5,5,5,1,12,3,10,1,1,C03,7,9,1,10,2,14,,8,8,1,6,4,120.709795,24.303943,3
4411,66000,387130000C,(04)23274275,(04)23288582,2025,11,12,10,18,臺中市,西屯區,0,1,0,6,2,6,50,3,1,1,5,4,6,6,4,4,10,5,5,2,16,2,9,1,1,C03,7,9,1,10,2,14,,84,84,1,13,4,120.620523,24.186166,2
4412,66000,387130000C,(04)23274275,(04)23288582,2025,11,12,10,22,臺中市,西屯區,0,0,0,7,,,50,,,,,,,,,,,,,,12,,,,,B13,,,1,,1,,,8,8,1,13,4,120.637554,24.163424,3
4413,66000,387130000C,(04)23274275,(04)23288582,2025,11,12,10,25,臺中市,沙鹿區,0,1,0,7,2,6,40,4,1,1,4,4,6,6,1,1,10,5,5,2,15,2,9,1,1,F03,7,9,7,21,2,12,,21,21,1,6,4,120.562433,24.240496,2
4414,66000,387130000C,(04)23274275,(04)23288582,2025,11,12,10,32,臺中市,北屯區,0,1,0,6,2,6,50,3,2,1,5,4,6,6,4,4,5,5,5,2,16,3,10,1,1,C03,7,6,1,10,2,11,,48,48,1,6,4,120.688843,24.172908,2
4415,66000,387130000C,(04)23274275,(04)23288582,2025,11,12,10,38,臺中市,北區,0,2,0,6,3,6,50,4,2,1,5,4,6,6,4,4,5,5,5,2,16,2,9,5,4,C03,7,6,1,10,2,12,,14,14,1,13,4,120.678527,24.16228,2
4416,66000,387130000C,(04)23274275,(04)23288582,2025,11,12,10,40,臺中市,大雅區,0,0,0,5,,,30,,,,,,,,,,,,,,,,,,,B03,,,1,,1,,,84,84,1,13,4,120.635351,24.21927,3
4417,66000,387130000C,(04)23274275,(04)23288582,2025,11,12,10,54,臺中市,西屯區,0,0,0,7,,,50,,,,,,,,,,,,,,16,,,,,B03,,,1,,1,,,11,11,1,12,4,120.625026,24.180767,3
4418,66000,387130000C,(04)23274275,(04)23288582,2025,11,12,10,54,臺中市,大安區,0,0,0,5,,,50,,,,,,,,,,,,,,,,,,,B12,,,1,,2,,,8,8,1,6,4,120.603251,24.360615,3
4419,66000,387130000C,(04)23274275,(04)23288582,2025,11,12,10,57,臺中市,豐原區,0,1,0,6,2,6,50,5,1,1,5,4,6,6,1,1,10,5,5,2,17,3,10,3,1,B03,7,5,1,8,2,2,,47,47,1,13,4,120.735912,24.260557,2
4420,66000,387130000C,(04)23274275,(04)23288582,2025,11,12,11,0,臺中市,南區,0,0,0,7,,,50,,,,,,,,,,,,,,,,,,,B03,,,1,,2,,,39,39,1,12,4,120.649915,24.116317,3
4421,66000,387130000C,(04)23274275,(04)23288582,2025,11,12,11,2,臺中市,東勢區,0,1,0,6,2,6,50,13,9,1,5,4,6,6,4,4,5,5,4,2,9,2,9,6,5,H01,8,17,7,21,2,16,,109,109,1,13,5,120.828753,24.255711,2
4422,66000,387130000C,(04)23274275,(04)23288582,2025,11,12,11,5,臺中市,大里區,0,0,0,7,3,3,80,11,9,1,5,4,6,6,4,4,1,3,5,2,17,,,,,A41,,,1,,2,,,90,90,1,12,4,120.700747,24.120715,3
4423,66000,387130000C,(04)23274275,(04)23288582,2025,11,12,11,10,臺中市,大雅區,0,0,0,5,,,50,,,,,,,,,,,,,,,,,,,B02,,,1,,2,,,50,50,1,12,4,120.647245,24.229333,3
4424,66000,387130000C,(04)23274275,(04)23288582,2025,11,12,11,10,臺中市,豐原區,0,2,0,6,2,6,50,13,7,1,5,4,6,6,4,4,5,5,4,2,16,2,9,1,1,C04,7,8,1,10,2,14,14,40,40,1,13,4,120.720973,24.252087,2
4425,66000,387130000C,(04)23274275,(04)23288582,2025,11,12,11,14,臺中市,潭子區,0,1,0,7,3,6,30,4,1,1,5,4,6,6,3,1,10,5,5,2,15,3,10,3,1,B03,7,9,1,8,2,1,,24,24,1,13,4,120.6863,24.216039,2
4426,66000,387130000C,(04)23274275,(04)23288582,2025,11,12,11,16,臺中市,烏日區,0,1,0,6,3,6,30,13,24,1,5,4,6,6,4,4,10,4,4,2,12,3,10,3,1,B03,7,1,1,8,2,8,,51,51,1,6,4,120.616376,24.110993,2
4427,66000,387130000C,(04)23274275,(04)23288582,2025,11,12,11,18,臺中市,北區,0,1,0,7,2,6,50,4,2,1,5,4,6,6,1,1,5,4,4,2,12,2,9,1,1,C03,7,8,1,10,2,14,,40,40,1,12,4,120.679965,24.152368,2
4428,66000,387130000C,(04)23274275,(04)23288582,2025,11,12,11,18,臺中市,東區,0,0,0,7,,,50,,,,,,,,,,,,,,13,,,,,B03,,,1,,1,,,50,50,1,13,4,120.686967,24.133052,3
4429,66000,387130000C,(04)23274275,(04)23288582,2025,11,12,11,18,臺中市,梧棲區,0,1,0,5,2,6,50,4,1,1,4,4,6,6,1,1,10,5,5,2,15,2,9,1,1,C03,7,9,1,10,2,14,,21,21,1,12,4,120.537088,24.242365,2
4430,66000,387130000C,(04)23274275,(04)23288582,2025,11,12,11,20,臺中市,豐原區,0,0,0,6,,,30,,,,,,,,,,,,,,10,,,,,C04,,,1,,2,,,41,41,1,13,4,120.723023,24.238115,3
4431,66000,387130000C,(04)23274275,(04)23288582,2025,11,12,11,23,臺中市,北屯區,0,0,0,7,,,50,,,,,,,,,,,,,,12,,,,,C03,,,1,,1,,,11,11,1,12,4,120.69772,24.170272,3
4432,66000,387130000C,(04)23274275,(04)23288582,2025,11,12,11,24,臺中市,北屯區,0,2,0,6,3,6,50,4,1,1,5,4,6,6,4,4,10,5,5,2,15,2,9,2,1,C03,7,9,1,10,2,11,,15,15,1,12,4,120.708472,24.175351,2
4433,66000,387130000C,(04)23274275,(04)23288582,2025,11,12,11,25,臺中市,西屯區,0,1,0,7,2,6,50,4,9,1,5,4,6,6,1,1,5,4,5,2,16,3,10,5,4,C03,7,9,1,10,2,14,,59,59,1,12,4,120.645068,24.18061,2
4434,66000,387130000C,(04)23274275,(04)23288582,2025,11,12,11,26,臺中市,南屯區,0,1,0,1,2,6,50,4,2,1,5,4,6,6,2,1,5,4,5,2,12,2,9,2,1,C03,7,8,1,10,2,11,,40,40,1,12,4,120.651178,24.136301,2
4435,66000,387130000C,(04)23274275,(04)23288582,2025,11,12,11,26,臺中市,太平區,0,1,0,7,2,6,50,5,1,1,5,4,6,6,2,1,10,5,5,2,16,3,10,3,1,B03,7,5,1,8,2,2,,47,47,1,12,4,120.724544,24.149617,2
4436,66000,387130000C,(04)23274275,(04)23288582,2025,11,12,11,27,臺中市,太平區,0,1,0,7,2,6,30,13,9,1,5,4,6,6,4,4,10,5,5,2,11,3,10,3,1,B12,7,9,1,8,2,8,,41,41,1,12,4,120.729711,24.140475,2
4437,66000,387130000C,(04)23274275,(04)23288582,2025,11,12,11,29,臺中市,中區,0,1,0,7,2,6,50,4,1,1,5,4,6,6,1,1,10,5,5,2,17,3,10,3,1,B03,7,6,1,8,2,1,,11,11,1,12,4,120.683678,24.141513,2
4438,66000,387130000C,(04)23274275,(04)23288582,2025,11,12,11,29,臺中市,西屯區,0,1,0,6,2,6,50,4,1,1,5,4,6,6,2,1,10,5,5,2,16,3,10,5,4,B03,7,5,1,8,2,2,,11,11,1,13,4,120.661908,24.170099,2
4439,66000,387130000C,(04)23274275,(04)23288582,2025,11,12,11,30,臺中市,東區,0,1,0,7,1,6,50,4,1,1,5,4,6,6,1,1,10,5,5,2,17,2,9,5,4,C03,7,9,1,10,2,12,,21,21,1,12,4,120.689699,24.1328,2
4440,66000,387130000C,(04)23274275,(04)23288582,2025,11,12,11,37,臺中市,南屯區,0,1,0,7,2,6,50,4,1,1,5,4,6,6,2,1,5,5,5,2,17,3,10,1,1,C03,7,9,1,10,2,16,,84,84,1,6,4,120.649824,24.153666,2
4441,66000,387130000C,(04)23274275,(04)23288582,2025,11,12,11,41,臺中市,大里區,0,1,0,6,3,6,50,4,1,1,5,4,6,6,1,1,10,5,5,2,16,2,9,1,1,C03,7,6,1,10,2,14,,65,65,1,12,4,120.697902,24.089992,2
4442,66000,387130000C,(04)23274275,(04)23288582,2025,11,12,11,41,臺中市,龍井區,0,1,0,5,2,6,40,11,7,1,4,4,6,6,4,4,8,5,5,1,18,2,9,2,1,C03,7,9,1,10,2,12,,87,87,1,6,4,120.555963,24.187903,2
4443,66000,387130000C,(04)23274275,(04)23288582,2025,11,12,11,45,臺中市,大雅區,0,0,0,5,,,60,,,,,,,,,,,,,,,,,,,B03,,,1,,1,,,7,7,1,13,4,120.646645,24.222651,3
4444,66000,387130000C,(04)23274275,(04)23288582,2025,11,12,11,46,臺中市,潭子區,0,1,0,6,3,6,50,4,1,1,5,4,6,6,1,1,5,4,5,1,17,3,10,3,1,B03,7,1,1,8,2,8,,51,51,1,13,4,120.700616,24.214152,2
4445,66000,387130000C,(04)23274275,(04)23288582,2025,11,12,11,50,臺中市,大肚區,0,1,0,5,3,6,50,13,7,1,4,4,6,6,4,4,10,5,5,1,13,2,8,3,1,B03,7,14,1,8,2,1,,59,59,1,6,4,120.560103,24.126169,2
4446,66000,387130000C,(04)23274275,(04)23288582,2025,11,12,11,50,臺中市,大甲區,0,0,0,7,,,50,,,,,,,,,,,,,,17,,,,,B03,,,1,,2,,,84,84,1,12,4,120.617394,24.350307,3
4447,66000,387130000C,(04)23274275,(04)23288582,2025,11,12,11,51,臺中市,西區,0,0,0,7,,,50,,,,,,,,,,,,,,13,,,,,B03,,,1,,1,,,7,7,1,12,4,120.653827,24.155642,3
4448,66000,387130000C,(04)23274275,(04)23288582,2025,11,12,11,54,臺中市,北屯區,0,0,0,6,,,50,,,,,,,,,,,,,,16,,,,,B03,,,1,,1,,,40,40,1,12,4,120.694058,24.164538,3
4449,66000,387130000C,(04)23274275,(04)23288582,2025,11,12,11,58,臺中市,沙鹿區,0,1,0,5,3,6,50,4,2,1,4,4,6,6,2,1,1,4,1,2,18,2,9,5,4,C03,7,9,1,10,2,14,,82,82,1,12,4,120.570681,24.216519,2
4450,66000,387130000C,(04)23274275,(04)23288582,2025,11,12,12,0,臺中市,北區,0,0,0,7,2,6,50,4,1,1,5,4,6,6,1,1,1,4,5,2,15,3,10,3,1,B03,7,9,1,8,1,2,,21,21,1,12,4,120.67636,24.15722,3
4451,66000,387130000C,(04)23274275,(04)23288582,2025,11,12,12,3,臺中市,中區,0,0,0,7,,,50,,,,,,,,,,,,,,,,,,,B03,,,1,,1,,,48,48,1,12,4,120.681602,24.143101,3
4452,66000,387130000C,(04)23274275,(04)23288582,2025,11,12,12,6,臺中市,大雅區,0,0,0,5,,,30,,,,,,,,,,,,,,,,,,,C03,,,1,,2,,,85,85,1,13,4,120.649779,24.222567,3
4453,66000,387130000C,(04)23274275,(04)23288582,2025,11,12,12,6,臺中市,東勢區,0,0,0,7,,,50,,,,,,,,,,,,,,,,,,,D03,,,1,,2,,,84,84,1,12,4,120.827066,24.260098,3
4454,66000,387130000C,(04)23274275,(04)23288582,2025,11,12,12,9,臺中市,霧峰區,0,2,0,6,2,6,30,5,1,1,5,4,6,6,4,4,5,4,4,1,15,2,8,1,1,C03,7,9,1,10,2,11,,12,12,1,12,4,120.698858,24.066204,2
4455,66000,387130000C,(04)23274275,(04)23288582,2025,11,12,12,10,臺中市,北屯區,0,1,0,7,3,6,50,4,1,1,5,4,6,6,1,1,10,5,5,2,16,3,10,1,1,C03,7,5,1,10,2,12,,22,22,1,12,4,120.695377,24.164938,2
4456,66000,387130000C,(04)23274275,(04)23288582,2025,11,12,12,14,臺中市,西屯區,0,2,0,7,2,6,50,13,9,1,5,4,6,6,4,4,4,5,5,2,16,3,10,5,4,B03,7,1,1,8,2,8,,20,20,1,13,4,120.612467,24.191768,2
4457,66000,387130000C,(04)23274275,(04)23288582,2025,11,12,12,15,臺中市,北區,0,1,0,7,3,6,50,5,2,1,5,4,6,6,1,1,5,4,5,2,12,2,9,5,4,C03,7,6,1,10,11,13,,54,54,1,13,4,120.678687,24.159177,2
4458,66000,387130000C,(04)23274275,(04)23288582,2025,11,12,12,20,臺中市,西區,0,0,0,7,,,50,,,,,,,,,,,,,,,,,,,B02,,,1,,2,,,51,51,1,12,4,120.671102,24.137894,3
4459,66000,387130000C,(04)23274275,(04)23288582,2025,11,12,12,26,臺中市,烏日區,0,0,0,6,2,6,40,13,9,1,5,4,6,6,4,4,10,5,5,1,11,3,10,3,1,B03,7,9,1,8,2,8,,8,8,1,6,4,120.640763,24.100184,3
4460,66000,387130000C,(04)23274275,(04)23288582,2025,11,12,12,40,臺中市,南區,0,0,0,7,,,50,,,,,,,,,,,,,,17,,,,,B12,,,1,,2,,,84,84,1,12,4,120.669345,24.119166,3
4461,66000,387130000C,(04)23274275,(04)23288582,2025,11,12,12,43,臺中市,南屯區,0,0,0,7,,,50,,,,,,,,,,,,,,19,,,,,B03,,,1,,2,,,84,84,1,12,4,120.63646,24.129052,3
4462,66000,387130000C,(04)23274275,(04)23288582,2025,11,12,12,45,臺中市,清水區,0,0,0,7,2,6,50,13,14,1,5,4,6,6,4,4,8,3,4,1,12,,,,,B03,,,1,,1,,,8,8,1,12,4,120.569509,24.274157,3
4463,66000,387130000C,(04)23274275,(04)23288582,2025,11,12,12,47,臺中市,北屯區,0,0,0,7,,,50,,,,,,,,,,,,,,16,,,,,B03,,,1,,2,,,11,11,1,12,4,120.693927,24.201294,3
4464,66000,387130000C,(04)23274275,(04)23288582,2025,11,12,12,53,臺中市,北屯區,0,0,0,7,,,50,,,,,,,,,,,,,,17,,,,,B03,,,1,,1,,,58,58,1,6,4,120.718695,24.172536,3
4465,66000,387130000C,(04)23274275,(04)23288582,2025,11,12,12,57,臺中市,北區,0,1,0,7,2,6,60,13,7,1,5,4,6,6,4,4,1,4,4,2,13,3,10,3,1,B03,7,9,1,8,2,1,,7,7,1,12,4,120.664522,24.154488,2
4466,66000,387130000C,(04)23274275,(04)23288582,2025,11,12,13,10,臺中市,西屯區,0,0,0,7,,,50,,,,,,,,,,,,,,13,,,,,C03,,,1,,1,,,35,35,1,12,4,120.637445,24.178826,3
4467,66000,387130000C,(04)23274275,(04)23288582,2025,11,12,13,13,臺中市,西屯區,0,0,0,7,,,40,,,,,,,,,,,,,,12,,,,,B03,,,1,,1,,,8,8,1,12,4,120.658362,24.19488,3
4468,66000,387130000C,(04)23274275,(04)23288582,2025,11,12,13,30,臺中市,北區,0,0,0,7,2,6,50,4,9,1,5,4,6,6,1,1,5,5,5,2,13,3,10,3,1,B03,7,9,1,8,2,1,,84,84,1,12,4,120.679994,24.158186,3
4469,66000,387130000C,(04)23274275,(04)23288582,2025,11,12,13,35,臺中市,北屯區,0,0,0,7,,,50,,,,,,,,,,,,,,17,,,,,B03,,,5,,1,,,84,84,1,6,4,120.680009,24.200821,3
4470,66000,387130000C,(04)23274275,(04)23288582,2025,11,12,13,47,臺中市,大肚區,0,0,0,6,,,50,,,,,,,,,,,,,,13,,,,,B03,,,3,,2,,,7,7,1,6,4,120.576273,24.119094,3
4471,66000,387130000C,(04)23274275,(04)23288582,2025,11,12,13,50,臺中市,東區,0,0,0,7,,,50,,,,,,,,,,,,,,13,,,,,B03,,,1,,2,,,84,84,1,12,4,120.693059,24.134766,3
4472,66000,387130000C,(04)23274275,(04)23288582,2025,11,12,13,50,臺中市,霧峰區,0,1,0,7,2,6,50,13,9,1,5,4,6,6,1,1,5,5,5,1,17,3,10,3,1,B03,7,1,1,8,2,8,,51,51,1,13,4,120.686579,24.053607,2
4473,66000,387130000C,(04)23274275,(04)23288582,2025,11,12,13,57,臺中市,北區,0,0,0,7,,,50,,,,,,,,,,,,,,,,,,,B03,,,1,,1,,,21,21,1,12,4,120.691825,24.160146,3
4474,66000,387130000C,(04)23274275,(04)23288582,2025,11,12,13,57,臺中市,豐原區,0,0,0,7,,,30,,,,,,,,,,,,,,,,,,,C03,,,1,,2,,,6,6,1,13,4,120.708606,24.239433,3
4475,66000,387130000C,(04)23274275,(04)23288582,2025,11,12,14,3,臺中市,北屯區,0,0,0,7,,,50,,,,,,,,,,,,,,12,,,,,B03,,,1,,1,,,39,39,1,12,4,120.659684,24.192971,3
4476,66000,387130000C,(04)23274275,(04)23288582,2025,11,12,14,5,臺中市,大甲區,0,0,0,7,,,60,,,,,,,,,,,,,,17,,,,,B03,,,1,,2,,,8,8,1,6,4,120.617324,24.350622,3
4477,66000,387130000C,(04)23274275,(04)23288582,2025,11,12,14,9,臺中市,太平區,0,0,0,7,,,50,,,,,,,,,,,,,,9,,,,,B03,,,1,,2,,,1,1,1,12,4,120.739576,24.131233,3
4478,66000,387130000C,(04)23274275,(04)23288582,2025,11,12,14,23,臺中市,西屯區,0,1,0,7,2,6,50,3,3,1,5,4,6,6,4,4,5,5,5,2,13,2,7,1,1,C03,7,9,1,10,2,11,,7,7,1,13,4,120.65904,24.166231,2
4479,66000,387130000C,(04)23274275,(04)23288582,2025,11,12,14,23,臺中市,沙鹿區,0,1,0,5,2,6,30,11,9,1,4,4,6,6,4,4,10,5,5,2,18,2,9,1,1,C03,7,9,1,10,2,12,,59,59,1,6,4,120.566651,24.247203,2
4480,66000,387130000C,(04)23274275,(04)23288582,2025,11,12,14,25,臺中市,太平區,0,0,0,7,,,50,,,,,,,,,,,,,,14,,,,,C03,,,1,,2,,,49,49,1,13,4,120.734372,24.121537,3
4481,66000,387130000C,(04)23274275,(04)23288582,2025,11,12,14,45,臺中市,西區,0,0,0,7,,,50,,,,,,,,,,,,,,,,,,,B03,,,1,,2,,,49,49,1,12,4,120.664087,24.146091,3
4482,66000,387130000C,(04)23274275,(04)23288582,2025,11,12,14,46,臺中市,清水區,0,1,0,6,3,6,50,13,8,1,5,4,6,6,4,4,5,5,4,2,17,2,8,2,1,F03,7,15,7,21,8,11,,35,35,1,12,4,120.569697,24.279318,2
4483,66000,387130000C,(04)23274275,(04)23288582,2025,11,12,14,47,臺中市,南屯區,0,0,0,7,,,50,,,,,,,,,,,,,,14,,,,,B03,,,1,,1,,,49,49,1,6,4,120.644459,24.150674,3
4484,66000,387130000C,(04)23274275,(04)23288582,2025,11,12,14,55,臺中市,梧棲區,0,1,0,1,3,6,50,13,8,1,5,4,6,6,4,4,1,4,4,2,17,2,9,1,1,C03,7,9,1,10,2,11,,87,87,1,6,4,120.533882,24.266237,2
4485,66000,387130000C,(04)23274275,(04)23288582,2025,11,12,15,5,臺中市,大里區,0,0,0,7,,,30,,,,,,,,,,,,,,,,,,,B03,,,1,,1,,,14,14,1,12,4,120.702251,24.091168,3
4486,66000,387130000C,(04)23274275,(04)23288582,2025,11,12,15,8,臺中市,沙鹿區,0,1,0,7,2,6,50,11,9,1,5,4,6,6,4,4,9,5,5,1,17,2,7,3,1,B02,7,1,1,8,2,8,,51,51,1,6,4,120.562474,24.206375,2
4487,66000,387130000C,(04)23274275,(04)23288582,2025,11,12,15,10,臺中市,烏日區,0,1,0,7,2,6,50,13,8,1,5,4,6,6,4,4,5,5,4,2,18,2,9,2,1,C03,7,9,1,10,2,12,,59,59,1,6,4,120.600633,24.111793,2
4488,66000,387130000C,(04)23274275,(04)23288582,2025,11,12,15,24,臺中市,梧棲區,0,0,0,7,,,50,,,,,,,,,,,,,,14,,,,,B03,,,1,,2,,,48,48,1,6,4,120.537174,24.243129,3
4489,66000,387130000C,(04)23274275,(04)23288582,2025,11,12,15,30,臺中市,大雅區,0,0,0,7,,,50,,,,,,,,,,,,,,,,,,,B03,,,1,,2,,,51,51,1,13,4,120.652885,24.228421,3
4490,66000,387130000C,(04)23274275,(04)23288582,2025,11,12,15,36,臺中市,南屯區,0,2,0,7,3,6,50,13,9,1,5,4,6,6,1,1,5,5,5,2,13,3,10,3,1,B03,7,9,1,8,2,1,,84,84,1,13,4,120.646079,24.132043,2
4491,66000,387130000C,(04)23274275,(04)23288582,2025,11,12,15,38,臺中市,豐原區,0,1,0,6,2,6,30,3,1,1,5,4,6,6,4,4,10,5,5,2,17,3,10,5,4,B03,7,5,1,8,2,8,,14,14,1,12,4,120.728546,24.248807,2
4492,66000,387130000C,(04)23274275,(04)23288582,2025,11,12,15,41,臺中市,北區,0,3,0,6,2,6,30,4,19,1,5,4,6,6,4,4,10,5,5,2,3,2,9,5,4,C03,7,9,1,10,2,11,,10,10,1,13,4,120.685224,24.149417,2
4493,66000,387130000C,(04)23274275,(04)23288582,2025,11,12,15,43,臺中市,大里區,0,0,0,7,,,50,,,,,,,,,,,,,,,,,,,B03,,,1,,2,,,84,84,1,6,4,120.699295,24.098364,3
4494,66000,387130000C,(04)23274275,(04)23288582,2025,11,12,15,43,臺中市,大甲區,0,0,0,6,,,50,,,,,,,,,,,,,,,,,,,B03,,,1,,1,,,49,49,1,6,4,120.618186,24.352555,3
4495,66000,387130000C,(04)23274275,(04)23288582,2025,11,12,15,44,臺中市,東區,0,0,0,7,,,50,,,,,,,,,,,,,,13,,,,,C03,,,1,,1,,,84,84,1,12,4,120.683774,24.134894,3
4496,66000,387130000C,(04)23274275,(04)23288582,2025,11,12,15,49,臺中市,北區,0,0,0,7,3,6,50,4,1,1,5,4,6,6,2,1,10,5,5,2,17,,,,,A04,,,1,,1,,,47,47,1,13,4,120.682673,24.145961,3
4497,66000,387130000C,(04)23274275,(04)23288582,2025,11,12,15,52,臺中市,大肚區,0,2,0,7,3,6,30,5,1,1,5,4,6,6,4,4,10,5,5,2,12,2,8,2,1,C03,7,8,1,10,2,12,,40,40,1,6,4,120.574473,24.122103,2
4498,66000,387130000C,(04)23274275,(04)23288582,2025,11,12,15,53,臺中市,西屯區,0,0,0,7,,,50,,,,,,,,,,,,,,,,,,,B03,,,1,,2,,,49,49,1,12,4,120.611283,24.192014,3
4499,66000,387130000C,(04)23274275,(04)23288582,2025,11,12,15,59,臺中市,西屯區,0,0,0,6,,,50,,,,,,,,,,,,,,13,,,,,B03,,,5,,9,,,59,59,1,12,4,120.663982,24.1667,3