序號,縣市別代碼,機關代碼,市話,傳真,年,月,日,時,分,縣市,區,死亡數量,受傷數量,2-30,天候,道路照明設備,道路類別,道路速限,道路型態,事故位置,路面鋪裝,路面狀態,路面缺陷,障礙物,視距,號誌種類,號誌動作,分向設施,快車道或一般車道間,快慢車道間,路面邊線,事故類型及型態,受傷程度,主要傷處,保護裝備,行動電話或功能裝置,當事者區分(類別),車輛用途,當事者行動狀態,駕照狀態,駕照種類,飲酒情形,車輛撞擊部位最初,車輛撞擊部位其他,肇事因素個別,肇事因素主要,肇事逃逸,職業,共享經濟或外送平台,GPS座標X,GPS座標Y,事故類別
4500,66000,387130000C,(04)23274275,(04)23288582,2025,11,12,16,3,臺中市,北屯區,0,3,0,7,3,6,50,4,1,1,5,4,6,6,1,1,10,5,5,2,18,3,10,1,1,C03,7,9,1,10,2,14,,70,70,1,6,4,120.719475,24.163003,2
4501,66000,387130000C,(04)23274275,(04)23288582,2025,11,12,16,3,臺中市,西屯區,0,0,0,7,,,40,,,,,,,,,,,,,,17,,,,,C03,,,1,,2,,,59,59,1,13,4,120.647276,24.17061,3
4502,66000,387130000C,(04)23274275,(04)23288582,2025,11,12,16,10,臺中市,霧峰區,0,1,0,6,1,6,50,13,9,1,5,4,6,6,4,4,5,4,5,1,17,2,9,1,1,C03,7,9,1,10,2,12,,84,84,1,13,4,120.678906,24.06389,2
4503,66000,387130000C,(04)23274275,(04)23288582,2025,11,12,16,10,臺中市,大里區,0,0,0,7,,,50,,,,,,,,,,,,,,13,,,,,C03,,,1,,2,,,7,7,1,5,4,120.686974,24.095338,3
4504,66000,387130000C,(04)23274275,(04)23288582,2025,11,12,16,18,臺中市,大里區,0,3,0,7,2,6,50,3,1,1,5,4,6,6,1,1,10,5,5,2,17,2,9,1,1,C03,7,6,1,10,2,14,,48,48,1,12,4,120.678202,24.099417,2
4505,66000,387130000C,(04)23274275,(04)23288582,2025,11,12,16,30,臺中市,豐原區,0,1,0,6,1,6,50,4,1,1,5,4,6,6,1,1,5,4,4,2,17,2,9,1,1,C03,7,6,1,10,2,11,,11,11,1,6,4,120.720033,24.262173,2
4506,66000,387130000C,(04)23274275,(04)23288582,2025,11,12,16,38,臺中市,南屯區,0,0,0,7,,,40,,,,,,,,,,,,,,15,,,,,B03,,,1,,1,,,12,12,1,12,4,120.650719,24.133334,3
4507,66000,387130000C,(04)23274275,(04)23288582,2025,11,12,16,40,臺中市,西區,0,1,0,7,2,6,50,13,9,1,5,4,6,6,4,4,5,5,5,1,17,2,9,2,1,C03,7,6,1,10,2,12,,4,4,1,12,4,120.661664,24.14863,2
4508,66000,387130000C,(04)23274275,(04)23288582,2025,11,12,16,42,臺中市,大雅區,0,2,0,7,3,6,50,13,9,1,5,4,6,6,4,4,5,2,5,2,6,2,9,1,1,C03,7,9,1,10,2,11,,84,84,1,12,4,120.6506,24.223324,2
4509,66000,387130000C,(04)23274275,(04)23288582,2025,11,12,16,43,臺中市,東區,0,1,0,6,2,6,50,4,1,1,5,4,6,6,2,1,10,5,5,2,17,3,10,1,1,C03,7,9,1,10,2,12,,85,85,1,12,4,120.697152,24.135415,2
4510,66000,387130000C,(04)23274275,(04)23288582,2025,11,12,16,46,臺中市,大安區,0,0,0,7,,,30,,,,,,,,,,,,,,1,,,,,F01,,,7,,2,,,84,84,1,12,4,120.589318,24.383724,3
4511,66000,387130000C,(04)23274275,(04)23288582,2025,11,12,16,47,臺中市,北屯區,0,0,0,7,,,50,,,,,,,,,,,,,,17,,,,,,,,,,,,,119,119,1,,,120.690423,24.176954,3
4512,66000,387130000C,(04)23274275,(04)23288582,2025,11,12,16,49,臺中市,南區,0,0,0,7,,,50,,,,,,,,,,,,,,,,,,,B02,,,1,,1,,,49,49,1,6,4,120.664802,24.122942,3
4513,66000,387130000C,(04)23274275,(04)23288582,2025,11,12,16,55,臺中市,北屯區,0,0,0,7,,,50,,,,,,,,,,,,,,,,,,,B03,,,1,,1,,,56,56,1,6,4,120.671828,24.174117,3
4514,66000,387130000C,(04)23274275,(04)23288582,2025,11,12,16,55,臺中市,烏日區,0,0,0,7,,,30,,,,,,,,,,,,,,,,,,,B03,,,1,,1,,,12,12,1,6,4,120.624485,24.103682,3
4515,66000,387130000C,(04)23274275,(04)23288582,2025,11,12,16,56,臺中市,大雅區,0,1,0,6,2,6,50,4,1,1,5,4,6,6,1,1,10,4,5,1,17,3,10,1,1,C03,7,9,1,10,2,11,,84,84,1,12,4,120.645032,24.222727,2
4516,66000,387130000C,(04)23274275,(04)23288582,2025,11,12,17,5,臺中市,北屯區,0,0,0,7,,,50,,,,,,,,,,,,,,12,,,,,B12,,,1,,2,,,85,85,1,12,4,120.673786,24.174055,3
4517,66000,387130000C,(04)23274275,(04)23288582,2025,11,12,17,10,臺中市,霧峰區,0,0,0,7,,,30,,,,,,,,,,,,,,,,,,,B03,,,1,,1,,,49,49,1,12,4,120.688274,24.044739,3
4518,66000,387130000C,(04)23274275,(04)23288582,2025,11,12,17,11,臺中市,北屯區,0,2,0,7,1,6,30,13,9,1,5,4,6,6,4,4,10,5,5,2,18,2,9,2,1,C03,7,9,1,10,2,12,,90,90,1,12,4,120.685154,24.194568,2
4519,66000,387130000C,(04)23274275,(04)23288582,2025,11,12,17,21,臺中市,大里區,0,1,0,7,1,6,50,13,9,1,5,4,6,6,4,4,5,5,5,1,17,3,10,3,1,B03,7,9,1,8,2,2,,84,84,1,6,4,120.674843,24.107065,2
4520,66000,387130000C,(04)23274275,(04)23288582,2025,11,12,17,26,臺中市,龍井區,0,0,0,7,,,60,,,,,,,,,,,,,,,,,,,B03,,,1,,1,,,7,7,1,12,4,120.573422,24.185409,3
4521,66000,387130000C,(04)23274275,(04)23288582,2025,11,12,17,31,臺中市,西區,0,1,0,7,1,6,50,4,1,1,5,4,6,6,1,1,10,5,5,2,17,2,9,2,1,C03,7,9,1,10,2,11,,84,84,1,12,4,120.671247,24.145505,2
4522,66000,387130000C,(04)23274275,(04)23288582,2025,11,12,17,31,臺中市,西屯區,0,0,0,7,,,50,,,,,,,,,,,,,,13,,,,,B03,,,1,,1,,,59,59,1,12,4,120.610629,24.189895,3
4523,66000,387130000C,(04)23274275,(04)23288582,2025,11,12,17,35,臺中市,大肚區,0,1,0,7,3,6,50,13,9,1,5,4,6,6,4,4,5,5,5,1,13,3,10,3,1,B03,7,9,1,8,2,1,,59,59,1,6,4,120.583347,24.112503,2
4524,66000,387130000C,(04)23274275,(04)23288582,2025,11,12,17,38,臺中市,太平區,0,1,0,7,1,6,50,13,9,1,5,4,6,6,4,4,9,5,5,2,3,2,9,6,5,H01,8,18,7,21,10,17,,98,98,1,12,5,120.7207,24.151364,2
4525,66000,387130000C,(04)23274275,(04)23288582,2025,11,12,17,39,臺中市,沙鹿區,0,1,0,6,2,6,40,13,8,1,5,4,6,6,1,1,1,4,4,1,13,2,8,1,1,C03,7,9,1,10,2,11,,7,7,1,6,4,120.569369,24.237892,2
4526,66000,387130000C,(04)23274275,(04)23288582,2025,11,12,17,50,臺中市,霧峰區,0,2,0,6,1,6,50,13,8,1,5,4,6,6,4,4,3,4,4,2,17,2,9,2,1,F03,7,3,7,21,2,12,,84,84,1,13,4,120.695426,24.071619,2
4527,66000,387130000C,(04)23274275,(04)23288582,2025,11,12,17,50,臺中市,烏日區,0,0,0,6,1,6,70,13,7,1,5,4,6,6,1,1,1,4,4,1,12,3,10,3,1,B12,7,7,1,7,1,5,,40,40,1,6,4,120.609017,24.108018,3
4528,66000,387130000C,(04)23274275,(04)23288582,2025,11,12,17,51,臺中市,太平區,0,0,0,6,,,50,,,,,,,,,,,,,,13,,,,,A11,,,1,,2,,,7,7,1,12,4,120.713251,24.131667,3
4529,66000,387130000C,(04)23274275,(04)23288582,2025,11,12,18,0,臺中市,大雅區,0,2,0,7,3,6,50,13,9,1,4,4,6,6,3,1,5,5,5,1,13,2,9,1,1,C03,7,9,1,10,2,12,,84,84,1,12,4,120.650838,24.218423,2
4530,66000,387130000C,(04)23274275,(04)23288582,2025,11,12,18,0,臺中市,北屯區,0,0,0,7,,,40,,,,,,,,,,,,,,13,,,,,C03,,,5,,2,,,7,7,1,6,4,120.666647,24.181196,3
4531,66000,387130000C,(04)23274275,(04)23288582,2025,11,12,18,2,臺中市,后里區,0,0,0,5,1,6,30,13,9,1,4,4,6,6,4,4,10,5,5,2,17,3,10,3,1,B03,7,9,1,8,2,7,,84,84,1,12,4,120.731774,24.307804,3
4532,66000,387130000C,(04)23274275,(04)23288582,2025,11,12,18,3,臺中市,北屯區,0,2,0,6,1,6,50,3,1,1,4,4,6,6,3,1,10,5,5,1,12,2,9,1,1,C03,7,11,3,19,2,14,,42,42,1,6,4,120.707492,24.173539,2
4533,66000,387130000C,(04)23274275,(04)23288582,2025,11,12,18,3,臺中市,龍井區,0,0,0,7,,,50,,,,,,,,,,,,,,,,,,,B03,,,1,,2,,,7,7,1,12,4,120.5926,24.181542,3
4534,66000,387130000C,(04)23274275,(04)23288582,2025,11,12,18,9,臺中市,潭子區,0,1,0,6,1,6,30,3,1,1,5,4,6,6,4,4,10,5,5,1,17,3,10,3,1,B03,7,6,1,8,2,4,,65,65,1,13,4,120.68379,24.229852,2
4535,66000,387130000C,(04)23274275,(04)23288582,2025,11,12,18,9,臺中市,潭子區,0,1,0,6,1,6,50,3,1,1,5,4,6,6,1,1,1,4,4,1,17,3,10,3,1,B03,7,6,1,8,2,5,,11,11,1,13,4,120.702511,24.187087,2
4536,66000,387130000C,(04)23274275,(04)23288582,2025,11,12,18,10,臺中市,西屯區,0,1,0,7,1,6,50,3,1,1,5,4,6,6,4,4,10,5,5,1,16,3,10,3,1,B02,7,11,1,8,2,6,,14,14,1,12,4,120.649501,24.175235,2
4537,66000,387130000C,(04)23274275,(04)23288582,2025,11,12,18,11,臺中市,太平區,0,1,0,7,1,6,50,13,9,1,5,4,6,6,4,4,5,5,5,1,16,3,10,3,1,B03,7,1,1,8,2,8,,51,51,1,13,4,120.727667,24.115013,2
4538,66000,387130000C,(04)23274275,(04)23288582,2025,11,12,18,12,臺中市,西區,0,0,0,6,,,30,,,,,,,,,,,,,,,,,,,B03,,,1,,2,,,8,8,1,12,4,120.671632,24.148157,3
4539,66000,387130000C,(04)23274275,(04)23288582,2025,11,12,18,17,臺中市,豐原區,0,0,0,7,,,40,,,,,,,,,,,,,,17,,,,,B12,,,1,,2,,,84,84,1,13,4,120.733267,24.253167,3
4540,66000,387130000C,(04)23274275,(04)23288582,2025,11,12,18,18,臺中市,神岡區,0,2,0,7,2,6,50,4,1,1,5,4,6,6,1,1,10,5,5,1,16,2,9,5,4,C03,7,6,2,19,2,13,,85,85,1,13,4,120.661408,24.263451,2
4541,66000,387130000C,(04)23274275,(04)23288582,2025,11,12,18,21,臺中市,大雅區,0,1,0,5,3,6,50,3,2,1,4,4,6,6,4,4,5,2,5,1,17,3,10,1,1,C03,7,1,1,10,2,11,,51,51,1,12,4,120.649196,24.225039,2
4542,66000,387130000C,(04)23274275,(04)23288582,2025,11,12,18,23,臺中市,南屯區,0,0,0,7,,,50,,,,,,,,,,,,,,13,,,,,B03,,,1,,1,,,59,59,1,12,4,120.646461,24.130401,3
4543,66000,387130000C,(04)23274275,(04)23288582,2025,11,12,18,28,臺中市,北區,0,0,0,7,,,40,,,,,,,,,,,,,,17,,,,,C03,,,1,,2,,,84,84,1,13,4,120.683859,24.148057,3
4544,66000,387130000C,(04)23274275,(04)23288582,2025,11,12,18,29,臺中市,東勢區,0,0,0,7,,,60,,,,,,,,,,,,,,14,,,,,B03,,,1,,1,,,49,49,1,12,4,120.82922,24.2495,3
4545,66000,387130000C,(04)23274275,(04)23288582,2025,11,12,18,30,臺中市,梧棲區,0,0,0,7,,,50,,,,,,,,,,,,,,17,,,,,A11,,,1,,1,,,8,8,1,6,4,120.529758,24.239565,3
4546,66000,387130000C,(04)23274275,(04)23288582,2025,11,12,18,37,臺中市,東區,0,0,0,7,,,50,,,,,,,,,,,,,,,,,,,B03,,,1,,2,,,7,40,1,12,4,120.698033,24.147964,3
4547,66000,387130000C,(04)23274275,(04)23288582,2025,11,12,18,40,臺中市,豐原區,0,0,0,6,,,50,,,,,,,,,,,,,,13,,,,,B03,,,1,,2,,,7,7,1,12,4,120.74375,24.255571,3
4548,66000,387130000C,(04)23274275,(04)23288582,2025,11,12,18,53,臺中市,烏日區,0,0,0,7,,3,80,,,,,,,,,,,,,,12,,,,,B03,,,1,,2,,,1,1,1,6,4,120.612776,24.10236,3
4549,66000,387130000C,(04)23274275,(04)23288582,2025,11,12,18,54,臺中市,梧棲區,0,0,0,7,,,70,,,,,,,,,,,,,,13,,,,,B03,,,1,,2,,,7,7,1,6,4,120.546577,24.246142,4
4550,66000,387130000C,(04)23274275,(04)23288582,2025,11,12,19,6,臺中市,太平區,0,0,0,7,,,50,,,,,,,,,,,,,,17,,,,,B03,,,1,,2,,,84,84,1,12,4,120.712565,24.149979,3
4551,66000,387130000C,(04)23274275,(04)23288582,2025,11,12,19,12,臺中市,西區,0,0,0,6,,,50,,,,,,,,,,,,,,,,,,,F01,,,1,,1,,,7,7,1,12,4,120.672718,24.131587,3
4552,66000,387130000C,(04)23274275,(04)23288582,2025,11,12,19,14,臺中市,北區,0,0,0,5,,,50,,,,,,,,,,,,,,17,,,,,B03,,,6,,1,,,85,85,1,13,4,120.66444,24.161978,4
4553,66000,387130000C,(04)23274275,(04)23288582,2025,11,12,19,15,臺中市,沙鹿區,0,1,0,6,1,6,50,13,8,1,5,4,6,6,4,4,3,3,3,1,18,2,9,5,4,F03,7,9,7,21,2,14,,84,84,1,13,4,120.562541,24.246533,2
4554,66000,387130000C,(04)23274275,(04)23288582,2025,11,12,19,20,臺中市,大雅區,0,1,0,7,1,6,50,4,1,1,4,4,6,6,1,1,10,5,5,2,12,3,10,5,4,B03,7,5,1,8,2,2,,59,59,1,12,4,120.648676,24.217926,2
4555,66000,387130000C,(04)23274275,(04)23288582,2025,11,12,19,26,臺中市,霧峰區,0,1,0,5,1,6,40,5,1,1,4,4,6,6,4,4,10,5,5,1,17,3,10,1,1,C03,7,6,1,10,2,12,,14,14,1,13,4,120.700395,24.069697,2
4556,66000,387130000C,(04)23274275,(04)23288582,2025,11,12,19,30,臺中市,梧棲區,0,0,0,5,,,70,,,,,,,,,,,,,,23,,,,,B03,,,1,,1,,,59,59,1,6,4,120.518514,24.239334,4
4557,66000,387130000C,(04)23274275,(04)23288582,2025,11,12,19,46,臺中市,龍井區,0,0,0,7,,,50,,,,,,,,,,,,,,,,,,,C03,,,1,,2,,,7,7,1,12,4,120.59168,24.18127,3
4558,66000,387130000C,(04)23274275,(04)23288582,2025,11,12,19,50,臺中市,豐原區,0,0,0,5,,,60,,,,,,,,,,,,,,17,,,,,B03,,,1,,2,,,7,7,1,6,4,120.703258,24.251619,3
4559,66000,387130000C,(04)23274275,(04)23288582,2025,11,12,19,54,臺中市,清水區,0,0,0,5,,,30,,,,,,,,,,,,,,,,,,,B03,,,1,,1,,,8,8,1,12,4,120.577778,24.27034,3
4560,66000,387130000C,(04)23274275,(04)23288582,2025,11,12,20,1,臺中市,北區,0,2,0,6,3,6,50,3,1,1,4,4,6,6,2,1,10,5,5,2,18,2,9,5,4,C03,7,9,1,10,2,12,,85,85,1,13,4,120.688894,24.152943,2
4561,66000,387130000C,(04)23274275,(04)23288582,2025,11,12,20,7,臺中市,西屯區,0,1,0,5,1,6,30,12,9,1,4,4,6,5,4,4,10,5,5,2,17,2,7,1,4,C03,7,9,3,19,2,11,12,83,83,1,12,4,120.598182,24.192852,2
4562,66000,387130000C,(04)23274275,(04)23288582,2025,11,12,20,10,臺中市,東區,0,2,0,7,1,6,50,13,9,1,5,4,6,6,2,1,5,4,5,2,17,2,9,1,1,C03,7,9,2,19,2,14,,84,84,1,12,4,120.694726,24.148044,2
4563,66000,387130000C,(04)23274275,(04)23288582,2025,11,12,20,20,臺中市,南區,0,0,0,7,1,6,50,13,7,1,5,4,6,6,4,4,5,4,5,2,17,3,10,1,1,C03,7,7,1,10,1,14,,84,84,1,12,4,120.670076,24.114792,4
4564,66000,387130000C,(04)23274275,(04)23288582,2025,11,12,20,26,臺中市,北屯區,0,0,0,7,,,50,,,,,,,,,,,,,,17,,,,,C03,,,1,,2,,,84,84,1,6,4,120.685151,24.168833,3
4565,66000,387130000C,(04)23274275,(04)23288582,2025,11,12,20,33,臺中市,北屯區,0,0,0,7,,,50,,,,,,,,,,,,,,13,,,,,C03,,,3,,2,,,85,85,1,12,4,120.672648,24.174234,4
4566,66000,387130000C,(04)23274275,(04)23288582,2025,11,12,20,56,臺中市,北區,0,2,0,7,1,6,50,4,1,1,5,4,6,6,1,1,5,5,5,2,17,3,10,3,1,B03,7,6,1,8,2,5,,11,11,1,10,4,120.669119,24.155327,2
4567,66000,387130000C,(04)23274275,(04)23288582,2025,11,12,21,16,臺中市,太平區,0,1,0,7,1,6,50,13,9,1,5,4,6,6,4,4,5,5,5,1,18,2,9,1,4,C03,7,9,1,10,2,12,,90,90,1,13,4,120.708344,24.116634,2
4568,66000,387130000C,(04)23274275,(04)23288582,2025,11,12,21,17,臺中市,西屯區,0,1,0,6,1,6,50,4,2,1,5,4,6,6,2,1,9,5,5,2,15,3,10,3,1,B03,7,9,1,8,2,1,,84,84,1,12,4,120.666727,24.171788,2
4569,66000,387130000C,(04)23274275,(04)23288582,2025,11,12,21,22,臺中市,北屯區,0,0,0,7,,,50,,,,,,,,,,,,,,17,,,,,B03,,,1,,2,,,50,50,1,6,4,120.685166,24.169677,3
4570,66000,387130000C,(04)23274275,(04)23288582,2025,11,12,21,30,臺中市,南屯區,0,0,0,7,,,50,,,,,,,,,,,,,,12,,,,,B03,,,1,,2,,,8,8,1,12,4,120.639896,24.139446,3
4571,66000,387130000C,(04)23274275,(04)23288582,2025,11,12,21,36,臺中市,太平區,0,2,0,7,1,6,50,13,9,1,5,4,6,6,4,4,5,4,5,1,12,2,9,1,1,C03,7,9,3,19,2,12,,7,7,1,12,4,120.734245,24.143581,2
4572,66000,387130000C,(04)23274275,(04)23288582,2025,11,12,21,41,臺中市,大里區,0,2,0,7,1,6,50,8,12,1,5,4,6,6,4,4,3,4,4,2,17,2,9,1,1,C03,7,9,1,10,2,11,,7,7,1,12,4,120.697434,24.110907,2
4573,66000,387130000C,(04)23274275,(04)23288582,2025,11,12,21,41,臺中市,龍井區,0,0,0,5,,,50,,,,,,,,,,,,,,,,,,,B03,,,1,,6,,,7,7,1,6,4,120.523467,24.198834,3
4574,66000,387130000C,(04)23274275,(04)23288582,2025,11,12,21,43,臺中市,太平區,0,1,0,7,1,6,50,3,1,1,5,4,6,6,4,4,10,5,5,2,13,2,9,1,4,C03,7,9,1,10,2,11,,7,7,1,13,4,120.719942,24.12104,2
4575,66000,387130000C,(04)23274275,(04)23288582,2025,11,12,22,8,臺中市,潭子區,0,0,0,7,,,40,,,,,,,,,,,,,,11,,,,,B03,,,1,,1,,,8,8,1,12,4,120.698346,24.205467,3
4576,66000,387130000C,(04)23274275,(04)23288582,2025,11,12,22,9,臺中市,東區,0,0,0,6,,,50,,,,,,,,,,,,,,,,,,,B02,,,1,,2,,,84,84,1,12,4,120.706366,24.130081,3
4577,66000,387130000C,(04)23274275,(04)23288582,2025,11,12,22,10,臺中市,西區,0,0,0,7,,,50,,,,,,,,,,,,,,12,,,,,B03,,,1,,1,,,40,40,1,12,4,120.658216,24.157996,3
4578,66000,387130000C,(04)23274275,(04)23288582,2025,11,12,22,32,臺中市,后里區,0,1,0,5,1,6,30,13,9,1,4,4,6,6,4,4,10,5,5,2,17,2,9,1,1,C03,7,9,1,10,2,14,,59,59,1,12,4,120.739698,24.322141,2
4579,66000,387130000C,(04)23274275,(04)23288582,2025,11,12,22,33,臺中市,西屯區,0,0,0,5,,,50,,,,,,,,,,,,,,13,,,,,B03,,,1,,1,,,59,59,1,13,4,120.602309,24.182671,3
4580,66000,387130000C,(04)23274275,(04)23288582,2025,11,12,22,41,臺中市,南屯區,0,0,0,5,,,50,,,,,,,,,,,,,,,,,,,B03,,,1,,1,,,40,40,1,13,4,120.620729,24.152109,3
4581,66000,387130000C,(04)23274275,(04)23288582,2025,11,12,23,0,臺中市,南區,0,0,0,5,,,50,,,,,,,,,,,,,,14,,,,,B03,,,1,,2,,,49,49,1,6,4,120.679458,24.128567,3
4582,66000,387130000C,(04)23274275,(04)23288582,2025,11,12,23,1,臺中市,西區,0,2,0,5,1,6,50,13,9,1,4,4,6,6,4,4,5,4,5,2,3,2,9,6,5,H01,8,16,7,21,10,17,,95,95,1,12,5,120.660534,24.146801,2
4583,66000,387130000C,(04)23274275,(04)23288582,2025,11,12,23,5,臺中市,霧峰區,0,0,0,5,,,50,,,,,,,,,,,,,,14,,,,,B03,,,1,,2,,,49,49,1,13,4,120.716889,24.075657,3
4584,66000,387130000C,(04)23274275,(04)23288582,2025,11,12,23,8,臺中市,太平區,0,0,0,5,,,50,,,,,,,,,,,,,,13,,,,,C03,,,1,,2,,,59,59,1,13,4,120.720168,24.114912,3
4585,66000,387130000C,(04)23274275,(04)23288582,2025,11,12,23,9,臺中市,梧棲區,0,0,0,5,,,50,,,,,,,,,,,,,,13,,,,,B03,,,1,,1,,,59,59,1,12,4,120.528767,24.248167,3
4586,66000,387130000C,(04)23274275,(04)23288582,2025,11,12,23,37,臺中市,太平區,0,0,0,5,3,6,50,4,1,1,4,4,6,6,1,1,5,5,5,1,17,3,10,5,4,B03,7,6,1,8,3,1,,84,84,1,12,4,120.72525,24.144502,3
4587,66000,387130000C,(04)23274275,(04)23288582,2025,11,12,23,42,臺中市,西區,0,1,0,5,1,6,50,13,9,1,4,1,6,6,4,4,5,5,4,2,17,2,9,2,1,C03,7,9,1,10,2,14,,43,43,1,13,4,120.666448,24.132139,2
4588,66000,387130000C,(04)23274275,(04)23288582,2025,11,12,23,48,臺中市,西屯區,0,0,0,5,,,30,,,,,,,,,,,,,,14,,,,,B01,,,1,,2,,,49,49,1,12,4,120.645762,24.179914,3
4589,66000,387130000C,(04)23274275,(04)23288582,2025,11,12,23,50,臺中市,中區,0,1,0,7,1,6,50,4,1,1,4,4,6,6,1,1,10,5,5,2,16,3,10,3,1,B03,7,6,1,8,2,1,,11,11,1,12,4,120.677272,24.145726,2
4590,66000,387130000C,(04)23274275,(04)23288582,2025,11,13,0,20,臺中市,西屯區,0,1,0,5,1,6,50,3,2,1,4,4,6,6,1,1,4,1,4,1,12,3,10,1,4,C03,7,9,1,10,2,16,,8,8,1,12,4,120.646483,24.175161,2
4591,66000,387130000C,(04)23274275,(04)23288582,2025,11,13,0,44,臺中市,豐原區,0,0,0,5,,,30,,,,,,,,,,,,,,17,,,,,B03,,,1,,2,,,84,84,1,6,4,120.706788,24.239936,3
4592,66000,387130000C,(04)23274275,(04)23288582,2025,11,13,0,45,臺中市,北屯區,0,1,0,5,1,6,50,4,2,1,4,4,6,6,1,1,5,4,5,2,12,3,10,3,1,B03,7,11,1,8,2,1,,45,45,1,13,4,120.663003,24.188884,2
4593,66000,387130000C,(04)23274275,(04)23288582,2025,11,13,0,50,臺中市,豐原區,0,0,0,5,,,50,,,,,,,,,,,,,,17,,,,,B03,,,1,,2,,,55,55,1,6,4,120.708053,24.250021,3
4594,66000,387130000C,(04)23274275,(04)23288582,2025,11,13,0,57,臺中市,南屯區,0,2,0,5,1,6,50,4,1,1,4,4,6,6,2,1,10,5,5,2,3,3,10,3,1,B03,7,5,1,8,2,1,,10,10,1,13,4,120.646995,24.153615,2
4595,66000,387130000C,(04)23274275,(04)23288582,2025,11,13,1,20,臺中市,大雅區,0,1,0,5,1,6,50,13,9,1,4,4,6,6,1,1,4,3,5,1,17,2,9,2,4,C03,7,9,1,10,2,14,,21,21,1,13,4,120.644963,24.225307,2
4596,66000,387130000C,(04)23274275,(04)23288582,2025,11,13,1,39,臺中市,太平區,0,1,0,5,1,6,50,4,1,1,4,4,6,6,1,1,10,5,5,2,18,2,9,1,4,C03,7,9,1,10,2,14,,84,84,1,13,4,120.712548,24.157362,2
4597,66000,387130000C,(04)23274275,(04)23288582,2025,11,13,1,47,臺中市,北屯區,0,0,0,5,,,50,,,,,,,,,,,,,,13,,,,,B03,,,1,,2,,,59,59,1,6,4,120.685038,24.169648,3
4598,66000,387130000C,(04)23274275,(04)23288582,2025,11,13,2,8,臺中市,西屯區,0,1,0,5,1,6,40,4,9,1,4,4,6,6,1,1,10,5,5,2,17,2,8,2,1,C03,7,9,1,10,2,14,,59,59,1,12,4,120.646928,24.174877,2
4599,66000,387130000C,(04)23274275,(04)23288582,2025,11,13,2,12,臺中市,南區,0,1,0,5,1,6,50,3,9,1,4,4,6,6,4,4,1,4,5,2,23,2,8,2,1,C03,7,9,1,10,2,11,,84,84,1,6,4,120.659216,24.125953,2
4600,66000,387130000C,(04)23274275,(04)23288582,2025,11,13,2,27,臺中市,神岡區,0,0,0,7,,,50,,,,,,,,,,,,,,17,,,,,B03,,,1,,2,,,59,59,1,12,4,120.656893,24.256086,3
4601,66000,387130000C,(04)23274275,(04)23288582,2025,11,13,2,30,臺中市,大里區,0,1,0,5,1,6,50,13,9,1,4,4,6,6,4,4,9,4,5,1,17,2,9,2,1,C03,7,9,1,10,7,11,,7,7,1,13,4,120.712984,24.093445,2
4602,66000,387130000C,(04)23274275,(04)23288582,2025,11,13,3,7,臺中市,西屯區,0,2,0,7,1,6,50,5,1,1,4,4,6,6,3,1,10,5,5,2,12,2,8,2,1,C03,7,9,1,10,2,12,,42,42,1,12,4,120.655601,24.199887,2
4603,66000,387130000C,(04)23274275,(04)23288582,2025,11,13,4,34,臺中市,大甲區,0,2,0,5,1,6,50,4,1,1,4,4,6,6,1,1,5,5,5,1,16,2,9,2,1,C03,7,6,1,10,2,14,,23,23,1,6,4,120.61916,24.340611,2
4604,66000,387130000C,(04)23274275,(04)23288582,2025,11,13,5,34,臺中市,北屯區,0,1,0,7,1,6,50,13,9,1,5,4,6,6,4,4,3,4,5,2,18,2,3,3,1,B03,7,9,1,8,2,1,,84,84,1,13,4,120.690626,24.182674,2
4605,66000,387130000C,(04)23274275,(04)23288582,2025,11,13,5,55,臺中市,大甲區,0,1,0,6,2,6,50,13,9,1,5,4,6,6,4,4,5,5,5,1,26,2,9,3,1,B03,7,9,1,8,2,1,,59,59,1,6,4,120.63618,24.346301,2
4606,66000,387130000C,(04)23274275,(04)23288582,2025,11,13,6,21,臺中市,烏日區,0,1,0,6,1,6,60,4,1,1,5,4,6,6,2,1,10,5,5,2,18,2,9,2,1,C03,7,5,1,10,2,16,,84,84,1,6,4,120.614343,24.106802,2
4607,66000,387130000C,(04)23274275,(04)23288582,2025,11,13,6,31,臺中市,北屯區,0,0,0,7,,,50,,,,,,,,,,,,,,12,,,,,B01,,,1,,1,,,40,40,1,6,4,120.66278,24.188429,3
4608,66000,387130000C,(04)23274275,(04)23288582,2025,11,13,6,45,臺中市,大雅區,0,2,0,6,3,6,50,13,9,1,5,4,6,6,4,4,5,2,5,2,17,2,9,1,1,C04,7,6,1,10,2,12,,65,65,1,12,4,120.647474,24.214025,2
4609,66000,387130000C,(04)23274275,(04)23288582,2025,11,13,6,50,臺中市,清水區,0,1,0,7,2,6,50,4,1,1,4,4,5,6,1,1,8,4,5,1,18,2,9,1,1,C03,7,9,1,10,2,16,,87,87,1,12,4,120.538212,24.270349,2
4610,66000,387130000C,(04)23274275,(04)23288582,2025,11,13,6,51,臺中市,東區,0,1,0,5,1,6,50,13,9,1,4,4,6,6,4,4,9,5,5,2,18,2,9,5,4,C03,7,9,1,10,1,12,,84,84,1,13,4,120.699886,24.140111,2
4611,66000,387130000C,(04)23274275,(04)23288582,2025,11,13,6,52,臺中市,梧棲區,0,0,0,7,,,50,,,,,,,,,,,,,,14,,,,,A31,,,1,,2,,,49,49,1,6,4,120.547248,24.250206,3