序號,縣市別代碼,機關代碼,市話,傳真,年,月,日,時,分,縣市,區,死亡數量,受傷數量,2-30,天候,道路照明設備,道路類別,道路速限,道路型態,事故位置,路面鋪裝,路面狀態,路面缺陷,障礙物,視距,號誌種類,號誌動作,分向設施,快車道或一般車道間,快慢車道間,路面邊線,事故類型及型態,受傷程度,主要傷處,保護裝備,行動電話或功能裝置,當事者區分(類別),車輛用途,當事者行動狀態,駕照狀態,駕照種類,飲酒情形,車輛撞擊部位最初,車輛撞擊部位其他,肇事因素個別,肇事因素主要,肇事逃逸,職業,共享經濟或外送平台,GPS座標X,GPS座標Y,事故類別
4612,66000,387130000C,(04)23274275,(04)23288582,2025,11,13,6,52,臺中市,大甲區,0,1,0,6,2,6,50,3,2,1,5,4,6,6,4,4,4,5,4,1,16,3,10,2,1,C03,7,15,1,10,2,12,,46,46,1,6,4,120.634305,24.344505,2
4613,66000,387130000C,(04)23274275,(04)23288582,2025,11,13,6,55,臺中市,霧峰區,0,1,0,5,2,6,30,4,1,1,4,4,6,6,4,4,5,2,5,1,17,3,10,6,1,F01,7,6,7,21,2,16,,14,14,1,13,4,120.695611,24.059744,2
4614,66000,387130000C,(04)23274275,(04)23288582,2025,11,13,6,57,臺中市,西屯區,0,0,0,7,,,50,,,,,,,,,,,,,,12,,,,,B03,,,1,,2,,,85,85,1,13,4,120.656781,24.198355,3
4615,66000,387130000C,(04)23274275,(04)23288582,2025,11,13,7,0,臺中市,大肚區,0,0,0,6,,,30,,,,,,,,,,,,,,16,,,,,B03,,,1,,10,,,11,11,1,6,5,120.574414,24.159612,3
4616,66000,387130000C,(04)23274275,(04)23288582,2025,11,13,7,9,臺中市,太平區,0,2,0,6,2,6,50,4,1,1,4,4,6,6,4,4,10,5,5,2,17,2,8,1,1,C03,7,11,1,10,2,14,,45,45,1,12,4,120.712813,24.116452,2
4617,66000,387130000C,(04)23274275,(04)23288582,2025,11,13,7,12,臺中市,南屯區,0,1,0,7,2,6,50,13,9,1,5,4,6,6,4,4,9,4,5,2,18,2,2,6,1,F01,7,9,7,21,1,12,,59,59,1,12,4,120.654126,24.144543,2
4618,66000,387130000C,(04)23274275,(04)23288582,2025,11,13,7,12,臺中市,大甲區,0,0,0,7,,,50,,,,,,,,,,,,,,30,,,,,B03,,,1,,2,,,84,84,1,6,4,120.619373,24.35515,3
4619,66000,387130000C,(04)23274275,(04)23288582,2025,11,13,7,17,臺中市,南區,0,0,0,7,,,50,,,,,,,,,,,,,,11,,,,,B01,,,1,,2,,,84,84,1,12,4,120.656035,24.131556,3
4620,66000,387130000C,(04)23274275,(04)23288582,2025,11,13,7,21,臺中市,霧峰區,0,1,0,6,2,6,60,13,7,1,5,4,6,6,4,4,3,4,4,1,18,2,1,1,1,C03,7,8,1,10,2,14,,54,54,1,6,4,120.696545,24.023746,2
4621,66000,387130000C,(04)23274275,(04)23288582,2025,11,13,7,21,臺中市,沙鹿區,0,1,0,7,2,6,50,13,7,1,5,4,6,6,4,4,10,5,5,2,13,2,9,2,1,C03,7,9,5,19,2,11,,7,7,1,6,4,120.565741,24.233788,2
4622,66000,387130000C,(04)23274275,(04)23288582,2025,11,13,7,21,臺中市,大安區,0,1,0,6,3,3,60,5,1,1,5,4,6,6,1,1,10,5,5,2,16,3,10,3,1,B03,7,5,1,8,2,5,,85,85,1,6,4,120.5857,24.366433,2
4623,66000,387130000C,(04)23274275,(04)23288582,2025,11,13,7,23,臺中市,西屯區,0,0,0,7,,,70,,,,,,,,,,,,,,13,,,,,B03,,,1,,1,,,7,7,1,12,4,120.618899,24.181378,3
4624,66000,387130000C,(04)23274275,(04)23288582,2025,11,13,7,23,臺中市,沙鹿區,0,1,0,7,2,6,0,13,7,1,5,4,6,6,4,4,1,4,4,2,17,3,10,4,1,B03,7,15,1,8,2,8,,78,78,1,12,4,120.567604,24.206721,2
4625,66000,387130000C,(04)23274275,(04)23288582,2025,11,13,7,30,臺中市,大雅區,0,1,0,6,3,6,30,13,9,1,5,4,6,6,4,4,10,5,5,2,28,2,9,1,1,C03,7,9,1,10,2,11,,84,84,1,12,4,120.606061,24.223758,2
4626,66000,387130000C,(04)23274275,(04)23288582,2025,11,13,7,33,臺中市,北屯區,0,0,0,7,,,50,,,,,,,,,,,,,,9,,,,,B03,,,1,8,1,,,84,84,1,12,4,120.705829,24.181494,3
4627,66000,387130000C,(04)23274275,(04)23288582,2025,11,13,7,34,臺中市,西屯區,0,0,0,7,,,50,,,,,,,,,,,,,,14,,,,,B03,,,1,,1,,,49,49,1,13,4,120.637168,24.15837,3
4628,66000,387130000C,(04)23274275,(04)23288582,2025,11,13,7,35,臺中市,南區,0,1,0,7,2,6,50,4,1,1,5,4,6,6,2,1,3,4,5,2,16,3,10,3,1,B03,7,6,1,8,2,6,,11,11,1,13,4,120.67004,24.112788,2
4629,66000,387130000C,(04)23274275,(04)23288582,2025,11,13,7,35,臺中市,沙鹿區,0,0,0,7,,,50,,,,,,,,,,,,,,13,,,,,B03,,,1,,1,,,7,7,1,12,4,120.552029,24.215746,3
4630,66000,387130000C,(04)23274275,(04)23288582,2025,11,13,7,36,臺中市,西區,0,1,0,7,2,6,50,18,24,1,5,4,6,6,4,4,1,5,5,2,12,3,10,1,1,C03,7,3,5,19,11,11,,84,84,1,13,4,120.659053,24.157785,2
4631,66000,387130000C,(04)23274275,(04)23288582,2025,11,13,7,38,臺中市,太平區,0,1,0,7,2,6,50,3,1,1,5,4,6,6,4,4,5,5,4,1,13,2,9,2,1,C03,7,9,1,10,2,14,12,7,7,1,12,4,120.731888,24.150346,2
4632,66000,387130000C,(04)23274275,(04)23288582,2025,11,13,7,39,臺中市,潭子區,0,1,0,7,2,6,50,4,1,1,5,4,6,6,1,1,5,5,5,1,18,2,9,2,1,C03,7,9,1,10,2,14,,59,59,1,13,4,120.673941,24.208894,2
4633,66000,387130000C,(04)23274275,(04)23288582,2025,11,13,7,39,臺中市,南屯區,0,2,0,6,2,6,50,4,1,1,4,4,6,6,2,1,1,4,5,2,13,2,7,2,1,C03,7,9,1,10,2,11,,7,7,1,12,4,120.648339,24.123113,2
4634,66000,387130000C,(04)23274275,(04)23288582,2025,11,13,7,40,臺中市,北屯區,0,0,0,7,,3,50,,,,,,,,,,,,,,13,,,,,B03,,,1,,1,,,84,84,1,12,4,120.696377,24.200931,3
4635,66000,387130000C,(04)23274275,(04)23288582,2025,11,13,7,41,臺中市,南屯區,0,0,0,7,,,50,,,,,,,,,,,,,,13,,,,,C03,,,1,,2,,,7,7,1,6,4,120.61169,24.138481,3
4636,66000,387130000C,(04)23274275,(04)23288582,2025,11,13,7,41,臺中市,龍井區,0,0,0,7,,,50,,,,,,,,,,,,,,16,,,,,C03,,,1,,1,,,7,7,1,6,4,120.592197,24.18138,3
4637,66000,387130000C,(04)23274275,(04)23288582,2025,11,13,7,41,臺中市,豐原區,0,1,0,7,2,6,50,13,8,1,5,4,6,6,4,4,1,4,4,1,17,3,10,3,1,B03,7,1,1,8,2,4,,51,51,1,13,4,120.757904,24.276115,2
4638,66000,387130000C,(04)23274275,(04)23288582,2025,11,13,7,42,臺中市,東區,0,0,0,7,,,50,,,,,,,,,,,,,,,,,,,B03,,,1,,2,,,84,84,1,12,4,120.686706,24.136653,3
4639,66000,387130000C,(04)23274275,(04)23288582,2025,11,13,7,42,臺中市,東區,0,1,0,7,2,6,50,3,1,1,5,4,6,6,4,4,10,5,5,2,17,3,10,3,1,B03,7,6,1,8,2,5,,14,14,1,12,4,120.71149,24.145622,2
4640,66000,387130000C,(04)23274275,(04)23288582,2025,11,13,7,43,臺中市,太平區,0,2,0,6,3,6,30,5,9,1,5,4,6,6,4,4,10,5,5,2,15,2,9,2,1,C03,7,9,3,19,2,12,,15,15,1,12,4,120.730739,24.149842,2
4641,66000,387130000C,(04)23274275,(04)23288582,2025,11,13,7,43,臺中市,清水區,0,2,0,7,2,6,50,4,1,1,5,4,6,6,4,4,8,3,5,1,12,2,9,1,1,C03,7,5,1,10,2,11,,6,6,1,12,4,120.571295,24.291031,2
4642,66000,387130000C,(04)23274275,(04)23288582,2025,11,13,7,44,臺中市,南屯區,0,0,0,7,,,50,,,,,,,,,,,,,,,,,,,B03,,,1,,1,,,84,84,1,12,4,120.622895,24.145208,3
4643,66000,387130000C,(04)23274275,(04)23288582,2025,11,13,7,45,臺中市,南屯區,0,2,0,7,2,6,50,4,1,1,5,4,6,6,2,1,9,4,4,2,11,2,9,1,1,C03,7,6,1,10,2,11,,11,11,1,12,4,120.643796,24.153638,2
4644,66000,387130000C,(04)23274275,(04)23288582,2025,11,13,7,47,臺中市,神岡區,0,1,0,7,3,6,40,3,1,1,5,4,6,6,4,4,5,4,4,2,18,2,9,1,1,C03,7,11,1,10,2,16,,6,6,1,13,4,120.660089,24.269503,2
4645,66000,387130000C,(04)23274275,(04)23288582,2025,11,13,7,48,臺中市,大雅區,0,1,0,6,1,6,30,13,9,1,5,4,6,6,4,4,10,5,5,1,13,2,9,2,1,C03,7,9,1,10,2,11,,7,7,1,12,4,120.66472,24.226844,2
4646,66000,387130000C,(04)23274275,(04)23288582,2025,11,13,7,48,臺中市,龍井區,0,1,0,6,2,6,30,3,9,1,5,4,6,6,4,4,10,5,5,2,17,3,10,3,1,B03,7,1,1,8,2,8,,51,51,1,6,4,120.544069,24.180252,2
4647,66000,387130000C,(04)23274275,(04)23288582,2025,11,13,7,49,臺中市,豐原區,0,0,0,7,,,60,,,,,,,,,,,,,,16,,,,,C03,,,1,,2,,,58,58,1,13,4,120.703318,24.249491,3
4648,66000,387130000C,(04)23274275,(04)23288582,2025,11,13,7,50,臺中市,大里區,0,1,0,6,3,6,50,13,9,1,5,4,6,6,4,4,5,5,4,2,16,3,10,3,1,B03,7,6,1,9,2,8,,65,65,1,13,4,120.679097,24.099604,2
4649,66000,387130000C,(04)23274275,(04)23288582,2025,11,13,7,50,臺中市,烏日區,0,0,0,7,,,30,,,,,,,,,,,,,,14,,,,,B03,,,1,,2,,,49,49,1,6,4,120.629947,24.103588,3
4650,66000,387130000C,(04)23274275,(04)23288582,2025,11,13,7,50,臺中市,后里區,0,3,0,1,2,6,40,13,8,1,5,4,6,6,4,4,1,4,1,1,17,2,9,1,1,C03,7,9,1,10,2,12,,84,84,1,6,4,120.729186,24.283727,2
4651,66000,387130000C,(04)23274275,(04)23288582,2025,11,13,7,51,臺中市,大甲區,0,2,0,7,2,6,30,13,9,1,4,4,6,6,4,4,10,5,5,2,16,2,8,2,1,C03,7,1,1,10,2,14,,51,51,1,6,4,120.632615,24.346475,2
4652,66000,387130000C,(04)23274275,(04)23288582,2025,11,13,7,53,臺中市,南屯區,0,0,0,7,,,50,,,,,,,,,,,,,,13,,,,,B03,,,1,,1,,,7,7,1,12,4,120.587051,24.16117,3
4653,66000,387130000C,(04)23274275,(04)23288582,2025,11,13,8,1,臺中市,潭子區,0,1,0,7,3,6,50,13,9,1,5,4,6,6,4,4,1,4,5,1,18,2,9,2,1,C03,7,12,1,10,2,12,,84,84,1,13,4,120.718749,24.196221,2
4654,66000,387130000C,(04)23274275,(04)23288582,2025,11,13,8,1,臺中市,北屯區,0,0,0,6,,,50,,,,,,,,,,,,,,13,,,,,B03,,,1,,1,,,84,84,1,12,4,120.716986,24.18225,3
4655,66000,387130000C,(04)23274275,(04)23288582,2025,11,13,8,3,臺中市,大里區,0,2,0,6,3,6,50,3,1,1,5,4,6,6,1,1,5,4,5,1,16,2,9,1,1,C03,7,9,1,10,2,12,,21,21,1,12,4,120.687144,24.120978,2
4656,66000,387130000C,(04)23274275,(04)23288582,2025,11,13,8,4,臺中市,西屯區,0,0,0,7,,,40,,,,,,,,,,,,,,12,,,,,C03,,,1,,1,,,8,8,1,13,4,120.63336,24.17409,3
4657,66000,387130000C,(04)23274275,(04)23288582,2025,11,13,8,5,臺中市,沙鹿區,0,0,0,7,,,50,,,,,,,,,,,,,,13,,,,,B03,,,1,,2,,,59,59,1,6,4,120.566263,24.204408,3
4658,66000,387130000C,(04)23274275,(04)23288582,2025,11,13,8,5,臺中市,神岡區,0,1,0,6,2,6,50,4,1,1,5,4,6,6,1,1,10,5,5,2,17,3,10,3,1,B12,7,9,1,1,2,1,,21,21,1,6,4,120.684161,24.246487,2
4659,66000,387130000C,(04)23274275,(04)23288582,2025,11,13,8,6,臺中市,北區,0,1,0,7,2,6,50,13,9,1,5,4,6,6,2,1,1,3,5,2,17,2,9,2,1,C03,7,9,1,10,2,11,,84,84,1,13,4,120.66934,24.16419,2
4660,66000,387130000C,(04)23274275,(04)23288582,2025,11,13,8,10,臺中市,南屯區,0,1,0,7,2,6,50,4,1,1,5,4,6,6,2,1,5,4,5,2,16,3,10,2,1,C03,7,5,1,10,2,11,,11,11,1,12,4,120.606663,24.147863,2
4661,66000,387130000C,(04)23274275,(04)23288582,2025,11,13,8,10,臺中市,南屯區,0,1,0,7,2,6,50,4,1,1,5,4,6,6,4,4,5,5,5,2,15,2,8,1,1,C03,7,9,1,10,2,12,,15,15,1,6,4,120.612811,24.148456,2
4662,66000,387130000C,(04)23274275,(04)23288582,2025,11,13,8,10,臺中市,大肚區,0,1,0,7,3,6,30,3,1,1,5,4,6,6,4,4,10,5,5,2,11,3,10,3,1,B03,7,6,1,8,2,1,,14,14,1,6,4,120.570616,24.128693,2
4663,66000,387130000C,(04)23274275,(04)23288582,2025,11,13,8,11,臺中市,南屯區,0,1,0,7,2,6,50,13,8,1,5,4,6,6,4,4,9,4,4,2,11,3,10,1,1,C03,7,6,5,19,1,11,,20,20,1,12,4,120.635253,24.15051,2
4664,66000,387130000C,(04)23274275,(04)23288582,2025,11,13,8,12,臺中市,北屯區,0,1,0,6,3,6,50,11,9,1,5,4,6,6,4,4,1,4,5,2,30,2,9,2,1,C03,7,9,1,10,2,12,,84,84,1,6,4,120.736704,24.175672,2
4665,66000,387130000C,(04)23274275,(04)23288582,2025,11,13,8,15,臺中市,北區,0,0,0,6,2,6,50,3,2,1,5,4,6,6,1,1,5,4,5,2,13,3,10,1,1,C03,7,9,1,10,2,11,,84,84,1,12,4,120.681627,24.155472,3
4666,66000,387130000C,(04)23274275,(04)23288582,2025,11,13,8,15,臺中市,北屯區,0,1,0,7,3,6,50,4,1,1,5,4,6,6,1,1,10,5,5,2,13,2,9,2,1,C03,7,9,1,10,2,11,,84,84,1,6,4,120.664561,24.182794,2
4667,66000,387130000C,(04)23274275,(04)23288582,2025,11,13,8,15,臺中市,西屯區,0,0,0,7,,,50,,,,,,,,,,,,,,13,,,,,B03,,,1,,1,,,59,59,1,13,4,120.589087,24.185318,3
4668,66000,387130000C,(04)23274275,(04)23288582,2025,11,13,8,20,臺中市,北區,0,0,0,7,,,50,,,,,,,,,,,,,,,,,,,B03,,,3,,2,,,34,34,1,13,4,120.680048,24.152232,3
4669,66000,387130000C,(04)23274275,(04)23288582,2025,11,13,8,20,臺中市,南區,0,0,0,7,,,50,,,,,,,,,,,,,,,,,,,B03,,,1,,1,,,7,7,1,12,4,120.657461,24.132621,3
4670,66000,387130000C,(04)23274275,(04)23288582,2025,11,13,8,20,臺中市,梧棲區,0,1,0,7,3,6,50,4,1,1,5,4,6,6,1,1,10,5,5,2,18,2,9,1,1,C03,7,9,1,10,2,16,,87,87,1,6,4,120.541886,24.253247,2
4671,66000,387130000C,(04)23274275,(04)23288582,2025,11,13,8,21,臺中市,東區,0,1,0,7,3,6,50,4,1,1,5,4,6,6,1,1,10,5,5,2,13,2,8,5,4,C03,7,9,1,10,2,11,,7,7,1,12,4,120.687676,24.138151,2
4672,66000,387130000C,(04)23274275,(04)23288582,2025,11,13,8,21,臺中市,西屯區,0,1,0,7,2,6,50,4,1,1,5,4,6,6,4,4,5,4,5,2,16,2,9,2,1,C03,7,9,3,19,2,14,,84,84,1,12,4,120.63299,24.182598,2
4673,66000,387130000C,(04)23274275,(04)23288582,2025,11,13,8,22,臺中市,梧棲區,0,2,0,7,3,6,50,4,1,1,5,4,6,6,4,4,10,5,5,2,13,2,9,1,1,C03,7,5,1,10,2,11,,59,59,1,6,4,120.533343,24.260779,2
4674,66000,387130000C,(04)23274275,(04)23288582,2025,11,13,8,23,臺中市,潭子區,0,0,0,7,,,60,,,,,,,,,,,,,,,,,,,B12,,,1,,2,,,49,49,1,13,4,120.705764,24.218259,3
4675,66000,387130000C,(04)23274275,(04)23288582,2025,11,13,8,24,臺中市,西區,0,1,0,7,2,6,50,4,1,1,5,4,6,6,1,1,10,5,5,2,17,3,10,3,1,B03,7,5,1,8,2,2,,11,11,1,12,4,120.66937,24.13879,2
4676,66000,387130000C,(04)23274275,(04)23288582,2025,11,13,8,27,臺中市,大雅區,0,0,0,6,,,30,,,,,,,,,,,,,,,,,,,B03,,,1,,1,,,7,7,1,12,4,120.67153,24.222322,3
4677,66000,387130000C,(04)23274275,(04)23288582,2025,11,13,8,27,臺中市,西屯區,0,1,0,6,2,6,40,4,8,1,5,4,6,6,4,4,5,5,4,2,13,2,9,1,1,C03,7,9,1,10,1,14,,7,7,1,12,4,120.642555,24.160411,2
4678,66000,387130000C,(04)23274275,(04)23288582,2025,11,13,8,28,臺中市,南屯區,0,1,0,7,2,6,50,4,1,1,5,4,6,6,1,1,9,4,5,2,11,3,10,3,1,B03,7,6,1,8,2,6,,11,11,1,12,4,120.652905,24.141044,2
4679,66000,387130000C,(04)23274275,(04)23288582,2025,11,13,8,34,臺中市,南屯區,0,2,0,7,2,6,50,13,9,1,5,4,6,6,4,4,1,4,5,2,12,2,5,2,1,C03,7,8,1,10,2,13,,20,20,1,12,4,120.616689,24.145523,2
4680,66000,387130000C,(04)23274275,(04)23288582,2025,11,13,8,38,臺中市,霧峰區,0,1,0,6,3,6,50,11,14,1,5,4,6,6,4,4,5,5,5,1,17,2,9,1,1,C03,7,9,1,10,2,11,,84,84,1,12,4,120.713807,24.075436,2
4681,66000,387130000C,(04)23274275,(04)23288582,2025,11,13,8,39,臺中市,沙鹿區,0,1,0,7,2,6,50,3,1,1,5,4,6,6,4,4,5,4,5,2,16,2,8,1,1,C03,7,6,1,10,2,12,13,14,14,1,12,4,120.566151,24.228272,2
4682,66000,387130000C,(04)23274275,(04)23288582,2025,11,13,8,40,臺中市,南屯區,0,2,0,6,2,6,50,4,1,1,5,4,6,6,4,4,5,5,5,2,15,2,9,2,1,C03,7,9,1,10,2,11,,15,15,1,12,4,120.615598,24.153216,2
4683,66000,387130000C,(04)23274275,(04)23288582,2025,11,13,8,40,臺中市,西屯區,0,1,0,7,2,6,50,13,8,1,5,4,6,6,4,4,5,4,4,2,12,2,9,1,1,C03,7,7,1,10,1,11,,40,40,1,13,4,120.621078,24.172845,2
4684,66000,387130000C,(04)23274275,(04)23288582,2025,11,13,8,41,臺中市,潭子區,0,0,0,7,,,50,,,,,,,,,,,,,,,,,,,C03,,,1,,2,,,4,4,1,13,4,120.707172,24.210912,3
4685,66000,387130000C,(04)23274275,(04)23288582,2025,11,13,8,43,臺中市,西屯區,0,0,0,7,,,60,,,,,,,,,,,,,,16,,,,,B12,,,5,,1,,,21,21,1,12,4,120.635161,24.179456,3
4686,66000,387130000C,(04)23274275,(04)23288582,2025,11,13,8,46,臺中市,沙鹿區,0,1,0,7,2,6,40,4,1,1,5,4,6,6,2,1,10,5,5,2,13,2,9,2,1,C03,7,9,1,9,2,11,,7,7,1,5,4,120.564691,24.23969,2
4687,66000,387130000C,(04)23274275,(04)23288582,2025,11,13,8,47,臺中市,清水區,0,0,0,7,2,6,60,4,1,1,5,4,6,6,1,3,8,3,4,2,15,,,,,B03,,,1,,1,,,15,15,1,12,4,120.534653,24.267582,3
4688,66000,387130000C,(04)23274275,(04)23288582,2025,11,13,8,50,臺中市,西區,0,0,0,7,,,50,,,,,,,,,,,,,,12,,,,,B03,,,1,,1,,,51,51,1,13,4,120.66028,24.158224,3
4689,66000,387130000C,(04)23274275,(04)23288582,2025,11,13,8,50,臺中市,西屯區,0,1,0,7,2,6,50,13,8,1,5,4,6,6,4,4,1,4,1,2,18,2,9,6,4,F02,7,9,7,21,2,15,,90,90,1,13,4,120.635423,24.182832,2
4690,66000,387130000C,(04)23274275,(04)23288582,2025,11,13,8,50,臺中市,清水區,0,0,0,7,,,70,,,,,,,,,,,,,,17,,,,,A11,,,1,,2,,,7,7,1,12,4,120.603644,24.312056,3
4691,66000,387130000C,(04)23274275,(04)23288582,2025,11,13,8,51,臺中市,西屯區,0,1,0,7,2,6,40,3,1,1,5,4,6,6,1,1,10,5,5,2,13,2,8,1,4,C03,7,9,1,10,2,11,,7,7,1,13,4,120.616282,24.182342,2
4692,66000,387130000C,(04)23274275,(04)23288582,2025,11,13,8,53,臺中市,西屯區,0,0,0,7,,,50,,,,,,,,,,,,,,13,,,,,B03,,,1,,1,,,7,7,1,13,4,120.609722,24.184387,3
4693,66000,387130000C,(04)23274275,(04)23288582,2025,11,13,8,55,臺中市,西區,0,0,0,7,,,1,,,,,,,,,,,,,,17,,,,,B03,,,1,,1,,,51,51,1,12,4,120.651443,24.145666,3
4694,66000,387130000C,(04)23274275,(04)23288582,2025,11,13,8,56,臺中市,中區,0,1,0,7,2,6,50,4,1,5,5,4,6,6,1,1,10,5,5,2,17,3,10,1,1,C03,7,6,1,10,2,11,,11,11,1,13,4,120.678815,24.147181,2
4695,66000,387130000C,(04)23274275,(04)23288582,2025,11,13,8,57,臺中市,西區,0,1,0,7,2,6,50,4,2,1,5,4,1,6,2,1,5,4,4,2,12,2,8,1,1,C03,7,9,3,19,2,11,,84,84,1,13,4,120.66162,24.148999,2
4696,66000,387130000C,(04)23274275,(04)23288582,2025,11,13,8,57,臺中市,南屯區,0,0,0,7,,,50,,,,,,,,,,,,,,14,,,,,B03,,,1,,9,,,49,49,1,12,4,120.628255,24.146383,3
4697,66000,387130000C,(04)23274275,(04)23288582,2025,11,13,8,57,臺中市,大里區,0,0,0,6,,,50,,,,,,,,,,,,,,,,,,,A11,,,1,,2,,,49,49,1,6,4,120.726265,24.092655,3
4698,66000,387130000C,(04)23274275,(04)23288582,2025,11,13,8,58,臺中市,西區,0,2,0,7,2,6,50,3,1,1,5,4,6,6,4,4,10,5,5,2,3,2,9,2,1,C03,7,9,1,10,2,11,,10,10,1,12,4,120.679119,24.13716,2
4699,66000,387130000C,(04)23274275,(04)23288582,2025,11,13,8,58,臺中市,北區,0,0,0,7,,,30,,,,,,,,,,,,,,17,,,,,C03,,,1,,9,,,84,84,2,13,4,120.686371,24.153609,3
4700,66000,387130000C,(04)23274275,(04)23288582,2025,11,13,8,59,臺中市,北屯區,0,1,0,6,2,6,50,13,9,1,5,4,6,6,4,4,4,5,5,2,17,3,10,3,1,B03,7,1,1,8,2,1,,51,51,1,12,4,120.703725,24.181322,2
4701,66000,387130000C,(04)23274275,(04)23288582,2025,11,13,9,0,臺中市,北區,0,0,0,7,,,50,,,,,,,,,,,,,,17,,,,,G03,,,1,,2,,,49,49,1,13,4,120.66546,24.16156,3
4702,66000,387130000C,(04)23274275,(04)23288582,2025,11,13,9,0,臺中市,烏日區,0,0,0,7,2,6,40,3,2,1,5,4,6,6,4,4,10,5,5,2,13,3,10,3,1,A12,7,2,1,7,2,7,,49,49,1,6,4,120.644504,24.108637,3
4703,66000,387130000C,(04)23274275,(04)23288582,2025,11,13,9,2,臺中市,西屯區,0,1,0,6,2,6,50,3,1,1,5,4,6,6,4,4,10,4,5,2,12,2,9,1,1,C03,7,15,1,10,2,12,,20,20,1,12,4,120.637493,24.170552,2
4704,66000,387130000C,(04)23274275,(04)23288582,2025,11,13,9,2,臺中市,西屯區,0,0,0,7,,,50,,,,,,,,,,,,,,14,,,,,B12,,,1,,1,,,49,49,1,12,4,120.636954,24.176115,3
4705,66000,387130000C,(04)23274275,(04)23288582,2025,11,13,9,3,臺中市,大甲區,0,0,0,7,,,30,,,,,,,,,,,,,,,,,,,B12,,,1,,2,,,49,49,1,6,4,120.616663,24.346616,3
4706,66000,387130000C,(04)23274275,(04)23288582,2025,11,13,9,4,臺中市,東區,0,0,0,7,,,50,,,,,,,,,,,,,,12,,,,,C03,,,1,,1,,,39,39,1,13,4,120.6897,24.144426,3
4707,66000,387130000C,(04)23274275,(04)23288582,2025,11,13,9,8,臺中市,沙鹿區,0,1,0,7,2,6,50,3,1,1,5,4,6,6,1,1,10,5,5,2,16,3,10,3,1,B12,7,5,1,8,2,6,,47,47,1,6,4,120.566876,24.204122,2
4708,66000,387130000C,(04)23274275,(04)23288582,2025,11,13,9,11,臺中市,南屯區,0,0,0,7,,,40,,,,,,,,,,,,,,12,,,,,B03,,,1,,2,,,8,8,1,12,4,120.643829,24.1488,3
4709,66000,387130000C,(04)23274275,(04)23288582,2025,11,13,9,12,臺中市,西屯區,0,0,0,7,,,60,,,,,,,,,,,,,,13,,,,,B03,,,1,,1,,,59,59,1,13,4,120.64431,24.165548,3
4710,66000,387130000C,(04)23274275,(04)23288582,2025,11,13,9,12,臺中市,太平區,0,1,0,7,2,6,50,4,2,1,5,4,6,6,1,1,5,2,5,1,13,3,10,3,1,B03,7,5,1,8,2,5,,7,7,1,12,4,120.717814,24.128827,2
4711,66000,387130000C,(04)23274275,(04)23288582,2025,11,13,9,14,臺中市,北區,0,0,0,7,2,6,50,13,8,1,5,4,6,6,4,4,1,4,4,2,17,3,10,3,1,B01,7,9,1,4,2,1,,84,84,1,12,4,120.674199,24.16378,3
4712,66000,387130000C,(04)23274275,(04)23288582,2025,11,13,9,15,臺中市,南區,0,0,0,7,,,50,,,,,,,,,,,,,,,,,,,C03,,,1,,1,,,4,4,1,12,4,120.662411,24.120844,4
4713,66000,387130000C,(04)23274275,(04)23288582,2025,11,13,9,15,臺中市,南屯區,0,0,0,7,,,50,,,,,,,,,,,,,,,,,,,B03,,,1,,1,,,59,59,1,12,4,120.596491,24.153245,3
4714,66000,387130000C,(04)23274275,(04)23288582,2025,11,13,9,15,臺中市,南屯區,0,0,0,7,,,50,,,,,,,,,,,,,,12,,,,,C03,,,1,,9,,,8,8,1,12,4,120.630835,24.150621,3
4715,66000,387130000C,(04)23274275,(04)23288582,2025,11,13,9,15,臺中市,西屯區,0,0,0,7,,,50,,,,,,,,,,,,,,16,,,,,B03,,,1,,1,,,40,40,1,13,4,120.647847,24.196114,3
4716,66000,387130000C,(04)23274275,(04)23288582,2025,11,13,9,20,臺中市,西區,0,1,0,6,3,6,50,3,1,1,5,4,6,6,4,4,10,5,5,2,13,2,8,1,1,C03,7,9,1,10,2,11,,7,7,1,5,4,120.670823,24.143026,2
4717,66000,387130000C,(04)23274275,(04)23288582,2025,11,13,9,20,臺中市,西屯區,0,1,0,7,2,6,50,13,9,1,5,4,6,6,4,4,5,4,5,2,13,3,10,3,4,A12,7,9,1,7,1,1,,7,7,1,13,4,120.642465,24.196486,2
4718,66000,387130000C,(04)23274275,(04)23288582,2025,11,13,9,25,臺中市,西區,0,0,0,7,2,6,50,13,9,1,5,4,6,6,4,4,1,4,5,2,9,4,11,5,4,,7,21,6,20,11,15,,119,119,1,13,4,120.657404,24.153724,3
4719,66000,387130000C,(04)23274275,(04)23288582,2025,11,13,9,29,臺中市,西區,0,0,0,6,,,50,,,,,,,,,,,,,,13,,,,,C03,,,1,,1,,,7,7,1,12,4,120.675855,24.133176,3
4720,66000,387130000C,(04)23274275,(04)23288582,2025,11,13,9,33,臺中市,潭子區,0,1,0,7,3,6,40,3,1,1,5,4,6,6,1,1,1,4,4,1,17,2,9,1,1,C03,7,11,1,10,2,14,,45,45,1,13,4,120.681407,24.215668,2
4721,66000,387130000C,(04)23274275,(04)23288582,2025,11,13,9,35,臺中市,烏日區,0,0,0,7,,,50,,,,,,,,,,,,,,25,,,,,A11,,,1,,1,,,59,59,1,6,4,120.643194,24.077755,3
4722,66000,387130000C,(04)23274275,(04)23288582,2025,11,13,9,36,臺中市,西屯區,0,1,0,7,2,6,40,13,8,1,5,4,6,6,4,4,1,4,5,2,13,2,9,5,4,C03,7,9,1,10,2,11,,7,7,1,13,4,120.643103,24.166562,2