序號,縣市別代碼,機關代碼,市話,傳真,年,月,日,時,分,縣市,區,死亡數量,受傷數量,2-30,天候,道路照明設備,道路類別,道路速限,道路型態,事故位置,路面鋪裝,路面狀態,路面缺陷,障礙物,視距,號誌種類,號誌動作,分向設施,快車道或一般車道間,快慢車道間,路面邊線,事故類型及型態,受傷程度,主要傷處,保護裝備,行動電話或功能裝置,當事者區分(類別),車輛用途,當事者行動狀態,駕照狀態,駕照種類,飲酒情形,車輛撞擊部位最初,車輛撞擊部位其他,肇事因素個別,肇事因素主要,肇事逃逸,職業,共享經濟或外送平台,GPS座標X,GPS座標Y,事故類別
4723,66000,387130000C,(04)23274275,(04)23288582,2025,11,13,9,42,臺中市,北區,0,0,0,7,,,50,,,,,,,,,,,,,,,,,,,B03,,,1,,2,,,84,84,1,13,4,120.684275,24.149887,3
4724,66000,387130000C,(04)23274275,(04)23288582,2025,11,13,9,42,臺中市,大甲區,0,1,0,7,2,6,50,13,9,1,5,4,6,6,4,4,5,5,5,1,12,3,10,3,1,B03,7,9,1,8,2,2,,84,84,1,6,4,120.625397,24.347357,2
4725,66000,387130000C,(04)23274275,(04)23288582,2025,11,13,9,42,臺中市,豐原區,0,1,0,7,2,6,50,13,7,1,5,4,6,6,4,4,5,5,4,2,16,2,9,1,1,C03,7,8,1,10,2,13,,20,20,1,6,4,120.714109,24.251031,2
4726,66000,387130000C,(04)23274275,(04)23288582,2025,11,13,9,49,臺中市,豐原區,0,0,0,7,,,50,,,,,,,,,,,,,,17,,,,,B03,,,1,,11,,,50,50,1,12,4,120.717652,24.257979,3
4727,66000,387130000C,(04)23274275,(04)23288582,2025,11,13,9,54,臺中市,南屯區,0,1,0,7,2,6,40,3,1,1,5,4,6,6,2,1,9,4,1,2,12,2,9,1,1,C03,7,9,1,8,2,14,,8,8,1,12,4,120.646996,24.155727,2
4728,66000,387130000C,(04)23274275,(04)23288582,2025,11,13,9,55,臺中市,烏日區,0,0,0,6,2,6,50,13,7,1,5,4,6,6,4,4,1,4,1,1,13,3,10,3,1,B12,7,9,1,8,2,1,,84,84,1,6,4,120.615888,24.102933,3
4729,66000,387130000C,(04)23274275,(04)23288582,2025,11,13,9,59,臺中市,霧峰區,0,2,0,6,2,6,50,4,1,1,5,4,6,6,1,1,10,5,5,2,17,2,9,1,1,C03,7,6,1,10,2,12,,36,36,1,6,4,120.693953,24.058967,2
4730,66000,387130000C,(04)23274275,(04)23288582,2025,11,13,10,0,臺中市,東區,0,0,0,7,,,50,,,,,,,,,,,,,,17,,,,,G03,,,7,,1,,,84,84,1,12,4,120.690318,24.139994,3
4731,66000,387130000C,(04)23274275,(04)23288582,2025,11,13,10,2,臺中市,中區,0,0,0,7,,,50,,,,,,,,,,,,,,,,,,,B03,,,1,,1,,,49,49,1,13,4,120.682853,24.142207,3
4732,66000,387130000C,(04)23274275,(04)23288582,2025,11,13,10,4,臺中市,西屯區,0,1,0,7,2,6,50,4,1,1,5,4,6,6,2,1,10,5,5,2,18,2,9,1,1,C03,7,5,1,10,2,12,,82,82,1,5,4,120.651735,24.178141,2
4733,66000,387130000C,(04)23274275,(04)23288582,2025,11,13,10,5,臺中市,西屯區,0,1,0,7,2,6,40,13,8,1,5,4,6,6,4,4,5,5,4,2,17,2,9,5,4,C03,7,9,2,19,9,12,,59,59,1,12,4,120.657096,24.16212,2
4734,66000,387130000C,(04)23274275,(04)23288582,2025,11,13,10,7,臺中市,南屯區,0,1,0,7,2,6,50,4,5,1,5,4,6,6,2,1,1,4,3,2,13,3,10,2,1,C03,7,9,1,10,2,11,,7,7,1,12,4,120.615004,24.14777,2
4735,66000,387130000C,(04)23274275,(04)23288582,2025,11,13,10,12,臺中市,梧棲區,0,0,0,7,,,70,,,,,,,,,,,,,,16,,,,,A11,,,1,,2,,,20,20,1,6,4,120.543529,24.247645,3
4736,66000,387130000C,(04)23274275,(04)23288582,2025,11,13,10,19,臺中市,南屯區,0,2,0,6,2,6,50,4,1,1,5,4,6,6,4,4,5,5,5,2,12,2,8,2,1,C02,7,6,1,9,2,11,,4,4,1,12,4,120.637009,24.133203,2
4737,66000,387130000C,(04)23274275,(04)23288582,2025,11,13,10,19,臺中市,東勢區,0,1,0,6,2,6,50,13,9,1,5,4,6,6,4,4,5,5,5,1,13,3,10,5,4,C03,7,9,3,19,2,11,,7,7,1,13,4,120.829234,24.255116,2
4738,66000,387130000C,(04)23274275,(04)23288582,2025,11,13,10,24,臺中市,大雅區,0,0,0,6,,,30,,,,,,,,,,,,,,,,,,,B03,,,1,,2,,,8,8,1,12,4,120.652513,24.218269,3
4739,66000,387130000C,(04)23274275,(04)23288582,2025,11,13,10,24,臺中市,沙鹿區,0,2,0,7,2,6,30,3,1,1,5,4,6,6,4,4,5,5,5,2,16,2,9,1,1,C03,7,6,1,10,2,11,14,14,14,1,12,4,120.553139,24.230757,2
4740,66000,387130000C,(04)23274275,(04)23288582,2025,11,13,10,25,臺中市,豐原區,0,2,0,7,2,6,50,13,8,1,5,4,6,6,4,4,5,5,4,2,13,2,9,1,1,C03,7,9,1,10,2,11,14,59,59,1,13,4,120.718293,24.251762,2
4741,66000,387130000C,(04)23274275,(04)23288582,2025,11,13,10,30,臺中市,豐原區,0,2,0,7,2,6,30,3,1,1,5,4,6,6,3,1,5,5,4,2,16,2,8,2,1,C03,7,6,1,10,2,11,,24,24,1,12,4,120.739143,24.255786,2
4742,66000,387130000C,(04)23274275,(04)23288582,2025,11,13,10,31,臺中市,南屯區,0,1,0,7,2,6,50,11,9,1,5,4,6,6,4,4,10,5,5,2,18,2,9,1,1,C03,7,9,1,10,2,16,,59,59,1,6,4,120.623148,24.128113,2
4743,66000,387130000C,(04)23274275,(04)23288582,2025,11,13,10,36,臺中市,南屯區,0,0,0,7,,,30,,,,,,,,,,,,,,15,,,,,C03,,,1,,1,,,15,15,1,12,4,120.641452,24.138175,3
4744,66000,387130000C,(04)23274275,(04)23288582,2025,11,13,10,36,臺中市,龍井區,0,1,0,7,2,6,50,3,9,1,5,4,6,6,4,4,5,5,5,2,11,3,10,3,1,B03,7,6,1,8,2,8,,14,14,1,6,4,120.549275,24.21229,2
4745,66000,387130000C,(04)23274275,(04)23288582,2025,11,13,10,39,臺中市,西區,0,0,0,7,,,50,,,,,,,,,,,,,,12,,,,,B03,,,1,,1,,,7,7,1,13,4,120.653042,24.153461,3
4746,66000,387130000C,(04)23274275,(04)23288582,2025,11,13,10,43,臺中市,西屯區,0,1,0,7,2,6,30,13,9,1,5,4,6,6,4,4,10,5,5,2,17,2,9,5,4,C03,7,2,1,10,2,12,,84,84,1,12,4,120.666535,24.177247,2
4747,66000,387130000C,(04)23274275,(04)23288582,2025,11,13,10,43,臺中市,沙鹿區,0,2,0,7,3,6,30,4,1,1,5,4,6,6,1,1,10,5,5,2,17,2,9,2,1,C03,7,6,1,10,2,14,,85,85,1,12,4,120.570595,24.199067,2
4748,66000,387130000C,(04)23274275,(04)23288582,2025,11,13,10,47,臺中市,烏日區,0,0,0,7,,,30,,,,,,,,,,,,,,14,,,,,B03,,,1,,2,,,49,49,1,6,4,120.603315,24.11456,3
4749,66000,387130000C,(04)23274275,(04)23288582,2025,11,13,10,50,臺中市,北區,0,1,0,7,2,6,0,13,21,4,5,4,6,6,4,4,10,5,5,2,18,2,9,1,1,C03,7,14,1,10,2,14,,84,84,1,12,4,120.686497,24.155216,2
4750,66000,387130000C,(04)23274275,(04)23288582,2025,11,13,10,54,臺中市,大雅區,0,1,0,7,1,6,30,4,1,1,5,4,6,6,1,1,10,5,5,2,15,2,9,2,1,C03,7,9,1,10,2,11,,84,84,1,12,4,120.653195,24.217602,2
4751,66000,387130000C,(04)23274275,(04)23288582,2025,11,13,11,4,臺中市,西屯區,0,0,0,7,,,50,,,,,,,,,,,,,,13,,,,,C04,,,1,,1,,,7,7,1,13,4,120.640118,24.16578,3
4752,66000,387130000C,(04)23274275,(04)23288582,2025,11,13,11,4,臺中市,梧棲區,0,0,0,7,,,50,,,,,,,,,,,,,,16,,,,,B03,,,1,,1,,,11,11,1,6,4,120.527684,24.243855,3
4753,66000,387130000C,(04)23274275,(04)23288582,2025,11,13,11,8,臺中市,西屯區,0,0,0,7,,,50,,,,,,,,,,,,,,13,,,,,B03,,,1,,1,,,59,59,1,13,4,120.652536,24.165822,3
4754,66000,387130000C,(04)23274275,(04)23288582,2025,11,13,11,11,臺中市,西屯區,0,1,0,7,2,6,50,4,1,1,5,4,6,6,4,4,4,5,4,2,15,2,9,5,4,C03,7,9,1,10,2,11,,12,12,1,13,4,120.666059,24.171128,2
4755,66000,387130000C,(04)23274275,(04)23288582,2025,11,13,11,16,臺中市,西區,0,0,0,7,,,50,,,,,,,,,,,,,,14,,,,,B12,,,1,,9,,,49,49,1,12,4,120.659977,24.16131,3
4756,66000,387130000C,(04)23274275,(04)23288582,2025,11,13,11,20,臺中市,沙鹿區,0,0,0,7,,,30,,,,,,,,,,,,,,16,,,,,B03,,,1,,2,,,14,14,1,12,4,120.571823,24.239363,3
4757,66000,387130000C,(04)23274275,(04)23288582,2025,11,13,11,23,臺中市,霧峰區,0,0,0,7,,,40,,,,,,,,,,,,,,17,,,,,F01,,,7,,2,,,4,4,1,12,4,120.698746,24.066042,3
4758,66000,387130000C,(04)23274275,(04)23288582,2025,11,13,11,24,臺中市,北區,0,1,0,7,2,6,50,4,2,1,5,4,6,6,2,1,10,5,5,2,12,3,10,3,1,B03,7,5,1,8,2,2,,47,47,1,13,4,120.677303,24.151254,2
4759,66000,387130000C,(04)23274275,(04)23288582,2025,11,13,11,26,臺中市,大肚區,0,0,0,6,,,30,,,,,,,,,,,,,,13,,,,,C03,,,1,,1,,,7,7,1,12,4,120.573055,24.163502,3
4760,66000,387130000C,(04)23274275,(04)23288582,2025,11,13,11,30,臺中市,清水區,0,0,0,7,,,40,,,,,,,,,,,,,,17,,,,,B12,,,1,,2,,,49,49,1,12,4,120.540586,24.280036,3
4761,66000,387130000C,(04)23274275,(04)23288582,2025,11,13,11,33,臺中市,西屯區,0,0,0,7,,,50,,,,,,,,,,,,,,12,,,,,C03,,,1,,2,,,8,8,1,12,4,120.643945,24.175937,4
4762,66000,387130000C,(04)23274275,(04)23288582,2025,11,13,11,34,臺中市,龍井區,0,2,0,7,2,6,30,4,1,1,5,4,6,6,4,4,10,5,5,2,15,2,9,1,1,C03,7,9,1,10,2,11,,6,6,1,6,4,120.590425,24.188964,2
4763,66000,387130000C,(04)23274275,(04)23288582,2025,11,13,11,35,臺中市,北區,0,1,0,7,2,6,50,13,9,1,5,4,6,6,4,4,9,5,5,2,9,3,10,3,1,B03,7,9,1,8,2,2,,84,84,1,12,4,120.680296,24.158156,2
4764,66000,387130000C,(04)23274275,(04)23288582,2025,11,13,11,37,臺中市,沙鹿區,0,2,0,7,3,6,50,13,9,1,5,4,6,6,1,1,5,5,5,2,13,2,3,2,1,C03,7,9,1,10,2,11,,84,84,1,12,4,120.566729,24.203001,2
4765,66000,387130000C,(04)23274275,(04)23288582,2025,11,13,11,39,臺中市,豐原區,0,0,0,7,,,50,,,,,,,,,,,,,,17,,,,,B12,,,1,,9,,,68,68,1,13,4,120.720375,24.243217,3
4766,66000,387130000C,(04)23274275,(04)23288582,2025,11,13,11,45,臺中市,梧棲區,0,0,0,7,,,50,,,,,,,,,,,,,,14,,,,,B03,,,1,,2,,,49,49,1,6,4,120.546119,24.244639,3
4767,66000,387130000C,(04)23274275,(04)23288582,2025,11,13,11,46,臺中市,龍井區,0,0,0,6,,,50,,,,,,,,,,,,,,13,,,,,B03,,,1,,1,,,7,7,1,6,4,120.58205,24.176193,3
4768,66000,387130000C,(04)23274275,(04)23288582,2025,11,13,11,50,臺中市,北屯區,0,1,0,7,3,6,30,4,1,1,5,4,6,6,4,4,10,5,5,2,15,2,7,2,1,C04,7,9,1,11,2,11,,15,15,1,12,4,120.690124,24.164391,2
4769,66000,387130000C,(04)23274275,(04)23288582,2025,11,13,11,51,臺中市,東勢區,0,1,0,7,2,6,50,5,1,1,5,4,6,6,1,1,10,5,5,2,17,3,10,5,4,B03,7,9,1,8,9,16,,21,21,2,13,4,120.831021,24.246014,2
4770,66000,387130000C,(04)23274275,(04)23288582,2025,11,13,11,52,臺中市,南屯區,0,0,0,7,,,50,,,,,,,,,,,,,,13,,,,,B02,,,1,,2,,,7,7,1,12,4,120.649523,24.13984,3
4771,66000,387130000C,(04)23274275,(04)23288582,2025,11,13,11,52,臺中市,太平區,0,1,0,7,2,6,50,3,1,1,5,4,6,6,4,4,5,4,5,2,17,3,10,5,4,B03,7,1,1,8,2,1,,13,13,1,6,4,120.734304,24.148888,2
4772,66000,387130000C,(04)23274275,(04)23288582,2025,11,13,11,59,臺中市,大肚區,0,2,0,7,2,6,50,13,9,1,5,4,6,6,4,4,9,5,5,1,13,2,9,1,1,C03,7,4,1,10,2,11,,84,84,1,6,4,120.580949,24.173188,2
4773,66000,387130000C,(04)23274275,(04)23288582,2025,11,13,12,0,臺中市,沙鹿區,0,1,0,7,2,6,30,13,9,1,5,4,6,6,4,4,10,5,5,2,10,2,8,2,1,C03,7,9,1,10,2,11,,59,59,1,6,4,120.580148,24.214698,2
4774,66000,387130000C,(04)23274275,(04)23288582,2025,11,13,12,0,臺中市,神岡區,0,1,0,6,3,6,50,4,1,1,5,4,6,6,1,1,5,4,5,1,12,2,9,1,1,C03,7,12,1,10,2,13,,39,39,1,13,4,120.696128,24.248578,2
4775,66000,387130000C,(04)23274275,(04)23288582,2025,11,13,12,5,臺中市,北屯區,0,1,0,7,2,6,40,13,17,1,5,4,6,6,4,4,10,5,5,2,13,3,10,5,4,B03,7,9,1,8,2,1,,7,7,1,12,4,120.694144,24.201018,2
4776,66000,387130000C,(04)23274275,(04)23288582,2025,11,13,12,10,臺中市,沙鹿區,0,2,0,7,2,6,50,13,9,1,5,4,6,6,4,4,5,5,5,2,12,2,9,1,1,C03,7,9,1,10,9,11,12,8,8,1,12,4,120.553398,24.23085,2
4777,66000,387130000C,(04)23274275,(04)23288582,2025,11,13,12,11,臺中市,烏日區,0,0,0,6,2,6,40,13,24,2,5,4,6,6,4,4,1,4,5,2,12,3,10,3,1,B03,7,1,1,8,2,8,,51,51,1,6,4,120.616461,24.112935,3
4778,66000,387130000C,(04)23274275,(04)23288582,2025,11,13,12,15,臺中市,南屯區,0,0,0,7,,,50,,,,,,,,,,,,,,13,,,,,B12,,,1,,1,,,7,7,1,12,4,120.608874,24.135685,3
4779,66000,387130000C,(04)23274275,(04)23288582,2025,11,13,12,15,臺中市,外埔區,0,2,0,6,3,6,50,3,2,1,5,4,6,6,1,1,5,5,5,1,16,2,9,1,1,C03,7,5,1,10,2,12,,11,11,1,6,4,120.653833,24.346977,2
4780,66000,387130000C,(04)23274275,(04)23288582,2025,11,13,12,15,臺中市,豐原區,0,0,0,7,2,6,50,13,8,1,5,4,6,6,4,4,5,5,4,2,17,3,10,1,1,C03,7,9,1,10,2,11,,4,4,1,12,4,120.709635,24.240353,3
4781,66000,387130000C,(04)23274275,(04)23288582,2025,11,13,12,16,臺中市,南區,0,1,0,7,3,6,50,13,9,1,5,4,6,6,4,4,5,5,5,2,3,3,10,5,4,C03,7,9,1,10,2,11,,84,84,1,12,1,120.659119,24.123862,2
4782,66000,387130000C,(04)23274275,(04)23288582,2025,11,13,12,16,臺中市,北屯區,0,0,0,7,,3,40,,,,,,,,,,,,,,13,,,,,B02,,,1,,1,,,56,56,1,12,4,120.720455,24.166147,3
4783,66000,387130000C,(04)23274275,(04)23288582,2025,11,13,12,16,臺中市,大肚區,0,0,0,7,,,50,,,,,,,,,,,,,,13,,,,,B03,,,1,,1,,,7,7,1,6,4,120.562723,24.124156,3
4784,66000,387130000C,(04)23274275,(04)23288582,2025,11,13,12,19,臺中市,北區,0,1,0,7,2,6,50,3,2,1,5,4,6,6,4,4,10,5,5,2,17,2,9,2,1,C03,7,1,1,10,2,11,,51,51,1,13,4,120.670498,24.172726,2
4785,66000,387130000C,(04)23274275,(04)23288582,2025,11,13,12,20,臺中市,南區,0,0,0,7,1,6,50,13,7,1,5,4,6,6,4,4,1,3,5,2,17,3,10,3,1,B03,7,15,1,8,1,5,,35,35,1,12,4,120.657413,24.129681,3
4786,66000,387130000C,(04)23274275,(04)23288582,2025,11,13,12,20,臺中市,東區,0,0,0,7,,,50,,,,,,,,,,,,,,13,,,,,B11,,,1,,1,,,82,82,1,13,4,120.699831,24.13671,3
4787,66000,387130000C,(04)23274275,(04)23288582,2025,11,13,12,22,臺中市,北區,0,0,0,7,2,6,50,13,9,1,5,4,6,6,4,4,5,4,5,2,14,3,10,3,1,B03,7,2,1,8,1,6,,49,49,1,12,4,120.680986,24.16175,4
4788,66000,387130000C,(04)23274275,(04)23288582,2025,11,13,12,27,臺中市,南屯區,0,0,0,7,,,50,,,,,,,,,,,,,,,,,,,A11,,,1,,2,,,8,8,1,6,4,120.623024,24.149868,3
4789,66000,387130000C,(04)23274275,(04)23288582,2025,11,13,12,29,臺中市,南屯區,0,0,0,7,,,50,,,,,,,,,,,,,,,,,,,A11,,,1,,2,,,49,49,1,6,4,120.622808,24.150025,3
4790,66000,387130000C,(04)23274275,(04)23288582,2025,11,13,12,30,臺中市,太平區,0,0,0,7,,,30,,,,,,,,,,,,,,17,,,,,B12,,,1,,2,,,58,58,1,6,4,120.718451,24.11669,3
4791,66000,387130000C,(04)23274275,(04)23288582,2025,11,13,12,34,臺中市,神岡區,0,0,0,6,,,30,,,,,,,,,,,,,,10,,,,,B03,,,1,,1,,,41,41,1,6,4,120.689018,24.25035,3
4792,66000,387130000C,(04)23274275,(04)23288582,2025,11,13,12,38,臺中市,龍井區,0,1,0,6,2,6,30,4,1,1,5,4,6,6,4,4,10,5,5,2,15,3,10,3,1,B03,7,9,1,8,2,1,,15,15,1,6,4,120.529007,24.179868,2
4793,66000,387130000C,(04)23274275,(04)23288582,2025,11,13,12,43,臺中市,北區,0,2,0,7,3,6,50,5,2,1,5,4,6,6,1,1,5,4,5,2,13,2,9,5,4,C03,7,9,1,10,2,11,,7,7,1,13,4,120.674616,24.162533,2
4794,66000,387130000C,(04)23274275,(04)23288582,2025,11,13,12,51,臺中市,西區,0,1,0,7,2,6,50,13,9,1,5,4,6,6,4,4,5,5,5,1,17,2,9,2,1,C03,7,9,1,10,9,12,,84,84,2,12,4,120.673732,24.149213,2
4795,66000,387130000C,(04)23274275,(04)23288582,2025,11,13,12,52,臺中市,南屯區,0,0,0,7,,,50,,,,,,,,,,,,,,12,,,,,B02,,,1,,2,,,51,51,1,12,4,120.615004,24.147136,3
4796,66000,387130000C,(04)23274275,(04)23288582,2025,11,13,12,58,臺中市,西屯區,0,0,0,7,,,,,,,,,,,,,,,,,17,,,,,,,,,,,,,119,119,1,,,120.587947,24.172377,3
4797,66000,387130000C,(04)23274275,(04)23288582,2025,11,13,13,0,臺中市,西屯區,0,0,0,7,,,50,,,,,,,,,,,,,,12,,,,,C03,,,1,,1,,,26,26,1,13,4,120.645221,24.16285,3
4798,66000,387130000C,(04)23274275,(04)23288582,2025,11,13,13,4,臺中市,南屯區,0,0,0,7,,,50,,,,,,,,,,,,,,12,,,,,A04,,,1,,1,,,8,8,1,12,4,120.640397,24.146903,3
4799,66000,387130000C,(04)23274275,(04)23288582,2025,11,13,13,4,臺中市,龍井區,0,1,0,7,3,6,50,4,1,1,5,4,6,6,4,4,10,5,5,2,11,3,10,3,1,B03,7,9,1,8,6,5,,6,6,1,12,4,120.546683,24.21733,2
4800,66000,387130000C,(04)23274275,(04)23288582,2025,11,13,13,7,臺中市,北屯區,0,0,0,7,,,30,,,,,,,,,,,,,,12,,,,,B03,,,1,,2,,,59,59,1,12,4,120.704669,24.167657,3
4801,66000,387130000C,(04)23274275,(04)23288582,2025,11,13,13,7,臺中市,沙鹿區,0,2,0,7,2,6,50,3,1,1,5,4,6,6,4,4,10,5,5,2,16,2,8,1,1,C03,7,6,1,10,2,12,11,14,14,1,6,4,120.562851,24.236093,2
4802,66000,387130000C,(04)23274275,(04)23288582,2025,11,13,13,12,臺中市,西屯區,0,1,0,7,2,6,50,3,1,1,5,4,6,6,4,4,4,5,5,2,12,3,10,5,4,B01,7,11,1,8,2,4,,45,45,1,13,4,120.641489,24.170271,2
4803,66000,387130000C,(04)23274275,(04)23288582,2025,11,13,13,24,臺中市,西屯區,0,1,0,7,2,6,50,3,1,1,5,4,6,6,4,4,10,5,5,2,18,2,9,1,1,C03,7,9,1,10,2,12,,82,82,1,5,4,120.644352,24.186507,2
4804,66000,387130000C,(04)23274275,(04)23288582,2025,11,13,13,25,臺中市,西屯區,0,1,0,7,2,6,30,4,1,1,5,4,6,6,4,4,10,5,5,2,15,2,9,5,4,C03,7,9,1,10,2,12,,15,15,1,12,4,120.642338,24.175277,2
4805,66000,387130000C,(04)23274275,(04)23288582,2025,11,13,13,26,臺中市,龍井區,0,0,0,6,,,60,,,,,,,,,,,,,,16,,,,,B03,,,1,,2,,,38,38,1,6,4,120.574247,24.184272,3
4806,66000,387130000C,(04)23274275,(04)23288582,2025,11,13,13,37,臺中市,北區,0,0,0,7,,,50,,,,,,,,,,,,,,17,,,,,B03,,,1,,2,,,8,8,1,13,4,120.685336,24.152102,3
4807,66000,387130000C,(04)23274275,(04)23288582,2025,11,13,13,46,臺中市,后里區,0,1,0,7,3,6,30,11,9,1,5,4,6,6,4,4,10,5,5,2,27,2,9,3,1,B03,7,9,1,8,2,1,,84,84,1,6,4,120.752316,24.311418,2
4808,66000,387130000C,(04)23274275,(04)23288582,2025,11,13,13,47,臺中市,西屯區,0,0,0,7,,,50,,,,,,,,,,,,,,14,,,,,B12,,,1,,1,,,49,49,1,12,4,120.644751,24.174957,3
4809,66000,387130000C,(04)23274275,(04)23288582,2025,11,13,13,48,臺中市,北屯區,0,0,0,7,,,50,,,,,,,,,,,,,,16,,,,,C03,,,1,,1,,,59,59,1,12,4,120.681545,24.171111,3
4810,66000,387130000C,(04)23274275,(04)23288582,2025,11,13,14,0,臺中市,北區,0,0,0,7,,,50,,,,,,,,,,,,,,17,,,,,C03,,,1,,2,,,84,84,1,13,4,120.684905,24.153894,3
4811,66000,387130000C,(04)23274275,(04)23288582,2025,11,13,14,2,臺中市,中區,0,0,0,7,,,50,,,,,,,,,,,,,,,,,,,B03,,,1,,1,,,49,49,1,12,4,120.680404,24.139029,3
4812,66000,387130000C,(04)23274275,(04)23288582,2025,11,13,14,9,臺中市,西屯區,0,0,0,7,,,50,,,,,,,,,,,,,,13,,,,,B03,,,1,,2,,,59,59,1,13,4,120.635174,24.181956,3
4813,66000,387130000C,(04)23274275,(04)23288582,2025,11,13,14,10,臺中市,南區,0,0,0,7,,,50,,,,,,,,,,,,,,,,,,,B03,,,1,,1,,,78,78,1,6,4,120.657413,24.129681,3
4814,66000,387130000C,(04)23274275,(04)23288582,2025,11,13,14,15,臺中市,北區,0,1,0,7,2,6,50,4,9,1,5,4,6,6,1,1,5,4,5,2,18,2,9,1,1,C03,7,9,1,10,1,14,,84,84,1,12,4,120.678257,24.167046,2
4815,66000,387130000C,(04)23274275,(04)23288582,2025,11,13,14,15,臺中市,南區,0,1,0,7,3,6,40,4,1,1,5,4,6,6,1,1,10,5,5,2,17,2,8,5,4,C03,7,8,1,10,2,13,,40,40,1,12,4,120.67334,24.130464,2
4816,66000,387130000C,(04)23274275,(04)23288582,2025,11,13,14,17,臺中市,南區,0,1,0,7,2,6,50,4,1,1,5,4,6,6,1,1,5,5,5,2,12,3,10,3,1,B03,7,1,1,8,1,5,,51,51,1,13,4,120.652994,24.114114,2
4817,66000,387130000C,(04)23274275,(04)23288582,2025,11,13,14,23,臺中市,烏日區,0,0,0,7,,,30,,,,,,,,,,,,,,11,,,,,B03,,,1,,9,,,8,8,1,6,4,120.634404,24.097582,3
4818,66000,387130000C,(04)23274275,(04)23288582,2025,11,13,14,25,臺中市,南屯區,0,1,0,7,2,6,50,4,2,1,5,4,6,6,4,4,10,4,5,2,17,3,10,3,1,B03,7,9,1,8,2,8,,12,12,1,12,4,120.639306,24.137679,2
4819,66000,387130000C,(04)23274275,(04)23288582,2025,11,13,14,27,臺中市,大里區,0,1,0,7,2,6,50,4,2,1,5,4,6,6,1,1,1,3,4,1,17,3,10,3,1,B03,7,6,1,8,2,5,,11,11,1,6,4,120.697644,24.082461,2
4820,66000,387130000C,(04)23274275,(04)23288582,2025,11,13,14,28,臺中市,西屯區,0,1,0,7,2,6,30,4,1,1,5,4,6,6,3,1,10,5,5,2,16,3,10,3,1,B03,7,6,1,4,2,1,,24,24,1,13,4,120.634816,24.165627,2
4821,66000,387130000C,(04)23274275,(04)23288582,2025,11,13,14,31,臺中市,北屯區,0,1,0,7,3,6,50,4,1,1,5,4,6,6,2,1,10,5,5,2,16,3,10,3,1,B12,7,6,5,8,2,5,,11,11,1,6,4,120.676785,24.18059,2
4822,66000,387130000C,(04)23274275,(04)23288582,2025,11,13,14,33,臺中市,太平區,0,0,0,7,2,6,30,,,,,,,,,,,,,,14,,,,,B03,,,1,,2,7,,49,49,1,12,4,120.706219,24.117442,3
4823,66000,387130000C,(04)23274275,(04)23288582,2025,11,13,14,35,臺中市,霧峰區,0,1,0,7,2,6,50,13,9,1,5,4,6,6,4,4,5,4,5,1,13,2,8,1,1,F03,7,9,7,21,2,11,,7,7,1,5,4,120.700487,24.075743,2
4824,66000,387130000C,(04)23274275,(04)23288582,2025,11,13,14,35,臺中市,沙鹿區,0,0,0,7,,,60,,,,,,,,,,,,,,,,,,,A11,,,1,,2,,,59,59,1,13,4,120.564021,24.206459,3
4825,66000,387130000C,(04)23274275,(04)23288582,2025,11,13,14,39,臺中市,西區,0,0,0,7,,,50,,,,,,,,,,,,,,12,,,,,B03,,,1,,2,,,51,51,1,13,4,120.672485,24.148114,3
4826,66000,387130000C,(04)23274275,(04)23288582,2025,11,13,14,40,臺中市,大雅區,0,1,0,7,2,6,40,13,9,1,5,4,6,6,4,4,1,4,4,1,17,2,9,1,1,C03,7,12,1,10,2,14,,87,87,1,12,4,120.64945,24.214374,2
4827,66000,387130000C,(04)23274275,(04)23288582,2025,11,13,14,40,臺中市,豐原區,0,1,0,7,1,6,50,13,9,1,5,4,6,6,4,4,1,4,5,1,18,2,8,1,1,C03,7,9,1,10,2,11,,84,84,1,6,4,120.728337,24.250018,2
4828,66000,387130000C,(04)23274275,(04)23288582,2025,11,13,14,44,臺中市,西屯區,0,1,0,7,2,6,40,4,1,1,5,4,6,6,2,1,5,5,5,2,12,2,9,5,4,C03,7,9,1,10,2,11,,59,59,1,12,4,120.660102,24.164309,2
4829,66000,387130000C,(04)23274275,(04)23288582,2025,11,13,14,46,臺中市,太平區,0,1,0,7,2,6,30,4,1,1,5,4,6,6,4,4,5,5,5,2,15,2,9,1,1,C03,7,9,1,10,2,11,,15,15,1,12,4,120.718218,24.148103,2
4830,66000,387130000C,(04)23274275,(04)23288582,2025,11,13,14,48,臺中市,南屯區,0,1,0,7,3,6,30,4,1,1,5,4,6,6,4,4,10,5,5,2,15,3,10,3,1,B03,7,9,1,8,2,5,,15,15,1,6,4,120.62441,24.113379,2
4831,66000,387130000C,(04)23274275,(04)23288582,2025,11,13,14,50,臺中市,西屯區,0,1,0,7,2,6,50,4,1,1,5,4,6,6,1,1,10,5,5,2,13,3,10,3,4,B03,7,9,1,8,2,8,,7,7,1,13,4,120.615468,24.189164,2
4832,66000,387130000C,(04)23274275,(04)23288582,2025,11,13,14,52,臺中市,后里區,0,0,0,7,2,6,50,4,9,1,5,4,6,6,2,1,5,5,5,1,11,3,10,1,1,C03,7,9,1,10,2,14,,8,8,1,6,4,120.73045,24.309452,3