序號,縣市別代碼,機關代碼,市話,傳真,年,月,日,時,分,縣市,區,死亡數量,受傷數量,2-30,天候,道路照明設備,道路類別,道路速限,道路型態,事故位置,路面鋪裝,路面狀態,路面缺陷,障礙物,視距,號誌種類,號誌動作,分向設施,快車道或一般車道間,快慢車道間,路面邊線,事故類型及型態,受傷程度,主要傷處,保護裝備,行動電話或功能裝置,當事者區分(類別),車輛用途,當事者行動狀態,駕照狀態,駕照種類,飲酒情形,車輛撞擊部位最初,車輛撞擊部位其他,肇事因素個別,肇事因素主要,肇事逃逸,職業,共享經濟或外送平台,GPS座標X,GPS座標Y,事故類別
4833,66000,387130000C,(04)23274275,(04)23288582,2025,11,13,14,55,臺中市,東區,0,1,0,6,2,6,50,4,2,1,5,4,6,6,1,1,10,5,5,2,17,3,10,5,4,B03,7,11,1,8,2,2,,84,84,1,12,4,120.684738,24.130813,2
4834,66000,387130000C,(04)23274275,(04)23288582,2025,11,13,14,56,臺中市,和平區,0,0,0,6,2,2,30,11,9,1,5,4,6,6,4,4,10,5,5,1,12,,,,,A11,,,1,,2,,,43,43,1,12,4,121.295324,24.313938,3
4835,66000,387130000C,(04)23274275,(04)23288582,2025,11,13,14,57,臺中市,西區,0,0,0,7,,,,,,,,,,,,,,,,,17,,,,,,,,,,,,,119,119,1,,,120.657345,24.137987,3
4836,66000,387130000C,(04)23274275,(04)23288582,2025,11,13,14,57,臺中市,南區,0,1,0,7,2,6,50,4,1,1,5,4,6,6,2,1,5,4,5,2,12,3,10,2,1,C03,7,4,1,10,2,12,,1,1,1,13,4,120.66251,24.127477,2
4837,66000,387130000C,(04)23274275,(04)23288582,2025,11,13,14,58,臺中市,南屯區,0,2,0,7,2,6,50,4,1,1,5,4,6,6,2,1,9,4,1,2,11,2,9,1,1,C03,7,1,5,19,2,11,,51,51,1,12,4,120.6318,24.125677,2
4838,66000,387130000C,(04)23274275,(04)23288582,2025,11,13,14,59,臺中市,北屯區,0,0,0,7,,,50,,,,,,,,,,,,,,13,,,,,C03,,,1,,2,,,7,7,1,6,4,120.699634,24.170418,3
4839,66000,387130000C,(04)23274275,(04)23288582,2025,11,13,15,3,臺中市,北屯區,0,0,0,7,,,50,,,,,,,,,,,,,,12,,,,,B12,,,1,,2,,,84,84,1,6,4,120.664775,24.184107,3
4840,66000,387130000C,(04)23274275,(04)23288582,2025,11,13,15,4,臺中市,西屯區,0,0,0,7,,,50,,,,,,,,,,,,,,,,,,,B12,,,1,,2,,,7,7,1,13,4,120.649478,24.197617,3
4841,66000,387130000C,(04)23274275,(04)23288582,2025,11,13,15,5,臺中市,北區,0,1,0,7,2,6,50,13,9,1,5,4,6,6,1,1,5,4,5,2,17,2,9,5,1,C03,7,9,3,19,2,14,,84,84,1,13,4,120.681235,24.148895,2
4842,66000,387130000C,(04)23274275,(04)23288582,2025,11,13,15,5,臺中市,大里區,0,1,0,7,2,6,50,3,1,1,5,4,6,6,4,4,10,5,5,2,17,3,10,3,1,B12,7,5,1,8,2,8,,14,14,1,12,4,120.678948,24.084409,2
4843,66000,387130000C,(04)23274275,(04)23288582,2025,11,13,15,7,臺中市,西屯區,0,1,0,7,2,6,40,3,1,1,5,4,6,6,1,1,10,5,5,1,16,3,10,3,1,B03,7,5,1,8,2,2,,47,47,1,12,4,120.647757,24.195936,2
4844,66000,387130000C,(04)23274275,(04)23288582,2025,11,13,15,12,臺中市,潭子區,0,1,0,7,2,6,60,4,1,1,5,4,6,6,1,1,10,5,5,2,16,3,10,3,1,B03,7,5,1,8,2,15,,11,11,1,12,4,120.70392,24.202416,2
4845,66000,387130000C,(04)23274275,(04)23288582,2025,11,13,15,13,臺中市,北區,0,2,0,7,2,6,50,4,1,1,5,4,6,6,1,1,10,5,5,2,13,2,9,5,4,C03,7,12,1,10,2,11,,7,7,1,13,4,120.683352,24.148455,2
4846,66000,387130000C,(04)23274275,(04)23288582,2025,11,13,15,14,臺中市,大安區,0,1,0,7,3,6,30,3,1,1,5,4,6,6,4,4,10,5,5,1,17,2,9,1,1,C03,7,9,1,10,2,11,,59,59,1,6,4,120.603437,24.357086,2
4847,66000,387130000C,(04)23274275,(04)23288582,2025,11,13,15,17,臺中市,大里區,0,2,0,7,2,6,40,4,2,1,5,4,6,6,1,1,10,5,5,2,17,2,9,1,1,F03,7,9,7,21,2,11,,84,84,1,12,4,120.692391,24.115771,2
4848,66000,387130000C,(04)23274275,(04)23288582,2025,11,13,15,19,臺中市,西屯區,0,0,0,6,,,40,,,,,,,,,,,,,,12,,,,,C03,,,1,,1,,,8,8,1,12,4,120.617469,24.182191,3
4849,66000,387130000C,(04)23274275,(04)23288582,2025,11,13,15,20,臺中市,大雅區,0,0,0,7,,,30,,,,,,,,,,,,,,,,,,,A11,,,1,,2,,,49,49,1,12,4,120.653305,24.227414,3
4850,66000,387130000C,(04)23274275,(04)23288582,2025,11,13,15,24,臺中市,潭子區,0,1,0,7,3,6,50,4,1,1,5,4,6,6,1,1,1,4,5,2,17,3,10,3,1,B03,7,5,1,8,2,5,,11,11,1,13,4,120.719861,24.22886,2
4851,66000,387130000C,(04)23274275,(04)23288582,2025,11,13,15,24,臺中市,北屯區,0,0,0,7,,,50,,,,,,,,,,,,,,13,,,,,B03,,,1,,2,,,7,7,1,6,4,120.676711,24.176952,3
4852,66000,387130000C,(04)23274275,(04)23288582,2025,11,13,15,24,臺中市,北屯區,0,0,0,7,,,50,,,,,,,,,,,,,,13,,,,,C03,,,1,,2,,,7,7,1,6,4,120.744086,24.185738,3
4853,66000,387130000C,(04)23274275,(04)23288582,2025,11,13,15,26,臺中市,北區,0,0,0,7,3,6,50,18,24,1,5,4,6,6,4,4,1,5,5,2,13,,,,,B03,,,1,,2,,,59,59,1,13,4,120.664435,24.154658,3
4854,66000,387130000C,(04)23274275,(04)23288582,2025,11,13,15,39,臺中市,潭子區,0,1,0,7,2,6,50,13,9,1,5,4,6,6,1,1,5,2,5,1,12,2,9,2,1,C03,7,9,3,19,2,12,,8,8,1,12,4,120.700716,24.21187,2
4855,66000,387130000C,(04)23274275,(04)23288582,2025,11,13,15,41,臺中市,西區,0,0,0,7,,,50,,,,,,,,,,,,,,,,,,,B03,,,1,,1,,,84,84,2,12,4,120.66639,24.152942,3
4856,66000,387130000C,(04)23274275,(04)23288582,2025,11,13,15,42,臺中市,東區,0,0,0,7,,,50,,,,,,,,,,,,,,,,,,,B03,,,1,,2,,,84,84,1,6,4,120.688291,24.130905,3
4857,66000,387130000C,(04)23274275,(04)23288582,2025,11,13,15,45,臺中市,西區,0,1,0,7,2,6,50,13,8,1,5,4,6,6,4,4,5,4,5,2,17,3,10,3,1,B03,7,5,1,8,2,2,,84,84,1,12,4,120.665247,24.143875,2
4858,66000,387130000C,(04)23274275,(04)23288582,2025,11,13,15,49,臺中市,西區,0,0,0,7,,,50,,,,,,,,,,,,,,,,,,,C03,,,1,,1,,,34,34,1,12,4,120.677553,24.144785,3
4859,66000,387130000C,(04)23274275,(04)23288582,2025,11,13,15,54,臺中市,大里區,0,0,0,7,2,6,50,3,1,1,5,4,6,6,4,4,1,4,4,1,14,,,,,B03,,,1,,2,,,49,49,1,13,4,120.675496,24.102987,3
4860,66000,387130000C,(04)23274275,(04)23288582,2025,11,13,15,56,臺中市,東區,0,0,0,7,,,50,,,,,,,,,,,,,,17,,,,,C03,,,1,,1,,,85,85,1,12,4,120.698753,24.132907,4
4861,66000,387130000C,(04)23274275,(04)23288582,2025,11,13,15,59,臺中市,西區,0,0,0,7,,,50,,,,,,,,,,,,,,12,,,,,B03,,,1,,2,,,84,84,1,13,4,120.664833,24.138639,3
4862,66000,387130000C,(04)23274275,(04)23288582,2025,11,13,16,0,臺中市,潭子區,0,0,0,7,,,50,,,,,,,,,,,,,,6,,,,,B03,,,1,,1,,,51,51,1,12,4,120.67368,24.206163,3
4863,66000,387130000C,(04)23274275,(04)23288582,2025,11,13,16,0,臺中市,龍井區,0,0,0,6,,,30,,,,,,,,,,,,,,9,,,,,B02,,,1,,2,,,8,8,1,6,4,120.589945,24.179088,3
4864,66000,387130000C,(04)23274275,(04)23288582,2025,11,13,16,3,臺中市,神岡區,0,0,0,7,,,50,,,,,,,,,,,,,,17,,,,,B03,,,1,,2,,,59,59,1,13,4,120.681211,24.247386,3
4865,66000,387130000C,(04)23274275,(04)23288582,2025,11,13,16,5,臺中市,沙鹿區,0,1,0,7,2,6,50,3,1,1,5,4,6,6,4,4,10,5,5,2,12,2,7,1,1,C03,7,6,1,10,2,14,11,87,87,1,6,4,120.560732,24.23779,2
4866,66000,387130000C,(04)23274275,(04)23288582,2025,11,13,16,7,臺中市,外埔區,0,1,0,7,2,6,50,4,1,1,5,4,6,6,1,1,5,5,4,1,9,2,9,6,5,H01,8,16,7,21,10,17,,109,109,1,12,5,120.657463,24.327796,2
4867,66000,387130000C,(04)23274275,(04)23288582,2025,11,13,16,9,臺中市,大肚區,0,0,0,7,,,30,,,,,,,,,,,,,,11,,,,,B03,,,1,,2,,,8,8,1,6,4,120.574661,24.164296,3
4868,66000,387130000C,(04)23274275,(04)23288582,2025,11,13,16,15,臺中市,西屯區,0,2,0,7,2,6,30,4,1,1,5,4,6,6,4,4,10,5,5,2,15,3,10,1,1,C03,7,9,1,10,2,12,,15,15,1,12,4,120.660161,24.196076,2
4869,66000,387130000C,(04)23274275,(04)23288582,2025,11,13,16,19,臺中市,神岡區,0,0,0,7,,,50,,,,,,,,,,,,,,17,,,,,A04,,,1,,2,,,59,59,1,13,4,120.685019,24.246437,3
4870,66000,387130000C,(04)23274275,(04)23288582,2025,11,13,16,24,臺中市,中區,0,0,0,7,,,50,,,,,,,,,,,,,,14,,,,,B03,,,1,,1,,,49,49,1,12,4,120.681997,24.143728,3
4871,66000,387130000C,(04)23274275,(04)23288582,2025,11,13,16,24,臺中市,西屯區,0,0,0,7,,,50,,,,,,,,,,,,,,12,,,,,B03,,,1,,1,,,40,40,1,13,4,120.623727,24.185592,3
4872,66000,387130000C,(04)23274275,(04)23288582,2025,11,13,16,28,臺中市,西屯區,0,1,0,7,2,6,50,3,1,1,5,4,6,6,2,1,10,5,5,2,12,2,6,5,4,C03,7,8,1,10,2,14,,40,40,1,12,4,120.634026,24.176521,2
4873,66000,387130000C,(04)23274275,(04)23288582,2025,11,13,16,30,臺中市,東勢區,0,1,0,7,2,6,50,3,2,1,5,4,6,6,4,4,5,5,5,2,9,2,9,5,4,C03,7,9,1,10,2,12,,75,75,1,13,4,120.832923,24.247162,2
4874,66000,387130000C,(04)23274275,(04)23288582,2025,11,13,16,40,臺中市,南區,0,2,0,7,3,6,50,3,2,1,5,4,6,6,4,4,5,5,5,2,12,2,9,2,1,C03,7,6,1,10,2,13,,14,14,1,12,4,120.65842,24.125614,2
4875,66000,387130000C,(04)23274275,(04)23288582,2025,11,13,16,42,臺中市,西屯區,0,0,0,7,,,50,,,,,,,,,,,,,,17,,,,,B03,,,1,,1,,,84,84,1,12,4,120.606439,24.161567,3
4876,66000,387130000C,(04)23274275,(04)23288582,2025,11,13,16,45,臺中市,北屯區,0,1,0,6,2,6,30,4,1,1,5,4,6,6,4,4,10,5,5,2,16,3,10,3,1,B03,7,9,1,8,2,1,,12,12,1,12,4,120.680364,24.179335,2
4877,66000,387130000C,(04)23274275,(04)23288582,2025,11,13,16,45,臺中市,沙鹿區,0,0,0,7,,,50,,,,,,,,,,,,,,,,,,,C03,,,1,,1,,,40,40,1,13,4,120.56234,24.233414,3
4878,66000,387130000C,(04)23274275,(04)23288582,2025,11,13,16,46,臺中市,大里區,0,2,0,7,2,6,50,13,9,1,5,4,6,6,4,4,9,4,5,1,17,2,9,2,1,C03,7,3,1,10,2,13,,50,50,1,12,4,120.694469,24.107269,2
4879,66000,387130000C,(04)23274275,(04)23288582,2025,11,13,16,48,臺中市,烏日區,0,2,0,6,2,6,50,4,1,1,5,4,6,6,4,4,5,4,5,1,16,2,9,1,1,C03,7,6,1,10,2,12,,14,14,1,6,4,120.624733,24.104906,2
4880,66000,387130000C,(04)23274275,(04)23288582,2025,11,13,16,50,臺中市,北區,0,3,0,7,2,6,50,13,9,1,5,4,6,6,4,4,1,4,5,2,17,2,9,5,4,C03,7,1,1,10,2,13,,51,51,1,13,4,120.673429,24.16551,2
4881,66000,387130000C,(04)23274275,(04)23288582,2025,11,13,16,50,臺中市,南區,0,0,0,7,,,50,,,,,,,,,,,,,,14,,,,,B03,,,1,,1,,,49,49,1,13,4,120.650594,24.111535,4
4882,66000,387130000C,(04)23274275,(04)23288582,2025,11,13,16,51,臺中市,后里區,0,1,0,7,2,6,50,4,1,1,5,4,6,6,1,1,5,5,4,2,17,3,10,3,1,B03,7,11,1,8,2,8,,45,45,1,12,4,120.710503,24.304948,2
4883,66000,387130000C,(04)23274275,(04)23288582,2025,11,13,16,51,臺中市,大安區,0,1,0,7,3,6,50,13,9,1,5,4,6,6,4,4,5,4,5,1,12,3,10,3,1,B12,7,9,1,8,2,6,,8,8,1,6,4,120.602051,24.346358,2
4884,66000,387130000C,(04)23274275,(04)23288582,2025,11,13,16,55,臺中市,北屯區,0,0,0,7,,,50,,,,,,,,,,,,,,17,,,,,B03,,,1,,1,,,8,8,1,6,4,120.691761,24.182406,3
4885,66000,387130000C,(04)23274275,(04)23288582,2025,11,13,16,59,臺中市,南屯區,0,2,0,7,3,6,30,13,9,1,5,4,6,6,4,4,10,5,5,2,11,2,9,1,1,C03,7,1,1,10,2,12,,51,51,1,12,4,120.60708,24.133901,2
4886,66000,387130000C,(04)23274275,(04)23288582,2025,11,13,17,0,臺中市,西屯區,0,0,0,7,,,50,,,,,,,,,,,,,,,,,,,C03,,,1,,1,,,7,7,1,13,4,120.621921,24.186373,3
4887,66000,387130000C,(04)23274275,(04)23288582,2025,11,13,17,1,臺中市,大里區,0,2,0,7,2,6,50,3,1,1,5,4,6,6,4,4,10,5,5,2,16,2,9,1,1,F01,7,11,7,21,2,11,14,20,20,1,3,4,120.685493,24.107536,2
4888,66000,387130000C,(04)23274275,(04)23288582,2025,11,13,17,5,臺中市,西區,0,2,0,7,2,6,50,4,2,1,5,4,6,6,4,4,5,4,5,1,3,2,9,2,1,C03,7,9,1,10,2,11,,10,10,1,13,4,120.669022,24.146726,2
4889,66000,387130000C,(04)23274275,(04)23288582,2025,11,13,17,5,臺中市,烏日區,0,1,0,7,1,6,50,3,1,1,5,4,6,6,1,1,10,5,5,2,18,2,9,2,1,C03,7,9,1,10,2,12,,58,58,1,6,4,120.643326,24.078987,2
4890,66000,387130000C,(04)23274275,(04)23288582,2025,11,13,17,10,臺中市,潭子區,0,0,0,7,,3,80,,,,,,,,,,,,,,16,,,,,B03,,,1,,1,,,40,40,1,12,4,120.712263,24.200425,3
4891,66000,387130000C,(04)23274275,(04)23288582,2025,11,13,17,10,臺中市,新社區,0,0,0,7,,,50,,,,,,,,,,,,,,16,,,,,B03,,,1,,1,,,20,20,1,6,4,120.808248,24.252359,3
4892,66000,387130000C,(04)23274275,(04)23288582,2025,11,13,17,12,臺中市,大雅區,0,0,0,7,,,50,,,,,,,,,,,,,,,,,,,C03,,,1,,2,,,51,51,1,12,4,120.650551,24.218745,3
4893,66000,387130000C,(04)23274275,(04)23288582,2025,11,13,17,12,臺中市,中區,0,1,0,7,1,6,50,5,1,1,5,4,6,6,2,1,1,4,4,1,17,2,9,2,1,C03,7,9,1,10,2,11,,84,84,1,12,4,120.682379,24.145869,2
4894,66000,387130000C,(04)23274275,(04)23288582,2025,11,13,17,14,臺中市,龍井區,0,2,0,6,1,6,40,13,8,1,5,4,6,6,4,4,3,4,3,2,12,2,9,1,1,C03,7,9,1,10,2,12,,85,85,1,6,4,120.577616,24.177258,2
4895,66000,387130000C,(04)23274275,(04)23288582,2025,11,13,17,15,臺中市,南區,0,0,0,7,,,50,,,,,,,,,,,,,,,,,,,B03,,,1,,2,,,43,43,1,6,4,120.661854,24.125117,3
4896,66000,387130000C,(04)23274275,(04)23288582,2025,11,13,17,17,臺中市,沙鹿區,0,1,0,7,1,9,30,18,24,2,5,4,6,6,4,4,10,5,5,2,17,2,8,1,1,C03,7,10,1,10,2,14,,58,58,1,12,4,120.563753,24.23275,2
4897,66000,387130000C,(04)23274275,(04)23288582,2025,11,13,17,18,臺中市,烏日區,0,0,0,7,,,70,,,,,,,,,,,,,,13,,,,,B12,,,1,,1,,,7,7,1,6,4,120.612438,24.10646,3
4898,66000,387130000C,(04)23274275,(04)23288582,2025,11,13,17,18,臺中市,豐原區,0,0,0,7,1,6,50,5,2,1,5,4,6,6,2,1,1,5,5,2,12,3,10,1,1,C03,7,9,5,19,7,12,,84,84,1,12,4,120.712071,24.237233,3
4899,66000,387130000C,(04)23274275,(04)23288582,2025,11,13,17,19,臺中市,北屯區,0,0,0,5,,,50,,,,,,,,,,,,,,13,,,,,C03,,,1,,2,,,7,7,1,6,4,120.720464,24.162869,3
4900,66000,387130000C,(04)23274275,(04)23288582,2025,11,13,17,19,臺中市,烏日區,0,0,0,7,2,6,60,13,7,1,5,4,6,6,4,4,1,4,1,2,17,3,10,3,1,A05,7,9,1,2,2,2,,84,84,1,6,4,120.641522,24.093626,3
4901,66000,387130000C,(04)23274275,(04)23288582,2025,11,13,17,20,臺中市,北區,0,1,0,7,3,6,50,4,1,1,5,4,6,6,2,1,10,5,5,2,17,2,9,5,4,C03,7,9,1,10,2,11,,7,7,1,13,4,120.690207,24.156245,2
4902,66000,387130000C,(04)23274275,(04)23288582,2025,11,13,17,25,臺中市,中區,0,1,0,6,1,6,50,5,1,1,5,4,6,6,1,1,10,5,5,2,17,3,10,1,1,C03,7,9,1,10,2,11,,7,7,1,12,4,120.677352,24.144148,2
4903,66000,387130000C,(04)23274275,(04)23288582,2025,11,13,17,25,臺中市,太平區,0,0,0,7,,,50,,,,,,,,,,,,,,13,,,,,B03,,,1,,2,,,58,58,1,6,4,120.728919,24.102529,3
4904,66000,387130000C,(04)23274275,(04)23288582,2025,11,13,17,25,臺中市,太平區,0,1,0,7,1,6,50,13,9,1,5,4,6,6,4,4,5,4,5,2,13,2,4,1,1,C03,7,9,1,10,2,11,,7,7,1,12,2,120.717571,24.127494,2
4905,66000,387130000C,(04)23274275,(04)23288582,2025,11,13,17,26,臺中市,北區,0,0,0,7,,,30,,,,,,,,,,,,,,14,,,,,B03,,,1,,2,,,49,49,1,13,4,120.684168,24.163226,3
4906,66000,387130000C,(04)23274275,(04)23288582,2025,11,13,17,29,臺中市,烏日區,0,2,0,7,1,6,50,3,1,1,5,4,6,6,1,1,10,5,5,2,3,3,10,3,1,B03,7,6,1,8,2,1,,10,10,1,6,4,120.629756,24.109069,2
4907,66000,387130000C,(04)23274275,(04)23288582,2025,11,13,17,29,臺中市,大肚區,0,1,0,7,1,6,30,13,9,1,5,4,6,6,4,4,10,5,5,2,18,2,9,2,1,C03,7,9,1,10,2,11,,87,87,1,6,4,120.529136,24.165387,2
4908,66000,387130000C,(04)23274275,(04)23288582,2025,11,13,17,30,臺中市,大雅區,0,1,0,7,1,6,50,4,1,1,5,4,6,6,1,1,4,3,5,1,17,3,10,5,4,B03,7,9,1,8,9,6,,84,84,2,13,4,120.654354,24.229388,2
4909,66000,387130000C,(04)23274275,(04)23288582,2025,11,13,17,30,臺中市,豐原區,0,1,0,6,1,6,50,4,2,1,5,4,6,6,1,1,1,4,5,1,18,2,1,3,1,B03,7,9,1,8,1,1,,54,54,1,6,4,120.709364,24.248679,2
4910,66000,387130000C,(04)23274275,(04)23288582,2025,11,13,17,32,臺中市,西屯區,0,1,0,7,1,6,40,13,8,1,5,4,6,6,4,4,1,4,1,1,12,2,9,2,1,C03,7,15,1,10,2,11,,59,59,1,12,4,120.642713,24.156708,2
4911,66000,387130000C,(04)23274275,(04)23288582,2025,11,13,17,33,臺中市,北屯區,0,0,0,5,,,50,,,,,,,,,,,,,,12,,,,,A04,,,1,,2,,,84,84,1,6,4,120.683726,24.172042,3
4912,66000,387130000C,(04)23274275,(04)23288582,2025,11,13,17,34,臺中市,北屯區,0,1,0,7,1,6,80,13,9,1,5,4,6,6,4,4,1,4,5,2,13,3,10,3,1,B03,7,9,1,8,2,1,,7,7,1,6,4,120.694082,24.200921,2
4913,66000,387130000C,(04)23274275,(04)23288582,2025,11,13,17,34,臺中市,太平區,0,1,0,7,1,6,50,13,14,1,5,4,6,6,4,4,5,5,5,1,12,2,8,2,1,F03,7,9,7,21,2,14,,39,39,1,4,4,120.716655,24.131993,2
4914,66000,387130000C,(04)23274275,(04)23288582,2025,11,13,17,35,臺中市,豐原區,0,0,0,7,,,50,,,,,,,,,,,,,,17,,,,,B03,,,1,,2,,,84,84,1,12,4,120.72305,24.254128,3
4915,66000,387130000C,(04)23274275,(04)23288582,2025,11,13,17,39,臺中市,東區,0,0,0,7,,,50,,,,,,,,,,,,,,35,,,,,B03,,,1,,1,,,84,84,1,12,4,120.709517,24.149555,3
4916,66000,387130000C,(04)23274275,(04)23288582,2025,11,13,17,40,臺中市,南屯區,0,0,0,7,,,50,,,,,,,,,,,,,,,,,,,B03,,,1,,2,,,7,7,1,12,4,120.609591,24.155152,3
4917,66000,387130000C,(04)23274275,(04)23288582,2025,11,13,17,40,臺中市,霧峰區,0,2,0,7,1,6,50,4,1,1,5,4,6,6,4,4,1,4,4,1,15,2,9,2,1,C03,7,9,1,10,2,13,,20,20,1,13,4,120.696509,24.068554,2
4918,66000,387130000C,(04)23274275,(04)23288582,2025,11,13,17,42,臺中市,南屯區,0,0,0,7,,,50,,,,,,,,,,,,,,17,,,,,C03,,,1,,1,,,8,8,1,6,4,120.635951,24.146595,3
4919,66000,387130000C,(04)23274275,(04)23288582,2025,11,13,17,42,臺中市,龍井區,0,1,0,7,1,6,60,13,7,1,5,4,6,6,4,4,1,4,1,2,13,2,1,3,1,B03,7,9,1,8,2,1,,7,7,1,6,4,120.585748,24.18628,2
4920,66000,387130000C,(04)23274275,(04)23288582,2025,11,13,17,45,臺中市,大雅區,0,0,0,7,,,60,,,,,,,,,,,,,,,,,,,B03,,,1,,2,,,40,40,1,12,4,120.650554,24.21116,3
4921,66000,387130000C,(04)23274275,(04)23288582,2025,11,13,17,45,臺中市,大肚區,0,0,0,6,,,30,,,,,,,,,,,,,,18,,,,,C03,,,1,,2,,,85,85,1,6,4,120.580473,24.169894,3
4922,66000,387130000C,(04)23274275,(04)23288582,2025,11,13,17,46,臺中市,豐原區,0,0,0,7,1,6,50,3,2,1,5,4,6,6,4,4,1,4,4,1,12,3,10,3,1,B03,7,5,1,8,2,8,,84,84,1,12,4,120.711975,24.240503,3
4923,66000,387130000C,(04)23274275,(04)23288582,2025,11,13,17,47,臺中市,大里區,0,0,0,7,1,3,80,13,9,1,5,4,6,6,4,4,1,3,5,1,13,,,,,B03,,,1,,2,,,7,7,1,13,4,120.694391,24.107119,3
4924,66000,387130000C,(04)23274275,(04)23288582,2025,11,13,17,50,臺中市,北屯區,0,0,0,7,,,50,,,,,,,,,,,,,,,,,,,B02,,,1,,1,,,85,85,1,6,4,120.685945,24.170835,3
4925,66000,387130000C,(04)23274275,(04)23288582,2025,11,13,17,51,臺中市,霧峰區,0,0,0,6,,,30,,,,,,,,,,,,,,,,,,,C03,,,1,,1,,,20,20,1,13,4,120.68797,24.05238,3
4926,66000,387130000C,(04)23274275,(04)23288582,2025,11,13,17,51,臺中市,大肚區,0,1,0,7,1,6,50,3,1,1,5,4,6,6,4,4,10,5,5,2,17,3,10,3,1,B03,7,6,1,8,2,1,,59,59,1,6,4,120.575682,24.172059,2
4927,66000,387130000C,(04)23274275,(04)23288582,2025,11,13,17,52,臺中市,西區,0,0,0,7,,,50,,,,,,,,,,,,,,17,,,,,B11,,,1,,2,,,84,84,1,13,4,120.657635,24.157076,3
4928,66000,387130000C,(04)23274275,(04)23288582,2025,11,13,17,53,臺中市,北區,0,1,0,7,1,6,50,4,1,1,5,4,6,6,1,1,3,4,5,2,17,3,10,5,1,B03,7,9,1,8,2,5,,21,21,1,13,4,120.67192,24.171681,2
4929,66000,387130000C,(04)23274275,(04)23288582,2025,11,13,17,55,臺中市,北區,0,2,0,5,1,6,50,4,1,1,4,4,6,6,4,4,10,5,5,2,16,2,9,5,4,C03,7,6,1,10,2,12,,14,14,1,13,4,120.668245,24.172822,2
4930,66000,387130000C,(04)23274275,(04)23288582,2025,11,13,17,56,臺中市,大里區,0,0,0,7,,,50,,,,,,,,,,,,,,,,,,,B03,,,1,,2,,,7,7,1,12,4,120.675214,24.103419,3
4931,66000,387130000C,(04)23274275,(04)23288582,2025,11,13,17,57,臺中市,西區,0,2,0,5,1,6,50,4,1,1,4,4,6,6,2,1,5,4,5,2,18,2,9,2,1,C03,7,9,3,19,5,12,,56,56,1,12,4,120.655131,24.15079,2
4932,66000,387130000C,(04)23274275,(04)23288582,2025,11,13,17,58,臺中市,北屯區,0,0,0,7,,,50,,,,,,,,,,,,,,13,,,,,B03,,,1,,2,,,49,49,1,6,4,120.726887,24.176609,3
4933,66000,387130000C,(04)23274275,(04)23288582,2025,11,13,17,58,臺中市,烏日區,0,0,0,7,,,50,,,,,,,,,,,,,,12,,,,,B03,,,1,,1,,,20,20,1,12,4,120.618398,24.117289,3
4934,66000,387130000C,(04)23274275,(04)23288582,2025,11,13,18,0,臺中市,豐原區,0,0,0,7,,,30,,,,,,,,,,,,,,17,,,,,B03,,,1,,1,,,84,84,1,6,4,120.725165,24.25839,3
4935,66000,387130000C,(04)23274275,(04)23288582,2025,11,13,18,1,臺中市,石岡區,0,0,0,7,,,50,,,,,,,,,,,,,,13,,,,,B03,,,1,,1,,,7,7,1,13,4,120.764475,24.277346,4
4936,66000,387130000C,(04)23274275,(04)23288582,2025,11,13,18,2,臺中市,沙鹿區,0,1,0,7,1,6,50,4,1,1,5,4,6,6,1,1,10,5,5,2,16,3,10,3,1,B12,7,6,1,8,2,2,,11,11,1,12,4,120.568147,24.244223,2
4937,66000,387130000C,(04)23274275,(04)23288582,2025,11,13,18,3,臺中市,南區,0,1,0,5,1,6,50,4,1,1,4,4,6,6,2,1,10,5,5,2,17,2,9,1,1,C03,7,9,1,10,2,14,,7,7,1,12,4,120.683371,24.133387,2
4938,66000,387130000C,(04)23274275,(04)23288582,2025,11,13,18,4,臺中市,北區,0,0,0,7,3,6,50,3,1,1,5,4,6,6,2,1,10,5,5,2,17,,,,,B02,,,1,,1,,,47,47,1,13,4,120.683809,24.146278,3
4939,66000,387130000C,(04)23274275,(04)23288582,2025,11,13,18,8,臺中市,北屯區,0,2,0,5,1,6,30,4,1,1,4,4,6,6,4,4,10,5,5,2,15,2,8,1,1,C03,7,9,1,10,2,12,,12,12,1,6,4,120.693168,24.17309,2
4940,66000,387130000C,(04)23274275,(04)23288582,2025,11,13,18,9,臺中市,南屯區,0,0,0,7,,,50,,,,,,,,,,,,,,17,,,,,B03,,,1,,2,,,84,84,1,13,4,120.649296,24.136818,3
4941,66000,387130000C,(04)23274275,(04)23288582,2025,11,13,18,11,臺中市,龍井區,0,0,0,7,,,50,,,,,,,,,,,,,,,,,,,B03,,,1,,1,,,8,8,1,12,4,120.551353,24.212504,3
4942,66000,387130000C,(04)23274275,(04)23288582,2025,11,13,18,11,臺中市,豐原區,0,0,0,7,,,50,,,,,,,,,,,,,,13,,,,,B03,,,1,,2,,,57,57,1,12,4,120.707584,24.246921,3
4943,66000,387130000C,(04)23274275,(04)23288582,2025,11,13,18,13,臺中市,南區,0,0,0,7,,,50,,,,,,,,,,,,,,,,,,,C03,,,1,,2,,,7,7,1,6,4,120.653183,24.120289,3
4944,66000,387130000C,(04)23274275,(04)23288582,2025,11,13,18,13,臺中市,北屯區,0,0,0,5,,,60,,,,,,,,,,,,,,13,,,,,B03,,,1,,2,,,84,84,1,6,4,120.714577,24.163947,3