序號,縣市別代碼,機關代碼,市話,傳真,年,月,日,時,分,縣市,區,死亡數量,受傷數量,2-30,天候,道路照明設備,道路類別,道路速限,道路型態,事故位置,路面鋪裝,路面狀態,路面缺陷,障礙物,視距,號誌種類,號誌動作,分向設施,快車道或一般車道間,快慢車道間,路面邊線,事故類型及型態,受傷程度,主要傷處,保護裝備,行動電話或功能裝置,當事者區分(類別),車輛用途,當事者行動狀態,駕照狀態,駕照種類,飲酒情形,車輛撞擊部位最初,車輛撞擊部位其他,肇事因素個別,肇事因素主要,肇事逃逸,職業,共享經濟或外送平台,GPS座標X,GPS座標Y,事故類別
4945,66000,387130000C,(04)23274275,(04)23288582,2025,11,13,18,16,臺中市,太平區,0,0,0,6,,,50,,,,,,,,,,,,,,13,,,,,B03,,,1,,1,,,7,7,1,12,4,120.712789,24.146548,3
4946,66000,387130000C,(04)23274275,(04)23288582,2025,11,13,18,17,臺中市,西屯區,0,2,0,7,1,6,40,13,8,1,5,4,6,6,1,1,1,4,1,2,13,2,9,1,1,C03,7,9,1,10,2,11,,7,7,1,12,4,120.603704,24.182833,2
4947,66000,387130000C,(04)23274275,(04)23288582,2025,11,13,18,18,臺中市,東勢區,0,0,0,7,,,30,,,,,,,,,,,,,,,,,,,B03,,,1,,9,,,84,84,1,12,4,120.829055,24.251027,3
4948,66000,387130000C,(04)23274275,(04)23288582,2025,11,13,18,19,臺中市,西屯區,0,0,0,7,,,50,,,,,,,,,,,,,,16,,,,,C02,,,1,,1,,,8,8,1,13,4,120.646853,24.173425,3
4949,66000,387130000C,(04)23274275,(04)23288582,2025,11,13,18,21,臺中市,東區,0,1,0,7,1,6,50,4,1,1,5,4,6,6,2,1,5,5,5,2,12,3,10,3,1,B03,7,5,1,8,2,5,,11,11,1,6,4,120.710405,24.140847,2
4950,66000,387130000C,(04)23274275,(04)23288582,2025,11,13,18,22,臺中市,西區,0,0,0,7,,,40,,,,,,,,,,,,,,17,,,,,C02,,,3,,1,,,7,7,1,12,4,120.671317,24.149777,3
4951,66000,387130000C,(04)23274275,(04)23288582,2025,11,13,18,26,臺中市,西屯區,0,1,0,6,1,6,40,5,1,1,5,4,6,6,2,1,10,5,5,2,11,3,10,5,4,B03,7,11,1,8,2,2,,45,45,1,12,4,120.658571,24.176269,2
4952,66000,387130000C,(04)23274275,(04)23288582,2025,11,13,18,27,臺中市,沙鹿區,0,0,0,6,,,60,,,,,,,,,,,,,,,,,,,B03,,,1,,2,,,59,59,1,13,4,120.581403,24.209597,3
4953,66000,387130000C,(04)23274275,(04)23288582,2025,11,13,18,30,臺中市,西區,0,0,0,6,,,40,,,,,,,,,,,,,,,,,,,B03,,,1,,1,,,84,84,1,12,4,120.658502,24.155427,3
4954,66000,387130000C,(04)23274275,(04)23288582,2025,11,13,18,30,臺中市,北區,0,0,0,7,,,50,,,,,,,,,,,,,,30,,,,,A05,,,1,,2,2,,59,59,1,12,4,120.676994,24.156139,3
4955,66000,387130000C,(04)23274275,(04)23288582,2025,11,13,18,36,臺中市,北區,0,0,0,7,,,50,,,,,,,,,,,,,,17,,,,,B03,,,1,,1,,,8,8,1,13,4,120.678861,24.155898,3
4956,66000,387130000C,(04)23274275,(04)23288582,2025,11,13,18,36,臺中市,清水區,0,1,0,7,1,6,50,4,1,1,5,4,6,6,2,1,5,5,5,1,16,3,10,3,1,B03,7,6,1,8,2,5,,48,48,1,12,4,120.572348,24.26385,2
4957,66000,387130000C,(04)23274275,(04)23288582,2025,11,13,18,38,臺中市,烏日區,0,1,0,6,1,6,60,13,9,1,5,4,6,6,4,4,1,4,5,1,12,3,10,3,1,B03,7,7,1,8,2,2,,40,40,1,6,4,120.612969,24.107018,2
4958,66000,387130000C,(04)23274275,(04)23288582,2025,11,13,18,40,臺中市,潭子區,0,1,0,6,3,6,50,4,1,1,5,4,6,6,1,1,5,4,5,1,17,2,9,2,1,C03,7,9,1,10,2,11,,7,7,1,13,4,120.723128,24.214906,2
4959,66000,387130000C,(04)23274275,(04)23288582,2025,11,13,18,44,臺中市,后里區,0,2,0,7,1,6,30,4,1,1,5,4,6,6,4,4,10,5,5,1,15,2,9,2,1,C03,7,9,1,10,2,12,,15,15,1,12,4,120.715849,24.308528,2
4960,66000,387130000C,(04)23274275,(04)23288582,2025,11,13,18,45,臺中市,北屯區,0,1,0,7,1,6,50,3,1,1,5,4,6,6,4,4,10,5,5,2,17,3,10,3,1,B02,7,1,1,8,2,8,,51,51,1,6,4,120.681292,24.188915,2
4961,66000,387130000C,(04)23274275,(04)23288582,2025,11,13,18,46,臺中市,西區,0,0,0,5,,,50,,,,,,,,,,,,,,16,,,,,B03,,,1,,2,,,51,51,1,12,4,120.666417,24.149778,3
4962,66000,387130000C,(04)23274275,(04)23288582,2025,11,13,18,47,臺中市,中區,0,0,0,7,,,50,,,,,,,,,,,,,,17,,,,,B03,,,1,,2,,,84,84,1,13,4,120.682489,24.137535,3
4963,66000,387130000C,(04)23274275,(04)23288582,2025,11,13,18,47,臺中市,南屯區,0,1,0,6,1,6,50,4,2,1,4,4,6,6,2,1,5,5,5,2,18,2,9,1,1,C03,7,5,1,10,2,12,,59,59,1,5,4,120.643027,24.143055,2
4964,66000,387130000C,(04)23274275,(04)23288582,2025,11,13,18,47,臺中市,西屯區,0,0,0,7,,,50,,,,,,,,,,,,,,16,,,,,C04,,,1,,1,,,48,48,1,12,4,120.61423,24.185304,3
4965,66000,387130000C,(04)23274275,(04)23288582,2025,11,13,18,50,臺中市,南屯區,0,0,0,7,,,50,,,,,,,,,,,,,,,,,,,B03,,,1,,2,,,59,59,1,13,4,120.643251,24.145241,3
4966,66000,387130000C,(04)23274275,(04)23288582,2025,11,13,18,55,臺中市,北區,0,2,0,7,1,6,50,3,1,1,5,4,6,6,1,1,10,5,5,2,16,2,7,5,4,C03,7,6,1,10,2,14,,48,48,1,13,4,120.688411,24.151722,2
4967,66000,387130000C,(04)23274275,(04)23288582,2025,11,13,18,55,臺中市,大里區,0,1,0,7,2,6,50,13,9,1,5,4,6,6,4,4,9,4,5,2,30,2,9,2,1,C03,7,9,1,10,2,11,,84,84,1,12,4,120.701183,24.100768,2
4968,66000,387130000C,(04)23274275,(04)23288582,2025,11,13,19,2,臺中市,清水區,0,1,0,7,1,6,50,3,1,1,5,4,6,6,4,4,5,5,5,1,13,3,10,3,1,B12,7,9,1,8,2,8,,58,58,1,12,4,120.559102,24.266813,2
4969,66000,387130000C,(04)23274275,(04)23288582,2025,11,13,19,3,臺中市,大里區,0,0,0,7,,,1,,,,,,,,,,,,,,17,,,,,B12,,,1,,1,,,8,8,1,12,4,120.690008,24.103314,3
4970,66000,387130000C,(04)23274275,(04)23288582,2025,11,13,19,5,臺中市,北區,0,0,0,7,,,30,,,,,,,,,,,,,,17,,,,,B03,,,1,,2,,,8,8,1,13,4,120.681039,24.154549,3
4971,66000,387130000C,(04)23274275,(04)23288582,2025,11,13,19,8,臺中市,北屯區,0,1,0,6,2,6,50,5,1,1,5,4,6,6,2,1,10,5,5,2,16,3,10,3,1,B03,7,5,1,8,2,5,,11,11,1,12,4,120.676711,24.176952,2
4972,66000,387130000C,(04)23274275,(04)23288582,2025,11,13,19,8,臺中市,沙鹿區,0,0,0,7,,,50,,,,,,,,,,,,,,17,,,,,B03,,,1,,1,,,39,39,1,6,4,120.554077,24.231059,3
4973,66000,387130000C,(04)23274275,(04)23288582,2025,11,13,19,9,臺中市,太平區,0,1,0,7,1,6,50,13,12,1,5,4,6,6,4,4,5,2,4,1,17,3,10,3,1,B03,7,14,1,8,2,6,,76,76,1,6,4,120.718434,24.153954,2
4974,66000,387130000C,(04)23274275,(04)23288582,2025,11,13,19,10,臺中市,潭子區,0,0,0,7,,,0,,,,,,,,,,,,,,17,,,,,,,,,,,,,86,86,1,,,120.704322,24.201066,3
4975,66000,387130000C,(04)23274275,(04)23288582,2025,11,13,19,10,臺中市,北區,0,0,0,7,3,6,50,18,2,1,5,4,6,6,4,4,3,4,5,2,17,,,,,B03,,,1,,1,,,59,59,1,13,4,120.675597,24.149694,3
4976,66000,387130000C,(04)23274275,(04)23288582,2025,11,13,19,10,臺中市,豐原區,0,0,0,7,,,50,,,,,,,,,,,,,,17,,,,,B03,,,1,,2,,,49,49,1,6,4,120.730579,24.242559,3
4977,66000,387130000C,(04)23274275,(04)23288582,2025,11,13,19,13,臺中市,北區,0,1,0,7,1,6,50,4,1,1,5,4,6,6,2,1,10,5,5,2,17,3,10,1,1,C03,7,9,1,10,2,16,,73,73,1,12,4,120.694338,24.153666,2
4978,66000,387130000C,(04)23274275,(04)23288582,2025,11,13,19,29,臺中市,南屯區,0,1,0,7,1,6,50,13,8,1,5,4,6,6,4,4,5,5,4,2,12,3,10,3,1,B03,7,7,1,8,2,3,,40,40,1,13,4,120.643315,24.144596,2
4979,66000,387130000C,(04)23274275,(04)23288582,2025,11,13,19,30,臺中市,豐原區,0,1,0,7,1,6,50,13,9,1,5,4,6,6,4,4,5,4,5,1,3,3,10,5,4,B12,7,9,1,8,4,8,,53,53,1,12,4,120.724459,24.22524,2
4980,66000,387130000C,(04)23274275,(04)23288582,2025,11,13,19,30,臺中市,豐原區,0,0,0,5,,,50,,,,,,,,,,,,,,17,,,,,B03,,,1,,2,,,49,49,1,6,4,120.714245,24.251105,3
4981,66000,387130000C,(04)23274275,(04)23288582,2025,11,13,19,42,臺中市,大里區,0,1,0,7,1,6,50,4,1,1,5,4,6,6,1,1,5,2,5,2,16,3,10,3,1,B03,7,5,1,8,2,5,,47,47,1,13,4,120.696668,24.111132,2
4982,66000,387130000C,(04)23274275,(04)23288582,2025,11,13,19,44,臺中市,清水區,0,0,0,6,,,50,,,,,,,,,,,,,,,,,,,B03,,,1,,2,,,84,84,1,12,4,120.571229,24.25958,3
4983,66000,387130000C,(04)23274275,(04)23288582,2025,11,13,19,45,臺中市,南屯區,0,2,0,6,1,6,50,3,2,1,5,4,6,6,4,4,5,4,4,2,17,2,9,2,1,C03,7,6,1,10,2,11,,14,14,1,12,4,120.610211,24.141605,2
4984,66000,387130000C,(04)23274275,(04)23288582,2025,11,13,19,47,臺中市,西屯區,0,0,0,6,,,50,,,,,,,,,,,,,,,,,,,B03,,,1,,1,,,7,7,1,13,4,120.611446,24.190903,3
4985,66000,387130000C,(04)23274275,(04)23288582,2025,11,13,19,53,臺中市,西屯區,0,1,0,7,1,6,50,13,8,1,5,4,6,6,4,4,5,4,4,1,16,2,9,2,1,C03,7,6,1,10,2,12,,39,39,1,12,4,120.633865,24.162593,2
4986,66000,387130000C,(04)23274275,(04)23288582,2025,11,13,19,55,臺中市,西屯區,0,0,0,7,,,30,,,,,,,,,,,,,,14,,,,,B03,,,1,,2,,,49,49,1,12,4,120.653837,24.182007,3
4987,66000,387130000C,(04)23274275,(04)23288582,2025,11,13,19,55,臺中市,大里區,0,0,0,7,,,50,,,,,,,,,,,,,,18,,,,,B03,,,1,,2,,,84,84,1,12,4,120.696884,24.111747,3
4988,66000,387130000C,(04)23274275,(04)23288582,2025,11,13,20,0,臺中市,北屯區,0,0,0,7,,,50,,,,,,,,,,,,,,14,,,,,B12,,,1,,2,,,49,49,1,6,4,120.695836,24.167189,3
4989,66000,387130000C,(04)23274275,(04)23288582,2025,11,13,20,2,臺中市,北區,0,1,0,7,3,9,50,18,24,1,5,4,6,6,4,4,9,5,4,2,18,2,9,5,4,C03,7,9,1,10,2,14,,6,6,1,13,4,120.690127,24.158763,2
4990,66000,387130000C,(04)23274275,(04)23288582,2025,11,13,20,2,臺中市,北屯區,0,0,0,7,,3,80,,,,,,,,,,,,,,,,,,,B03,,,1,,1,,,39,39,1,6,4,120.720645,24.168108,3
4991,66000,387130000C,(04)23274275,(04)23288582,2025,11,13,20,7,臺中市,北屯區,0,1,0,7,1,6,30,13,9,1,5,4,6,6,4,4,9,5,5,1,13,2,9,1,1,C03,7,9,1,10,2,11,,7,7,1,6,4,120.661466,24.178098,2
4992,66000,387130000C,(04)23274275,(04)23288582,2025,11,13,20,16,臺中市,南區,0,1,0,7,1,6,50,4,1,1,5,4,6,6,2,1,10,5,5,2,17,3,10,3,1,B03,7,5,1,8,2,2,,22,22,1,12,4,120.671811,24.119156,2
4993,66000,387130000C,(04)23274275,(04)23288582,2025,11,13,20,19,臺中市,北區,0,1,0,7,1,6,50,4,1,1,5,4,6,6,4,4,5,4,5,2,17,2,9,5,1,C03,7,9,1,10,2,11,,13,13,1,13,2,120.690795,24.155901,2
4994,66000,387130000C,(04)23274275,(04)23288582,2025,11,13,20,23,臺中市,北區,0,0,0,7,,,50,,,,,,,,,,,,,,17,,,,,C03,,,7,,10,,,87,87,1,13,4,120.682431,24.159304,3
4995,66000,387130000C,(04)23274275,(04)23288582,2025,11,13,20,27,臺中市,北區,0,1,0,7,3,6,50,4,1,1,5,4,6,6,1,1,10,5,5,2,17,3,10,5,4,B03,7,5,1,8,2,2,,47,47,1,13,4,120.682332,24.160354,2
4996,66000,387130000C,(04)23274275,(04)23288582,2025,11,13,20,28,臺中市,南屯區,0,1,0,7,1,6,50,3,1,1,5,4,6,6,4,4,5,4,5,2,17,2,9,1,1,C03,7,4,1,10,2,12,,1,1,1,6,4,120.639438,24.147074,2
4997,66000,387130000C,(04)23274275,(04)23288582,2025,11,13,20,30,臺中市,豐原區,0,0,0,7,,,50,,,,,,,,,,,,,,17,,,,,B03,,,1,,11,,,50,50,1,12,4,120.700398,24.245444,3
4998,66000,387130000C,(04)23274275,(04)23288582,2025,11,13,20,36,臺中市,南屯區,0,1,0,7,1,6,50,13,9,1,5,4,6,6,4,4,9,5,5,2,17,3,10,3,1,B03,7,2,1,8,2,3,,49,49,1,13,4,120.648813,24.139811,2
4999,66000,387130000C,(04)23274275,(04)23288582,2025,11,13,20,37,臺中市,北屯區,0,1,0,7,1,6,50,4,19,1,5,4,6,6,2,1,10,5,5,2,3,3,10,3,1,B03,7,5,1,8,2,1,,10,10,1,12,4,120.696322,24.185335,2
5000,66000,387130000C,(04)23274275,(04)23288582,2025,11,13,20,37,臺中市,沙鹿區,0,1,0,6,1,6,50,3,2,1,5,4,6,6,4,4,8,3,5,2,17,2,9,5,4,C03,7,9,1,10,2,11,,59,59,1,13,4,120.565055,24.230427,2
5001,66000,387130000C,(04)23274275,(04)23288582,2025,11,13,20,42,臺中市,北屯區,0,0,0,7,,,50,,,,,,,,,,,,,,13,,,,,B03,,,1,,1,,,84,84,1,6,4,120.673104,24.174327,3
5002,66000,387130000C,(04)23274275,(04)23288582,2025,11,13,20,43,臺中市,西屯區,0,0,0,6,,,50,,,,,,,,,,,,,,13,,,,,B03,,,1,,1,,,59,59,1,12,4,120.651758,24.165549,4
5003,66000,387130000C,(04)23274275,(04)23288582,2025,11,13,20,45,臺中市,南屯區,0,2,0,7,3,6,50,13,8,1,5,4,6,6,4,4,1,2,1,2,12,2,9,3,1,B03,7,8,1,8,2,7,,40,40,1,13,4,120.622995,24.135811,2
5004,66000,387130000C,(04)23274275,(04)23288582,2025,11,13,20,45,臺中市,龍井區,0,1,0,7,1,6,0,13,21,4,5,4,6,6,4,4,10,5,5,2,9,3,10,2,1,C03,7,9,1,10,1,11,,10,10,1,6,4,120.551462,24.21255,2
5005,66000,387130000C,(04)23274275,(04)23288582,2025,11,13,20,58,臺中市,新社區,0,1,0,7,1,6,50,11,9,1,5,4,6,6,4,4,5,5,5,1,18,2,9,1,4,C03,7,5,1,10,2,14,,84,84,1,12,4,120.802986,24.234406,2
5006,66000,387130000C,(04)23274275,(04)23288582,2025,11,13,21,2,臺中市,太平區,0,0,0,7,,,50,,,,,,,,,,,,,,,,,,,C03,,,1,,2,,,7,7,1,12,4,120.734073,24.143863,3
5007,66000,387130000C,(04)23274275,(04)23288582,2025,11,13,21,8,臺中市,清水區,0,0,0,7,,,50,,,,,,,,,,,,,,,,,,,,,,,,,,,119,119,1,,,120.575062,24.267867,3
5008,66000,387130000C,(04)23274275,(04)23288582,2025,11,13,21,9,臺中市,后里區,0,1,0,5,1,6,40,13,9,1,4,4,6,6,4,4,9,5,5,1,17,2,8,1,1,C03,7,9,1,10,2,12,,7,7,1,12,4,120.717615,24.306474,2
5009,66000,387130000C,(04)23274275,(04)23288582,2025,11,13,21,14,臺中市,大里區,0,1,0,7,1,6,40,4,2,1,5,4,6,6,1,1,1,2,5,1,13,3,10,3,1,B03,7,9,1,8,2,1,,84,84,1,13,4,120.66405,24.08718,2
5010,66000,387130000C,(04)23274275,(04)23288582,2025,11,13,21,18,臺中市,北屯區,0,0,0,7,,,50,,,,,,,,,,,,,,,,,,,,,,,,,,,85,85,1,,,120.724455,24.179613,3
5011,66000,387130000C,(04)23274275,(04)23288582,2025,11,13,21,30,臺中市,南屯區,0,0,0,7,,,50,,,,,,,,,,,,,,17,,,,,B03,,,1,,9,,,87,87,1,12,4,120.64383,24.136442,3
5012,66000,387130000C,(04)23274275,(04)23288582,2025,11,13,21,33,臺中市,南屯區,0,0,0,6,,,50,,,,,,,,,,,,,,16,,,,,B03,,,1,,2,,,11,11,1,13,4,120.635741,24.133088,3
5013,66000,387130000C,(04)23274275,(04)23288582,2025,11,13,21,35,臺中市,南區,0,1,0,7,1,6,50,13,7,1,5,4,6,6,4,4,1,4,4,2,13,2,9,2,1,C03,7,9,1,10,2,11,,7,7,1,5,4,120.656371,24.113976,2
5014,66000,387130000C,(04)23274275,(04)23288582,2025,11,13,21,40,臺中市,大里區,0,0,0,7,,,30,,,,,,,,,,,,,,,,,,,B03,,,1,,2,,,49,49,1,12,4,120.699968,24.096766,3
5015,66000,387130000C,(04)23274275,(04)23288582,2025,11,13,21,50,臺中市,西區,0,1,0,7,1,6,50,4,1,1,5,4,6,6,4,4,5,4,5,2,17,2,7,1,1,C04,7,9,1,10,2,11,,59,59,1,13,4,120.658299,24.146686,2
5016,66000,387130000C,(04)23274275,(04)23288582,2025,11,13,21,50,臺中市,沙鹿區,0,0,0,7,,,50,,,,,,,,,,,,,,14,,,,,B03,,,1,,2,,,49,49,1,12,4,120.577519,24.2227,4
5017,66000,387130000C,(04)23274275,(04)23288582,2025,11,13,22,1,臺中市,西屯區,0,1,0,6,1,6,50,13,9,1,5,4,6,6,4,4,5,5,5,2,17,3,10,3,1,B03,7,5,1,8,2,16,,47,47,1,13,4,120.623164,24.181035,2
5018,66000,387130000C,(04)23274275,(04)23288582,2025,11,13,22,10,臺中市,西屯區,0,1,0,7,1,6,30,4,1,1,5,4,6,6,3,1,10,5,5,1,16,2,9,2,1,C03,7,6,1,10,2,14,,24,24,1,12,4,120.640376,24.18224,2
5019,66000,387130000C,(04)23274275,(04)23288582,2025,11,13,22,14,臺中市,大肚區,0,1,0,7,1,6,50,5,1,1,5,4,6,6,2,1,5,5,5,2,16,4,11,2,1,C03,7,6,1,10,8,12,,11,11,1,6,4,120.574342,24.15966,2
5020,66000,387130000C,(04)23274275,(04)23288582,2025,11,13,22,17,臺中市,西區,0,0,0,7,,,50,,,,,,,,,,,,,,13,,,,,B03,,,1,,1,,,58,58,1,12,4,120.659159,24.156682,3
5021,66000,387130000C,(04)23274275,(04)23288582,2025,11,13,22,22,臺中市,北區,0,0,0,7,,,50,,,,,,,,,,,,,,14,,,,,B03,,,1,,1,,,49,49,1,12,4,120.676344,24.148055,3
5022,66000,387130000C,(04)23274275,(04)23288582,2025,11,13,22,35,臺中市,后里區,0,0,0,6,2,6,50,13,9,1,5,4,6,6,4,4,5,5,5,1,12,3,10,3,1,B03,7,9,1,8,2,5,,84,84,1,12,4,120.718409,24.311279,3
5023,66000,387130000C,(04)23274275,(04)23288582,2025,11,13,22,41,臺中市,潭子區,0,0,0,7,,,50,,,,,,,,,,,,,,13,,,,,B03,,,1,,2,,,59,59,1,12,4,120.706119,24.200804,3
5024,66000,387130000C,(04)23274275,(04)23288582,2025,11,13,22,43,臺中市,西屯區,0,1,0,6,1,6,40,3,1,1,5,4,6,6,4,4,10,5,5,2,13,2,9,2,1,C03,7,9,1,10,1,11,,7,7,1,12,4,120.635159,24.17228,2
5025,66000,387130000C,(04)23274275,(04)23288582,2025,11,13,22,50,臺中市,南屯區,0,0,0,7,,,50,,,,,,,,,,,,,,14,,,,,A11,,,1,,2,,,84,84,1,12,4,120.613336,24.158095,3
5026,66000,387130000C,(04)23274275,(04)23288582,2025,11,13,22,55,臺中市,豐原區,0,1,0,5,1,6,50,4,1,1,4,4,6,6,1,1,5,4,4,2,17,2,9,1,1,C03,7,9,1,10,2,16,,84,84,1,6,4,120.703258,24.251619,2
5027,66000,387130000C,(04)23274275,(04)23288582,2025,11,13,22,57,臺中市,西屯區,0,2,0,7,1,6,50,4,1,1,5,4,6,6,2,1,10,5,5,2,16,3,10,5,4,B03,7,6,1,8,2,2,,11,11,1,13,4,120.646787,24.174887,2
5028,66000,387130000C,(04)23274275,(04)23288582,2025,11,13,23,4,臺中市,北屯區,0,1,0,7,1,6,50,4,1,1,5,4,6,6,4,4,10,5,5,2,16,2,9,1,1,C03,7,9,1,10,2,11,,59,59,1,6,4,120.690776,24.164356,2
5029,66000,387130000C,(04)23274275,(04)23288582,2025,11,13,23,9,臺中市,大里區,0,1,0,7,1,6,50,3,1,1,5,4,6,6,4,4,10,5,5,2,17,2,9,1,1,C03,7,6,1,10,2,11,,7,7,1,12,4,120.699486,24.110002,2
5030,66000,387130000C,(04)23274275,(04)23288582,2025,11,13,23,21,臺中市,南屯區,0,2,0,7,1,6,50,13,8,1,5,4,6,6,4,4,9,5,4,2,9,2,9,2,1,C03,7,9,1,10,2,11,,59,59,1,12,4,120.643088,24.148832,2
5031,66000,387130000C,(04)23274275,(04)23288582,2025,11,13,23,30,臺中市,清水區,0,1,0,7,1,6,50,4,2,1,5,4,6,6,2,1,5,2,5,1,12,3,10,3,1,B03,7,1,1,8,2,4,,20,20,1,13,4,120.5668,24.268259,2
5032,66000,387130000C,(04)23274275,(04)23288582,2025,11,14,0,10,臺中市,龍井區,0,0,0,7,1,6,50,13,9,1,5,4,6,6,,4,5,5,5,1,27,3,10,3,1,B03,7,9,1,4,7,1,,59,59,1,6,4,120.581659,24.175347,3
5033,66000,387130000C,(04)23274275,(04)23288582,2025,11,14,2,0,臺中市,龍井區,0,2,0,7,1,6,50,13,7,1,5,4,6,6,4,4,1,3,4,1,9,2,9,6,5,H01,8,16,7,21,1,16,,109,109,1,6,5,120.548568,24.205961,2
5034,66000,387130000C,(04)23274275,(04)23288582,2025,11,14,2,25,臺中市,西屯區,0,1,0,7,1,6,50,3,9,1,5,4,6,6,1,1,9,4,4,2,12,3,10,3,1,B03,7,11,1,8,2,8,,39,39,1,12,4,120.64347,24.170576,2
5035,66000,387130000C,(04)23274275,(04)23288582,2025,11,14,2,58,臺中市,東區,0,0,0,7,,,50,,,,,,,,,,,,,,17,,,,,C03,,,1,,2,,,84,84,1,12,4,120.705518,24.13019,3
5036,66000,387130000C,(04)23274275,(04)23288582,2025,11,14,5,50,臺中市,西屯區,0,1,0,7,2,6,30,13,9,1,5,4,6,6,4,4,10,5,5,2,17,2,9,5,4,C03,7,9,5,19,2,12,,59,59,1,13,4,120.638342,24.177988,2
5037,66000,387130000C,(04)23274275,(04)23288582,2025,11,14,6,15,臺中市,北屯區,0,1,0,7,1,6,50,4,2,1,5,4,6,6,4,4,5,4,5,2,17,2,9,5,1,F07,7,9,7,21,2,13,,12,12,1,13,4,120.673337,24.181634,2
5038,66000,387130000C,(04)23274275,(04)23288582,2025,11,14,6,20,臺中市,外埔區,0,0,0,7,2,6,50,13,13,1,5,4,6,6,4,4,5,4,4,1,12,,,,,B03,,,1,,11,,,59,59,1,6,4,120.636673,24.342929,3
5039,66000,387130000C,(04)23274275,(04)23288582,2025,11,14,6,21,臺中市,西屯區,0,0,0,7,,,40,,,,,,,,,,,,,,17,,,,,B01,,,1,,9,,,49,49,1,12,4,120.647617,24.158042,3
5040,66000,387130000C,(04)23274275,(04)23288582,2025,11,14,6,32,臺中市,烏日區,0,1,0,7,2,6,50,5,2,1,5,4,6,6,1,1,1,2,5,2,11,2,9,5,4,C03,7,9,1,10,2,13,,4,4,1,13,4,120.631084,24.105086,2
5041,66000,387130000C,(04)23274275,(04)23288582,2025,11,14,6,33,臺中市,北屯區,0,1,0,7,3,6,40,5,1,1,5,4,6,6,4,4,10,5,5,2,17,,,,,,,21,,,,,,86,86,2,,,120.666504,24.182481,2
5042,66000,387130000C,(04)23274275,(04)23288582,2025,11,14,6,35,臺中市,潭子區,0,0,0,7,,,40,,,,,,,,,,,,,,,,,,,B03,,,1,,9,,,8,8,1,13,4,120.707944,24.201295,3
5043,66000,387130000C,(04)23274275,(04)23288582,2025,11,14,6,42,臺中市,大里區,0,1,0,7,2,6,30,3,1,1,5,4,6,6,4,4,10,5,5,1,17,3,10,1,1,C03,7,9,1,10,2,12,,7,7,1,13,4,120.712597,24.083376,2
5044,66000,387130000C,(04)23274275,(04)23288582,2025,11,14,6,56,臺中市,沙鹿區,0,0,0,7,,,50,,,,,,,,,,,,,,13,,,,,C03,,,1,,2,,,7,7,1,6,4,120.553066,24.230692,3
5045,66000,387130000C,(04)23274275,(04)23288582,2025,11,14,7,1,臺中市,南區,0,1,0,7,2,6,50,13,9,1,5,4,6,6,4,4,5,5,5,2,13,2,9,1,1,C03,7,9,1,10,2,11,,7,7,1,12,4,120.667276,24.128488,2
5046,66000,387130000C,(04)23274275,(04)23288582,2025,11,14,7,3,臺中市,潭子區,0,1,0,7,3,6,40,3,1,1,5,4,6,6,4,4,5,4,4,2,17,3,10,6,1,F01,7,6,7,21,2,14,,48,48,1,13,4,120.713249,24.229526,2
5047,66000,387130000C,(04)23274275,(04)23288582,2025,11,14,7,3,臺中市,南屯區,0,1,0,6,3,6,50,13,9,1,5,4,6,6,4,4,1,4,5,2,18,2,9,2,4,C03,7,9,3,19,2,11,,59,59,1,6,4,120.646815,24.146494,2
5048,66000,387130000C,(04)23274275,(04)23288582,2025,11,14,7,11,臺中市,北屯區,0,0,0,7,,,50,,,,,,,,,,,,,,12,,,,,B03,,,1,,1,,,1,1,1,12,4,120.71967,24.181113,3
5049,66000,387130000C,(04)23274275,(04)23288582,2025,11,14,7,15,臺中市,北屯區,0,1,0,7,3,6,50,13,9,1,5,4,6,6,4,4,1,2,5,2,13,2,9,1,1,C03,7,12,1,10,2,11,,84,84,1,6,4,120.722544,24.19176,2
5050,66000,387130000C,(04)23274275,(04)23288582,2025,11,14,7,15,臺中市,北屯區,0,2,0,7,3,6,30,3,1,1,5,4,6,6,4,4,10,5,5,2,3,2,8,1,1,C04,7,9,1,10,2,11,,10,10,1,5,4,120.719577,24.172632,2
5051,66000,387130000C,(04)23274275,(04)23288582,2025,11,14,7,15,臺中市,豐原區,0,1,0,7,2,6,50,11,9,1,5,4,6,6,4,4,10,5,5,1,11,2,9,1,1,C03,7,9,1,10,2,11,,41,41,1,12,4,120.731928,24.239928,2
5052,66000,387130000C,(04)23274275,(04)23288582,2025,11,14,7,17,臺中市,北屯區,0,0,0,7,,,50,,,,,,,,,,,,,,9,,,,,B01,,,1,8,1,,,45,45,1,12,4,120.686101,24.181523,3
5053,66000,387130000C,(04)23274275,(04)23288582,2025,11,14,7,18,臺中市,大甲區,0,2,0,7,2,6,40,13,9,1,5,4,6,6,4,4,7,5,5,1,13,2,9,1,1,C03,7,9,1,16,2,11,,7,7,1,12,4,120.602448,24.346568,2
5054,66000,387130000C,(04)23274275,(04)23288582,2025,11,14,7,20,臺中市,南屯區,0,1,0,7,2,6,50,4,2,1,5,4,6,6,2,1,1,4,4,2,13,2,9,2,1,C03,7,9,1,10,2,11,,7,7,1,12,4,120.623209,24.140322,2
5055,66000,387130000C,(04)23274275,(04)23288582,2025,11,14,7,20,臺中市,梧棲區,0,0,0,7,,,50,,,,,,,,,,,,,,16,,,,,B03,,,1,,1,,,51,51,1,6,4,120.532434,24.252819,3