序號,縣市別代碼,機關代碼,市話,傳真,年,月,日,時,分,縣市,區,死亡數量,受傷數量,2-30,天候,道路照明設備,道路類別,道路速限,道路型態,事故位置,路面鋪裝,路面狀態,路面缺陷,障礙物,視距,號誌種類,號誌動作,分向設施,快車道或一般車道間,快慢車道間,路面邊線,事故類型及型態,受傷程度,主要傷處,保護裝備,行動電話或功能裝置,當事者區分(類別),車輛用途,當事者行動狀態,駕照狀態,駕照種類,飲酒情形,車輛撞擊部位最初,車輛撞擊部位其他,肇事因素個別,肇事因素主要,肇事逃逸,職業,共享經濟或外送平台,GPS座標X,GPS座標Y,事故類別
5056,66000,387130000C,(04)23274275,(04)23288582,2025,11,14,7,21,臺中市,梧棲區,0,0,0,7,,,40,,,,,,,,,,,,,,13,,,,,B03,,,1,,1,,,7,7,1,6,4,120.539081,24.257596,3
5057,66000,387130000C,(04)23274275,(04)23288582,2025,11,14,7,22,臺中市,大雅區,0,0,0,7,,,30,,,,,,,,,,,,,,,,,,,B03,,,1,,1,,,8,8,1,13,4,120.668922,24.234085,3
5058,66000,387130000C,(04)23274275,(04)23288582,2025,11,14,7,22,臺中市,北區,0,2,0,7,2,6,50,4,1,1,5,4,6,6,1,1,5,4,5,2,17,2,9,1,1,C04,7,6,1,10,2,13,,48,48,1,12,4,120.669214,24.163831,2
5059,66000,387130000C,(04)23274275,(04)23288582,2025,11,14,7,23,臺中市,西屯區,0,3,0,7,2,6,40,13,8,1,5,4,6,6,4,4,5,4,4,2,17,2,9,5,4,C03,7,9,1,10,2,11,,59,59,1,12,4,120.633313,24.170002,2
5060,66000,387130000C,(04)23274275,(04)23288582,2025,11,14,7,26,臺中市,清水區,0,0,0,7,2,6,60,13,7,1,5,4,6,6,1,1,8,3,2,1,12,,,,,A22,,,1,,1,,,8,8,1,12,4,120.547539,24.276719,3
5061,66000,387130000C,(04)23274275,(04)23288582,2025,11,14,7,27,臺中市,南屯區,0,0,0,7,,,50,,,,,,,,,,,,,,13,,,,,B03,,,1,,2,,,84,84,1,12,4,120.631443,24.121768,3
5062,66000,387130000C,(04)23274275,(04)23288582,2025,11,14,7,27,臺中市,西屯區,0,1,0,7,2,6,40,13,8,1,5,4,6,6,4,4,1,4,1,2,13,2,8,1,1,C03,7,9,1,10,1,11,,7,7,1,13,4,120.601454,24.182264,2
5063,66000,387130000C,(04)23274275,(04)23288582,2025,11,14,7,29,臺中市,南區,0,0,0,7,,,50,,,,,,,,,,,,,,12,,,,,C03,,,1,,2,,,8,8,1,13,4,120.657291,24.111482,3
5064,66000,387130000C,(04)23274275,(04)23288582,2025,11,14,7,30,臺中市,太平區,0,1,0,7,3,6,50,4,1,1,5,4,6,6,2,1,10,5,5,2,16,3,10,3,1,B03,7,6,1,8,2,2,,11,11,1,12,4,120.722535,24.133801,2
5065,66000,387130000C,(04)23274275,(04)23288582,2025,11,14,7,32,臺中市,豐原區,0,0,0,7,,,40,,,,,,,,,,,,,,2,,,,,C03,,,1,,2,,,8,8,1,6,4,120.737285,24.25625,3
5066,66000,387130000C,(04)23274275,(04)23288582,2025,11,14,7,36,臺中市,南屯區,0,3,0,7,2,6,50,13,8,1,5,4,6,6,4,4,1,5,3,2,13,2,9,1,1,C03,7,9,1,10,2,11,,85,85,1,6,4,120.595137,24.156549,2
5067,66000,387130000C,(04)23274275,(04)23288582,2025,11,14,7,36,臺中市,北屯區,0,1,0,7,2,6,50,3,1,1,5,4,6,6,4,4,10,5,5,2,16,2,9,1,1,F01,7,6,7,21,2,11,,14,14,1,2,4,120.665844,24.18434,2
5068,66000,387130000C,(04)23274275,(04)23288582,2025,11,14,7,37,臺中市,西屯區,0,1,0,7,2,6,50,13,9,1,5,4,6,6,4,4,1,4,5,2,12,3,10,1,1,C03,7,1,5,19,2,16,,51,51,1,13,4,120.647712,24.168463,2
5069,66000,387130000C,(04)23274275,(04)23288582,2025,11,14,7,37,臺中市,大甲區,0,0,0,7,,,70,,,,,,,,,,,,,,30,,,,,A31,,,1,,9,,,68,68,1,6,4,120.643564,24.368891,3
5070,66000,387130000C,(04)23274275,(04)23288582,2025,11,14,7,37,臺中市,神岡區,0,2,0,7,1,6,30,3,1,1,5,4,6,6,3,1,10,5,4,1,16,2,9,1,1,C03,7,6,1,10,2,14,,24,24,1,12,4,120.648308,24.282955,2
5071,66000,387130000C,(04)23274275,(04)23288582,2025,11,14,7,38,臺中市,大里區,0,0,0,7,,,50,,,,,,,,,,,,,,17,,,,,B03,,,1,,1,,,59,59,1,6,4,120.685239,24.079846,3
5072,66000,387130000C,(04)23274275,(04)23288582,2025,11,14,7,39,臺中市,梧棲區,0,0,0,7,,,50,,,,,,,,,,,,,,16,,,,,C03,,,1,,9,,,48,48,1,6,4,120.522472,24.231577,3
5073,66000,387130000C,(04)23274275,(04)23288582,2025,11,14,7,40,臺中市,太平區,0,1,0,7,2,6,50,4,2,1,5,4,6,6,2,1,1,2,5,2,13,3,10,3,1,A05,3,9,1,2,4,1,,84,84,1,12,4,120.710598,24.140484,2
5074,66000,387130000C,(04)23274275,(04)23288582,2025,11,14,7,40,臺中市,外埔區,0,0,0,7,3,6,50,13,7,1,5,4,6,6,4,4,5,4,4,1,13,3,10,3,1,B03,7,9,1,8,2,8,,84,84,1,6,4,120.636551,24.341422,3
5075,66000,387130000C,(04)23274275,(04)23288582,2025,11,14,7,40,臺中市,神岡區,0,0,0,7,,,50,,,,,,,,,,,,,,12,,,,,C03,,,1,,2,,,84,84,1,12,4,120.696524,24.248443,3
5076,66000,387130000C,(04)23274275,(04)23288582,2025,11,14,7,41,臺中市,西屯區,0,0,0,7,,,40,,,,,,,,,,,,,,,,,,,C03,,,1,,1,,,7,7,1,12,4,120.603815,24.183287,3
5077,66000,387130000C,(04)23274275,(04)23288582,2025,11,14,7,42,臺中市,西屯區,0,0,0,7,,,50,,,,,,,,,,,,,,17,,,,,C03,,,1,,1,,,84,84,1,13,4,120.667164,24.173326,3
5078,66000,387130000C,(04)23274275,(04)23288582,2025,11,14,7,42,臺中市,大甲區,0,0,0,7,,,50,,,,,,,,,,,,,,,,,,,B03,,,1,,2,,,7,7,1,6,4,120.621997,24.344222,3
5079,66000,387130000C,(04)23274275,(04)23288582,2025,11,14,7,43,臺中市,南屯區,0,1,0,7,3,6,50,3,1,1,5,4,6,6,4,4,1,3,4,2,13,2,9,2,4,C03,7,9,1,10,2,11,,7,7,1,6,4,120.625131,24.14074,2
5080,66000,387130000C,(04)23274275,(04)23288582,2025,11,14,7,44,臺中市,太平區,0,0,0,7,,,50,,,,,,,,,,,,,,13,,,,,C03,,,1,,2,,,7,7,1,12,4,120.71822,24.125796,3
5081,66000,387130000C,(04)23274275,(04)23288582,2025,11,14,7,44,臺中市,神岡區,0,2,0,7,3,6,50,13,7,1,5,4,6,6,4,4,9,4,4,2,16,3,10,1,1,C03,7,11,1,10,2,13,,45,45,1,13,4,120.656379,24.253737,2
5082,66000,387130000C,(04)23274275,(04)23288582,2025,11,14,7,46,臺中市,東區,0,2,0,7,1,6,50,4,1,1,5,4,6,6,1,1,10,5,5,2,17,2,9,5,4,C03,7,9,1,10,2,12,,84,84,1,12,4,120.692483,24.147958,2
5083,66000,387130000C,(04)23274275,(04)23288582,2025,11,14,7,46,臺中市,太平區,0,0,0,7,,,50,,,,,,,,,,,,,,,,,,,B03,,,1,,2,,,58,58,1,12,4,120.718039,24.128571,3
5084,66000,387130000C,(04)23274275,(04)23288582,2025,11,14,7,47,臺中市,南區,0,1,0,7,2,6,50,3,1,1,5,4,6,6,1,1,10,5,5,2,16,3,10,3,1,B03,7,6,1,8,1,1,,11,11,1,12,4,120.659907,24.12476,2
5085,66000,387130000C,(04)23274275,(04)23288582,2025,11,14,7,49,臺中市,西屯區,0,1,0,7,2,6,50,4,1,1,5,4,6,6,2,1,1,3,5,2,17,3,10,5,4,B03,7,11,1,8,2,5,,45,45,1,13,4,120.642667,24.172374,2
5086,66000,387130000C,(04)23274275,(04)23288582,2025,11,14,7,50,臺中市,北區,0,1,0,7,2,6,50,4,2,1,5,4,6,6,2,1,10,5,5,2,17,3,10,3,1,B03,7,5,1,8,2,8,,84,84,1,13,4,120.66612,24.159089,2
5087,66000,387130000C,(04)23274275,(04)23288582,2025,11,14,7,50,臺中市,北屯區,0,0,0,7,,,,,,,,,,,,,,,,,17,,,,,,,,,,,,,119,119,1,,,120.669033,24.173536,3
5088,66000,387130000C,(04)23274275,(04)23288582,2025,11,14,7,50,臺中市,沙鹿區,0,0,0,7,,,50,,,,,,,,,,,,,,,,,,,B03,,,1,,1,,,59,59,1,6,4,120.568652,24.224908,3
5089,66000,387130000C,(04)23274275,(04)23288582,2025,11,14,7,51,臺中市,大雅區,0,1,0,7,2,6,30,11,9,1,5,4,6,6,4,4,10,5,5,1,11,2,9,2,1,C03,7,9,1,10,2,11,,41,41,1,13,4,120.673778,24.230983,2
5090,66000,387130000C,(04)23274275,(04)23288582,2025,11,14,7,51,臺中市,西屯區,0,1,0,7,2,6,50,4,1,1,5,4,6,6,2,1,10,5,5,2,16,3,10,3,1,B12,7,5,1,8,2,5,,11,11,1,13,4,120.626089,24.18455,2
5091,66000,387130000C,(04)23274275,(04)23288582,2025,11,14,7,52,臺中市,南屯區,0,3,0,7,2,6,50,13,8,1,5,4,6,6,4,4,1,4,1,2,13,2,9,2,1,C03,7,9,2,19,2,11,,7,7,1,12,4,120.613417,24.149049,2
5092,66000,387130000C,(04)23274275,(04)23288582,2025,11,14,7,52,臺中市,霧峰區,0,3,0,7,2,6,30,13,9,1,5,4,6,6,4,4,10,5,5,1,12,2,9,2,1,C03,7,4,1,10,2,12,,85,85,1,6,4,120.678647,24.070642,2
5093,66000,387130000C,(04)23274275,(04)23288582,2025,11,14,7,54,臺中市,大里區,0,0,0,7,,,50,,,,,,,,,,,,,,17,,,,,B03,,,1,,1,,,7,7,1,6,4,120.705214,24.087654,3
5094,66000,387130000C,(04)23274275,(04)23288582,2025,11,14,7,55,臺中市,南屯區,0,0,0,7,,,50,,,,,,,,,,,,,,,,,,,C03,,,1,,1,,,7,7,1,12,4,120.654475,24.138443,3
5095,66000,387130000C,(04)23274275,(04)23288582,2025,11,14,7,57,臺中市,大里區,0,0,0,7,,,30,,,,,,,,,,,,,,16,,,,,B03,,,1,,1,,,14,14,1,6,4,120.692527,24.08526,3
5096,66000,387130000C,(04)23274275,(04)23288582,2025,11,14,7,58,臺中市,南區,0,0,0,7,,,50,,,,,,,,,,,,,,17,,,,,B03,,,1,,2,,,84,84,1,12,4,120.658741,24.1172,3
5097,66000,387130000C,(04)23274275,(04)23288582,2025,11,14,8,2,臺中市,梧棲區,0,1,0,7,3,6,50,4,1,1,5,4,6,6,1,1,10,5,5,2,16,3,10,3,1,B03,7,6,1,8,2,1,,11,11,1,6,4,120.52834,24.221827,2
5098,66000,387130000C,(04)23274275,(04)23288582,2025,11,14,8,4,臺中市,西屯區,0,0,0,7,,,50,,,,,,,,,,,,,,13,,,,,C03,,,1,,1,,,7,7,1,12,4,120.6202,24.187398,3
5099,66000,387130000C,(04)23274275,(04)23288582,2025,11,14,8,7,臺中市,北屯區,0,0,0,7,,,50,,,,,,,,,,,,,,13,,,,,B02,,,1,,1,,,7,7,1,12,4,120.700483,24.164791,3
5100,66000,387130000C,(04)23274275,(04)23288582,2025,11,14,8,8,臺中市,大里區,0,2,0,7,3,6,50,3,1,1,5,4,6,6,4,4,5,5,5,1,17,2,9,1,1,C03,7,9,1,10,3,11,,26,26,1,12,4,120.699654,24.109978,2
5101,66000,387130000C,(04)23274275,(04)23288582,2025,11,14,8,9,臺中市,西區,0,1,0,7,3,6,40,3,2,1,5,4,6,6,3,1,1,4,1,2,13,2,9,1,1,C03,7,9,1,10,2,11,,7,7,1,6,4,120.671205,24.149879,2
5102,66000,387130000C,(04)23274275,(04)23288582,2025,11,14,8,10,臺中市,北屯區,0,2,0,7,2,6,50,4,1,1,5,4,6,6,1,1,10,5,5,2,16,2,9,5,4,C03,7,5,1,10,2,12,,20,20,1,12,4,120.69603,24.161054,2
5103,66000,387130000C,(04)23274275,(04)23288582,2025,11,14,8,11,臺中市,南區,0,2,0,7,2,6,30,4,1,1,5,4,6,6,4,4,10,5,5,2,15,2,9,2,1,C03,7,9,1,10,2,12,,15,15,1,13,4,120.676388,24.124937,2
5104,66000,387130000C,(04)23274275,(04)23288582,2025,11,14,8,11,臺中市,南屯區,0,0,0,7,,,50,,,,,,,,,,,,,,12,,,,,B03,,,1,,9,,,20,20,1,12,4,120.638383,24.142262,3
5105,66000,387130000C,(04)23274275,(04)23288582,2025,11,14,8,15,臺中市,南屯區,0,0,0,7,,,50,,,,,,,,,,,,,,,,,,,B03,,,1,,1,,,84,84,1,12,4,120.648754,24.148379,3
5106,66000,387130000C,(04)23274275,(04)23288582,2025,11,14,8,16,臺中市,南屯區,0,0,0,7,,,50,,,,,,,,,,,,,,,,,,,B03,,,1,,1,,,59,59,1,12,4,120.646494,24.130817,3
5107,66000,387130000C,(04)23274275,(04)23288582,2025,11,14,8,16,臺中市,豐原區,0,1,0,7,2,6,50,13,7,1,5,4,6,6,4,4,5,4,4,2,17,3,10,3,1,B03,7,11,1,8,2,5,,34,34,1,13,4,120.725582,24.241489,2
5108,66000,387130000C,(04)23274275,(04)23288582,2025,11,14,8,19,臺中市,西屯區,0,0,0,7,,,50,,,,,,,,,,,,,,13,,,,,B03,,,1,,1,,,7,7,1,13,4,120.602055,24.159194,3
5109,66000,387130000C,(04)23274275,(04)23288582,2025,11,14,8,20,臺中市,南屯區,0,1,0,7,2,6,50,4,9,1,5,4,6,6,4,4,5,5,5,2,17,3,10,3,1,B03,7,9,1,10,2,6,,85,85,1,6,4,120.62709,24.116582,2
5110,66000,387130000C,(04)23274275,(04)23288582,2025,11,14,8,20,臺中市,大里區,0,1,0,7,3,6,50,3,1,1,5,4,6,6,4,4,10,4,5,2,16,2,9,1,1,C03,7,6,1,10,2,11,,14,14,1,6,4,120.689795,24.113907,2
5111,66000,387130000C,(04)23274275,(04)23288582,2025,11,14,8,20,臺中市,后里區,0,0,0,7,3,6,30,13,9,1,5,4,6,6,4,4,10,5,5,2,14,3,10,3,1,B03,7,2,1,8,2,6,,49,49,1,6,4,120.708562,24.307801,3
5112,66000,387130000C,(04)23274275,(04)23288582,2025,11,14,8,23,臺中市,北屯區,0,1,0,7,3,6,40,13,7,1,5,4,6,6,4,4,1,4,4,2,12,3,10,3,1,B03,7,1,1,8,2,8,,51,51,1,12,4,120.711422,24.17494,2
5113,66000,387130000C,(04)23274275,(04)23288582,2025,11,14,8,23,臺中市,北屯區,0,1,0,7,2,6,50,4,1,1,5,4,6,6,2,1,10,5,5,2,16,2,9,1,1,C03,7,9,1,10,2,14,,84,84,1,12,4,120.666038,24.1866,2
5114,66000,387130000C,(04)23274275,(04)23288582,2025,11,14,8,24,臺中市,西屯區,0,0,0,7,,,50,,,,,,,,,,,,,,13,,,,,A04,,,1,,1,,,7,7,1,12,4,120.637036,24.172341,3
5115,66000,387130000C,(04)23274275,(04)23288582,2025,11,14,8,25,臺中市,神岡區,0,1,0,7,3,6,50,3,1,1,5,4,6,6,4,4,5,5,5,1,16,3,10,3,1,B03,7,6,1,8,2,1,,14,14,1,13,4,120.680375,24.26665,2
5116,66000,387130000C,(04)23274275,(04)23288582,2025,11,14,8,28,臺中市,大雅區,0,0,0,7,,,50,,,,,,,,,,,,,,,,,,,B12,,,1,,1,,,48,48,1,13,4,120.657909,24.242319,3
5117,66000,387130000C,(04)23274275,(04)23288582,2025,11,14,8,29,臺中市,西屯區,0,1,0,7,2,6,40,4,1,1,5,4,6,6,1,1,10,5,5,2,13,2,9,1,4,C03,7,9,1,10,2,11,,7,7,1,13,4,120.653258,24.160817,2
5118,66000,387130000C,(04)23274275,(04)23288582,2025,11,14,8,30,臺中市,西區,0,1,0,7,2,6,50,13,9,1,5,4,6,6,4,4,1,4,5,1,18,2,9,2,1,C03,7,15,1,10,9,12,,82,82,1,13,4,120.673552,24.133067,2
5119,66000,387130000C,(04)23274275,(04)23288582,2025,11,14,8,30,臺中市,南屯區,0,1,0,7,3,6,50,4,1,1,5,4,6,6,2,1,10,5,5,2,15,3,10,5,4,B03,7,9,1,10,2,1,,21,21,1,6,4,120.654525,24.129253,2
5120,66000,387130000C,(04)23274275,(04)23288582,2025,11,14,8,32,臺中市,南屯區,0,1,0,7,3,6,30,13,9,1,5,4,6,6,4,4,10,5,5,2,18,2,9,2,4,C03,7,9,1,10,2,12,,75,75,1,6,4,120.639434,24.116614,2
5121,66000,387130000C,(04)23274275,(04)23288582,2025,11,14,8,33,臺中市,西區,0,1,0,7,1,6,50,4,9,1,5,4,6,6,4,4,5,4,5,2,17,2,9,2,1,C03,7,8,1,10,2,14,,40,40,1,12,4,120.661917,24.150615,2
5122,66000,387130000C,(04)23274275,(04)23288582,2025,11,14,8,38,臺中市,南屯區,0,1,0,7,2,6,50,4,1,1,5,4,6,6,2,1,5,4,5,2,17,2,9,2,1,C03,7,9,1,10,2,14,,84,84,1,12,4,120.649558,24.146768,2
5123,66000,387130000C,(04)23274275,(04)23288582,2025,11,14,8,39,臺中市,南區,0,0,0,7,,,30,,,,,,,,,,,,,,,,,,,B03,,,1,,1,,,84,84,1,12,4,120.680205,24.119277,3
5124,66000,387130000C,(04)23274275,(04)23288582,2025,11,14,8,39,臺中市,西屯區,0,1,0,7,2,6,50,4,9,1,5,4,6,6,2,1,4,4,5,2,3,3,10,5,4,B03,7,6,1,8,2,1,,10,10,1,13,4,120.648401,24.157645,2
5125,66000,387130000C,(04)23274275,(04)23288582,2025,11,14,8,41,臺中市,大里區,0,1,0,7,2,6,50,3,2,1,5,4,6,6,4,4,4,4,5,1,17,3,10,3,1,B03,7,9,1,8,2,2,,8,8,1,6,4,120.70142,24.099892,2
5126,66000,387130000C,(04)23274275,(04)23288582,2025,11,14,8,42,臺中市,南屯區,0,1,0,7,2,6,50,3,1,1,5,4,6,6,4,4,5,5,5,2,16,3,10,3,1,B03,7,6,1,8,2,2,,84,84,1,6,4,120.626194,24.114158,2
5127,66000,387130000C,(04)23274275,(04)23288582,2025,11,14,8,42,臺中市,太平區,0,2,0,7,3,6,50,13,9,1,5,4,6,6,4,4,5,4,5,1,16,2,9,1,1,C04,7,11,3,19,2,12,,39,39,1,12,4,120.716935,24.128156,2
5128,66000,387130000C,(04)23274275,(04)23288582,2025,11,14,8,42,臺中市,豐原區,0,1,0,7,2,6,50,4,1,1,5,4,6,6,2,1,1,2,4,1,15,4,11,1,1,C03,7,9,1,10,2,11,,84,84,1,12,4,120.726851,24.238318,2
5129,66000,387130000C,(04)23274275,(04)23288582,2025,11,14,8,43,臺中市,北屯區,0,1,0,7,2,6,50,3,1,1,5,4,6,6,4,4,4,5,5,2,17,3,10,3,1,B03,7,6,1,8,2,8,,14,14,1,6,4,120.689329,24.177029,2
5130,66000,387130000C,(04)23274275,(04)23288582,2025,11,14,8,43,臺中市,北屯區,0,0,0,7,,,40,,,,,,,,,,,,,,15,,,,,B03,,,1,,1,,,14,14,1,6,4,120.692972,24.164746,3
5131,66000,387130000C,(04)23274275,(04)23288582,2025,11,14,8,44,臺中市,豐原區,0,2,0,7,2,6,30,3,1,1,5,4,6,6,4,4,5,5,5,2,16,2,9,2,1,C03,7,6,1,10,2,13,,11,11,1,6,4,120.721835,24.249825,2
5132,66000,387130000C,(04)23274275,(04)23288582,2025,11,14,8,45,臺中市,大雅區,0,0,0,7,,,60,,,,,,,,,,,,,,12,,,,,B12,,,1,,2,,,40,40,1,13,4,120.650208,24.211904,3
5133,66000,387130000C,(04)23274275,(04)23288582,2025,11,14,8,45,臺中市,北屯區,0,1,0,7,2,6,50,13,9,1,5,4,6,6,4,4,5,5,5,2,12,3,10,3,1,B03,7,9,1,8,2,5,,84,84,1,13,4,120.68369,24.176225,2
5134,66000,387130000C,(04)23274275,(04)23288582,2025,11,14,8,45,臺中市,東勢區,0,1,0,7,2,6,60,4,1,1,5,4,6,6,3,1,10,5,5,2,13,3,10,3,1,B03,7,9,1,8,2,1,,84,84,1,12,4,120.81103,24.281685,2
5135,66000,387130000C,(04)23274275,(04)23288582,2025,11,14,8,46,臺中市,大肚區,0,1,0,7,3,6,50,11,9,1,5,4,6,6,4,4,5,5,5,2,12,2,9,2,1,C03,7,9,1,10,2,14,,2,2,1,6,4,120.561187,24.154871,2
5136,66000,387130000C,(04)23274275,(04)23288582,2025,11,14,8,47,臺中市,霧峰區,0,0,0,7,,,50,,,,,,,,,,,,,,12,,,,,B03,,,5,,2,,,35,35,1,12,4,120.663421,24.061737,3
5137,66000,387130000C,(04)23274275,(04)23288582,2025,11,14,8,48,臺中市,南屯區,0,0,0,7,,,50,,,,,,,,,,,,,,,,,,,C03,,,1,,1,,,59,59,1,12,4,120.639353,24.148767,3
5138,66000,387130000C,(04)23274275,(04)23288582,2025,11,14,8,49,臺中市,北屯區,0,0,0,7,,,50,,,,,,,,,,,,,,13,,,,,B03,,,1,8,2,,,7,7,1,12,4,120.729882,24.177035,3
5139,66000,387130000C,(04)23274275,(04)23288582,2025,11,14,8,50,臺中市,西屯區,0,0,0,7,,,50,,,,,,,,,,,,,,11,,,,,A42,,,1,,11,,,8,8,1,13,4,120.648978,24.201958,3
5140,66000,387130000C,(04)23274275,(04)23288582,2025,11,14,8,50,臺中市,龍井區,0,0,0,7,,,50,,,,,,,,,,,,,,,,,,,B03,,,1,,1,,,84,84,1,12,4,120.545984,24.189798,3
5141,66000,387130000C,(04)23274275,(04)23288582,2025,11,14,8,50,臺中市,清水區,0,0,0,7,,,70,,,,,,,,,,,,,,17,,,,,A04,,,1,,2,,,87,87,1,12,4,120.595321,24.301192,3
5142,66000,387130000C,(04)23274275,(04)23288582,2025,11,14,8,52,臺中市,北區,0,2,0,7,2,6,40,3,2,1,5,4,6,6,4,4,4,4,4,2,12,2,8,1,1,C03,7,9,1,10,2,11,,84,84,1,12,4,120.680855,24.151038,2
5143,66000,387130000C,(04)23274275,(04)23288582,2025,11,14,8,52,臺中市,太平區,0,2,0,7,2,6,50,13,9,1,5,4,6,6,4,4,9,4,5,2,3,2,9,6,5,H01,8,16,7,21,10,17,,98,98,1,12,5,120.704393,24.151653,2
5144,66000,387130000C,(04)23274275,(04)23288582,2025,11,14,8,55,臺中市,東區,0,0,0,7,,,50,,,,,,,,,,,,,,15,,,,,C03,,,1,10,1,,,51,51,1,12,4,120.695061,24.138831,3
5145,66000,387130000C,(04)23274275,(04)23288582,2025,11,14,8,57,臺中市,西屯區,0,0,0,7,,,50,,,,,,,,,,,,,,12,,,,,B03,,,1,,1,,,8,8,1,13,4,120.634595,24.176292,3
5146,66000,387130000C,(04)23274275,(04)23288582,2025,11,14,9,1,臺中市,大里區,0,0,0,7,,,30,,,,,,,,,,,,,,14,,,,,B03,,,1,,1,,,49,49,1,6,4,120.702037,24.087434,3
5147,66000,387130000C,(04)23274275,(04)23288582,2025,11,14,9,6,臺中市,太平區,0,0,0,7,,,50,,,,,,,,,,,,,,,,,,,B03,,,1,,2,,,8,8,1,6,4,120.716714,24.159967,3
5148,66000,387130000C,(04)23274275,(04)23288582,2025,11,14,9,6,臺中市,大甲區,0,1,0,7,2,6,70,13,9,1,5,4,6,6,4,4,6,3,5,1,13,2,9,1,1,C03,7,9,1,10,2,11,,84,84,1,12,4,120.617297,24.346022,2
5149,66000,387130000C,(04)23274275,(04)23288582,2025,11,14,9,7,臺中市,北區,0,1,0,7,3,6,50,3,2,1,5,4,6,6,4,4,5,4,5,2,16,2,9,5,4,C03,7,5,1,10,2,12,,14,14,1,13,4,120.685106,24.160738,2
5150,66000,387130000C,(04)23274275,(04)23288582,2025,11,14,9,7,臺中市,大里區,0,0,0,7,,,50,,,,,,,,,,,,,,,,,,,B03,,,1,,1,,,7,7,1,12,4,120.681235,24.105507,3
5151,66000,387130000C,(04)23274275,(04)23288582,2025,11,14,9,10,臺中市,北屯區,0,0,0,7,,,50,,,,,,,,,,,,,,,,,,,B03,,,1,,1,,,84,84,1,13,4,120.710418,24.182199,4
5152,66000,387130000C,(04)23274275,(04)23288582,2025,11,14,9,14,臺中市,北區,0,0,0,7,,,50,,,,,,,,,,,,,,13,,,,,B03,,,1,,1,,,7,7,1,12,4,120.664151,24.162183,3
5153,66000,387130000C,(04)23274275,(04)23288582,2025,11,14,9,20,臺中市,北區,0,1,0,7,2,6,50,4,2,1,5,4,6,6,2,1,10,5,5,2,13,3,10,3,1,B03,7,9,1,8,2,1,,58,58,1,13,4,120.674953,24.166651,2
5154,66000,387130000C,(04)23274275,(04)23288582,2025,11,14,9,24,臺中市,霧峰區,0,2,0,7,2,6,50,3,2,1,5,4,6,6,4,4,4,5,5,1,17,2,9,2,1,C03,7,9,1,10,2,11,,58,58,1,6,4,120.658321,24.041741,2
5155,66000,387130000C,(04)23274275,(04)23288582,2025,11,14,9,26,臺中市,豐原區,0,0,0,7,,,50,,,,,,,,,,,,,,,,,,,B03,,,1,,2,,,84,84,1,13,4,120.729683,24.275735,3
5156,66000,387130000C,(04)23274275,(04)23288582,2025,11,14,9,32,臺中市,西區,0,1,0,7,2,6,50,4,1,1,5,4,6,6,1,1,10,5,5,2,17,3,10,3,1,B03,7,5,1,8,2,5,,84,84,1,12,4,120.672019,24.131402,2
5157,66000,387130000C,(04)23274275,(04)23288582,2025,11,14,9,35,臺中市,北區,0,2,0,7,2,6,30,4,1,1,5,4,6,6,4,4,10,5,5,2,15,2,9,1,1,C03,7,9,1,10,2,12,,15,15,1,12,4,120.683608,24.14677,2
5158,66000,387130000C,(04)23274275,(04)23288582,2025,11,14,9,35,臺中市,南區,0,1,0,7,3,6,30,4,1,1,5,4,6,6,1,1,10,5,5,2,15,3,10,5,4,B12,7,9,1,7,2,5,,15,15,1,12,4,120.675471,24.128855,2
5159,66000,387130000C,(04)23274275,(04)23288582,2025,11,14,9,37,臺中市,霧峰區,0,0,0,7,,,50,,,,,,,,,,,,,,17,,,,,B03,,,1,,2,,,45,45,1,6,4,120.696392,24.060238,3
5160,66000,387130000C,(04)23274275,(04)23288582,2025,11,14,9,39,臺中市,南區,0,0,0,7,,,50,,,,,,,,,,,,,,13,,,,,C03,,,1,,1,,,7,7,1,13,4,120.67777,24.129335,4
5161,66000,387130000C,(04)23274275,(04)23288582,2025,11,14,9,39,臺中市,神岡區,0,0,0,7,,,50,,,,,,,,,,,,,,16,,,,,B12,,,1,,9,,,12,12,1,13,4,120.682401,24.27137,3
5162,66000,387130000C,(04)23274275,(04)23288582,2025,11,14,9,41,臺中市,北區,0,0,0,7,,,50,,,,,,,,,,,,,,,,,,,C03,,,2,,1,,,40,40,1,13,4,120.683255,24.157317,3
5163,66000,387130000C,(04)23274275,(04)23288582,2025,11,14,9,41,臺中市,西屯區,0,0,0,7,,,50,,,,,,,,,,,,,,13,,,,,C03,,,1,,1,,,7,7,1,12,4,120.628099,24.184062,3
5164,66000,387130000C,(04)23274275,(04)23288582,2025,11,14,9,46,臺中市,大甲區,0,0,0,7,,,50,,,,,,,,,,,,,,,,,,,B03,,,1,,2,,,87,87,1,6,4,120.623186,24.350509,3
5165,66000,387130000C,(04)23274275,(04)23288582,2025,11,14,9,49,臺中市,西屯區,0,1,0,7,2,6,50,13,9,1,5,4,6,6,4,4,5,4,5,2,17,3,10,5,4,B12,7,1,1,8,2,8,,84,84,1,13,4,120.625806,24.198042,2
5166,66000,387130000C,(04)23274275,(04)23288582,2025,11,14,9,49,臺中市,梧棲區,0,0,0,7,,,50,,,,,,,,,,,,,,16,,,,,C03,,,1,,1,,,48,48,1,6,4,120.529423,24.261319,3
5167,66000,387130000C,(04)23274275,(04)23288582,2025,11,14,9,50,臺中市,北區,0,2,0,7,2,6,50,4,1,1,5,4,6,6,2,1,3,4,5,2,13,2,9,1,1,C03,7,9,1,10,2,11,,7,7,1,12,4,120.671448,24.173728,2