序號,縣市別代碼,機關代碼,市話,傳真,年,月,日,時,分,縣市,區,死亡數量,受傷數量,2-30,天候,道路照明設備,道路類別,道路速限,道路型態,事故位置,路面鋪裝,路面狀態,路面缺陷,障礙物,視距,號誌種類,號誌動作,分向設施,快車道或一般車道間,快慢車道間,路面邊線,事故類型及型態,受傷程度,主要傷處,保護裝備,行動電話或功能裝置,當事者區分(類別),車輛用途,當事者行動狀態,駕照狀態,駕照種類,飲酒情形,車輛撞擊部位最初,車輛撞擊部位其他,肇事因素個別,肇事因素主要,肇事逃逸,職業,共享經濟或外送平台,GPS座標X,GPS座標Y,事故類別
5168,66000,387130000C,(04)23274275,(04)23288582,2025,11,14,9,50,臺中市,南屯區,0,2,0,7,2,6,50,13,9,1,5,4,6,6,4,4,5,4,5,2,13,2,9,2,1,C03,7,9,1,10,2,11,,7,7,1,12,4,120.645309,24.137913,2
5169,66000,387130000C,(04)23274275,(04)23288582,2025,11,14,10,0,臺中市,西區,0,0,0,7,,,50,,,,,,,,,,,,,,,,,,,B03,,,1,,1,,,87,87,1,6,4,120.660681,24.1403,3
5170,66000,387130000C,(04)23274275,(04)23288582,2025,11,14,10,0,臺中市,豐原區,0,1,0,7,2,6,50,13,7,1,5,4,6,6,4,4,5,5,4,2,12,3,10,1,1,C03,7,15,1,10,2,13,,84,84,1,12,4,120.72542,24.246271,2
5171,66000,387130000C,(04)23274275,(04)23288582,2025,11,14,10,4,臺中市,西屯區,0,1,0,7,3,6,50,4,1,1,5,4,6,6,1,1,1,4,1,2,16,3,10,5,4,B12,7,5,1,8,2,2,,11,11,1,12,4,120.635844,24.181779,2
5172,66000,387130000C,(04)23274275,(04)23288582,2025,11,14,10,9,臺中市,外埔區,0,0,0,7,3,6,40,13,14,1,5,4,6,6,4,4,5,4,4,1,17,3,10,3,1,A12,7,2,1,3,2,6,,49,49,1,6,4,120.66075,24.324524,3
5173,66000,387130000C,(04)23274275,(04)23288582,2025,11,14,10,11,臺中市,西屯區,0,0,0,7,,,0,,,,,,,,,,,,,,14,,,,,B03,,,1,,1,,,49,49,1,13,4,120.642153,24.16443,3
5174,66000,387130000C,(04)23274275,(04)23288582,2025,11,14,10,13,臺中市,大里區,0,0,0,7,,,60,,,,,,,,,,,,,,13,,,,,B03,,,1,,2,,,54,54,1,6,4,120.679764,24.104114,3
5175,66000,387130000C,(04)23274275,(04)23288582,2025,11,14,10,15,臺中市,北區,0,2,0,7,2,6,50,3,2,1,5,4,6,6,4,4,10,5,5,2,12,2,9,2,1,C03,7,9,1,10,2,14,,7,7,1,13,4,120.68127,24.150453,2
5176,66000,387130000C,(04)23274275,(04)23288582,2025,11,14,10,15,臺中市,大里區,0,0,0,7,,,50,,,,,,,,,,,,,,13,,,,,B03,,,1,,2,,,7,7,1,12,4,120.678731,24.096884,3
5177,66000,387130000C,(04)23274275,(04)23288582,2025,11,14,10,16,臺中市,沙鹿區,0,0,0,7,,,40,,,,,,,,,,,,,,17,,,,,B03,,,1,,2,,,8,8,1,6,4,120.568275,24.254275,3
5178,66000,387130000C,(04)23274275,(04)23288582,2025,11,14,10,20,臺中市,潭子區,0,0,0,7,,3,80,,,,,,,,,,,,,,,,,,,B11,,,1,,2,,,7,7,1,13,4,120.718042,24.197595,3
5179,66000,387130000C,(04)23274275,(04)23288582,2025,11,14,10,25,臺中市,南區,0,2,0,7,1,6,50,13,9,5,5,4,6,6,1,1,10,5,5,2,9,2,9,5,4,C03,7,10,1,10,2,11,,84,84,1,12,4,120.652706,24.114236,2
5180,66000,387130000C,(04)23274275,(04)23288582,2025,11,14,10,29,臺中市,神岡區,0,1,0,7,1,6,50,5,2,1,5,4,6,6,2,1,5,4,5,2,12,2,9,1,1,C04,7,5,1,10,2,11,,58,58,1,12,4,120.711713,24.25789,2
5181,66000,387130000C,(04)23274275,(04)23288582,2025,11,14,10,30,臺中市,沙鹿區,0,0,0,7,,,30,,,,,,,,,,,,,,,,,,,B03,,,1,,2,,,8,8,1,6,4,120.570627,24.251339,3
5182,66000,387130000C,(04)23274275,(04)23288582,2025,11,14,10,40,臺中市,南區,0,2,0,7,2,6,50,4,1,1,5,4,6,6,1,1,10,5,5,2,13,2,9,1,1,C03,7,9,3,19,2,11,,7,7,1,12,4,120.670095,24.119043,2
5183,66000,387130000C,(04)23274275,(04)23288582,2025,11,14,10,43,臺中市,中區,0,1,0,7,3,6,50,13,9,1,5,4,6,6,4,4,5,4,5,2,13,3,10,3,1,B03,7,9,1,8,2,1,,84,84,1,6,4,120.682837,24.140557,2
5184,66000,387130000C,(04)23274275,(04)23288582,2025,11,14,10,43,臺中市,太平區,0,1,0,7,2,6,50,4,2,1,5,4,6,6,4,4,5,5,5,2,17,2,9,2,1,C03,7,9,1,10,2,14,,43,43,1,12,4,120.71682,24.126003,2
5185,66000,387130000C,(04)23274275,(04)23288582,2025,11,14,10,44,臺中市,北區,0,0,0,7,2,6,50,4,1,1,5,4,6,6,4,4,5,4,4,2,16,3,10,1,1,C03,7,6,1,10,2,11,,11,11,1,12,4,120.669119,24.155327,3
5186,66000,387130000C,(04)23274275,(04)23288582,2025,11,14,10,44,臺中市,大里區,0,0,0,7,,,50,,,,,,,,,,,,,,,,,,,B03,,,1,,1,,,39,39,1,12,4,120.688843,24.104389,3
5187,66000,387130000C,(04)23274275,(04)23288582,2025,11,14,10,44,臺中市,龍井區,0,1,0,7,2,6,40,4,1,1,5,4,6,6,2,1,10,5,5,2,16,3,10,3,1,B03,7,5,1,8,2,2,,8,8,1,12,4,120.581639,24.175696,2
5188,66000,387130000C,(04)23274275,(04)23288582,2025,11,14,10,45,臺中市,大雅區,0,0,0,7,,,70,,,,,,,,,,,,,,,,,,,B01,,,1,,2,,,40,40,1,13,4,120.629575,24.241426,3
5189,66000,387130000C,(04)23274275,(04)23288582,2025,11,14,10,47,臺中市,南屯區,0,0,0,7,,,50,,,,,,,,,,,,,,,,,,,B11,,,1,,2,,,59,59,1,12,4,120.62267,24.140394,3
5190,66000,387130000C,(04)23274275,(04)23288582,2025,11,14,10,47,臺中市,北屯區,0,0,0,7,,,50,,,,,,,,,,,,,,9,,,,,B03,,,1,8,9,,,8,8,1,12,4,120.689021,24.183189,3
5191,66000,387130000C,(04)23274275,(04)23288582,2025,11,14,10,49,臺中市,北屯區,0,0,0,7,,,30,,,,,,,,,,,,,,14,,,,,B03,,,1,,2,,,49,49,1,13,4,120.721523,24.187304,3
5192,66000,387130000C,(04)23274275,(04)23288582,2025,11,14,11,2,臺中市,北區,0,1,0,7,2,6,50,4,2,1,5,4,6,6,2,1,3,4,5,2,17,2,9,1,1,C03,7,9,1,10,2,14,,42,42,1,12,4,120.68616,24.146227,2
5193,66000,387130000C,(04)23274275,(04)23288582,2025,11,14,11,2,臺中市,北區,0,1,0,7,3,6,50,4,2,1,5,4,6,6,4,4,5,4,5,2,15,2,9,5,4,C03,7,9,1,10,2,12,,15,15,1,13,4,120.683255,24.157317,2
5194,66000,387130000C,(04)23274275,(04)23288582,2025,11,14,11,4,臺中市,潭子區,0,0,0,7,,,60,,,,,,,,,,,,,,,,,,,B03,,,1,,2,,,84,84,1,12,4,120.70557,24.21739,3
5195,66000,387130000C,(04)23274275,(04)23288582,2025,11,14,11,4,臺中市,大肚區,0,2,0,7,3,6,70,4,1,1,5,4,6,6,2,1,10,5,5,2,16,3,10,3,1,A11,7,6,1,7,2,2,,11,11,1,6,4,120.549346,24.148538,2
5196,66000,387130000C,(04)23274275,(04)23288582,2025,11,14,11,7,臺中市,西屯區,0,0,0,7,,,50,,,,,,,,,,,,,,15,,,,,C01,,,1,,1,,,21,21,1,13,4,120.65327,24.195252,4
5197,66000,387130000C,(04)23274275,(04)23288582,2025,11,14,11,9,臺中市,梧棲區,0,1,0,7,2,6,30,4,1,1,5,4,6,6,4,4,10,5,5,2,16,3,10,1,1,C03,7,5,1,10,2,13,,14,14,1,6,2,120.533901,24.225212,2
5198,66000,387130000C,(04)23274275,(04)23288582,2025,11,14,11,10,臺中市,烏日區,0,0,0,7,,,50,,,,,,,,,,,,,,13,,,,,B03,,,1,,2,,,7,7,1,6,4,120.626422,24.106033,3
5199,66000,387130000C,(04)23274275,(04)23288582,2025,11,14,11,12,臺中市,大里區,0,1,0,7,3,6,50,4,1,1,5,4,6,6,4,4,10,5,5,2,16,3,10,3,1,B03,7,5,1,8,2,4,,14,14,1,12,4,120.691571,24.078411,2
5200,66000,387130000C,(04)23274275,(04)23288582,2025,11,14,11,15,臺中市,石岡區,0,0,0,7,,,40,,,,,,,,,,,,,,17,,,,,C03,,,1,,1,,,45,45,1,13,4,120.816171,24.260069,3
5201,66000,387130000C,(04)23274275,(04)23288582,2025,11,14,11,15,臺中市,豐原區,0,1,0,7,2,6,50,13,8,1,5,4,6,6,4,4,5,5,4,2,16,3,10,3,1,B03,7,11,1,10,2,5,,45,45,1,10,4,120.715177,24.251298,2
5202,66000,387130000C,(04)23274275,(04)23288582,2025,11,14,11,20,臺中市,南區,0,2,0,7,3,6,50,13,7,1,5,4,6,6,4,4,1,4,4,2,13,2,9,5,4,C03,7,15,1,10,2,11,,84,84,1,12,4,120.679502,24.123054,2
5203,66000,387130000C,(04)23274275,(04)23288582,2025,11,14,11,22,臺中市,北屯區,0,0,0,7,,,50,,,,,,,,,,,,,,13,,,,,B03,,,1,,1,,,7,7,1,12,4,120.721521,24.162584,3
5204,66000,387130000C,(04)23274275,(04)23288582,2025,11,14,11,24,臺中市,烏日區,0,0,0,7,,,30,,,,,,,,,,,,,,12,,,,,B03,,,1,,2,,,8,8,1,6,4,120.603978,24.115033,3
5205,66000,387130000C,(04)23274275,(04)23288582,2025,11,14,11,25,臺中市,南區,0,1,0,7,2,6,50,4,1,1,5,4,6,6,3,1,5,5,5,2,15,2,9,2,1,C03,7,9,1,10,2,11,,24,24,1,13,4,120.678263,24.130931,2
5206,66000,387130000C,(04)23274275,(04)23288582,2025,11,14,11,26,臺中市,太平區,0,1,0,7,2,6,50,4,1,1,5,4,6,6,1,1,10,5,5,2,17,2,9,5,4,C03,7,9,1,10,2,14,,84,84,1,5,4,120.711883,24.144562,2
5207,66000,387130000C,(04)23274275,(04)23288582,2025,11,14,11,29,臺中市,西區,0,1,0,7,2,6,50,13,9,1,5,4,6,6,4,4,7,5,5,2,12,3,10,1,1,C03,7,6,1,10,1,13,,39,39,1,13,4,120.660209,24.14582,2
5208,66000,387130000C,(04)23274275,(04)23288582,2025,11,14,11,30,臺中市,豐原區,0,0,0,7,,,50,,,,,,,,,,,,,,30,,,,,B12,,,1,,2,,,68,68,1,12,4,120.704234,24.247659,3
5209,66000,387130000C,(04)23274275,(04)23288582,2025,11,14,11,32,臺中市,南屯區,0,0,0,7,,,50,,,,,,,,,,,,,,12,,,,,A41,,,1,,1,,,40,40,1,12,4,120.614054,24.153782,3
5210,66000,387130000C,(04)23274275,(04)23288582,2025,11,14,11,36,臺中市,北區,0,0,0,7,,,30,,,,,,,,,,,,,,17,,,,,B03,,,1,,2,,,12,12,1,13,4,120.67826,24.16255,3
5211,66000,387130000C,(04)23274275,(04)23288582,2025,11,14,11,36,臺中市,南屯區,0,0,0,7,,,50,,,,,,,,,,,,,,,,,,,C03,,,1,,2,,,58,58,1,6,4,120.651787,24.15,3
5212,66000,387130000C,(04)23274275,(04)23288582,2025,11,14,11,48,臺中市,太平區,0,0,0,7,,,50,,,,,,,,,,,,,,13,,,,,B12,,,1,,2,,,7,7,1,6,4,120.710964,24.126701,3
5213,66000,387130000C,(04)23274275,(04)23288582,2025,11,14,11,50,臺中市,南屯區,0,0,0,7,,,50,,,,,,,,,,,,,,14,,,,,B03,,,1,,1,,,49,49,1,6,4,120.615277,24.147088,3
5214,66000,387130000C,(04)23274275,(04)23288582,2025,11,14,11,56,臺中市,南區,0,1,0,7,2,6,50,4,1,1,5,4,6,6,2,1,3,3,3,2,12,3,10,2,1,C03,7,7,1,10,1,12,,40,40,1,13,4,120.679286,24.119037,2
5215,66000,387130000C,(04)23274275,(04)23288582,2025,11,14,11,57,臺中市,北屯區,0,1,0,7,3,6,50,13,9,1,5,4,6,6,4,4,5,4,5,2,12,3,10,3,1,B03,7,7,5,2,2,6,,40,40,1,12,4,120.745066,24.188046,2
5216,66000,387130000C,(04)23274275,(04)23288582,2025,11,14,11,57,臺中市,西屯區,0,1,0,7,2,6,50,13,9,1,5,4,6,6,4,4,5,4,5,2,13,2,9,5,4,C03,7,8,1,10,2,12,,59,59,1,12,4,120.637168,24.172411,2
5217,66000,387130000C,(04)23274275,(04)23288582,2025,11,14,11,59,臺中市,南區,0,1,0,7,2,6,50,4,1,1,5,4,6,6,1,1,10,5,5,2,13,2,4,1,1,C03,7,8,1,10,2,11,,7,7,1,12,4,120.650302,24.115825,2
5218,66000,387130000C,(04)23274275,(04)23288582,2025,11,14,12,1,臺中市,大雅區,0,0,0,7,,,60,,,,,,,,,,,,,,,,,,,B03,,,1,,1,,,51,51,1,12,4,120.646892,24.222014,3
5219,66000,387130000C,(04)23274275,(04)23288582,2025,11,14,12,3,臺中市,豐原區,0,1,0,7,2,6,50,3,1,1,5,4,6,6,4,4,10,5,5,2,16,3,10,1,1,C03,7,6,1,10,2,12,,14,14,1,12,4,120.706236,24.249375,2
5220,66000,387130000C,(04)23274275,(04)23288582,2025,11,14,12,4,臺中市,大里區,0,0,0,7,,,50,,,,,,,,,,,,,,17,,,,,B03,,,1,8,1,,,84,84,1,13,4,120.690156,24.092616,3
5221,66000,387130000C,(04)23274275,(04)23288582,2025,11,14,12,6,臺中市,梧棲區,0,0,0,7,,,30,,,,,,,,,,,,,,16,,,,,B01,,,1,,1,,,51,51,1,6,4,120.529289,24.260888,3
5222,66000,387130000C,(04)23274275,(04)23288582,2025,11,14,12,7,臺中市,大甲區,0,1,0,7,3,6,50,13,9,1,5,4,6,6,4,4,5,5,5,2,30,2,9,5,4,C03,7,9,1,10,2,15,,84,84,1,12,4,120.646735,24.405214,2
5223,66000,387130000C,(04)23274275,(04)23288582,2025,11,14,12,8,臺中市,烏日區,0,0,0,7,,,50,,,,,,,,,,,,,,,,,,,B03,,,1,,2,,,78,78,1,12,4,120.618361,24.104577,3
5224,66000,387130000C,(04)23274275,(04)23288582,2025,11,14,12,9,臺中市,霧峰區,0,0,0,7,,,50,,,,,,,,,,,,,,17,,,,,C03,,,1,,2,,,7,7,1,6,4,120.714468,24.076598,3
5225,66000,387130000C,(04)23274275,(04)23288582,2025,11,14,12,10,臺中市,太平區,0,2,0,7,3,6,50,4,2,1,5,4,6,6,1,1,10,5,5,2,18,2,9,1,1,C03,7,9,1,10,2,14,,7,7,1,12,4,120.722393,24.119101,2
5226,66000,387130000C,(04)23274275,(04)23288582,2025,11,14,12,10,臺中市,后里區,0,1,0,7,3,6,30,3,1,1,5,4,6,6,4,4,10,5,5,2,16,2,9,1,1,C03,7,5,1,10,2,14,,14,14,1,6,4,120.719438,24.307338,2
5227,66000,387130000C,(04)23274275,(04)23288582,2025,11,14,12,12,臺中市,南區,0,0,0,7,,,50,,,,,,,,,,,,,,13,,,,,B12,,,1,,1,,,84,84,1,12,4,120.648654,24.119707,3
5228,66000,387130000C,(04)23274275,(04)23288582,2025,11,14,12,15,臺中市,大雅區,0,1,0,7,2,6,50,13,9,1,5,4,6,6,4,4,5,4,5,1,17,3,10,3,1,B03,7,9,1,8,2,4,,8,8,1,12,4,120.657816,24.24199,2
5229,66000,387130000C,(04)23274275,(04)23288582,2025,11,14,12,17,臺中市,西區,0,1,0,7,2,6,50,5,1,1,5,4,6,6,2,1,1,4,5,1,16,3,10,3,1,B03,7,5,1,8,9,6,,22,22,1,13,4,120.669801,24.150724,2
5230,66000,387130000C,(04)23274275,(04)23288582,2025,11,14,12,20,臺中市,清水區,0,0,0,7,,,,,,,,,,,,,,,,,17,,,,,,,,,,,,,119,119,1,,,120.564441,24.310859,3
5231,66000,387130000C,(04)23274275,(04)23288582,2025,11,14,12,23,臺中市,太平區,0,0,0,7,,,50,,,,,,,,,,,,,,2,,,,,C03,,,1,,1,,,40,40,1,12,4,120.704441,24.155001,3
5232,66000,387130000C,(04)23274275,(04)23288582,2025,11,14,12,24,臺中市,西屯區,0,1,0,7,2,6,50,4,1,1,5,4,6,6,2,1,10,5,5,2,16,3,10,5,4,B03,7,5,1,8,2,6,,47,47,1,13,4,120.602633,24.182917,2
5233,66000,387130000C,(04)23274275,(04)23288582,2025,11,14,12,25,臺中市,北屯區,0,0,0,7,,,50,,,,,,,,,,,,,,,,,,,B03,,,1,,2,,,47,47,1,13,4,120.694058,24.164538,3
5234,66000,387130000C,(04)23274275,(04)23288582,2025,11,14,12,34,臺中市,大雅區,0,0,0,7,,,50,,,,,,,,,,,,,,17,,,,,B12,,,1,,2,,,93,93,1,13,4,120.653582,24.222268,3
5235,66000,387130000C,(04)23274275,(04)23288582,2025,11,14,12,38,臺中市,太平區,0,1,0,7,2,6,50,13,9,1,5,4,6,6,1,1,10,4,4,2,18,2,8,5,4,C03,7,9,1,10,2,16,,59,59,1,6,4,120.728886,24.104699,2
5236,66000,387130000C,(04)23274275,(04)23288582,2025,11,14,12,39,臺中市,沙鹿區,0,1,0,7,2,6,50,13,9,1,5,4,6,6,4,4,5,5,5,2,3,3,10,1,1,C03,7,9,1,10,2,11,,7,7,1,13,4,120.572416,24.229589,2
5237,66000,387130000C,(04)23274275,(04)23288582,2025,11,14,12,42,臺中市,龍井區,0,0,0,7,,,50,,,,,,,,,,,,,,,,,,,B12,,,1,,1,,,22,22,1,6,4,120.517242,24.204953,3
5238,66000,387130000C,(04)23274275,(04)23288582,2025,11,14,12,43,臺中市,大里區,0,1,0,7,2,6,50,13,9,1,5,4,6,6,4,4,9,5,5,1,17,3,10,3,1,B03,7,1,1,8,2,5,,51,51,1,6,4,120.707219,24.087134,2
5239,66000,387130000C,(04)23274275,(04)23288582,2025,11,14,12,46,臺中市,中區,0,0,0,7,,,50,,,,,,,,,,,,,,,,,,,C03,,,1,,1,,,51,51,1,12,4,120.676568,24.145044,3
5240,66000,387130000C,(04)23274275,(04)23288582,2025,11,14,12,46,臺中市,北屯區,0,1,0,7,3,6,50,4,1,1,5,4,6,6,3,1,10,5,5,2,15,3,10,2,1,C03,7,9,1,10,9,14,,24,24,2,12,4,120.690674,24.168753,2
5241,66000,387130000C,(04)23274275,(04)23288582,2025,11,14,12,48,臺中市,東區,0,0,0,7,,,40,,,,,,,,,,,,,,12,,,,,C03,,,1,,1,,,85,85,1,13,4,120.692342,24.147037,3
5242,66000,387130000C,(04)23274275,(04)23288582,2025,11,14,12,48,臺中市,南屯區,0,0,0,7,,,50,,,,,,,,,,,,,,,,,,,C03,,,1,,2,,,7,7,1,6,4,120.63805,24.147139,3
5243,66000,387130000C,(04)23274275,(04)23288582,2025,11,14,12,54,臺中市,大里區,0,0,0,7,,,50,,,,,,,,,,,,,,17,,,,,,,,,,,,,86,86,1,,,120.698701,24.088161,3
5244,66000,387130000C,(04)23274275,(04)23288582,2025,11,14,12,58,臺中市,西屯區,0,1,0,7,3,6,40,13,8,1,5,4,6,6,4,4,1,4,1,2,13,3,10,5,4,B03,7,5,1,8,2,3,,47,47,1,12,4,120.616618,24.182255,2
5245,66000,387130000C,(04)23274275,(04)23288582,2025,11,14,13,0,臺中市,大雅區,0,0,0,7,,,30,,,,,,,,,,,,,,,,,,,C03,,,1,,1,,,84,84,1,12,4,120.654439,24.227328,3
5246,66000,387130000C,(04)23274275,(04)23288582,2025,11,14,13,0,臺中市,北區,0,2,0,7,2,6,40,4,1,1,5,4,6,6,2,1,10,5,5,2,13,2,9,1,1,C03,7,9,1,10,2,11,14,7,7,1,13,4,120.674616,24.162533,2
5247,66000,387130000C,(04)23274275,(04)23288582,2025,11,14,13,6,臺中市,西屯區,0,0,0,7,,,50,,,,,,,,,,,,,,14,,,,,B03,,,1,,1,,,49,49,1,13,4,120.650336,24.204115,3
5248,66000,387130000C,(04)23274275,(04)23288582,2025,11,14,13,8,臺中市,龍井區,0,1,0,7,2,6,40,13,8,1,5,4,6,6,4,4,3,1,1,1,13,2,9,2,1,C03,7,9,1,10,2,11,,59,59,1,6,4,120.580853,24.188153,2
5249,66000,387130000C,(04)23274275,(04)23288582,2025,11,14,13,10,臺中市,東區,0,1,0,7,3,6,50,4,9,1,5,4,6,6,2,1,5,5,5,2,26,2,9,5,4,C03,7,15,1,10,2,11,,84,84,1,6,4,120.684998,24.126384,2
5250,66000,387130000C,(04)23274275,(04)23288582,2025,11,14,13,13,臺中市,北屯區,0,0,0,7,,,40,,,,,,,,,,,,,,17,,,,,B03,,,1,8,2,,,59,59,1,12,4,120.719821,24.161797,3
5251,66000,387130000C,(04)23274275,(04)23288582,2025,11,14,13,14,臺中市,西屯區,0,1,0,7,2,6,50,13,9,1,5,4,6,6,4,4,1,4,5,2,13,3,10,3,1,B03,7,9,1,8,2,5,,7,7,1,13,4,120.663644,24.172488,2
5252,66000,387130000C,(04)23274275,(04)23288582,2025,11,14,13,17,臺中市,中區,0,1,0,7,2,6,50,4,1,1,5,4,6,6,1,1,5,4,5,2,17,3,10,3,1,B03,7,6,1,8,2,8,,11,11,1,12,4,120.675793,24.144288,2
5253,66000,387130000C,(04)23274275,(04)23288582,2025,11,14,13,20,臺中市,北屯區,0,1,0,7,3,6,30,4,1,1,5,4,6,6,4,4,10,5,5,2,15,3,10,3,1,B03,7,9,1,8,2,2,,15,15,1,12,4,120.665229,24.178819,2
5254,66000,387130000C,(04)23274275,(04)23288582,2025,11,14,13,20,臺中市,太平區,0,2,0,7,3,6,30,4,1,1,5,4,6,6,4,4,10,5,5,2,15,2,9,1,1,C03,7,9,1,10,2,11,,15,15,1,6,4,120.716981,24.11672,2
5255,66000,387130000C,(04)23274275,(04)23288582,2025,11,14,13,22,臺中市,北屯區,0,2,0,7,2,6,50,4,1,1,5,4,6,6,4,4,10,5,5,2,13,2,9,1,1,C03,7,9,1,10,2,11,,7,7,1,12,4,120.776209,24.198673,2
5256,66000,387130000C,(04)23274275,(04)23288582,2025,11,14,13,22,臺中市,西屯區,0,1,0,7,2,6,50,3,1,1,5,4,6,6,4,4,10,5,5,2,13,2,9,5,4,C03,7,9,1,10,2,11,,84,84,1,13,4,120.661444,24.16976,2
5257,66000,387130000C,(04)23274275,(04)23288582,2025,11,14,13,26,臺中市,霧峰區,0,1,0,7,2,6,50,4,1,1,5,4,6,6,1,1,1,4,4,1,18,2,9,5,4,C03,7,9,1,9,2,12,,84,84,1,13,4,120.661997,24.068457,2
5258,66000,387130000C,(04)23274275,(04)23288582,2025,11,14,13,27,臺中市,太平區,0,1,0,7,2,6,30,3,1,1,5,4,6,6,4,4,10,5,5,2,16,3,10,3,1,B03,7,6,1,8,2,8,,14,14,1,12,4,120.7268,24.143907,2
5259,66000,387130000C,(04)23274275,(04)23288582,2025,11,14,13,32,臺中市,西屯區,0,0,0,7,,,30,,,,,,,,,,,,,,,,,,,C03,,,1,,1,,,15,15,1,12,4,120.64386,24.181689,3
5260,66000,387130000C,(04)23274275,(04)23288582,2025,11,14,13,34,臺中市,北區,0,1,0,7,2,6,50,13,9,1,5,4,6,6,4,4,9,5,5,2,18,2,9,5,4,C03,7,9,1,10,2,14,,59,59,1,13,4,120.671109,24.15838,2
5261,66000,387130000C,(04)23274275,(04)23288582,2025,11,14,13,35,臺中市,大雅區,0,1,0,7,3,6,50,4,1,1,5,4,6,6,1,1,4,3,5,1,17,3,10,5,4,B03,7,6,1,8,2,2,,25,25,1,13,4,120.654354,24.229388,2
5262,66000,387130000C,(04)23274275,(04)23288582,2025,11,14,13,37,臺中市,大雅區,0,0,0,7,,,50,,,,,,,,,,,,,,13,,,,,B03,,,1,,1,,,7,7,1,13,4,120.648157,24.22185,3
5263,66000,387130000C,(04)23274275,(04)23288582,2025,11,14,13,42,臺中市,大里區,0,0,0,7,,,30,,,,,,,,,,,,,,14,,,,,B03,,,1,,2,,,49,49,1,6,4,120.665602,24.094704,3
5264,66000,387130000C,(04)23274275,(04)23288582,2025,11,14,13,43,臺中市,北區,0,0,0,7,,,50,,,,,,,,,,,,,,13,,,,,C03,,,1,,1,,,7,7,1,13,4,120.697451,24.15572,3
5265,66000,387130000C,(04)23274275,(04)23288582,2025,11,14,13,43,臺中市,大甲區,0,0,0,7,,,,,,,,,,,,,,,,,,,,,,,,,,,,,,7,7,1,,,120.61993,24.347217,4
5266,66000,387130000C,(04)23274275,(04)23288582,2025,11,14,13,46,臺中市,西區,0,1,0,7,2,6,50,4,2,1,5,4,6,6,2,1,1,2,5,2,12,2,7,1,1,C03,7,9,1,10,2,11,,43,43,1,13,4,120.676199,24.133166,2
5267,66000,387130000C,(04)23274275,(04)23288582,2025,11,14,13,46,臺中市,太平區,0,1,0,7,2,6,30,4,1,1,5,4,6,6,4,4,10,5,5,2,17,2,8,5,4,C03,7,9,1,10,2,11,,15,15,1,6,4,120.719915,24.14733,2
5268,66000,387130000C,(04)23274275,(04)23288582,2025,11,14,13,50,臺中市,新社區,0,1,0,7,2,6,50,3,1,1,5,4,6,6,3,1,10,5,5,2,16,2,9,1,1,C03,7,6,3,19,2,14,,48,48,1,12,4,120.813658,24.238099,2
5269,66000,387130000C,(04)23274275,(04)23288582,2025,11,14,13,51,臺中市,神岡區,0,0,0,7,,,50,,,,,,,,,,,,,,14,,,,,B03,,,1,,2,,,49,49,1,12,4,120.664876,24.257917,3
5270,66000,387130000C,(04)23274275,(04)23288582,2025,11,14,13,52,臺中市,霧峰區,0,0,0,7,,,50,,,,,,,,,,,,,,17,,,,,C03,,,1,,2,,,8,8,1,6,4,120.714439,24.075839,3
5271,66000,387130000C,(04)23274275,(04)23288582,2025,11,14,13,56,臺中市,北區,0,0,0,7,,,50,,,,,,,,,,,,,,17,,,,,C03,,,1,,2,,,84,84,1,13,4,120.686023,24.151822,3
5272,66000,387130000C,(04)23274275,(04)23288582,2025,11,14,14,0,臺中市,潭子區,0,0,0,7,,,50,,,,,,,,,,,,,,,,,,,C03,,,1,,2,,,84,84,1,12,4,120.705529,24.207382,3
5273,66000,387130000C,(04)23274275,(04)23288582,2025,11,14,14,0,臺中市,西區,0,0,0,7,,,50,,,,,,,,,,,,,,,,,,,B03,,,1,,1,,,7,7,1,12,4,120.665268,24.146718,3
5274,66000,387130000C,(04)23274275,(04)23288582,2025,11,14,14,0,臺中市,太平區,0,0,0,7,,,30,,,,,,,,,,,,,,25,,,,,A12,,,1,,2,,,84,84,1,6,4,120.710142,24.116742,3
5275,66000,387130000C,(04)23274275,(04)23288582,2025,11,14,14,1,臺中市,中區,0,1,0,7,2,6,50,4,1,1,5,3,6,6,2,1,10,4,5,1,3,3,10,3,1,B03,7,6,1,8,2,1,,10,10,1,13,4,120.683024,24.137969,2
5276,66000,387130000C,(04)23274275,(04)23288582,2025,11,14,14,2,臺中市,南區,0,1,0,7,2,6,50,13,7,1,5,4,6,6,1,1,10,5,4,2,13,2,9,1,1,C03,7,9,1,10,1,11,,7,7,1,12,4,120.668311,24.114493,2
5277,66000,387130000C,(04)23274275,(04)23288582,2025,11,14,14,3,臺中市,西區,0,3,0,7,2,6,50,5,1,1,5,4,6,6,2,1,5,4,5,2,13,2,9,2,1,C03,7,9,1,10,2,11,,7,7,1,12,4,120.665783,24.135172,2
5278,66000,387130000C,(04)23274275,(04)23288582,2025,11,14,14,13,臺中市,龍井區,0,0,0,7,,,60,,,,,,,,,,,,,,14,,,,,B03,,,1,,1,,,78,78,1,6,4,120.573865,24.185589,3
5279,66000,387130000C,(04)23274275,(04)23288582,2025,11,14,14,15,臺中市,和平區,0,0,0,7,,,25,,,,,,,,,,,,,,17,,,,,B02,,,1,,2,,,8,8,1,13,4,120.953185,24.234393,3