序號,縣市別代碼,機關代碼,市話,傳真,年,月,日,時,分,縣市,區,死亡數量,受傷數量,2-30,天候,道路照明設備,道路類別,道路速限,道路型態,事故位置,路面鋪裝,路面狀態,路面缺陷,障礙物,視距,號誌種類,號誌動作,分向設施,快車道或一般車道間,快慢車道間,路面邊線,事故類型及型態,受傷程度,主要傷處,保護裝備,行動電話或功能裝置,當事者區分(類別),車輛用途,當事者行動狀態,駕照狀態,駕照種類,飲酒情形,車輛撞擊部位最初,車輛撞擊部位其他,肇事因素個別,肇事因素主要,肇事逃逸,職業,共享經濟或外送平台,GPS座標X,GPS座標Y,事故類別
5280,66000,387130000C,(04)23274275,(04)23288582,2025,11,14,14,16,臺中市,南屯區,0,0,0,7,,,0,,,,,,,,,,,,,,17,,,,,C03,,,1,,1,,,50,50,1,12,4,120.646002,24.129422,4
5281,66000,387130000C,(04)23274275,(04)23288582,2025,11,14,14,17,臺中市,大里區,0,0,0,7,,,50,,,,,,,,,,,,,,13,,,,,B03,,,1,,2,,,59,59,1,12,4,120.689275,24.115135,3
5282,66000,387130000C,(04)23274275,(04)23288582,2025,11,14,14,19,臺中市,霧峰區,0,1,0,7,2,6,50,4,1,1,5,4,6,6,1,1,10,5,5,2,17,3,10,3,1,B03,7,15,1,8,2,8,,84,84,1,6,4,120.699558,24.071609,2
5283,66000,387130000C,(04)23274275,(04)23288582,2025,11,14,14,19,臺中市,大安區,0,1,0,7,3,6,50,4,2,1,5,4,6,6,2,1,10,5,5,2,17,3,10,5,4,A04,7,9,1,2,2,5,,21,21,1,6,4,120.584242,24.350155,2
5284,66000,387130000C,(04)23274275,(04)23288582,2025,11,14,14,20,臺中市,豐原區,0,0,0,7,,,30,,,,,,,,,,,,,,17,,,,,B12,,,1,,2,,,8,8,1,12,4,120.728841,24.263339,3
5285,66000,387130000C,(04)23274275,(04)23288582,2025,11,14,14,23,臺中市,東區,0,0,0,7,,,50,,,,,,,,,,,,,,17,,,,,B03,,,1,,1,,,50,50,1,12,4,120.69192,24.141865,3
5286,66000,387130000C,(04)23274275,(04)23288582,2025,11,14,14,25,臺中市,新社區,0,2,0,7,2,6,30,4,1,1,5,4,6,6,3,1,10,5,5,2,15,2,9,1,1,C03,7,9,1,10,2,12,,20,20,1,12,4,120.801966,24.206745,2
5287,66000,387130000C,(04)23274275,(04)23288582,2025,11,14,14,33,臺中市,西區,0,0,0,7,,,50,,,,,,,,,,,,,,,,,,,B03,,,1,,1,,,84,84,1,6,4,120.661701,24.149017,3
5288,66000,387130000C,(04)23274275,(04)23288582,2025,11,14,14,38,臺中市,西屯區,0,0,0,7,,,50,,,,,,,,,,,,,,13,,,,,C03,,,1,,1,,,7,7,1,13,4,120.642526,24.177321,3
5289,66000,387130000C,(04)23274275,(04)23288582,2025,11,14,14,39,臺中市,東區,0,1,0,7,2,6,50,4,2,1,5,4,6,6,4,4,1,2,4,2,13,2,9,2,1,C03,7,9,1,10,2,11,,7,7,1,13,4,120.690342,24.127046,2
5290,66000,387130000C,(04)23274275,(04)23288582,2025,11,14,14,44,臺中市,西屯區,0,1,0,7,2,6,40,13,8,1,5,4,6,6,4,4,1,4,1,2,13,2,7,1,1,C03,7,9,1,10,2,11,,7,7,1,13,4,120.603455,24.182776,2
5291,66000,387130000C,(04)23274275,(04)23288582,2025,11,14,14,44,臺中市,沙鹿區,0,1,0,7,2,6,40,3,1,1,5,4,6,6,4,4,10,5,5,2,13,2,7,2,1,C03,7,9,2,19,2,12,,59,59,1,6,4,120.617965,24.243102,2
5292,66000,387130000C,(04)23274275,(04)23288582,2025,11,14,14,45,臺中市,清水區,0,0,0,7,3,6,50,13,9,1,5,4,6,6,4,4,8,3,5,2,12,,,,,B03,,,1,,1,,,50,50,1,12,4,120.560571,24.267807,3
5293,66000,387130000C,(04)23274275,(04)23288582,2025,11,14,14,50,臺中市,大里區,0,2,0,7,3,6,40,4,1,1,5,4,6,6,1,1,10,5,5,2,15,2,9,1,1,C03,7,9,1,10,2,11,,21,21,1,13,4,120.671512,24.107869,2
5294,66000,387130000C,(04)23274275,(04)23288582,2025,11,14,14,54,臺中市,太平區,0,1,0,7,2,6,50,3,1,1,5,4,6,6,4,4,5,4,5,2,17,2,9,5,4,C03,7,6,1,10,2,12,,12,12,1,6,4,120.710293,24.158195,2
5295,66000,387130000C,(04)23274275,(04)23288582,2025,11,14,14,56,臺中市,西屯區,0,1,0,7,2,6,40,13,8,1,5,4,6,6,4,4,1,4,1,2,16,3,10,5,4,C03,7,1,1,10,2,14,,51,51,1,12,4,120.601204,24.182256,2
5296,66000,387130000C,(04)23274275,(04)23288582,2025,11,14,14,57,臺中市,西屯區,0,0,0,7,,,50,,,,,,,,,,,,,,16,,,,,B03,,,1,,1,,,12,12,1,13,4,120.623828,24.177422,3
5297,66000,387130000C,(04)23274275,(04)23288582,2025,11,14,15,1,臺中市,大里區,0,2,0,7,2,6,50,11,7,1,5,4,6,6,4,4,1,4,4,1,12,2,9,2,1,C03,7,9,1,10,2,11,,37,37,1,13,4,120.695029,24.088905,2
5298,66000,387130000C,(04)23274275,(04)23288582,2025,11,14,15,3,臺中市,沙鹿區,0,0,0,7,,,50,,,,,,,,,,,,,,,,,,,B03,,,1,,1,,,7,7,1,13,4,120.552264,24.216998,3
5299,66000,387130000C,(04)23274275,(04)23288582,2025,11,14,15,3,臺中市,神岡區,0,0,0,7,,,50,,,,,,,,,,,,,,14,,,,,B03,,,1,,1,,,49,49,1,12,4,120.68229,24.247088,3
5300,66000,387130000C,(04)23274275,(04)23288582,2025,11,14,15,4,臺中市,西屯區,0,0,0,7,,,60,,,,,,,,,,,,,,12,,,,,A41,,,1,,2,,,40,40,1,13,4,120.624383,24.178531,3
5301,66000,387130000C,(04)23274275,(04)23288582,2025,11,14,15,5,臺中市,南屯區,0,0,0,7,,,50,,,,,,,,,,,,,,,,,,,B03,,,1,,2,,,51,51,1,12,4,120.643659,24.146139,3
5302,66000,387130000C,(04)23274275,(04)23288582,2025,11,14,15,10,臺中市,烏日區,0,0,0,7,,,40,,,,,,,,,,,,,,13,,,,,B03,,,1,,1,,,7,7,1,6,4,120.618414,24.117117,3
5303,66000,387130000C,(04)23274275,(04)23288582,2025,11,14,15,11,臺中市,西屯區,0,0,0,7,,,40,,,,,,,,,,,,,,,,,,,C03,,,1,,2,,,7,7,1,13,4,120.641863,24.167535,3
5304,66000,387130000C,(04)23274275,(04)23288582,2025,11,14,15,13,臺中市,東勢區,0,0,0,7,,,50,,,,,,,,,,,,,,17,,,,,B12,,,1,,1,,,84,84,1,13,4,120.830185,24.255517,4
5305,66000,387130000C,(04)23274275,(04)23288582,2025,11,14,15,14,臺中市,龍井區,0,0,0,7,,,40,,,,,,,,,,,,,,13,,,,,B01,,,1,,1,,,7,7,1,6,4,120.592862,24.182846,4
5306,66000,387130000C,(04)23274275,(04)23288582,2025,11,14,15,15,臺中市,北區,0,2,0,7,2,6,50,3,1,1,5,4,6,6,4,4,5,4,5,2,17,2,9,5,1,C03,7,6,1,10,2,12,,12,12,1,13,4,120.688697,24.152433,2
5307,66000,387130000C,(04)23274275,(04)23288582,2025,11,14,15,15,臺中市,豐原區,0,0,0,7,,,50,,,,,,,,,,,,,,,,,,,B03,,,1,,2,,,58,58,1,13,4,120.71526,24.246933,3
5308,66000,387130000C,(04)23274275,(04)23288582,2025,11,14,15,19,臺中市,南屯區,0,0,0,7,,,50,,,,,,,,,,,,,,12,,,,,B03,,,1,,1,,,47,47,1,6,4,120.646592,24.1408,3
5309,66000,387130000C,(04)23274275,(04)23288582,2025,11,14,15,21,臺中市,西屯區,0,0,0,7,,,50,,,,,,,,,,,,,,,,,,,B03,,,1,,1,,,59,59,1,12,4,120.66551,24.171231,3
5310,66000,387130000C,(04)23274275,(04)23288582,2025,11,14,15,22,臺中市,大安區,0,0,0,7,,3,90,,,,,,,,,,,,,,,,,,,B03,,,1,,2,,,87,87,1,6,4,120.5857,24.366433,3
5311,66000,387130000C,(04)23274275,(04)23288582,2025,11,14,15,24,臺中市,太平區,0,0,0,7,,,50,,,,,,,,,,,,,,13,,,,,B03,,,1,,2,,,84,84,1,12,4,120.708659,24.128298,4
5312,66000,387130000C,(04)23274275,(04)23288582,2025,11,14,15,25,臺中市,西區,0,0,0,7,,,50,,,,,,,,,,,,,,,,,,,B03,,,1,,2,,,84,84,1,12,4,120.665554,24.153803,3
5313,66000,387130000C,(04)23274275,(04)23288582,2025,11,14,15,25,臺中市,北區,0,0,0,7,,,50,,,,,,,,,,,,,,16,,,,,B03,,,1,,1,,,11,11,1,13,4,120.669257,24.15878,3
5314,66000,387130000C,(04)23274275,(04)23288582,2025,11,14,15,32,臺中市,新社區,0,1,0,7,2,6,30,4,1,1,5,4,6,6,4,4,10,5,5,2,15,3,10,3,1,B03,7,9,1,8,1,8,,12,12,1,13,4,120.809753,24.195328,2
5315,66000,387130000C,(04)23274275,(04)23288582,2025,11,14,15,33,臺中市,北屯區,0,1,0,7,3,6,50,13,9,1,5,4,6,6,4,4,1,4,5,2,17,2,9,1,1,C03,7,9,5,10,2,12,,59,59,1,6,4,120.682297,24.183166,2
5316,66000,387130000C,(04)23274275,(04)23288582,2025,11,14,15,34,臺中市,大里區,0,1,0,7,2,6,50,13,9,1,5,4,6,6,4,4,5,4,4,1,9,3,10,2,1,C03,7,9,1,10,2,11,,84,84,1,12,4,120.677418,24.105195,2
5317,66000,387130000C,(04)23274275,(04)23288582,2025,11,14,15,37,臺中市,大甲區,0,0,0,7,,,50,,,,,,,,,,,,,,,,,,,B01,,,1,,2,,,84,84,1,6,4,120.627522,24.347881,3
5318,66000,387130000C,(04)23274275,(04)23288582,2025,11,14,15,39,臺中市,太平區,0,1,0,7,3,6,40,13,8,1,5,4,6,6,4,4,5,2,5,2,17,3,10,3,1,B12,7,1,1,7,2,8,,51,51,1,6,4,120.715399,24.133463,2
5319,66000,387130000C,(04)23274275,(04)23288582,2025,11,14,15,43,臺中市,西屯區,0,0,0,7,,3,80,,,,,,,,,,,,,,13,,,,,B03,,,1,,1,,,59,59,1,12,4,120.624324,24.154112,3
5320,66000,387130000C,(04)23274275,(04)23288582,2025,11,14,15,47,臺中市,北屯區,0,0,0,7,,3,80,,,,,,,,,,,,,,,,,,,B03,,,1,,2,,,7,7,1,6,4,120.722409,24.189224,3
5321,66000,387130000C,(04)23274275,(04)23288582,2025,11,14,15,49,臺中市,太平區,0,1,0,7,2,6,30,3,2,1,5,4,6,6,4,4,10,5,5,2,17,2,8,2,1,C03,7,9,1,10,2,11,,84,84,1,12,4,120.701708,24.111716,2
5322,66000,387130000C,(04)23274275,(04)23288582,2025,11,14,15,49,臺中市,沙鹿區,0,2,0,7,2,6,50,13,9,1,5,4,6,6,4,4,9,5,5,2,17,2,9,2,1,C03,7,9,1,10,2,11,,59,59,1,6,4,120.571002,24.237917,2
5323,66000,387130000C,(04)23274275,(04)23288582,2025,11,14,15,50,臺中市,西屯區,0,2,0,7,2,6,40,3,2,1,5,4,6,6,1,1,5,4,4,2,13,2,8,1,1,C03,7,9,1,10,1,11,,6,6,1,12,4,120.64238,24.169413,2
5324,66000,387130000C,(04)23274275,(04)23288582,2025,11,14,15,50,臺中市,西屯區,0,2,0,7,2,6,30,3,1,1,5,4,6,6,4,4,10,5,5,2,16,2,8,1,1,C03,7,6,1,10,1,11,,48,48,1,12,4,120.649834,24.174948,2
5325,66000,387130000C,(04)23274275,(04)23288582,2025,11,14,15,54,臺中市,南區,0,2,0,7,3,6,50,4,1,1,5,4,6,6,1,1,10,5,5,2,12,2,9,1,1,C03,7,9,1,10,2,12,,84,84,1,6,4,120.666824,24.119158,2
5326,66000,387130000C,(04)23274275,(04)23288582,2025,11,14,15,57,臺中市,西屯區,0,0,0,7,,,50,,,,,,,,,,,,,,,,,,,B03,,,1,,1,,,7,7,1,13,4,120.63928,24.18867,3
5327,66000,387130000C,(04)23274275,(04)23288582,2025,11,14,16,0,臺中市,大肚區,0,3,0,7,3,6,30,3,1,1,5,4,6,6,3,1,10,5,5,1,16,2,9,2,1,C03,7,9,1,10,2,11,,20,20,1,6,4,120.561888,24.12547,2
5328,66000,387130000C,(04)23274275,(04)23288582,2025,11,14,16,2,臺中市,霧峰區,0,0,0,7,,,50,,,,,,,,,,,,,,13,,,,,C03,,,1,,2,,,7,7,1,12,4,120.695851,24.065422,3
5329,66000,387130000C,(04)23274275,(04)23288582,2025,11,14,16,5,臺中市,梧棲區,0,0,0,7,,,40,,,,,,,,,,,,,,13,,,,,B03,,,1,,1,,,7,7,1,12,4,120.537122,24.251245,3
5330,66000,387130000C,(04)23274275,(04)23288582,2025,11,14,16,6,臺中市,沙鹿區,0,0,0,7,,,50,,,,,,,,,,,,,,,,,,,B03,,,1,,1,,,8,8,1,13,4,120.561548,24.235225,3
5331,66000,387130000C,(04)23274275,(04)23288582,2025,11,14,16,7,臺中市,北區,0,0,0,7,,,50,,,,,,,,,,,,,,,,,,,B03,,,1,,2,,,84,84,1,12,4,120.681207,24.16708,3
5332,66000,387130000C,(04)23274275,(04)23288582,2025,11,14,16,7,臺中市,北屯區,0,1,0,7,2,6,50,11,9,1,5,4,6,6,4,4,3,4,5,2,18,2,9,1,1,C03,7,9,1,10,2,14,,85,85,1,12,4,120.737636,24.175812,2
5333,66000,387130000C,(04)23274275,(04)23288582,2025,11,14,16,7,臺中市,太平區,0,2,0,7,2,6,40,13,12,1,5,4,6,6,4,4,5,4,4,1,17,2,9,5,4,F01,7,8,7,21,2,14,,40,40,1,6,4,120.730069,24.15054,2
5334,66000,387130000C,(04)23274275,(04)23288582,2025,11,14,16,7,臺中市,豐原區,0,0,0,7,3,6,40,13,9,1,5,4,6,6,4,4,8,3,5,1,16,3,10,5,4,B03,7,9,1,8,1,5,5,84,84,1,12,4,120.72898,24.246027,3
5335,66000,387130000C,(04)23274275,(04)23288582,2025,11,14,16,11,臺中市,豐原區,0,0,0,7,,,50,,,,,,,,,,,,,,13,,,,,C03,,,1,,2,,,7,7,1,12,4,120.712866,24.245923,3
5336,66000,387130000C,(04)23274275,(04)23288582,2025,11,14,16,14,臺中市,東勢區,0,0,0,7,,,60,,,,,,,,,,,,,,,,,,,B03,,,1,,2,,,7,7,1,13,4,120.817105,24.260298,3
5337,66000,387130000C,(04)23274275,(04)23288582,2025,11,14,16,18,臺中市,西屯區,0,1,0,7,2,6,50,3,1,1,5,4,6,6,1,1,10,5,5,1,16,2,9,2,1,C03,7,6,1,10,2,12,,11,11,1,12,4,120.651824,24.185361,2
5338,66000,387130000C,(04)23274275,(04)23288582,2025,11,14,16,18,臺中市,烏日區,0,0,0,7,,,,,,,,,,,,,,,,,17,,,,,,,,,,,,,87,87,1,,,120.600961,24.109443,3
5339,66000,387130000C,(04)23274275,(04)23288582,2025,11,14,16,20,臺中市,西區,0,0,0,7,,,50,,,,,,,,,,,,,,12,,,,,C03,,,1,,2,,,84,84,1,13,4,120.658405,24.146763,3
5340,66000,387130000C,(04)23274275,(04)23288582,2025,11,14,16,20,臺中市,西區,0,2,0,7,2,6,50,4,1,1,5,4,6,6,2,1,5,4,5,2,12,2,9,2,1,C03,7,9,1,10,2,12,,8,8,1,12,4,120.666352,24.152628,2
5341,66000,387130000C,(04)23274275,(04)23288582,2025,11,14,16,20,臺中市,南屯區,0,0,0,7,,,50,,,,,,,,,,,,,,,,,,,B03,,,1,,1,,,84,84,1,13,4,120.646641,24.14273,3
5342,66000,387130000C,(04)23274275,(04)23288582,2025,11,14,16,21,臺中市,豐原區,0,1,0,7,2,6,30,4,1,1,5,4,6,6,4,4,5,5,5,2,15,2,8,1,1,C03,7,9,1,10,2,14,,12,12,1,12,4,120.733117,24.247344,2
5343,66000,387130000C,(04)23274275,(04)23288582,2025,11,14,16,23,臺中市,西區,0,1,0,7,1,6,50,13,9,1,5,4,6,6,4,4,10,5,5,2,30,2,9,5,4,C03,7,1,1,10,2,14,,84,84,1,12,4,120.656645,24.145185,2
5344,66000,387130000C,(04)23274275,(04)23288582,2025,11,14,16,25,臺中市,北區,0,2,0,7,2,6,30,4,1,1,5,4,6,6,4,4,10,5,5,2,17,2,9,5,1,C03,7,9,1,10,2,14,,12,12,1,13,4,120.678362,24.162684,2
5345,66000,387130000C,(04)23274275,(04)23288582,2025,11,14,16,25,臺中市,大甲區,0,0,0,7,,,40,,,,,,,,,,,,,,,,,,,B03,,,1,,1,,,8,8,1,12,4,120.631309,24.347123,3
5346,66000,387130000C,(04)23274275,(04)23288582,2025,11,14,16,26,臺中市,北屯區,0,0,0,7,,,50,,,,,,,,,,,,,,,,,,,B03,,,1,,2,,,56,56,1,13,4,120.672532,24.186859,3
5347,66000,387130000C,(04)23274275,(04)23288582,2025,11,14,16,30,臺中市,北區,0,1,0,7,2,6,50,13,9,1,5,4,6,6,4,4,5,4,5,2,13,2,9,1,1,C03,7,9,1,10,2,11,,7,7,1,12,4,120.67417,24.166716,2
5348,66000,387130000C,(04)23274275,(04)23288582,2025,11,14,16,31,臺中市,西屯區,0,0,0,7,,,50,,,,,,,,,,,,,,16,,,,,B12,,,1,,1,,,21,21,1,13,4,120.644251,24.194815,3
5349,66000,387130000C,(04)23274275,(04)23288582,2025,11,14,16,32,臺中市,北屯區,0,1,0,7,2,6,50,3,1,1,5,4,6,6,2,1,10,5,5,2,17,2,9,1,1,C03,7,9,1,10,2,11,,59,59,1,6,4,120.66492,24.186014,2
5350,66000,387130000C,(04)23274275,(04)23288582,2025,11,14,16,33,臺中市,霧峰區,0,2,0,7,2,6,50,13,9,1,5,4,6,6,4,4,9,5,5,1,17,2,7,2,1,C03,7,1,1,10,2,14,,51,51,1,13,4,120.716908,24.077467,2
5351,66000,387130000C,(04)23274275,(04)23288582,2025,11,14,16,35,臺中市,西區,0,2,0,7,2,6,50,4,2,1,5,4,6,6,2,1,1,4,5,1,13,2,9,2,1,C03,7,12,1,10,2,11,,7,7,1,13,4,120.657267,24.149861,2
5352,66000,387130000C,(04)23274275,(04)23288582,2025,11,14,16,40,臺中市,神岡區,0,0,0,7,,,,,,,,,,,,,,,,,9,,,,,,,,,,,,,119,119,1,,,120.713098,24.258624,3
5353,66000,387130000C,(04)23274275,(04)23288582,2025,11,14,16,41,臺中市,東勢區,0,0,0,7,,,50,,,,,,,,,,,,,,12,,,,,B03,,,1,,1,,,51,51,1,13,4,120.828682,24.256725,3
5354,66000,387130000C,(04)23274275,(04)23288582,2025,11,14,16,43,臺中市,北區,0,0,0,7,,,50,,,,,,,,,,,,,,17,,,,,B03,,,1,,2,,,51,51,1,13,4,120.682434,24.161956,3
5355,66000,387130000C,(04)23274275,(04)23288582,2025,11,14,16,43,臺中市,神岡區,0,0,0,7,,,50,,,,,,,,,,,,,,16,,,,,C03,,,1,,2,,,43,43,1,12,4,120.661499,24.257679,3
5356,66000,387130000C,(04)23274275,(04)23288582,2025,11,14,16,46,臺中市,北屯區,0,0,0,7,,3,80,,,,,,,,,,,,,,13,,,,,B03,,,1,8,2,,,7,7,1,6,4,120.721706,24.183333,3
5357,66000,387130000C,(04)23274275,(04)23288582,2025,11,14,16,46,臺中市,龍井區,0,0,0,7,,,40,,,,,,,,,,,,,,,,,,,B03,,,1,,1,,,14,14,1,6,4,120.516681,24.208396,3
5358,66000,387130000C,(04)23274275,(04)23288582,2025,11,14,16,49,臺中市,北區,0,0,0,7,,,50,,,,,,,,,,,,,,,,,,,B03,,,1,,1,,,7,7,1,12,4,120.67134,24.162818,3
5359,66000,387130000C,(04)23274275,(04)23288582,2025,11,14,16,49,臺中市,東區,0,0,0,7,,,50,,,,,,,,,,,,,,16,,,,,B03,,,1,,1,,,21,21,1,6,4,120.68874,24.1324,3
5360,66000,387130000C,(04)23274275,(04)23288582,2025,11,14,16,49,臺中市,西屯區,0,0,0,7,,,50,,,,,,,,,,,,,,13,,,,,B03,,,1,,1,,,83,83,1,12,4,120.647626,24.196701,3
5361,66000,387130000C,(04)23274275,(04)23288582,2025,11,14,16,50,臺中市,潭子區,0,1,0,7,1,6,50,3,1,1,5,4,6,6,1,1,10,4,4,1,16,2,9,2,1,C03,7,11,1,10,2,14,,32,32,1,12,4,120.702434,24.189563,2
5362,66000,387130000C,(04)23274275,(04)23288582,2025,11,14,16,51,臺中市,大雅區,0,1,0,7,3,6,50,4,1,1,5,4,6,6,1,1,10,5,5,2,13,2,8,1,1,C03,7,9,1,10,2,12,,7,7,1,12,4,120.645824,24.225844,2
5363,66000,387130000C,(04)23274275,(04)23288582,2025,11,14,16,53,臺中市,西屯區,0,1,0,7,1,6,50,4,1,1,5,4,6,6,2,1,10,5,5,2,16,3,10,5,4,B03,7,6,1,8,2,4,,84,84,1,12,4,120.64091,24.170521,2
5364,66000,387130000C,(04)23274275,(04)23288582,2025,11,14,16,53,臺中市,西屯區,0,0,0,7,,3,80,,,,,,,,,,,,,,13,,,,,B03,,,1,,1,,,59,59,1,12,4,120.626123,24.157992,3
5365,66000,387130000C,(04)23274275,(04)23288582,2025,11,14,16,54,臺中市,南屯區,0,0,0,7,,,40,,,,,,,,,,,,,,9,,,,,B03,,,1,,1,,,51,51,1,12,4,120.638368,24.140355,3
5366,66000,387130000C,(04)23274275,(04)23288582,2025,11,14,16,54,臺中市,烏日區,0,0,0,7,,,50,,,,,,,,,,,,,,13,,,,,B01,,,1,,1,,,84,84,1,12,4,120.61561,24.113476,3
5367,66000,387130000C,(04)23274275,(04)23288582,2025,11,14,16,55,臺中市,清水區,0,1,0,7,3,6,40,3,2,1,5,4,6,6,4,4,1,4,4,1,17,3,10,3,1,B03,7,1,1,8,2,8,,51,51,1,12,4,120.568157,24.271934,2
5368,66000,387130000C,(04)23274275,(04)23288582,2025,11,14,16,56,臺中市,中區,0,1,0,7,2,6,50,13,9,1,5,4,6,6,4,4,1,4,5,2,17,3,10,2,1,C03,7,9,1,10,2,16,,75,75,1,12,4,120.682107,24.145307,2
5369,66000,387130000C,(04)23274275,(04)23288582,2025,11,14,16,58,臺中市,南屯區,0,0,0,7,,,30,,,,,,,,,,,,,,14,,,,,C03,,,1,,9,,,49,49,1,12,4,120.611756,24.138706,3
5370,66000,387130000C,(04)23274275,(04)23288582,2025,11,14,17,0,臺中市,西屯區,0,0,0,7,,,50,,,,,,,,,,,,,,,,,,,C03,,,1,,1,,,59,59,1,12,4,120.654026,24.194313,3
5371,66000,387130000C,(04)23274275,(04)23288582,2025,11,14,17,0,臺中市,西屯區,0,2,0,7,2,6,40,13,8,1,5,4,6,6,4,4,10,4,5,2,17,2,9,1,1,C03,7,9,1,10,2,12,,2,2,1,13,4,120.644581,24.16455,2
5372,66000,387130000C,(04)23274275,(04)23288582,2025,11,14,17,5,臺中市,南屯區,0,1,0,7,2,6,50,13,9,1,5,4,6,6,4,4,5,4,4,2,17,3,10,3,1,B03,7,11,1,8,2,7,,45,45,1,12,4,120.649337,24.133519,2
5373,66000,387130000C,(04)23274275,(04)23288582,2025,11,14,17,11,臺中市,神岡區,0,2,0,7,2,6,50,3,1,1,5,4,6,6,3,1,10,5,5,2,17,2,9,2,1,C03,7,4,1,10,2,14,,1,1,1,6,4,120.671384,24.257109,2
5374,66000,387130000C,(04)23274275,(04)23288582,2025,11,14,17,13,臺中市,太平區,0,2,0,7,3,6,40,3,1,1,5,4,6,6,4,4,10,5,5,2,15,2,8,1,1,C03,7,1,1,10,2,13,,51,51,1,6,4,120.719867,24.133671,2
5375,66000,387130000C,(04)23274275,(04)23288582,2025,11,14,17,14,臺中市,東區,0,0,0,7,,,50,,,,,,,,,,,,,,17,,,,,B03,,,1,,1,,,85,85,1,12,4,120.697303,24.141271,4
5376,66000,387130000C,(04)23274275,(04)23288582,2025,11,14,17,14,臺中市,東區,0,0,0,7,,,50,,,,,,,,,,,,,,,,,,,B03,,,1,,1,,,7,7,1,12,4,120.699154,24.12729,3
5377,66000,387130000C,(04)23274275,(04)23288582,2025,11,14,17,14,臺中市,北屯區,0,2,0,7,2,6,50,4,1,1,5,4,6,6,1,1,10,5,5,2,13,2,9,1,1,C03,7,9,3,19,2,14,,85,85,1,6,4,120.691734,24.172669,2
5378,66000,387130000C,(04)23274275,(04)23288582,2025,11,14,17,14,臺中市,霧峰區,0,0,0,7,,,40,,,,,,,,,,,,,,13,,,,,B03,,,1,,2,,,58,58,1,12,4,120.663324,24.062902,3
5379,66000,387130000C,(04)23274275,(04)23288582,2025,11,14,17,17,臺中市,西區,0,0,0,7,,,50,,,,,,,,,,,,,,17,,,,,C03,,,1,,1,,,84,84,1,12,4,120.657564,24.146727,3
5380,66000,387130000C,(04)23274275,(04)23288582,2025,11,14,17,17,臺中市,西屯區,0,0,0,7,,,50,,,,,,,,,,,,,,,,,,,B03,,,1,,1,,,7,7,1,12,4,120.613992,24.174798,4
5381,66000,387130000C,(04)23274275,(04)23288582,2025,11,14,17,18,臺中市,霧峰區,0,1,0,7,1,6,30,13,9,1,5,4,6,6,4,4,10,5,5,2,15,2,8,6,1,F01,7,1,7,21,2,14,,51,51,1,6,4,120.716942,24.079403,2
5382,66000,387130000C,(04)23274275,(04)23288582,2025,11,14,17,20,臺中市,東區,0,0,0,7,1,6,50,4,1,1,5,4,6,6,4,4,10,5,5,2,17,3,10,3,1,B03,7,9,1,8,1,2,,50,50,1,12,4,120.706137,24.143489,3
5383,66000,387130000C,(04)23274275,(04)23288582,2025,11,14,17,22,臺中市,北屯區,0,0,0,7,,,50,,,,,,,,,,,,,,17,,,,,,,,,,,,,119,119,1,,,120.700894,24.180053,3
5384,66000,387130000C,(04)23274275,(04)23288582,2025,11,14,17,22,臺中市,烏日區,0,0,0,7,,,60,,,,,,,,,,,,,,12,,,,,B01,,,1,,2,,,84,84,1,6,4,120.630152,24.104368,3
5385,66000,387130000C,(04)23274275,(04)23288582,2025,11,14,17,25,臺中市,北屯區,0,0,0,7,,,50,,,,,,,,,,,,,,13,,,,,B03,,,1,,1,,,84,84,1,6,4,120.692693,24.16174,3
5386,66000,387130000C,(04)23274275,(04)23288582,2025,11,14,17,25,臺中市,后里區,0,3,0,7,1,6,50,5,9,1,5,4,6,6,1,1,5,4,5,2,15,2,8,1,1,C03,7,15,1,10,2,12,,21,21,1,6,4,120.709767,24.303921,2
5387,66000,387130000C,(04)23274275,(04)23288582,2025,11,14,17,27,臺中市,西區,0,1,0,7,1,6,50,4,1,1,5,4,6,6,4,4,10,5,5,1,17,2,9,5,4,C03,7,9,1,10,2,11,,7,7,1,6,4,120.661696,24.150193,2
5388,66000,387130000C,(04)23274275,(04)23288582,2025,11,14,17,28,臺中市,南區,0,2,0,7,1,6,50,5,2,1,5,4,6,6,1,1,5,5,4,2,17,3,10,3,1,B03,7,9,1,8,2,5,,7,7,1,6,4,120.656793,24.117345,2
5389,66000,387130000C,(04)23274275,(04)23288582,2025,11,14,17,29,臺中市,西區,0,1,0,7,1,6,50,4,2,1,5,4,6,6,2,1,5,4,5,1,16,3,10,2,1,C03,7,5,1,10,2,13,,11,11,1,13,4,120.670485,24.133675,2
5390,66000,387130000C,(04)23274275,(04)23288582,2025,11,14,17,29,臺中市,大里區,0,0,0,7,1,6,50,8,7,1,5,4,6,6,4,4,1,4,5,1,12,,,,,A05,,,1,,2,,,8,8,1,6,4,120.688617,24.093987,3
5391,66000,387130000C,(04)23274275,(04)23288582,2025,11,14,17,30,臺中市,南屯區,0,0,0,7,,,50,,,,,,,,,,,,,,,,,,,A11,,,1,,1,,,8,8,1,13,4,120.61653,24.153576,3
5392,66000,387130000C,(04)23274275,(04)23288582,2025,11,14,17,30,臺中市,沙鹿區,0,0,0,7,1,6,50,13,8,1,5,4,6,6,4,4,1,3,1,1,12,,,,,C02,,,1,,1,,,8,8,1,12,4,120.570582,24.236083,3