序號,縣市別代碼,機關代碼,市話,傳真,年,月,日,時,分,縣市,區,死亡數量,受傷數量,2-30,天候,道路照明設備,道路類別,道路速限,道路型態,事故位置,路面鋪裝,路面狀態,路面缺陷,障礙物,視距,號誌種類,號誌動作,分向設施,快車道或一般車道間,快慢車道間,路面邊線,事故類型及型態,受傷程度,主要傷處,保護裝備,行動電話或功能裝置,當事者區分(類別),車輛用途,當事者行動狀態,駕照狀態,駕照種類,飲酒情形,車輛撞擊部位最初,車輛撞擊部位其他,肇事因素個別,肇事因素主要,肇事逃逸,職業,共享經濟或外送平台,GPS座標X,GPS座標Y,事故類別
5393,66000,387130000C,(04)23274275,(04)23288582,2025,11,14,17,32,臺中市,霧峰區,0,0,0,7,1,6,50,4,1,1,5,4,6,6,1,1,1,4,4,1,13,3,10,3,1,B03,7,9,1,8,4,1,,7,7,1,12,4,120.699115,24.078159,3
5394,66000,387130000C,(04)23274275,(04)23288582,2025,11,14,17,33,臺中市,西區,0,0,0,7,,,50,,,,,,,,,,,,,,13,,,,,C03,,,1,,1,,,7,7,1,12,4,120.654389,24.146894,3
5395,66000,387130000C,(04)23274275,(04)23288582,2025,11,14,17,34,臺中市,烏日區,0,1,0,7,1,6,50,3,2,1,5,4,6,6,4,4,1,4,5,1,13,2,7,2,1,C03,7,9,1,10,2,11,,7,7,1,6,4,120.630554,24.104605,2
5396,66000,387130000C,(04)23274275,(04)23288582,2025,11,14,17,35,臺中市,南屯區,0,0,0,7,,,50,,,,,,,,,,,,,,12,,,,,B03,,,1,,1,,,20,20,1,12,4,120.62863,24.147845,3
5397,66000,387130000C,(04)23274275,(04)23288582,2025,11,14,17,35,臺中市,西屯區,0,2,0,7,1,6,50,4,1,1,5,4,6,6,2,1,10,5,5,2,16,2,9,1,1,C03,7,6,3,19,2,11,,48,48,1,13,4,120.593076,24.168637,2
5398,66000,387130000C,(04)23274275,(04)23288582,2025,11,14,17,35,臺中市,太平區,0,1,0,7,1,6,30,13,9,1,5,4,6,6,4,4,10,5,5,2,30,2,9,5,4,C03,7,9,1,10,2,14,,84,84,1,6,4,120.712067,24.112655,2
5399,66000,387130000C,(04)23274275,(04)23288582,2025,11,14,17,35,臺中市,烏日區,0,1,0,7,2,6,50,4,1,1,5,4,6,6,2,1,5,4,5,1,13,3,10,1,1,C03,7,9,1,10,2,11,,7,7,1,6,4,120.621809,24.104773,2
5400,66000,387130000C,(04)23274275,(04)23288582,2025,11,14,17,36,臺中市,大里區,0,0,0,7,,,50,,,,,,,,,,,,,,,,,,,A12,,,1,,2,,,8,8,1,12,4,120.673065,24.116047,3
5401,66000,387130000C,(04)23274275,(04)23288582,2025,11,14,17,39,臺中市,潭子區,0,0,0,7,,,50,,,,,,,,,,,,,,13,,,,,B03,,,1,,2,,,7,7,1,12,4,120.681628,24.21595,3
5402,66000,387130000C,(04)23274275,(04)23288582,2025,11,14,17,39,臺中市,西屯區,0,0,0,7,,,50,,,,,,,,,,,,,,,,,,,B12,,,1,,1,,,49,49,1,12,4,120.640478,24.182704,3
5403,66000,387130000C,(04)23274275,(04)23288582,2025,11,14,17,40,臺中市,北區,0,0,0,7,,,50,,,,,,,,,,,,,,13,,,,,B03,,,1,,1,,,84,84,1,12,4,120.68367,24.161579,4
5404,66000,387130000C,(04)23274275,(04)23288582,2025,11,14,17,40,臺中市,西屯區,0,1,0,7,2,6,80,13,7,1,5,4,6,6,4,4,3,4,5,2,13,3,10,3,1,B03,7,1,1,8,1,1,,51,51,1,12,4,120.634948,24.179291,2
5405,66000,387130000C,(04)23274275,(04)23288582,2025,11,14,17,41,臺中市,大里區,0,0,0,7,,,50,,,,,,,,,,,,,,,,,,,A42,,,1,,2,,,39,39,1,12,4,120.673065,24.116047,3
5406,66000,387130000C,(04)23274275,(04)23288582,2025,11,14,17,42,臺中市,北屯區,0,1,0,7,1,6,50,13,9,1,5,4,6,6,4,4,5,4,5,1,12,2,8,1,1,C03,7,8,1,8,1,14,,65,65,1,6,4,120.705258,24.164665,2
5407,66000,387130000C,(04)23274275,(04)23288582,2025,11,14,17,42,臺中市,西屯區,0,0,0,7,,,30,,,,,,,,,,,,,,15,,,,,B03,,,1,,1,,,12,12,1,12,4,120.65426,24.169807,3
5408,66000,387130000C,(04)23274275,(04)23288582,2025,11,14,17,43,臺中市,北屯區,0,1,0,7,1,6,50,4,1,1,5,4,6,6,4,4,10,5,5,2,15,3,10,3,1,B03,7,9,1,8,2,5,,12,12,1,12,4,120.679358,24.181768,2
5409,66000,387130000C,(04)23274275,(04)23288582,2025,11,14,17,43,臺中市,太平區,0,0,0,7,,,50,,,,,,,,,,,,,,17,,,,,B03,,,1,,2,,,84,84,1,6,4,120.724215,24.110921,3
5410,66000,387130000C,(04)23274275,(04)23288582,2025,11,14,17,45,臺中市,太平區,0,0,0,7,,,50,,,,,,,,,,,,,,16,,,,,B03,,,1,,1,,,51,51,1,12,4,120.71815,24.156719,3
5411,66000,387130000C,(04)23274275,(04)23288582,2025,11,14,17,47,臺中市,大里區,0,0,0,7,,,30,,,,,,,,,,,,,,13,,,,,B03,,,1,,2,,,84,84,1,12,4,120.714324,24.09568,3
5412,66000,387130000C,(04)23274275,(04)23288582,2025,11,14,17,49,臺中市,西屯區,0,0,0,7,,,40,,,,,,,,,,,,,,,,,,,C02,,,1,,1,,,59,59,1,12,4,120.641683,24.166605,3
5413,66000,387130000C,(04)23274275,(04)23288582,2025,11,14,17,50,臺中市,大雅區,0,3,0,7,1,6,30,4,1,1,5,4,6,6,3,1,4,5,5,1,17,2,9,5,4,C04,7,9,1,12,2,12,,24,24,1,13,4,120.656962,24.222715,2
5414,66000,387130000C,(04)23274275,(04)23288582,2025,11,14,17,50,臺中市,南屯區,0,0,0,6,,,50,,,,,,,,,,,,,,,,,,,B03,,,1,,1,,,84,84,1,12,4,120.639416,24.153886,4
5415,66000,387130000C,(04)23274275,(04)23288582,2025,11,14,17,52,臺中市,北屯區,0,3,0,6,1,6,50,4,1,1,5,4,6,6,2,1,10,5,5,2,16,2,8,2,1,C03,7,6,1,10,2,12,,11,11,1,6,4,120.691287,24.170528,2
5416,66000,387130000C,(04)23274275,(04)23288582,2025,11,14,17,52,臺中市,西屯區,0,1,0,7,1,6,50,4,1,1,5,4,6,6,1,1,5,2,5,2,16,3,10,3,1,B03,7,5,1,8,2,2,,47,47,1,12,4,120.606672,24.160049,2
5417,66000,387130000C,(04)23274275,(04)23288582,2025,11,14,17,52,臺中市,西屯區,0,0,0,7,,,50,,,,,,,,,,,,,,13,,,,,C03,,,1,,1,,,7,7,1,12,4,120.589775,24.1762,3
5418,66000,387130000C,(04)23274275,(04)23288582,2025,11,14,17,53,臺中市,西區,0,0,0,7,1,6,50,13,9,1,5,4,6,6,4,4,5,4,5,2,17,,,,,C03,,,1,,2,,,7,7,1,12,4,120.65513,24.149932,3
5419,66000,387130000C,(04)23274275,(04)23288582,2025,11,14,17,53,臺中市,中區,0,1,0,7,1,6,50,13,9,1,5,4,6,6,4,4,10,4,5,1,14,3,10,3,1,B03,7,2,1,8,2,3,,49,49,1,13,4,120.680587,24.139892,2
5420,66000,387130000C,(04)23274275,(04)23288582,2025,11,14,17,54,臺中市,大里區,0,0,0,7,,,50,,,,,,,,,,,,,,13,,,,,B03,,,1,,2,,,7,7,1,12,4,120.690684,24.092159,3
5421,66000,387130000C,(04)23274275,(04)23288582,2025,11,14,17,54,臺中市,太平區,0,0,0,7,,,50,,,,,,,,,,,,,,14,,,,,B03,,,1,,2,,,49,49,1,12,4,120.716972,24.13156,3
5422,66000,387130000C,(04)23274275,(04)23288582,2025,11,14,17,55,臺中市,清水區,0,1,0,7,3,6,50,4,1,1,5,4,6,6,3,1,5,5,5,2,17,2,9,2,1,C03,7,6,1,10,2,11,,12,12,1,12,4,120.560846,24.269982,2
5423,66000,387130000C,(04)23274275,(04)23288582,2025,11,14,17,55,臺中市,豐原區,0,0,0,7,,,30,,,,,,,,,,,,,,14,,,,,B03,,,1,,2,,,49,49,1,12,4,120.738955,24.267728,3
5424,66000,387130000C,(04)23274275,(04)23288582,2025,11,14,17,56,臺中市,沙鹿區,0,0,0,7,,,40,,,,,,,,,,,,,,17,,,,,B03,,,1,,2,,,8,8,1,6,4,120.561153,24.242493,3
5425,66000,387130000C,(04)23274275,(04)23288582,2025,11,14,17,57,臺中市,南屯區,0,1,0,7,1,6,50,3,1,1,5,4,6,6,2,1,10,5,5,2,13,2,9,1,1,C03,7,9,1,10,2,14,,7,7,1,6,4,120.597754,24.155247,2
5426,66000,387130000C,(04)23274275,(04)23288582,2025,11,14,17,57,臺中市,北屯區,0,0,0,7,,,50,,,,,,,,,,,,,,17,,,,,B03,,,1,,2,,,40,40,1,6,4,120.699861,24.182294,3
5427,66000,387130000C,(04)23274275,(04)23288582,2025,11,14,17,57,臺中市,西屯區,0,0,0,7,,,50,,,,,,,,,,,,,,16,,,,,B03,,,1,,1,,,20,20,1,12,4,120.644985,24.162146,3
5428,66000,387130000C,(04)23274275,(04)23288582,2025,11,14,17,57,臺中市,西屯區,0,0,0,7,,3,80,,,,,,,,,,,,,,13,,,,,B03,,,1,,2,,,7,7,1,13,4,120.634948,24.179291,3
5429,66000,387130000C,(04)23274275,(04)23288582,2025,11,14,17,59,臺中市,沙鹿區,0,0,0,7,,,50,,,,,,,,,,,,,,,,,,,B03,,,1,,2,,,7,7,1,13,4,120.567628,24.204933,3
5430,66000,387130000C,(04)23274275,(04)23288582,2025,11,14,18,0,臺中市,南區,0,0,0,7,,,50,,,,,,,,,,,,,,17,,,,,B03,,,1,,1,,,85,85,1,12,4,120.653832,24.122322,4
5431,66000,387130000C,(04)23274275,(04)23288582,2025,11,14,18,2,臺中市,大雅區,0,1,0,7,1,6,60,4,1,1,5,4,6,6,1,1,10,5,5,2,17,2,8,2,1,C03,7,9,1,10,2,14,,7,7,1,12,4,120.65028,24.212054,2
5432,66000,387130000C,(04)23274275,(04)23288582,2025,11,14,18,5,臺中市,大雅區,0,1,0,7,3,6,50,13,9,1,5,4,6,6,4,4,9,5,5,1,12,2,9,2,1,C03,7,4,1,10,2,12,,84,84,1,12,4,120.620458,24.234463,2
5433,66000,387130000C,(04)23274275,(04)23288582,2025,11,14,18,9,臺中市,沙鹿區,0,1,0,7,1,6,50,4,1,1,5,4,6,6,4,4,10,5,5,2,15,3,10,3,1,B03,7,9,1,8,2,8,,12,12,1,12,4,120.575345,24.214943,2
5434,66000,387130000C,(04)23274275,(04)23288582,2025,11,14,18,12,臺中市,西區,0,1,0,7,1,6,50,4,2,1,5,4,6,6,1,1,5,4,5,2,12,3,10,3,1,B03,7,9,1,8,2,5,,87,87,1,12,4,120.671816,24.1516,2
5435,66000,387130000C,(04)23274275,(04)23288582,2025,11,14,18,12,臺中市,南區,0,0,0,7,,,50,,,,,,,,,,,,,,,,,,,B03,,,1,,1,,,7,7,1,12,4,120.667144,24.128928,3
5436,66000,387130000C,(04)23274275,(04)23288582,2025,11,14,18,12,臺中市,西屯區,0,1,0,7,2,6,50,13,9,1,5,4,6,6,4,4,9,5,5,2,17,2,9,1,1,C03,7,9,1,10,2,11,,7,7,1,12,4,120.596187,24.165017,2
5437,66000,387130000C,(04)23274275,(04)23288582,2025,11,14,18,12,臺中市,西屯區,0,0,0,7,,,60,,,,,,,,,,,,,,,,,,,B03,,,1,,2,,,8,8,1,13,4,120.649796,24.162755,3
5438,66000,387130000C,(04)23274275,(04)23288582,2025,11,14,18,14,臺中市,南區,0,0,0,7,,,50,,,,,,,,,,,,,,13,,,,,B03,,,1,,1,,,58,58,1,6,4,120.66228,24.120862,3
5439,66000,387130000C,(04)23274275,(04)23288582,2025,11,14,18,14,臺中市,西屯區,0,0,0,7,,,50,,,,,,,,,,,,,,12,,,,,B03,,,1,,1,,,26,26,1,12,4,120.647847,24.196114,3
5440,66000,387130000C,(04)23274275,(04)23288582,2025,11,14,18,16,臺中市,南屯區,0,0,0,6,,,50,,,,,,,,,,,,,,,,,,,C03,,,1,,1,,,7,7,1,12,4,120.644347,24.133389,3
5441,66000,387130000C,(04)23274275,(04)23288582,2025,11,14,18,18,臺中市,西屯區,0,1,0,7,1,6,30,13,9,1,5,4,6,6,4,4,10,5,5,2,17,3,10,5,4,B12,6,14,1,8,2,4,,76,76,1,13,4,120.663224,24.165267,2
5442,66000,387130000C,(04)23274275,(04)23288582,2025,11,14,18,18,臺中市,西屯區,0,0,0,7,,,,,,,,,,,,,,,,,13,,,,,,,,,,,,,7,7,1,,,120.637727,24.166796,3
5443,66000,387130000C,(04)23274275,(04)23288582,2025,11,14,18,19,臺中市,北屯區,0,0,0,7,,,50,,,,,,,,,,,,,,13,,,,,C03,,,3,,2,,,7,7,1,6,4,120.678602,24.175375,3
5444,66000,387130000C,(04)23274275,(04)23288582,2025,11,14,18,20,臺中市,北區,0,0,0,7,,,50,,,,,,,,,,,,,,17,,,,,B03,,,1,,2,,,7,7,1,13,4,120.663448,24.16211,3
5445,66000,387130000C,(04)23274275,(04)23288582,2025,11,14,18,20,臺中市,北區,0,1,0,7,1,6,50,5,1,1,5,4,6,6,1,1,10,5,5,2,17,2,8,5,4,C03,7,15,1,10,2,14,,39,39,1,13,4,120.682464,24.144374,2
5446,66000,387130000C,(04)23274275,(04)23288582,2025,11,14,18,22,臺中市,南屯區,0,0,0,7,,,50,,,,,,,,,,,,,,16,,,,,C03,,,1,,2,,,11,11,1,6,4,120.641487,24.138465,3
5447,66000,387130000C,(04)23274275,(04)23288582,2025,11,14,18,23,臺中市,西區,0,0,0,7,,,50,,,,,,,,,,,,,,17,,,,,C03,,,1,,1,,,84,84,1,12,4,120.667413,24.141866,3
5448,66000,387130000C,(04)23274275,(04)23288582,2025,11,14,18,23,臺中市,北區,0,0,0,7,,,50,,,,,,,,,,,,,,,,,,,B03,,,1,,1,,,47,47,1,12,4,120.668308,24.167398,3
5449,66000,387130000C,(04)23274275,(04)23288582,2025,11,14,18,25,臺中市,西區,0,1,0,7,1,6,50,13,9,1,5,4,6,6,1,1,5,4,5,2,17,3,10,5,4,B03,7,9,1,8,2,1,,84,84,1,12,4,120.666333,24.152625,2
5450,66000,387130000C,(04)23274275,(04)23288582,2025,11,14,18,25,臺中市,霧峰區,0,1,0,7,1,6,40,13,9,1,5,4,6,6,4,4,5,5,5,1,16,3,10,3,1,B12,7,6,1,8,2,8,,39,39,1,13,4,120.692835,24.070836,2
5451,66000,387130000C,(04)23274275,(04)23288582,2025,11,14,18,25,臺中市,沙鹿區,0,0,0,7,1,6,50,13,9,1,5,4,6,6,4,4,4,4,5,2,11,,,,,B03,,,1,,1,,,8,8,1,12,4,120.566025,24.235603,3
5452,66000,387130000C,(04)23274275,(04)23288582,2025,11,14,18,26,臺中市,太平區,0,1,0,7,1,6,30,3,1,1,5,4,6,6,4,4,10,5,5,2,17,3,10,5,4,B03,7,6,1,8,2,4,,12,12,1,6,4,120.729332,24.107807,2
5453,66000,387130000C,(04)23274275,(04)23288582,2025,11,14,18,29,臺中市,西屯區,0,1,0,7,1,6,50,13,9,1,5,4,6,6,3,1,1,4,5,2,16,2,9,1,4,C03,7,6,1,10,2,13,12,84,84,1,12,4,120.649478,24.197617,2
5454,66000,387130000C,(04)23274275,(04)23288582,2025,11,14,18,30,臺中市,梧棲區,0,1,0,7,1,6,50,11,9,1,5,4,6,6,4,4,10,5,5,1,17,3,10,3,1,E03,7,1,1,8,2,8,,58,58,1,12,4,120.533669,24.254879,2
5455,66000,387130000C,(04)23274275,(04)23288582,2025,11,14,18,32,臺中市,沙鹿區,0,1,0,7,2,6,40,3,1,1,5,4,6,6,1,1,3,4,4,2,17,2,9,1,1,C03,7,6,1,10,2,14,,48,48,1,13,4,120.564521,24.238511,2
5456,66000,387130000C,(04)23274275,(04)23288582,2025,11,14,18,34,臺中市,南屯區,0,0,0,7,,,50,,,,,,,,,,,,,,13,,,,,B03,,,1,,1,,,84,84,1,12,4,120.623091,24.137093,3
5457,66000,387130000C,(04)23274275,(04)23288582,2025,11,14,18,35,臺中市,沙鹿區,0,1,0,7,1,6,50,13,8,1,5,4,6,6,4,4,1,5,5,1,18,2,9,2,1,C03,7,9,1,10,2,12,,59,59,1,12,4,120.569553,24.236784,2
5458,66000,387130000C,(04)23274275,(04)23288582,2025,11,14,18,36,臺中市,西屯區,0,0,0,7,,,50,,,,,,,,,,,,,,,,,,,B12,,,4,,1,,,49,49,1,12,4,120.656585,24.157436,3
5459,66000,387130000C,(04)23274275,(04)23288582,2025,11,14,18,36,臺中市,烏日區,0,0,0,7,,3,80,,,,,,,,,,,,,,,,,,,B03,,,1,,2,,,40,40,1,13,4,120.616521,24.107356,3
5460,66000,387130000C,(04)23274275,(04)23288582,2025,11,14,18,38,臺中市,龍井區,0,1,0,6,1,6,50,4,1,1,5,4,6,6,2,1,10,5,5,2,16,3,10,3,1,B03,7,6,1,8,2,2,,11,11,1,6,4,120.583294,24.186912,2
5461,66000,387130000C,(04)23274275,(04)23288582,2025,11,14,18,39,臺中市,西屯區,0,0,0,7,,3,80,,,,,,,,,,,,,,13,,,,,B03,,,1,,1,,,7,7,1,12,4,120.635761,24.182719,3
5462,66000,387130000C,(04)23274275,(04)23288582,2025,11,14,18,40,臺中市,大雅區,0,0,0,7,,,30,,,,,,,,,,,,,,,,,,,B03,,,1,,2,,,84,84,1,12,4,120.664874,24.207265,3
5463,66000,387130000C,(04)23274275,(04)23288582,2025,11,14,18,41,臺中市,烏日區,0,1,0,7,1,6,50,13,9,1,5,4,6,6,4,4,5,4,5,1,3,2,9,6,5,H01,8,16,7,21,10,17,,95,95,1,12,5,120.643579,24.060674,2
5464,66000,387130000C,(04)23274275,(04)23288582,2025,11,14,18,43,臺中市,南屯區,0,0,0,7,,,50,,,,,,,,,,,,,,14,,,,,B03,,,1,,2,,,49,49,1,12,4,120.645008,24.131855,3
5465,66000,387130000C,(04)23274275,(04)23288582,2025,11,14,18,43,臺中市,大里區,0,0,0,7,,3,80,,,,,,,,,,,,,,13,,,,,B03,,,1,,3,,,58,58,1,12,4,120.690704,24.098029,3
5466,66000,387130000C,(04)23274275,(04)23288582,2025,11,14,18,43,臺中市,大里區,0,1,0,7,1,6,40,13,7,1,5,4,6,6,4,4,1,4,4,1,16,3,10,3,1,B03,7,6,1,1,2,8,,48,48,1,13,4,120.664439,24.086217,2
5467,66000,387130000C,(04)23274275,(04)23288582,2025,11,14,18,46,臺中市,北區,0,1,0,7,1,6,50,4,1,1,5,4,6,6,1,1,5,5,4,2,17,3,10,3,1,B03,7,6,1,8,2,7,,42,42,1,12,4,120.677601,24.159187,2
5468,66000,387130000C,(04)23274275,(04)23288582,2025,11,14,18,47,臺中市,西屯區,0,0,0,7,,3,80,,,,,,,,,,,,,,13,,,,,B03,,,1,,1,,,7,7,1,12,4,120.634948,24.179291,3
5469,66000,387130000C,(04)23274275,(04)23288582,2025,11,14,18,48,臺中市,南屯區,0,0,0,6,,,50,,,,,,,,,,,,,,,,,,,C03,,,1,,1,,,7,7,1,12,4,120.623937,24.152455,3
5470,66000,387130000C,(04)23274275,(04)23288582,2025,11,14,18,49,臺中市,西屯區,0,0,0,7,,,50,,,,,,,,,,,,,,12,,,,,B03,,,1,,1,,,8,8,1,13,4,120.667123,24.173226,3
5471,66000,387130000C,(04)23274275,(04)23288582,2025,11,14,18,50,臺中市,北屯區,0,0,0,7,,,50,,,,,,,,,,,,,,13,,,,,B03,,,1,,1,,,59,59,1,12,4,120.720316,24.162667,3
5472,66000,387130000C,(04)23274275,(04)23288582,2025,11,14,18,50,臺中市,北屯區,0,1,0,6,1,6,50,4,1,1,5,4,6,6,2,1,10,5,5,2,16,3,10,3,1,B03,7,5,1,8,2,5,,26,26,1,6,4,120.686482,24.196581,2
5473,66000,387130000C,(04)23274275,(04)23288582,2025,11,14,18,52,臺中市,潭子區,0,0,0,7,,,50,,,,,,,,,,,,,,,,,,,B03,,,1,,2,,,11,11,1,13,4,120.693492,24.218105,3
5474,66000,387130000C,(04)23274275,(04)23288582,2025,11,14,18,55,臺中市,北屯區,0,1,0,7,1,6,50,4,2,1,5,4,6,6,4,4,2,4,5,2,17,2,9,1,1,C03,7,9,1,9,2,11,,7,7,1,6,4,120.692962,24.161937,2
5475,66000,387130000C,(04)23274275,(04)23288582,2025,11,14,18,58,臺中市,太平區,0,0,0,7,,,30,,,,,,,,,,,,,,16,,,,,C03,,,1,,2,,,14,14,1,5,4,120.726451,24.149877,3
5476,66000,387130000C,(04)23274275,(04)23288582,2025,11,14,19,0,臺中市,西屯區,0,1,0,7,2,6,50,13,9,1,5,4,6,6,4,4,10,4,5,2,17,2,9,1,1,C03,7,9,1,10,2,11,,7,7,1,13,4,120.655588,24.176029,2
5477,66000,387130000C,(04)23274275,(04)23288582,2025,11,14,19,5,臺中市,北區,0,0,0,7,,,50,,,,,,,,,,,,,,17,,,,,B03,,,1,,2,,,84,84,1,13,4,120.68222,24.165903,3
5478,66000,387130000C,(04)23274275,(04)23288582,2025,11,14,19,7,臺中市,西區,0,1,0,7,1,6,50,4,2,1,5,4,6,6,2,1,5,4,5,1,17,2,9,2,1,C03,7,12,1,10,2,16,,84,84,1,13,4,120.662591,24.136568,2
5479,66000,387130000C,(04)23274275,(04)23288582,2025,11,14,19,7,臺中市,北區,0,0,0,7,,,50,,,,,,,,,,,,,,17,,,,,B12,,,1,,1,,,49,49,1,13,4,120.684196,24.157764,4
5480,66000,387130000C,(04)23274275,(04)23288582,2025,11,14,19,7,臺中市,后里區,0,1,0,7,1,6,50,13,9,1,5,4,6,6,4,4,5,4,4,2,13,3,10,3,1,B03,7,9,3,19,2,1,,59,59,1,6,4,120.711196,24.304722,2
5481,66000,387130000C,(04)23274275,(04)23288582,2025,11,14,19,8,臺中市,龍井區,0,0,0,6,,,50,,,,,,,,,,,,,,13,,,,,B03,,,1,,1,,,7,7,1,6,4,120.584924,24.184712,4
5482,66000,387130000C,(04)23274275,(04)23288582,2025,11,14,19,15,臺中市,南屯區,0,0,0,7,,,50,,,,,,,,,,,,,,17,,,,,B03,,,1,,2,,,40,40,1,6,4,120.638608,24.118753,3
5483,66000,387130000C,(04)23274275,(04)23288582,2025,11,14,19,16,臺中市,烏日區,0,0,0,7,,3,80,,,,,,,,,,,,,,,,,,,B02,,,1,,2,,,7,7,1,13,4,120.616521,24.107356,3
5484,66000,387130000C,(04)23274275,(04)23288582,2025,11,14,19,19,臺中市,南屯區,0,0,0,7,,,50,,,,,,,,,,,,,,,,,,,B12,,,1,,1,,,84,84,1,13,4,120.653242,24.129509,3
5485,66000,387130000C,(04)23274275,(04)23288582,2025,11,14,19,19,臺中市,西屯區,0,1,0,7,1,6,50,4,1,1,5,4,6,6,1,1,10,5,5,1,16,3,10,3,1,B01,7,11,1,4,2,1,,11,11,1,12,4,120.621614,24.190706,2
5486,66000,387130000C,(04)23274275,(04)23288582,2025,11,14,19,20,臺中市,大雅區,0,0,0,7,,,30,,,,,,,,,,,,,,,,,,,B03,,,1,,2,,,8,8,1,13,4,120.670107,24.205215,3
5487,66000,387130000C,(04)23274275,(04)23288582,2025,11,14,19,28,臺中市,北區,0,1,0,7,1,6,50,4,1,1,5,4,6,6,2,1,1,4,5,2,17,3,10,1,1,C03,7,6,1,10,2,12,,36,36,1,12,4,120.677276,24.151316,2
5488,66000,387130000C,(04)23274275,(04)23288582,2025,11,14,19,30,臺中市,北屯區,0,0,0,7,,,50,,,,,,,,,,,,,,17,,,,,C03,,,1,,1,,,14,14,1,12,4,120.695471,24.165254,3
5489,66000,387130000C,(04)23274275,(04)23288582,2025,11,14,19,30,臺中市,大里區,0,0,0,7,,,50,,,,,,,,,,,,,,,,,,,B03,,,1,,1,,,84,84,1,12,4,120.682219,24.10052,3
5490,66000,387130000C,(04)23274275,(04)23288582,2025,11,14,19,31,臺中市,北屯區,0,2,0,7,1,6,30,13,9,1,5,4,6,6,4,4,10,5,5,2,3,2,9,6,5,H01,8,18,7,21,10,17,,98,98,1,6,5,120.699296,24.166358,2
5491,66000,387130000C,(04)23274275,(04)23288582,2025,11,14,19,43,臺中市,太平區,0,1,0,7,1,6,40,4,1,1,5,4,6,6,4,4,1,4,1,2,16,3,10,3,1,B03,7,5,1,8,2,2,,84,84,1,6,4,120.717416,24.158578,2
5492,66000,387130000C,(04)23274275,(04)23288582,2025,11,14,19,45,臺中市,東區,0,1,0,7,3,6,50,4,9,1,5,4,6,6,4,4,5,5,5,2,16,3,10,5,4,B03,7,6,1,8,2,7,,20,20,1,6,4,120.701137,24.1364,2
5493,66000,387130000C,(04)23274275,(04)23288582,2025,11,14,19,47,臺中市,西區,0,1,0,7,2,6,50,4,1,1,5,4,6,6,1,1,10,5,5,2,17,3,10,3,1,B03,7,6,1,8,2,5,,11,11,1,12,4,120.665306,24.146725,2
5494,66000,387130000C,(04)23274275,(04)23288582,2025,11,14,19,49,臺中市,西區,0,0,0,7,,,50,,,,,,,,,,,,,,17,,,,,C03,,,1,,9,,,49,49,1,13,4,120.669527,24.134478,3
5495,66000,387130000C,(04)23274275,(04)23288582,2025,11,14,19,55,臺中市,太平區,0,2,0,7,1,6,40,13,9,1,5,4,6,6,4,4,9,4,5,1,17,2,9,1,4,C03,7,9,1,10,2,11,,84,84,1,13,4,120.728355,24.123172,2
5496,66000,387130000C,(04)23274275,(04)23288582,2025,11,14,19,59,臺中市,大里區,0,0,0,7,2,6,40,13,7,1,5,4,6,6,4,4,1,4,1,1,12,,,,,B03,,,1,,2,,,40,40,1,13,4,120.700306,24.115994,3
5497,66000,387130000C,(04)23274275,(04)23288582,2025,11,14,20,4,臺中市,潭子區,0,1,0,7,1,6,50,13,9,1,5,4,6,6,4,4,9,5,5,2,17,2,9,2,1,F02,7,9,7,21,2,11,,84,84,1,13,4,120.699917,24.191334,2
5498,66000,387130000C,(04)23274275,(04)23288582,2025,11,14,20,5,臺中市,西屯區,0,0,0,7,,,50,,,,,,,,,,,,,,12,,,,,,,,,,,,,87,87,1,,,120.642334,24.197321,3
5499,66000,387130000C,(04)23274275,(04)23288582,2025,11,14,20,9,臺中市,西區,0,3,0,7,1,6,50,3,1,1,5,4,6,6,4,4,5,4,5,2,17,2,9,2,1,C03,7,9,1,10,2,11,,84,84,1,12,4,120.661706,24.15145,2
5500,66000,387130000C,(04)23274275,(04)23288582,2025,11,14,20,9,臺中市,西區,0,1,0,7,1,6,50,3,1,1,5,4,6,6,4,4,10,5,5,2,17,3,10,2,1,C03,7,11,1,10,2,11,,20,20,1,12,4,120.655122,24.153209,2
5501,66000,387130000C,(04)23274275,(04)23288582,2025,11,14,20,9,臺中市,西屯區,0,1,0,7,1,6,50,4,1,1,5,4,6,6,1,1,5,4,5,2,16,3,10,3,1,B03,7,5,1,8,2,2,,85,85,1,12,4,120.636021,24.164157,2
5502,66000,387130000C,(04)23274275,(04)23288582,2025,11,14,20,9,臺中市,烏日區,0,0,0,7,,,50,,,,,,,,,,,,,,17,,,,,B03,,,1,,2,,,84,84,1,6,4,120.622555,24.104856,3
5503,66000,387130000C,(04)23274275,(04)23288582,2025,11,14,20,10,臺中市,豐原區,0,0,0,7,,,50,,,,,,,,,,,,,,13,,,,,C03,,,1,,1,,,7,7,1,12,4,120.717765,24.252052,4
5504,66000,387130000C,(04)23274275,(04)23288582,2025,11,14,20,11,臺中市,北屯區,0,0,0,7,,3,80,,,,,,,,,,,,,,13,,,,,B03,,,1,,2,,,7,7,1,6,4,120.694144,24.201018,3
5505,66000,387130000C,(04)23274275,(04)23288582,2025,11,14,20,12,臺中市,北區,0,0,0,7,,,50,,,,,,,,,,,,,,11,,,,,B03,,,1,,1,,,84,84,1,12,4,120.68524,24.153575,3