序號,縣市別代碼,機關代碼,市話,傳真,年,月,日,時,分,縣市,區,死亡數量,受傷數量,2-30,天候,道路照明設備,道路類別,道路速限,道路型態,事故位置,路面鋪裝,路面狀態,路面缺陷,障礙物,視距,號誌種類,號誌動作,分向設施,快車道或一般車道間,快慢車道間,路面邊線,事故類型及型態,受傷程度,主要傷處,保護裝備,行動電話或功能裝置,當事者區分(類別),車輛用途,當事者行動狀態,駕照狀態,駕照種類,飲酒情形,車輛撞擊部位最初,車輛撞擊部位其他,肇事因素個別,肇事因素主要,肇事逃逸,職業,共享經濟或外送平台,GPS座標X,GPS座標Y,事故類別
5506,66000,387130000C,(04)23274275,(04)23288582,2025,11,14,20,13,臺中市,北屯區,0,2,0,6,1,6,50,13,9,1,5,4,6,6,4,4,1,4,5,2,13,2,9,2,1,C03,7,9,1,10,2,11,,7,7,1,6,4,120.693132,24.163559,2
5507,66000,387130000C,(04)23274275,(04)23288582,2025,11,14,20,14,臺中市,后里區,0,0,0,7,1,6,50,13,14,1,5,4,6,6,4,4,5,4,5,1,12,,,,,C03,,,1,,2,,,84,84,1,6,4,120.719796,24.30667,3
5508,66000,387130000C,(04)23274275,(04)23288582,2025,11,14,20,20,臺中市,東區,0,0,0,7,,,50,,,,,,,,,,,,,,13,,,,,B03,,,1,,1,,,84,84,1,12,4,120.702282,24.131564,3
5509,66000,387130000C,(04)23274275,(04)23288582,2025,11,14,20,26,臺中市,大肚區,0,0,0,7,,,50,,,,,,,,,,,,,,,,,,,B03,,,1,,2,,,49,49,1,12,4,120.544648,24.154423,3
5510,66000,387130000C,(04)23274275,(04)23288582,2025,11,14,20,29,臺中市,中區,0,1,0,7,1,6,50,13,9,1,5,4,6,6,4,4,5,4,5,2,17,3,10,5,4,B03,7,2,1,8,2,3,,49,49,1,12,4,120.679118,24.138594,2
5511,66000,387130000C,(04)23274275,(04)23288582,2025,11,14,20,30,臺中市,西屯區,0,1,0,6,1,6,50,13,9,1,5,4,6,6,4,4,10,5,5,2,17,2,9,1,1,C03,7,9,1,10,2,11,,84,84,1,13,4,120.642914,24.195803,2
5512,66000,387130000C,(04)23274275,(04)23288582,2025,11,14,20,40,臺中市,北屯區,0,2,0,7,1,6,50,13,9,1,5,4,6,6,4,4,1,4,5,2,30,2,8,2,1,C03,7,9,1,10,2,11,,7,7,1,12,4,120.69328,24.163547,2
5513,66000,387130000C,(04)23274275,(04)23288582,2025,11,14,20,42,臺中市,烏日區,0,0,0,7,,,50,,,,,,,,,,,,,,12,,,,,B03,,,1,,1,,,40,40,1,6,4,120.61553,24.11295,3
5514,66000,387130000C,(04)23274275,(04)23288582,2025,11,14,20,53,臺中市,西屯區,0,2,0,7,1,6,30,3,1,1,5,4,6,6,4,4,10,5,5,1,17,3,10,2,1,C04,7,6,1,10,2,16,,65,65,1,12,4,120.642941,24.188064,2
5515,66000,387130000C,(04)23274275,(04)23288582,2025,11,14,20,57,臺中市,大里區,0,2,0,7,1,6,50,4,2,1,5,4,6,6,1,1,5,5,5,2,16,2,9,1,1,C03,7,1,1,10,2,12,,39,39,1,13,4,120.688379,24.111374,2
5516,66000,387130000C,(04)23274275,(04)23288582,2025,11,14,20,58,臺中市,北區,0,0,0,7,,,50,,,,,,,,,,,,,,17,,,,,B03,,,1,,2,,,50,50,1,13,4,120.687609,24.152112,3
5517,66000,387130000C,(04)23274275,(04)23288582,2025,11,14,21,5,臺中市,西區,0,2,0,7,1,6,50,4,1,1,5,4,6,6,1,1,10,5,5,2,16,3,10,5,4,B03,7,5,1,8,2,6,,84,84,1,13,4,120.660951,24.159175,2
5518,66000,387130000C,(04)23274275,(04)23288582,2025,11,14,21,6,臺中市,東區,0,0,0,7,,,50,,,,,,,,,,,,,,,,,,,B03,,,6,,11,,,7,7,1,12,4,120.687713,24.137065,3
5519,66000,387130000C,(04)23274275,(04)23288582,2025,11,14,21,11,臺中市,南屯區,0,0,0,7,,,60,,,,,,,,,,,,,,,,,,,B03,,,1,,1,,,57,57,1,12,4,120.631748,24.125647,3
5520,66000,387130000C,(04)23274275,(04)23288582,2025,11,14,21,11,臺中市,西屯區,0,1,0,7,1,6,50,4,1,1,5,4,6,6,1,1,10,5,5,2,12,3,10,1,4,C03,7,6,1,10,2,12,,59,59,1,12,4,120.622097,24.180782,2
5521,66000,387130000C,(04)23274275,(04)23288582,2025,11,14,21,15,臺中市,清水區,0,1,0,7,2,6,50,4,1,1,5,4,6,6,1,1,8,3,4,1,17,3,10,3,1,B03,7,6,1,8,2,2,,20,20,1,12,4,120.564959,24.274051,2
5522,66000,387130000C,(04)23274275,(04)23288582,2025,11,14,21,19,臺中市,西屯區,0,1,0,7,1,6,50,4,2,1,5,4,6,6,4,4,5,4,5,2,12,2,7,1,1,C03,7,8,1,10,2,14,,40,40,1,12,4,120.645406,24.17644,2
5523,66000,387130000C,(04)23274275,(04)23288582,2025,11,14,21,22,臺中市,北屯區,0,2,0,7,1,6,50,4,3,1,5,4,6,6,2,1,10,5,5,2,17,2,8,4,1,F01,7,9,7,21,1,11,,28,28,1,12,4,120.699376,24.175809,2
5524,66000,387130000C,(04)23274275,(04)23288582,2025,11,14,21,25,臺中市,北屯區,0,1,0,7,1,6,50,4,1,1,5,4,6,6,1,1,10,5,5,2,17,3,10,3,1,B03,7,5,1,8,2,2,,11,11,1,6,4,120.659327,24.190807,2
5525,66000,387130000C,(04)23274275,(04)23288582,2025,11,14,21,34,臺中市,北屯區,0,0,0,7,,,30,,,,,,,,,,,,,,12,,,,,B03,,,1,8,2,,,50,50,1,6,4,120.683044,24.190328,3
5526,66000,387130000C,(04)23274275,(04)23288582,2025,11,14,21,35,臺中市,太平區,0,0,0,7,,,50,,,,,,,,,,,,,,15,,,,,C03,,,1,,2,,,12,12,1,13,4,120.712251,24.157655,3
5527,66000,387130000C,(04)23274275,(04)23288582,2025,11,14,21,39,臺中市,大里區,0,0,0,7,,,60,,,,,,,,,,,,,,21,,,,,B03,,,1,,2,,,54,54,1,12,4,120.689876,24.100748,3
5528,66000,387130000C,(04)23274275,(04)23288582,2025,11,14,21,40,臺中市,南區,0,0,0,7,,,50,,,,,,,,,,,,,,12,,,,,C03,,,1,,1,,,40,40,1,6,4,120.682929,24.134431,3
5529,66000,387130000C,(04)23274275,(04)23288582,2025,11,14,21,41,臺中市,大里區,0,0,0,7,,,50,,,,,,,,,,,,,,,,,,,B03,,,1,,1,,,7,7,1,6,4,120.692975,24.090802,3
5530,66000,387130000C,(04)23274275,(04)23288582,2025,11,14,21,44,臺中市,大肚區,0,0,0,7,,,50,,,,,,,,,,,,,,,,,,,B03,,,1,,2,,,7,7,1,12,4,120.547984,24.143082,4
5531,66000,387130000C,(04)23274275,(04)23288582,2025,11,14,21,50,臺中市,西屯區,0,0,0,7,,,60,,,,,,,,,,,,,,13,,,,,B03,,,1,,1,,,7,7,1,13,4,120.651891,24.161735,4
5532,66000,387130000C,(04)23274275,(04)23288582,2025,11,14,22,4,臺中市,西屯區,0,0,0,6,,,50,,,,,,,,,,,,,,,,,,,B03,,,1,,9,,,1,1,1,13,4,120.648536,24.163585,3
5533,66000,387130000C,(04)23274275,(04)23288582,2025,11,14,22,5,臺中市,龍井區,0,0,0,7,1,6,50,5,9,1,5,4,6,6,4,4,10,5,5,2,14,,,,,B12,,,1,,1,,,49,49,1,6,4,120.591373,24.179815,3
5534,66000,387130000C,(04)23274275,(04)23288582,2025,11,14,22,7,臺中市,大里區,0,0,0,7,,,50,,,,,,,,,,,,,,13,,,,,B03,,,1,,1,,,84,84,1,13,4,120.683107,24.079331,3
5535,66000,387130000C,(04)23274275,(04)23288582,2025,11,14,22,10,臺中市,西屯區,0,0,0,7,,,50,,,,,,,,,,,,,,17,,,,,B03,,,1,,9,,,14,14,2,12,4,120.650922,24.164192,3
5536,66000,387130000C,(04)23274275,(04)23288582,2025,11,14,22,11,臺中市,東區,0,2,0,7,1,6,50,4,9,1,5,4,6,6,1,1,5,5,5,2,16,2,9,5,4,C03,7,1,1,10,2,11,,51,51,1,6,4,120.685537,24.134024,2
5537,66000,387130000C,(04)23274275,(04)23288582,2025,11,14,22,20,臺中市,霧峰區,0,2,0,7,1,6,30,13,9,1,5,4,6,6,4,4,10,5,5,1,17,2,9,5,4,C03,7,11,5,19,7,11,,42,42,1,12,4,120.67506,24.051739,2
5538,66000,387130000C,(04)23274275,(04)23288582,2025,11,14,22,27,臺中市,西屯區,0,1,0,7,1,6,50,4,1,1,5,4,6,6,1,1,10,5,5,1,16,3,10,3,1,B03,7,5,1,8,2,5,,47,47,1,12,4,120.639846,24.160439,2
5539,66000,387130000C,(04)23274275,(04)23288582,2025,11,14,22,30,臺中市,西屯區,0,0,0,7,,,50,,,,,,,,,,,,,,13,,,,,C03,,,1,,2,,,7,7,1,12,4,120.645341,24.17282,3
5540,66000,387130000C,(04)23274275,(04)23288582,2025,11,14,22,33,臺中市,中區,0,1,0,7,1,6,50,4,2,1,5,4,6,6,1,1,5,4,4,2,13,2,8,1,1,C03,7,9,1,10,2,11,,59,59,1,13,4,120.678955,24.147119,2
5541,66000,387130000C,(04)23274275,(04)23288582,2025,11,14,22,41,臺中市,南屯區,0,1,0,7,1,6,50,4,1,1,5,4,6,6,1,1,10,5,5,2,16,3,10,3,1,B03,7,5,1,8,2,5,,20,20,1,13,4,120.632866,24.137472,2
5542,66000,387130000C,(04)23274275,(04)23288582,2025,11,14,22,45,臺中市,南屯區,0,0,0,7,,,50,,,,,,,,,,,,,,17,,,,,B03,,,1,,2,,,40,40,1,12,4,120.641435,24.134942,3
5543,66000,387130000C,(04)23274275,(04)23288582,2025,11,14,22,50,臺中市,北區,0,0,0,7,,,,,,,,,,,,,,,,,,,,,,,,,,,,,,84,84,1,,,120.685951,24.149269,3
5544,66000,387130000C,(04)23274275,(04)23288582,2025,11,14,23,3,臺中市,西屯區,0,0,0,7,,,50,,,,,,,,,,,,,,16,,,,,B03,,,1,,1,,,47,47,1,13,4,120.64701,24.165602,3
5545,66000,387130000C,(04)23274275,(04)23288582,2025,11,14,23,10,臺中市,西屯區,0,0,0,7,,,30,,,,,,,,,,,,,,17,,,,,C03,,,1,,2,,,59,59,1,13,4,120.645477,24.180573,3
5546,66000,387130000C,(04)23274275,(04)23288582,2025,11,14,23,17,臺中市,東區,0,1,0,7,1,6,50,4,1,1,5,4,6,6,1,1,10,5,5,2,16,3,10,3,1,B03,7,6,1,8,2,1,,11,11,1,12,4,120.693479,24.126617,2
5547,66000,387130000C,(04)23274275,(04)23288582,2025,11,14,23,18,臺中市,霧峰區,0,1,0,7,3,6,50,3,1,1,5,4,6,6,1,1,10,5,5,2,16,3,10,5,4,B03,7,5,1,8,2,6,,47,47,1,13,4,120.691695,24.042903,2
5548,66000,387130000C,(04)23274275,(04)23288582,2025,11,14,23,26,臺中市,北屯區,0,0,0,7,,,50,,,,,,,,,,,,,,13,,,,,B03,,,1,,1,,,84,84,1,6,4,120.702591,24.159492,3
5549,66000,387130000C,(04)23274275,(04)23288582,2025,11,14,23,29,臺中市,中區,0,0,0,7,1,6,50,13,9,1,5,4,6,6,4,4,5,4,5,2,13,3,10,3,1,B01,7,9,1,4,2,5,,84,84,1,6,4,120.685322,24.142574,3
5550,66000,387130000C,(04)23274275,(04)23288582,2025,11,14,23,31,臺中市,烏日區,0,1,0,7,1,6,31,13,9,1,5,4,6,6,4,4,10,5,5,2,17,3,10,5,4,B03,7,1,1,8,2,1,,51,51,1,13,4,120.636626,24.1092,2
5551,66000,387130000C,(04)23274275,(04)23288582,2025,11,14,23,35,臺中市,西屯區,0,0,0,7,,,50,,,,,,,,,,,,,,16,,,,,A04,,,1,,2,,,40,40,1,12,4,120.639177,24.169175,3
5552,66000,387130000C,(04)23274275,(04)23288582,2025,11,14,23,36,臺中市,西屯區,0,1,0,7,1,6,50,4,1,1,5,4,6,6,2,1,10,5,5,2,16,3,10,5,4,B03,7,6,1,8,2,2,,4,4,1,13,4,120.661541,24.165037,2
5553,66000,387130000C,(04)23274275,(04)23288582,2025,11,14,23,40,臺中市,西屯區,0,0,0,7,,,30,,,,,,,,,,,,,,17,,,,,B03,,,1,,1,,,59,59,1,13,4,120.644641,24.175906,3
5554,66000,387130000C,(04)23274275,(04)23288582,2025,11,14,23,45,臺中市,西屯區,0,0,0,7,,,40,,,,,,,,,,,,,,17,,,,,C03,,,1,,2,,,59,59,1,13,4,120.661541,24.165045,3
5555,66000,387130000C,(04)23274275,(04)23288582,2025,11,14,23,56,臺中市,潭子區,0,2,0,7,1,6,30,4,1,1,5,4,6,6,4,4,5,5,5,2,17,3,10,3,1,B01,7,9,1,4,2,5,,12,12,1,13,4,120.701752,24.188282,2
5556,66000,387130000C,(04)23274275,(04)23288582,2025,11,14,23,59,臺中市,沙鹿區,0,0,0,7,,,50,,,,,,,,,,,,,,11,,,,,C03,,,1,,2,,,48,48,1,12,4,120.550463,24.217879,4
5557,66000,387130000C,(04)23274275,(04)23288582,2025,11,15,0,17,臺中市,太平區,0,1,0,7,1,6,50,3,4,1,5,4,6,6,2,1,5,2,5,2,16,2,8,1,1,C03,7,8,1,10,2,14,,40,40,1,12,4,120.732245,24.134726,2
5558,66000,387130000C,(04)23274275,(04)23288582,2025,11,15,0,17,臺中市,大甲區,0,1,0,7,1,6,50,4,1,1,5,4,6,6,4,4,5,5,5,1,15,3,10,2,1,C03,7,9,2,19,2,12,,15,15,1,6,4,120.618118,24.346221,2
5559,66000,387130000C,(04)23274275,(04)23288582,2025,11,15,0,45,臺中市,太平區,0,2,0,7,1,6,50,13,9,1,5,4,6,6,4,4,9,5,4,2,16,2,9,1,1,C03,7,6,1,10,2,12,,20,20,1,12,4,120.70348,24.156586,2
5560,66000,387130000C,(04)23274275,(04)23288582,2025,11,15,0,57,臺中市,神岡區,0,2,0,7,1,6,50,5,1,1,5,4,6,6,1,1,10,5,5,2,17,2,9,2,1,C03,7,6,1,10,2,14,,48,48,1,6,4,120.655431,24.258675,2
5561,66000,387130000C,(04)23274275,(04)23288582,2025,11,15,1,0,臺中市,大甲區,0,0,0,7,,,,,,,,,,,,,,,,,,,,,,,,,,,,,,119,119,1,,,120.631204,24.349837,4
5562,66000,387130000C,(04)23274275,(04)23288582,2025,11,15,1,13,臺中市,北區,0,1,0,7,1,6,50,3,1,1,5,4,6,6,2,1,10,5,5,2,17,3,10,1,1,C03,7,9,3,19,2,11,,21,21,1,12,4,120.672565,24.168787,2
5563,66000,387130000C,(04)23274275,(04)23288582,2025,11,15,1,14,臺中市,中區,0,0,0,7,,,50,,,,,,,,,,,,,,,,,,,B03,,,1,8,2,,,34,34,1,13,4,120.677107,24.144334,3
5564,66000,387130000C,(04)23274275,(04)23288582,2025,11,15,2,4,臺中市,大里區,0,0,0,7,,,50,,,,,,,,,,,,,,,,,,,B03,,,1,,1,,,50,50,1,13,4,120.703402,24.096158,3
5565,66000,387130000C,(04)23274275,(04)23288582,2025,11,15,2,8,臺中市,西屯區,0,1,0,7,1,6,30,4,1,1,5,4,6,6,4,4,10,5,5,2,15,2,9,5,4,C03,7,9,1,10,2,12,,15,15,1,13,4,120.66207,24.1676,2
5566,66000,387130000C,(04)23274275,(04)23288582,2025,11,15,2,10,臺中市,大里區,0,1,0,6,1,6,50,3,1,1,5,4,6,6,1,1,10,5,5,2,18,2,9,1,1,C03,7,9,2,19,7,11,,84,84,1,12,4,120.68539,24.115322,2
5567,66000,387130000C,(04)23274275,(04)23288582,2025,11,15,3,15,臺中市,北屯區,0,0,0,7,,,50,,,,,,,,,,,,,,23,,,,,B03,,,3,,2,,,55,55,1,6,4,120.681954,24.180328,3
5568,66000,387130000C,(04)23274275,(04)23288582,2025,11,15,4,0,臺中市,北區,0,0,0,7,,,50,,,,,,,,,,,,,,13,,,,,B03,,,1,,2,,,59,59,1,12,4,120.682538,24.146562,3
5569,66000,387130000C,(04)23274275,(04)23288582,2025,11,15,4,14,臺中市,南屯區,0,4,0,7,1,6,50,4,1,1,5,4,6,6,3,1,10,5,5,2,15,2,3,3,1,B03,7,9,1,8,2,2,,24,24,1,12,4,120.648281,24.133362,2
5570,66000,387130000C,(04)23274275,(04)23288582,2025,11,15,4,55,臺中市,西區,0,0,0,7,,,50,,,,,,,,,,,,,,,,,,,A12,,,1,7,2,,,84,84,1,13,4,120.660182,24.149632,3
5571,66000,387130000C,(04)23274275,(04)23288582,2025,11,15,5,2,臺中市,北屯區,0,0,0,7,,,50,,,,,,,,,,,,,,13,,,,,B03,,,1,,1,,,59,59,1,6,4,120.690498,24.171502,3
5572,66000,387130000C,(04)23274275,(04)23288582,2025,11,15,5,20,臺中市,豐原區,0,0,0,7,,,50,,,,,,,,,,,,,,12,,,,,B03,,,1,,2,,,8,8,1,13,4,120.701889,24.249176,3
5573,66000,387130000C,(04)23274275,(04)23288582,2025,11,15,6,26,臺中市,中區,0,2,0,7,1,6,50,4,2,1,5,4,6,6,1,1,5,4,5,2,13,2,9,1,1,C03,7,9,1,10,2,11,,84,84,1,13,4,120.679387,24.14231,2
5574,66000,387130000C,(04)23274275,(04)23288582,2025,11,15,6,28,臺中市,豐原區,0,0,0,7,,,50,,,,,,,,,,,,,,15,,,,,B03,,,1,,2,,,21,21,1,6,4,120.716884,24.248224,3
5575,66000,387130000C,(04)23274275,(04)23288582,2025,11,15,6,48,臺中市,東區,0,2,0,7,2,6,50,13,9,1,5,4,6,6,4,4,5,4,5,2,13,2,9,2,1,C03,7,9,1,10,2,11,,7,7,1,6,4,120.699055,24.148008,2
5576,66000,387130000C,(04)23274275,(04)23288582,2025,11,15,7,3,臺中市,西區,0,1,0,7,2,6,40,3,1,1,5,4,6,6,4,4,8,3,4,2,16,2,9,2,1,F06,7,1,7,21,2,14,,51,51,1,12,4,120.674426,24.134437,2
5577,66000,387130000C,(04)23274275,(04)23288582,2025,11,15,7,6,臺中市,大雅區,0,1,0,7,3,6,50,4,1,1,5,4,6,6,1,1,10,5,5,2,16,3,10,5,4,B03,7,6,5,19,2,8,,11,11,1,12,4,120.669568,24.222444,2
5578,66000,387130000C,(04)23274275,(04)23288582,2025,11,15,7,7,臺中市,西屯區,0,2,0,7,2,6,30,4,1,1,5,4,6,6,2,1,10,5,5,2,16,3,10,5,4,B03,7,5,1,8,2,2,,11,11,1,12,4,120.642456,24.181531,2
5579,66000,387130000C,(04)23274275,(04)23288582,2025,11,15,7,10,臺中市,南屯區,0,1,0,7,3,6,50,4,9,1,5,4,6,6,1,1,5,4,5,2,16,3,10,3,1,A41,7,6,1,1,2,2,,11,11,1,12,4,120.602639,24.139284,2
5580,66000,387130000C,(04)23274275,(04)23288582,2025,11,15,7,19,臺中市,大雅區,0,0,0,7,,,70,,,,,,,,,,,,,,12,,,,,B03,,,1,,2,,,40,40,1,12,4,120.645036,24.225918,3
5581,66000,387130000C,(04)23274275,(04)23288582,2025,11,15,7,31,臺中市,南區,0,2,0,7,2,6,50,3,1,1,5,4,6,6,2,1,10,5,5,2,13,2,9,2,1,C03,7,9,1,9,2,11,14,84,84,1,12,4,120.679251,24.122647,2
5582,66000,387130000C,(04)23274275,(04)23288582,2025,11,15,7,32,臺中市,北屯區,0,1,0,7,2,6,50,13,9,1,5,4,6,6,4,4,1,4,5,2,13,3,10,2,1,C03,7,12,1,10,9,11,,59,59,2,12,4,120.693694,24.164595,2
5583,66000,387130000C,(04)23274275,(04)23288582,2025,11,15,7,36,臺中市,西區,0,0,0,7,,,50,,,,,,,,,,,,,,,,,,,B03,,,3,,2,,,7,7,1,6,4,120.675422,24.133556,3
5584,66000,387130000C,(04)23274275,(04)23288582,2025,11,15,7,44,臺中市,太平區,0,2,0,7,2,6,50,3,2,1,5,4,6,6,4,4,5,2,5,1,13,2,7,1,1,C03,7,9,1,10,2,11,14,7,7,1,12,4,120.732642,24.13747,2
5585,66000,387130000C,(04)23274275,(04)23288582,2025,11,15,7,49,臺中市,豐原區,0,2,0,7,2,6,40,13,8,1,5,4,6,6,4,4,4,5,2,2,13,2,9,1,1,C03,7,9,1,10,2,11,,7,7,1,12,4,120.734011,24.263672,2
5586,66000,387130000C,(04)23274275,(04)23288582,2025,11,15,7,51,臺中市,霧峰區,0,1,0,7,2,6,50,3,1,1,5,4,6,6,1,1,10,5,5,2,16,2,9,1,1,C04,7,1,1,10,2,12,,51,51,1,12,4,120.689088,24.065942,2
5587,66000,387130000C,(04)23274275,(04)23288582,2025,11,15,7,54,臺中市,神岡區,0,1,0,7,2,6,40,3,1,1,5,4,6,6,4,4,10,5,5,2,17,3,10,5,4,B03,7,2,1,8,2,7,,49,49,1,12,4,120.699277,24.252877,2
5588,66000,387130000C,(04)23274275,(04)23288582,2025,11,15,8,0,臺中市,潭子區,0,0,0,7,,3,80,,,,,,,,,,,,,,,,,,,B12,,,1,,2,,,87,87,1,13,4,120.722642,24.191339,3
5589,66000,387130000C,(04)23274275,(04)23288582,2025,11,15,8,0,臺中市,霧峰區,0,1,0,7,2,6,50,4,1,1,5,4,6,6,1,1,10,5,5,2,18,2,9,5,4,C03,7,9,1,10,2,14,,85,85,1,13,4,120.695729,24.015132,2
5590,66000,387130000C,(04)23274275,(04)23288582,2025,11,15,8,7,臺中市,大里區,0,1,0,7,2,6,50,3,1,1,5,4,6,6,4,4,5,4,4,2,17,2,9,1,1,C03,7,9,3,19,2,11,14,84,84,1,13,4,120.684208,24.101581,2
5591,66000,387130000C,(04)23274275,(04)23288582,2025,11,15,8,17,臺中市,西區,0,3,0,7,2,6,50,4,1,1,5,4,6,6,2,1,5,4,5,2,12,2,9,1,1,C03,7,9,1,10,2,11,,84,84,1,13,4,120.670485,24.133675,2
5592,66000,387130000C,(04)23274275,(04)23288582,2025,11,15,8,21,臺中市,北區,0,0,0,7,,,50,,,,,,,,,,,,,,17,,,,,B03,,,1,,2,,,50,50,1,13,4,120.693393,24.155728,3
5593,66000,387130000C,(04)23274275,(04)23288582,2025,11,15,8,21,臺中市,龍井區,0,0,0,7,,,50,,,,,,,,,,,,,,,,,,,B03,,,1,,2,,,15,15,1,12,4,120.546888,24.205277,3
5594,66000,387130000C,(04)23274275,(04)23288582,2025,11,15,8,21,臺中市,梧棲區,0,1,0,7,2,6,70,13,7,1,5,4,6,6,4,4,1,4,1,1,12,3,10,3,1,A31,7,7,1,1,2,5,1,40,40,1,6,4,120.520071,24.243558,2
5595,66000,387130000C,(04)23274275,(04)23288582,2025,11,15,8,23,臺中市,西屯區,0,0,0,7,,,60,,,,,,,,,,,,,,16,,,,,B03,,,1,,2,,,21,21,1,13,4,120.641986,24.157583,3
5596,66000,387130000C,(04)23274275,(04)23288582,2025,11,15,8,23,臺中市,豐原區,0,0,0,7,,,60,,,,,,,,,,,,,,13,,,,,B03,,,1,,2,,,7,7,1,6,4,120.704641,24.254868,4
5597,66000,387130000C,(04)23274275,(04)23288582,2025,11,15,8,24,臺中市,北屯區,0,2,0,7,2,6,50,4,9,1,5,4,6,6,4,4,10,5,5,2,16,2,9,5,4,C03,7,6,1,10,2,12,,14,14,1,12,4,120.722539,24.177809,2
5598,66000,387130000C,(04)23274275,(04)23288582,2025,11,15,8,26,臺中市,西屯區,0,0,0,7,,,50,,,,,,,,,,,,,,16,,,,,B03,,,1,,2,,,39,39,1,12,4,120.608978,24.18411,3
5599,66000,387130000C,(04)23274275,(04)23288582,2025,11,15,8,36,臺中市,霧峰區,0,3,0,7,2,6,50,4,9,1,5,4,6,6,4,4,5,5,5,2,16,2,9,1,1,F03,7,6,7,21,2,14,,85,85,1,12,4,120.700187,24.065097,2
5600,66000,387130000C,(04)23274275,(04)23288582,2025,11,15,8,39,臺中市,北屯區,0,1,0,7,3,6,50,13,9,1,5,4,6,6,4,4,5,5,5,2,12,2,7,4,1,F01,7,9,7,21,2,12,,59,59,1,4,4,120.706633,24.167614,2
5601,66000,387130000C,(04)23274275,(04)23288582,2025,11,15,8,41,臺中市,后里區,0,1,0,7,3,6,50,3,14,1,5,4,6,6,4,4,9,5,5,1,9,2,9,6,5,H04,8,20,7,21,10,17,,109,109,1,12,5,120.730689,24.308728,2
5602,66000,387130000C,(04)23274275,(04)23288582,2025,11,15,8,43,臺中市,西屯區,0,2,0,7,2,6,50,13,8,1,5,4,6,6,4,4,5,4,4,2,16,3,10,3,1,B03,7,5,1,8,2,2,,20,20,1,12,4,120.65275,24.176266,2
5603,66000,387130000C,(04)23274275,(04)23288582,2025,11,15,8,44,臺中市,南區,0,1,0,7,3,6,1,13,9,1,5,4,6,6,4,4,5,4,5,2,17,2,9,5,4,C03,7,15,1,10,2,12,,4,4,1,12,4,120.666673,24.118243,2
5604,66000,387130000C,(04)23274275,(04)23288582,2025,11,15,8,44,臺中市,大里區,0,3,0,7,3,6,50,4,2,1,5,4,6,6,3,1,5,4,5,1,16,2,9,5,4,C03,7,1,1,10,2,11,,51,51,1,13,4,120.689473,24.117206,2
5605,66000,387130000C,(04)23274275,(04)23288582,2025,11,15,8,46,臺中市,清水區,0,1,0,7,3,6,30,4,1,1,5,4,6,6,4,4,10,5,5,2,15,2,8,2,1,C03,7,9,1,10,2,12,,12,12,1,12,4,120.535843,24.272894,2
5606,66000,387130000C,(04)23274275,(04)23288582,2025,11,15,8,46,臺中市,大甲區,0,1,0,7,2,6,50,13,9,1,5,4,6,6,4,4,6,3,5,1,13,3,10,3,1,B03,7,9,1,8,2,1,,7,7,1,12,4,120.61352,24.351798,2
5607,66000,387130000C,(04)23274275,(04)23288582,2025,11,15,8,50,臺中市,北屯區,0,0,0,7,,,50,,,,,,,,,,,,,,,,,,,B03,,,1,,1,,,49,49,1,13,4,120.694957,24.165792,3
5608,66000,387130000C,(04)23274275,(04)23288582,2025,11,15,8,50,臺中市,西屯區,0,0,0,7,,,0,,,,,,,,,,,,,,17,,,,,B03,,,1,,2,,,51,51,1,13,4,120.615393,24.179342,3
5609,66000,387130000C,(04)23274275,(04)23288582,2025,11,15,8,52,臺中市,南屯區,0,1,0,7,3,6,50,14,9,1,5,4,6,6,2,1,10,4,5,2,12,3,10,5,4,B03,7,8,1,8,1,8,,18,18,1,6,4,120.638162,24.125587,2
5610,66000,387130000C,(04)23274275,(04)23288582,2025,11,15,8,55,臺中市,烏日區,0,1,0,7,2,6,40,4,1,1,5,4,6,6,2,1,1,4,4,2,13,3,10,1,1,C03,7,9,1,10,2,11,,39,39,1,6,4,120.614199,24.106748,2
5611,66000,387130000C,(04)23274275,(04)23288582,2025,11,15,8,56,臺中市,太平區,0,0,0,7,,,30,,,,,,,,,,,,,,17,,,,,C03,,,1,,2,,,84,84,1,12,4,120.718737,24.124467,3
5612,66000,387130000C,(04)23274275,(04)23288582,2025,11,15,8,57,臺中市,神岡區,0,0,0,7,1,6,30,3,1,1,5,4,6,6,4,4,10,5,5,1,16,,,,,C03,,,1,,2,,,12,12,1,12,4,120.698799,24.251037,3
5613,66000,387130000C,(04)23274275,(04)23288582,2025,11,15,9,0,臺中市,清水區,0,0,0,7,,,50,,,,,,,,,,,,,,17,,,,,B03,,,1,,1,,,49,49,1,12,4,120.552396,24.280713,3
5614,66000,387130000C,(04)23274275,(04)23288582,2025,11,15,9,2,臺中市,北屯區,0,0,0,7,,,50,,,,,,,,,,,,,,13,,,,,B03,,,1,,1,,,59,59,1,6,4,120.685653,24.175896,4
5615,66000,387130000C,(04)23274275,(04)23288582,2025,11,15,9,5,臺中市,清水區,0,0,0,7,,,50,,,,,,,,,,,,,,9,,,,,B03,,,1,,2,,,7,7,1,12,4,120.567809,24.270193,3
5616,66000,387130000C,(04)23274275,(04)23288582,2025,11,15,9,10,臺中市,東區,0,1,0,7,2,6,40,13,7,1,5,4,6,6,4,4,5,5,4,2,17,2,9,1,1,C03,7,9,1,10,2,14,,85,85,1,12,4,120.697979,24.142631,2