序號,縣市別代碼,機關代碼,市話,傳真,年,月,日,時,分,縣市,區,死亡數量,受傷數量,2-30,天候,道路照明設備,道路類別,道路速限,道路型態,事故位置,路面鋪裝,路面狀態,路面缺陷,障礙物,視距,號誌種類,號誌動作,分向設施,快車道或一般車道間,快慢車道間,路面邊線,事故類型及型態,受傷程度,主要傷處,保護裝備,行動電話或功能裝置,當事者區分(類別),車輛用途,當事者行動狀態,駕照狀態,駕照種類,飲酒情形,車輛撞擊部位最初,車輛撞擊部位其他,肇事因素個別,肇事因素主要,肇事逃逸,職業,共享經濟或外送平台,GPS座標X,GPS座標Y,事故類別
5617,66000,387130000C,(04)23274275,(04)23288582,2025,11,15,9,10,臺中市,清水區,0,0,0,7,,,70,,,,,,,,,,,,,,,,,,,B03,,,1,,1,,,56,56,1,12,4,120.552289,24.293688,3
5618,66000,387130000C,(04)23274275,(04)23288582,2025,11,15,9,14,臺中市,大里區,0,1,0,7,2,6,50,4,2,1,5,4,6,6,2,1,5,5,5,2,13,2,9,1,1,C03,7,9,3,19,2,11,12,7,7,1,13,4,120.694994,24.111449,2
5619,66000,387130000C,(04)23274275,(04)23288582,2025,11,15,9,15,臺中市,南屯區,0,0,0,7,,,50,,,,,,,,,,,,,,,,,,,B12,,,1,,1,,,7,7,1,12,4,120.623141,24.145201,3
5620,66000,387130000C,(04)23274275,(04)23288582,2025,11,15,9,18,臺中市,北屯區,0,1,0,7,3,6,50,13,9,1,5,4,6,6,4,4,1,4,5,2,17,3,10,1,1,C03,7,9,1,10,2,16,,84,84,1,12,4,120.680039,24.201605,2
5621,66000,387130000C,(04)23274275,(04)23288582,2025,11,15,9,20,臺中市,烏日區,0,1,0,7,2,6,50,11,9,1,5,4,6,6,4,4,9,5,5,2,17,2,9,5,4,C03,7,6,1,10,2,12,,84,84,1,12,4,120.590645,24.112866,2
5622,66000,387130000C,(04)23274275,(04)23288582,2025,11,15,9,30,臺中市,北屯區,0,1,0,7,2,6,50,3,1,1,5,4,6,6,4,4,10,5,5,2,17,2,9,5,4,C03,7,1,1,10,2,12,,51,51,1,12,4,120.683444,24.191577,2
5623,66000,387130000C,(04)23274275,(04)23288582,2025,11,15,9,30,臺中市,西屯區,0,0,0,7,,,,,,,,,,,,,,,,,,,,,,,,,,,,,,119,119,1,,,120.617035,24.17761,3
5624,66000,387130000C,(04)23274275,(04)23288582,2025,11,15,9,31,臺中市,西區,0,1,0,7,2,6,50,4,1,1,5,4,6,6,4,4,10,5,5,2,17,2,9,2,1,C03,7,9,1,10,2,12,,20,20,1,12,4,120.660183,24.137956,2
5625,66000,387130000C,(04)23274275,(04)23288582,2025,11,15,9,35,臺中市,東區,0,2,0,7,2,6,50,4,1,1,5,4,6,6,2,1,5,5,5,2,16,2,9,2,1,C03,7,6,1,10,2,12,,11,11,1,13,4,120.697296,24.147958,2
5626,66000,387130000C,(04)23274275,(04)23288582,2025,11,15,9,38,臺中市,沙鹿區,0,0,0,7,,,30,,,,,,,,,,,,,,,,,,,C03,,,2,,2,,,14,14,1,13,4,120.578847,24.223027,3
5627,66000,387130000C,(04)23274275,(04)23288582,2025,11,15,9,39,臺中市,大里區,0,2,0,7,2,6,30,4,1,1,5,4,6,6,4,4,10,5,5,2,17,2,9,5,4,C03,7,9,1,10,2,12,,84,84,1,13,4,120.707293,24.085539,2
5628,66000,387130000C,(04)23274275,(04)23288582,2025,11,15,9,43,臺中市,大雅區,0,0,0,7,,,30,,,,,,,,,,,,,,,,,,,B03,,,1,,1,,,14,14,1,12,4,120.666065,24.215339,3
5629,66000,387130000C,(04)23274275,(04)23288582,2025,11,15,9,45,臺中市,清水區,0,1,0,7,2,6,30,3,2,1,5,4,6,6,4,4,9,5,5,1,12,2,9,1,1,C03,7,5,1,10,1,11,,41,41,1,12,4,120.559774,24.309416,2
5630,66000,387130000C,(04)23274275,(04)23288582,2025,11,15,9,47,臺中市,北屯區,0,0,0,7,,,30,,,,,,,,,,,,,,30,,,,,B03,,,1,,9,,,54,54,2,12,4,120.713354,24.185693,3
5631,66000,387130000C,(04)23274275,(04)23288582,2025,11,15,9,49,臺中市,西屯區,0,0,0,7,,,50,,,,,,,,,,,,,,13,,,,,B03,,,1,,1,,,7,7,1,13,4,120.637849,24.180286,3
5632,66000,387130000C,(04)23274275,(04)23288582,2025,11,15,9,54,臺中市,西屯區,0,0,0,7,,,50,,,,,,,,,,,,,,16,,,,,B03,,,1,,1,,,40,40,1,12,4,120.656499,24.199755,3
5633,66000,387130000C,(04)23274275,(04)23288582,2025,11,15,9,56,臺中市,北屯區,0,2,0,7,1,6,50,4,2,1,5,4,6,6,4,4,5,4,5,2,15,2,9,1,1,C03,7,9,1,10,2,11,,15,15,1,13,4,120.708619,24.168008,2
5634,66000,387130000C,(04)23274275,(04)23288582,2025,11,15,9,57,臺中市,新社區,0,2,0,7,2,6,50,3,1,1,5,4,6,6,4,4,10,5,5,2,16,2,9,1,1,F01,7,6,7,21,2,11,,14,14,1,12,4,120.783052,24.219743,2
5635,66000,387130000C,(04)23274275,(04)23288582,2025,11,15,9,58,臺中市,東勢區,0,2,0,7,3,6,60,3,1,1,5,4,6,6,2,1,5,5,5,1,17,2,9,2,1,C03,7,9,1,10,2,11,,85,85,1,6,4,120.825149,24.263542,2
5636,66000,387130000C,(04)23274275,(04)23288582,2025,11,15,9,59,臺中市,清水區,0,1,0,7,3,6,70,13,8,1,5,4,6,6,4,4,1,4,4,1,12,3,10,3,1,B03,7,9,1,8,2,2,,58,58,1,12,4,120.599097,24.309194,2
5637,66000,387130000C,(04)23274275,(04)23288582,2025,11,15,10,0,臺中市,南區,0,0,0,7,,,50,,,,,,,,,,,,,,16,,,,,B11,,,1,,1,,,13,13,1,13,4,120.673652,24.129776,3
5638,66000,387130000C,(04)23274275,(04)23288582,2025,11,15,10,1,臺中市,北區,0,2,0,7,2,6,40,4,4,1,5,4,6,6,2,1,3,4,4,2,13,2,9,1,1,C04,7,9,1,10,2,11,,84,84,1,13,1,120.68134,24.152752,2
5639,66000,387130000C,(04)23274275,(04)23288582,2025,11,15,10,3,臺中市,北屯區,0,0,0,7,,,50,,,,,,,,,,,,,,16,,,,,B12,,,1,,1,,,14,14,1,6,4,120.71398,24.165166,3
5640,66000,387130000C,(04)23274275,(04)23288582,2025,11,15,10,3,臺中市,豐原區,0,1,0,7,2,6,50,13,7,1,5,4,6,6,4,4,5,4,4,2,11,3,10,3,1,A04,7,1,1,2,2,5,,84,84,1,6,4,120.722297,24.254452,2
5641,66000,387130000C,(04)23274275,(04)23288582,2025,11,15,10,4,臺中市,后里區,0,0,0,7,3,6,50,13,14,1,5,4,6,6,4,4,9,5,5,1,17,3,10,3,1,B03,7,9,1,10,2,5,,8,8,1,6,4,120.716905,24.306865,3
5642,66000,387130000C,(04)23274275,(04)23288582,2025,11,15,10,10,臺中市,后里區,0,2,0,7,2,6,50,4,1,1,5,4,6,6,1,1,1,4,4,1,16,3,10,3,1,B03,7,5,1,8,2,6,,11,11,1,6,4,120.722197,24.304389,2
5643,66000,387130000C,(04)23274275,(04)23288582,2025,11,15,10,13,臺中市,西屯區,0,1,0,7,2,6,50,13,9,1,5,4,6,6,4,4,5,4,5,2,13,2,8,2,1,C03,7,9,1,10,1,12,,7,7,1,12,4,120.66124,24.163925,2
5644,66000,387130000C,(04)23274275,(04)23288582,2025,11,15,10,14,臺中市,北屯區,0,0,0,7,,,50,,,,,,,,,,,,,,,,,,,B03,,,1,,1,,,87,87,1,12,4,120.694326,24.172395,3
5645,66000,387130000C,(04)23274275,(04)23288582,2025,11,15,10,15,臺中市,西區,0,0,0,7,,,50,,,,,,,,,,,,,,13,,,,,B03,,,1,,1,,,40,40,1,12,4,120.661689,24.148265,3
5646,66000,387130000C,(04)23274275,(04)23288582,2025,11,15,10,15,臺中市,烏日區,0,0,0,7,,,60,,,,,,,,,,,,,,9,,,,,C03,,,1,,2,,,21,21,1,6,4,120.614085,24.106776,3
5647,66000,387130000C,(04)23274275,(04)23288582,2025,11,15,10,15,臺中市,沙鹿區,0,0,0,7,,,30,,,,,,,,,,,,,,,,,,,B03,,,1,,2,,,20,20,1,6,4,120.565136,24.250441,3
5648,66000,387130000C,(04)23274275,(04)23288582,2025,11,15,10,20,臺中市,西屯區,0,0,0,7,,,50,,,,,,,,,,,,,,13,,,,,B03,,,1,,1,,,84,84,1,13,4,120.637315,24.173313,4
5649,66000,387130000C,(04)23274275,(04)23288582,2025,11,15,10,20,臺中市,龍井區,0,0,0,7,,,40,,,,,,,,,,,,,,,,,,,B03,,,1,,1,,,8,8,1,12,4,120.529935,24.182007,3
5650,66000,387130000C,(04)23274275,(04)23288582,2025,11,15,10,22,臺中市,石岡區,0,0,0,7,,,70,,,,,,,,,,,,,,12,,,,,A12,,,1,,1,,,40,40,1,6,4,120.78222,24.274368,3
5651,66000,387130000C,(04)23274275,(04)23288582,2025,11,15,10,24,臺中市,霧峰區,0,1,0,7,2,9,50,13,9,1,5,4,3,3,4,4,10,5,5,2,16,2,9,1,1,C03,7,9,1,10,2,11,,59,59,1,12,4,120.663361,24.061913,2
5652,66000,387130000C,(04)23274275,(04)23288582,2025,11,15,10,28,臺中市,南屯區,0,1,0,7,3,6,50,13,9,1,5,4,6,6,1,1,1,4,5,2,9,3,10,3,1,B03,7,5,1,8,2,5,,10,10,1,12,4,120.623139,24.149794,2
5653,66000,387130000C,(04)23274275,(04)23288582,2025,11,15,10,29,臺中市,太平區,0,1,0,7,2,6,50,4,2,1,5,4,6,6,1,1,5,2,5,1,13,2,7,2,1,C03,7,9,1,10,2,11,14,7,7,1,12,4,120.723655,24.105408,2
5654,66000,387130000C,(04)23274275,(04)23288582,2025,11,15,10,29,臺中市,大甲區,0,1,0,7,2,6,50,13,9,1,5,4,6,6,4,4,6,3,5,1,12,3,10,3,1,B03,7,9,1,8,2,2,,84,84,1,12,4,120.611072,24.348291,2
5655,66000,387130000C,(04)23274275,(04)23288582,2025,11,15,10,30,臺中市,梧棲區,0,0,0,7,,,30,,,,,,,,,,,,,,14,,,,,B03,,,1,,2,,,49,49,1,12,4,120.553697,24.248361,3
5656,66000,387130000C,(04)23274275,(04)23288582,2025,11,15,10,30,臺中市,神岡區,0,0,0,7,,,30,,,,,,,,,,,,,,13,,,,,B03,,,1,,1,,,7,7,1,12,4,120.703497,24.262101,3
5657,66000,387130000C,(04)23274275,(04)23288582,2025,11,15,10,34,臺中市,大甲區,0,3,0,7,3,6,50,3,1,1,5,4,6,6,1,1,10,5,5,2,17,2,9,1,1,C03,7,9,1,10,2,11,,7,7,1,6,4,120.618029,24.338723,2
5658,66000,387130000C,(04)23274275,(04)23288582,2025,11,15,10,37,臺中市,南區,0,0,0,7,,,50,,,,,,,,,,,,,,16,,,,,B02,,,1,,1,,,11,11,1,12,4,120.6701,24.122229,4
5659,66000,387130000C,(04)23274275,(04)23288582,2025,11,15,10,38,臺中市,南區,0,2,0,7,2,6,40,13,7,1,5,4,6,6,4,4,1,4,4,2,17,3,10,3,1,B12,7,1,1,3,2,16,,51,51,1,12,4,120.681925,24.119392,2
5660,66000,387130000C,(04)23274275,(04)23288582,2025,11,15,10,38,臺中市,北屯區,0,0,0,7,,,50,,,,,,,,,,,,,,9,,,,,B03,,,1,,1,,,8,8,1,12,4,120.691629,24.176568,3
5661,66000,387130000C,(04)23274275,(04)23288582,2025,11,15,10,38,臺中市,沙鹿區,0,0,0,7,,,50,,,,,,,,,,,,,,,,,,,B03,,,1,,1,,,7,7,1,13,4,120.566534,24.236878,3
5662,66000,387130000C,(04)23274275,(04)23288582,2025,11,15,10,42,臺中市,西區,0,3,0,7,3,6,40,13,8,1,5,4,6,6,4,4,1,4,1,2,13,2,9,1,1,C03,7,9,1,10,2,11,,7,7,1,6,4,120.669801,24.150724,2
5663,66000,387130000C,(04)23274275,(04)23288582,2025,11,15,10,42,臺中市,北屯區,0,1,0,7,2,6,0,3,21,1,5,4,6,6,4,4,10,5,5,2,9,3,10,5,4,B03,7,9,1,8,2,1,,10,10,1,12,4,120.697459,24.174279,2
5664,66000,387130000C,(04)23274275,(04)23288582,2025,11,15,10,46,臺中市,南區,0,0,0,7,,,1,,,,,,,,,,,,,,17,,,,,,,,,,,,,119,119,1,,,120.669561,24.122998,3
5665,66000,387130000C,(04)23274275,(04)23288582,2025,11,15,10,47,臺中市,北區,0,0,0,7,,,50,,,,,,,,,,,,,,13,,,,,B03,,,1,,1,,,84,84,1,13,4,120.68669,24.160295,3
5666,66000,387130000C,(04)23274275,(04)23288582,2025,11,15,10,48,臺中市,南區,0,0,0,7,,,50,,,,,,,,,,,,,,13,,,,,B03,,,1,,1,,,84,84,1,13,4,120.675176,24.126498,3
5667,66000,387130000C,(04)23274275,(04)23288582,2025,11,15,10,48,臺中市,北屯區,0,0,0,7,,,50,,,,,,,,,,,,,,12,,,,,A04,,,1,,1,,,84,84,1,12,4,120.733708,24.176932,3
5668,66000,387130000C,(04)23274275,(04)23288582,2025,11,15,10,50,臺中市,沙鹿區,0,0,0,7,,,30,,,,,,,,,,,,,,,,,,,B03,,,1,,9,,,8,8,2,6,4,120.558549,24.227618,3
5669,66000,387130000C,(04)23274275,(04)23288582,2025,11,15,10,53,臺中市,太平區,0,2,0,7,2,6,50,4,1,1,5,4,6,6,4,4,10,5,5,2,15,2,9,1,1,C03,7,9,1,10,2,11,12,15,15,1,12,4,120.715946,24.115253,2
5670,66000,387130000C,(04)23274275,(04)23288582,2025,11,15,10,54,臺中市,南屯區,0,2,0,7,3,6,40,3,1,1,5,4,6,6,2,1,10,5,5,2,17,2,9,5,4,B03,7,9,1,8,2,4,,21,21,1,6,4,120.623695,24.152257,2
5671,66000,387130000C,(04)23274275,(04)23288582,2025,11,15,10,54,臺中市,太平區,0,0,0,7,,3,80,,,,,,,,,,,,,,12,,,,,B03,,,1,,1,,,2,2,1,12,4,120.714097,24.14843,4
5672,66000,387130000C,(04)23274275,(04)23288582,2025,11,15,10,56,臺中市,大里區,0,1,0,7,3,6,50,4,1,1,5,4,6,6,4,4,10,5,5,2,15,3,10,5,4,B03,7,9,1,8,2,5,,15,15,1,13,4,120.707324,24.107061,2
5673,66000,387130000C,(04)23274275,(04)23288582,2025,11,15,10,57,臺中市,豐原區,0,1,0,7,2,6,50,3,9,1,5,4,6,6,4,4,5,2,5,1,12,2,9,1,1,C03,7,9,1,10,2,14,,8,8,1,12,4,120.720826,24.268466,2
5674,66000,387130000C,(04)23274275,(04)23288582,2025,11,15,11,4,臺中市,潭子區,0,1,0,7,3,6,50,3,1,1,5,4,6,6,4,4,10,5,5,2,13,2,3,2,1,C03,7,9,1,10,2,11,,7,7,1,12,4,120.709321,24.210584,2
5675,66000,387130000C,(04)23274275,(04)23288582,2025,11,15,11,4,臺中市,北屯區,0,0,0,7,,,40,,,,,,,,,,,,,,13,,,,,C03,,,1,,2,,,7,7,1,12,4,120.685732,24.174503,3
5676,66000,387130000C,(04)23274275,(04)23288582,2025,11,15,11,5,臺中市,南屯區,0,1,0,7,2,6,50,12,8,1,5,4,6,6,4,4,1,4,3,2,18,2,9,6,1,F01,7,9,7,21,2,12,,59,59,1,12,4,120.584641,24.167382,2
5677,66000,387130000C,(04)23274275,(04)23288582,2025,11,15,11,12,臺中市,北屯區,0,0,0,7,,,50,,,,,,,,,,,,,,,,,,,B03,,,1,,1,,,7,7,1,13,4,120.671727,24.174079,3
5678,66000,387130000C,(04)23274275,(04)23288582,2025,11,15,11,14,臺中市,西屯區,0,0,0,7,,3,80,,,,,,,,,,,,,,13,,,,,B03,,,1,,1,,,7,7,1,12,4,120.63161,24.168939,3
5679,66000,387130000C,(04)23274275,(04)23288582,2025,11,15,11,15,臺中市,清水區,0,0,0,7,,,50,,,,,,,,,,,,,,17,,,,,B03,,,1,,2,,,8,8,1,12,4,120.573239,24.268092,3
5680,66000,387130000C,(04)23274275,(04)23288582,2025,11,15,11,18,臺中市,南屯區,0,0,0,7,,,50,,,,,,,,,,,,,,12,,,,,B03,,,1,,1,,,42,42,1,12,4,120.612208,24.150279,3
5681,66000,387130000C,(04)23274275,(04)23288582,2025,11,15,11,19,臺中市,西區,0,0,0,7,,,50,,,,,,,,,,,,,,12,,,,,B03,,,1,,1,,,84,84,1,13,4,120.675549,24.137541,3
5682,66000,387130000C,(04)23274275,(04)23288582,2025,11,15,11,25,臺中市,大甲區,0,1,0,7,3,6,50,13,9,1,5,4,6,6,4,4,4,4,5,1,17,3,10,5,4,B03,7,2,1,8,2,8,,84,84,1,8,4,120.622466,24.342561,2
5683,66000,387130000C,(04)23274275,(04)23288582,2025,11,15,11,27,臺中市,大里區,0,0,0,7,,,50,,,,,,,,,,,,,,12,,,,,B12,,,1,,2,,,84,84,1,6,4,120.689064,24.104397,3
5684,66000,387130000C,(04)23274275,(04)23288582,2025,11,15,11,27,臺中市,烏日區,0,1,0,6,2,6,80,10,7,1,5,4,6,6,4,4,10,4,5,1,13,3,10,3,1,B03,7,14,1,8,2,3,,87,87,1,6,4,120.616521,24.107356,2
5685,66000,387130000C,(04)23274275,(04)23288582,2025,11,15,11,28,臺中市,北屯區,0,0,0,7,,,50,,,,,,,,,,,,,,17,,,,,B03,,,1,,2,,,8,8,1,12,4,120.685393,24.167515,3
5686,66000,387130000C,(04)23274275,(04)23288582,2025,11,15,11,28,臺中市,大里區,0,1,0,7,2,6,50,4,1,1,5,4,6,6,1,1,10,5,5,2,17,2,9,5,4,C03,7,9,1,9,2,11,,21,21,1,13,4,120.695368,24.096942,2
5687,66000,387130000C,(04)23274275,(04)23288582,2025,11,15,11,28,臺中市,大里區,0,2,0,7,2,6,50,13,9,1,5,4,6,6,4,4,10,5,5,2,16,3,10,3,1,B03,7,1,1,8,1,1,,51,51,1,12,4,120.694569,24.087956,2
5688,66000,387130000C,(04)23274275,(04)23288582,2025,11,15,11,32,臺中市,南區,0,0,0,7,,,50,,,,,,,,,,,,,,9,,,,,C03,,,1,,1,,,85,85,1,13,4,120.658228,24.117583,4
5689,66000,387130000C,(04)23274275,(04)23288582,2025,11,15,11,34,臺中市,北屯區,0,2,0,6,3,6,50,3,1,1,5,4,6,6,4,4,3,4,5,2,17,3,10,1,1,C03,7,9,3,19,1,11,,7,7,1,12,4,120.694131,24.164335,2
5690,66000,387130000C,(04)23274275,(04)23288582,2025,11,15,11,34,臺中市,西屯區,0,1,0,7,2,6,50,13,9,1,5,4,6,6,4,4,5,5,5,2,13,2,9,1,1,C03,7,9,1,10,2,12,,4,4,1,12,4,120.5952,24.170717,2
5691,66000,387130000C,(04)23274275,(04)23288582,2025,11,15,11,34,臺中市,清水區,0,0,0,7,,,30,,,,,,,,,,,,,,,,,,,B03,,,1,,2,,,84,84,1,12,4,120.546473,24.3051,3
5692,66000,387130000C,(04)23274275,(04)23288582,2025,11,15,11,35,臺中市,太平區,0,1,0,7,3,9,30,13,9,1,5,4,6,6,4,4,9,4,5,2,18,2,9,1,1,C03,7,9,1,10,2,14,,84,84,1,12,4,120.703861,24.122462,2
5693,66000,387130000C,(04)23274275,(04)23288582,2025,11,15,11,36,臺中市,北區,0,1,0,7,2,6,50,13,9,1,5,4,6,6,4,4,5,5,5,2,12,2,9,1,1,C03,7,9,3,19,2,12,,85,85,1,13,4,120.666587,24.15515,2
5694,66000,387130000C,(04)23274275,(04)23288582,2025,11,15,11,42,臺中市,烏日區,0,0,0,7,,,40,,,,,,,,,,,,,,,,,,,B03,,,1,,1,,,26,26,1,13,4,120.618638,24.113628,3
5695,66000,387130000C,(04)23274275,(04)23288582,2025,11,15,11,44,臺中市,太平區,0,0,0,7,,,30,,,,,,,,,,,,,,17,,,,,C03,,,1,,2,,,51,51,1,12,4,120.719588,24.132329,3
5696,66000,387130000C,(04)23274275,(04)23288582,2025,11,15,11,45,臺中市,東勢區,0,1,0,7,2,6,50,3,1,1,5,4,6,6,4,4,10,5,5,2,13,2,9,1,1,C03,7,9,1,10,2,11,,7,7,1,12,4,120.82853,24.256688,2
5697,66000,387130000C,(04)23274275,(04)23288582,2025,11,15,11,47,臺中市,西屯區,0,1,0,7,2,6,30,13,9,1,5,4,6,6,4,4,10,5,5,2,14,3,10,3,1,B01,7,2,1,4,2,7,,49,49,1,12,4,120.648824,24.182869,2
5698,66000,387130000C,(04)23274275,(04)23288582,2025,11,15,11,48,臺中市,西區,0,1,0,7,2,6,50,3,1,1,5,4,6,6,3,1,10,5,5,2,17,3,10,5,1,B03,7,15,1,8,2,8,,77,77,1,12,4,120.672569,24.137437,2
5699,66000,387130000C,(04)23274275,(04)23288582,2025,11,15,11,48,臺中市,北屯區,0,4,0,7,2,6,50,4,1,1,5,4,6,6,2,1,10,5,5,2,16,2,7,1,1,C03,7,6,1,10,2,11,,11,11,1,12,4,120.670779,24.178713,2
5700,66000,387130000C,(04)23274275,(04)23288582,2025,11,15,11,48,臺中市,西屯區,0,2,0,7,2,6,30,3,1,1,5,4,6,6,4,4,10,4,4,2,17,3,10,1,4,C03,7,6,1,10,1,12,,14,14,1,13,4,120.644427,24.186342,2
5701,66000,387130000C,(04)23274275,(04)23288582,2025,11,15,11,49,臺中市,中區,0,2,0,7,1,6,50,13,9,1,5,4,6,6,4,4,10,4,5,2,17,2,9,5,4,C04,7,9,1,10,2,12,,87,87,1,12,4,120.67938,24.14097,2
5702,66000,387130000C,(04)23274275,(04)23288582,2025,11,15,11,49,臺中市,太平區,0,2,0,7,2,6,50,13,7,1,5,4,6,6,4,4,5,2,4,2,16,2,1,5,1,F01,7,6,7,21,2,14,,84,84,1,12,4,120.717803,24.116648,2
5703,66000,387130000C,(04)23274275,(04)23288582,2025,11,15,11,50,臺中市,西屯區,0,0,0,7,,,30,,,,,,,,,,,,,,14,,,,,B03,,,1,,2,,,49,49,1,12,4,120.648162,24.182022,3
5704,66000,387130000C,(04)23274275,(04)23288582,2025,11,15,11,51,臺中市,西屯區,0,0,0,7,,3,80,,,,,,,,,,,,,,13,,,,,B03,,,1,,1,,,59,59,1,12,4,120.631613,24.168963,3
5705,66000,387130000C,(04)23274275,(04)23288582,2025,11,15,11,54,臺中市,大里區,0,2,0,7,3,6,50,4,1,1,5,4,6,6,4,4,10,5,5,1,15,2,9,5,4,C03,7,9,1,10,2,11,,15,15,1,13,4,120.687733,24.112773,2
5706,66000,387130000C,(04)23274275,(04)23288582,2025,11,15,11,56,臺中市,豐原區,0,0,0,7,,,40,,,,,,,,,,,,,,12,,,,,B03,,,1,,2,,,7,7,1,6,4,120.722886,24.250946,4
5707,66000,387130000C,(04)23274275,(04)23288582,2025,11,15,11,57,臺中市,北區,0,0,0,7,,,30,,,,,,,,,,,,,,17,,,,,B03,,,1,,9,,,84,84,1,13,4,120.671435,24.156124,3
5708,66000,387130000C,(04)23274275,(04)23288582,2025,11,15,11,58,臺中市,南屯區,0,0,0,7,3,6,50,13,9,1,5,4,6,6,4,4,1,4,5,2,13,,,,,B03,,,1,,2,,,7,7,1,12,4,120.646607,24.140264,3
5709,66000,387130000C,(04)23274275,(04)23288582,2025,11,15,12,0,臺中市,南屯區,0,2,0,7,3,6,50,4,1,1,5,4,6,6,2,1,10,5,5,2,13,2,9,2,4,C03,7,9,1,10,2,11,,59,59,1,6,4,120.647828,24.146764,2
5710,66000,387130000C,(04)23274275,(04)23288582,2025,11,15,12,1,臺中市,東區,0,0,0,7,,,50,,,,,,,,,,,,,,13,,,,,B12,,,1,,1,,,7,7,1,12,4,120.701562,24.125118,3
5711,66000,387130000C,(04)23274275,(04)23288582,2025,11,15,12,3,臺中市,北屯區,0,0,0,7,,,50,,,,,,,,,,,,,,17,,,,,C03,,,3,19,9,,,34,34,1,12,4,120.69083,24.182327,3
5712,66000,387130000C,(04)23274275,(04)23288582,2025,11,15,12,3,臺中市,西屯區,0,0,0,7,,,50,,,,,,,,,,,,,,17,,,,,B03,,,1,,1,,,8,8,1,13,4,120.628309,24.184007,3
5713,66000,387130000C,(04)23274275,(04)23288582,2025,11,15,12,4,臺中市,太平區,0,0,0,7,,,50,,,,,,,,,,,,,,17,,,,,B03,,,1,,1,,,51,51,1,12,4,120.711203,24.152678,3
5714,66000,387130000C,(04)23274275,(04)23288582,2025,11,15,12,4,臺中市,烏日區,0,0,0,7,,,50,,,,,,,,,,,,,,12,,,,,B03,,,1,,2,,,40,40,1,6,4,120.642308,24.115868,3
5715,66000,387130000C,(04)23274275,(04)23288582,2025,11,15,12,4,臺中市,沙鹿區,0,2,0,7,3,6,50,3,1,1,5,4,6,6,4,4,10,5,5,2,17,3,10,3,1,B03,7,6,1,8,2,1,,12,12,1,6,4,120.564386,24.23731,2
5716,66000,387130000C,(04)23274275,(04)23288582,2025,11,15,12,5,臺中市,沙鹿區,0,0,0,7,,,50,,,,,,,,,,,,,,,,,,,B03,,,1,,1,,,49,49,1,13,4,120.563547,24.242442,3
5717,66000,387130000C,(04)23274275,(04)23288582,2025,11,15,12,13,臺中市,太平區,0,1,0,7,2,6,30,4,1,1,5,4,6,6,4,4,10,5,5,2,15,2,9,2,1,C03,7,9,1,10,2,12,,15,15,1,12,4,120.719909,24.116093,2
5718,66000,387130000C,(04)23274275,(04)23288582,2025,11,15,12,15,臺中市,大甲區,0,0,0,7,,,40,,,,,,,,,,,,,,,,,,,F01,,,7,,1,,,48,48,1,12,4,120.621372,24.350346,3
5719,66000,387130000C,(04)23274275,(04)23288582,2025,11,15,12,16,臺中市,西屯區,0,0,0,7,,3,80,,,,,,,,,,,,,,13,,,,,B03,,,1,,2,,,7,7,1,12,4,120.631613,24.168952,3
5720,66000,387130000C,(04)23274275,(04)23288582,2025,11,15,12,18,臺中市,東區,0,0,0,7,,,30,,,,,,,,,,,,,,18,,,,,C03,,,1,,2,,,84,84,1,12,4,120.703293,24.142481,3
5721,66000,387130000C,(04)23274275,(04)23288582,2025,11,15,12,20,臺中市,北區,0,2,0,7,2,6,30,3,1,1,5,4,6,6,4,4,10,5,5,2,17,2,9,1,1,C03,7,6,1,10,2,14,,84,84,1,13,4,120.701344,24.157822,2
5722,66000,387130000C,(04)23274275,(04)23288582,2025,11,15,12,20,臺中市,霧峰區,0,0,0,7,,,50,,,,,,,,,,,,,,17,,,,,B03,,,1,8,2,,,84,84,1,13,4,120.697537,24.056201,3
5723,66000,387130000C,(04)23274275,(04)23288582,2025,11,15,12,27,臺中市,北屯區,0,2,0,7,3,6,50,4,1,1,5,4,6,6,2,1,10,5,5,2,12,2,8,1,1,C03,7,9,1,10,2,12,,7,7,1,12,4,120.692188,24.169009,2
5724,66000,387130000C,(04)23274275,(04)23288582,2025,11,15,12,30,臺中市,西區,0,3,0,7,2,6,50,3,2,1,5,4,6,6,4,4,5,4,5,1,16,2,9,2,1,C03,7,6,1,10,2,12,,20,20,1,13,4,120.667831,24.146621,2
5725,66000,387130000C,(04)23274275,(04)23288582,2025,11,15,12,31,臺中市,東區,0,0,0,7,,,50,,,,,,,,,,,,,,12,,,,,C03,,,1,,1,,,84,84,1,12,4,120.689069,24.134083,3
5726,66000,387130000C,(04)23274275,(04)23288582,2025,11,15,12,32,臺中市,西區,0,1,0,7,2,6,50,4,1,1,5,4,6,6,1,1,8,5,5,2,12,3,10,3,1,B03,7,6,1,8,2,4,,85,85,1,12,4,120.660188,24.141246,2
5727,66000,387130000C,(04)23274275,(04)23288582,2025,11,15,12,35,臺中市,豐原區,0,1,0,7,2,6,30,3,1,1,5,4,6,6,4,4,10,5,5,2,16,3,10,5,4,B03,7,5,1,8,2,8,,12,12,1,12,4,120.722294,24.232509,2
5728,66000,387130000C,(04)23274275,(04)23288582,2025,11,15,12,40,臺中市,西屯區,0,0,0,7,,,50,,,,,,,,,,,,,,,,,,,B03,,,1,,1,,,59,59,1,12,4,120.649944,24.172356,3