序號,縣市別代碼,機關代碼,市話,傳真,年,月,日,時,分,縣市,區,死亡數量,受傷數量,2-30,天候,道路照明設備,道路類別,道路速限,道路型態,事故位置,路面鋪裝,路面狀態,路面缺陷,障礙物,視距,號誌種類,號誌動作,分向設施,快車道或一般車道間,快慢車道間,路面邊線,事故類型及型態,受傷程度,主要傷處,保護裝備,行動電話或功能裝置,當事者區分(類別),車輛用途,當事者行動狀態,駕照狀態,駕照種類,飲酒情形,車輛撞擊部位最初,車輛撞擊部位其他,肇事因素個別,肇事因素主要,肇事逃逸,職業,共享經濟或外送平台,GPS座標X,GPS座標Y,事故類別
5956,66000,387130000C,(04)23274275,(04)23288582,2025,11,15,22,7,臺中市,北區,0,0,0,7,,,50,,,,,,,,,,,,,,12,,,,,B03,,,1,,2,,,51,51,1,13,4,120.675695,24.163016,3
5957,66000,387130000C,(04)23274275,(04)23288582,2025,11,15,22,7,臺中市,西屯區,0,0,0,7,,,50,,,,,,,,,,,,,,13,,,,,C03,,,1,,1,,,84,84,1,13,4,120.652427,24.175975,3
5958,66000,387130000C,(04)23274275,(04)23288582,2025,11,15,22,9,臺中市,南屯區,0,0,0,7,,,50,,,,,,,,,,,,,,,,,,,B03,,,1,,1,,,59,59,1,12,4,120.632811,24.145529,3
5959,66000,387130000C,(04)23274275,(04)23288582,2025,11,15,22,17,臺中市,北屯區,0,1,0,7,1,6,50,3,1,1,5,3,6,6,4,4,10,4,5,1,12,3,10,3,1,B03,7,5,1,8,2,2,,47,47,1,6,4,120.693178,24.171137,2
5960,66000,387130000C,(04)23274275,(04)23288582,2025,11,15,22,18,臺中市,西屯區,0,0,0,7,,,60,,,,,,,,,,,,,,,,,,,B03,,,1,,1,,,59,59,1,12,4,120.644615,24.165793,3
5961,66000,387130000C,(04)23274275,(04)23288582,2025,11,15,22,30,臺中市,潭子區,0,0,0,7,,,40,,,,,,,,,,,,,,,,,,,B03,,,1,,1,,,8,8,1,13,4,120.71032,24.230606,3
5962,66000,387130000C,(04)23274275,(04)23288582,2025,11,15,22,38,臺中市,西屯區,0,0,0,7,,,30,,,,,,,,,,,,,,35,,,,,,,,,,,,,86,86,1,,,120.647263,24.181918,3
5963,66000,387130000C,(04)23274275,(04)23288582,2025,11,15,22,41,臺中市,南區,0,2,0,7,1,6,50,13,9,1,5,4,6,6,4,4,9,4,4,2,17,2,9,1,1,C03,7,9,1,10,2,11,,7,7,1,12,4,120.677237,24.130147,2
5964,66000,387130000C,(04)23274275,(04)23288582,2025,11,15,22,44,臺中市,北屯區,0,1,0,7,1,6,50,3,2,1,5,4,6,6,4,4,1,4,4,2,16,3,10,3,1,B03,7,5,1,8,2,2,,20,20,1,12,4,120.666122,24.182123,2
5965,66000,387130000C,(04)23274275,(04)23288582,2025,11,15,22,49,臺中市,西屯區,0,1,0,7,1,6,50,4,1,1,5,4,6,6,2,1,10,5,5,2,16,2,8,1,1,C03,7,5,1,10,2,14,,59,59,1,12,4,120.653604,24.195353,2
5966,66000,387130000C,(04)23274275,(04)23288582,2025,11,15,22,55,臺中市,潭子區,0,0,0,7,,,60,,,,,,,,,,,,,,,,,,,B03,,,1,,9,,,8,8,1,13,4,120.688755,24.217543,3
5967,66000,387130000C,(04)23274275,(04)23288582,2025,11,15,22,56,臺中市,中區,0,1,0,7,1,6,50,4,1,1,5,4,6,6,1,1,10,5,5,2,16,3,10,5,4,B03,7,6,1,8,2,8,,39,39,1,13,4,120.682853,24.142207,2
5968,66000,387130000C,(04)23274275,(04)23288582,2025,11,15,22,58,臺中市,南區,0,0,0,7,,,50,,,,,,,,,,,,,,13,,,,,B03,,,1,,2,,,7,7,1,12,4,120.663106,24.119504,3
5969,66000,387130000C,(04)23274275,(04)23288582,2025,11,15,23,0,臺中市,沙鹿區,0,0,0,7,1,6,50,11,8,1,5,4,6,6,4,4,4,3,4,2,12,,,,,C03,,,2,,2,,,84,84,1,13,4,120.574149,24.239412,3
5970,66000,387130000C,(04)23274275,(04)23288582,2025,11,15,23,9,臺中市,北區,0,0,0,7,,,50,,,,,,,,,,,,,,,,,,,B03,,,1,,9,,,84,84,1,12,4,120.676708,24.163128,3
5971,66000,387130000C,(04)23274275,(04)23288582,2025,11,15,23,15,臺中市,龍井區,0,0,0,7,,,50,,,,,,,,,,,,,,,,,,,F03,,,7,,1,,,59,59,1,12,4,120.546423,24.195373,3
5972,66000,387130000C,(04)23274275,(04)23288582,2025,11,15,23,16,臺中市,西屯區,0,1,0,7,1,6,50,4,1,1,5,4,6,6,1,1,5,5,5,2,16,3,10,3,1,B03,7,6,1,8,2,8,,11,11,1,12,4,120.64227,24.177771,2
5973,66000,387130000C,(04)23274275,(04)23288582,2025,11,15,23,19,臺中市,西屯區,0,1,0,7,1,6,50,13,7,1,5,4,6,6,4,4,5,4,4,2,13,2,1,5,4,C03,7,9,1,9,2,11,,59,59,1,13,4,120.622028,24.173785,2
5974,66000,387130000C,(04)23274275,(04)23288582,2025,11,15,23,26,臺中市,北區,0,1,0,7,1,6,50,4,1,1,5,4,6,6,2,1,10,5,5,2,13,3,10,1,1,C03,7,9,3,19,2,11,,59,59,1,12,4,120.669201,24.162841,2
5975,66000,387130000C,(04)23274275,(04)23288582,2025,11,15,23,29,臺中市,東區,0,2,0,7,1,6,50,4,1,1,5,4,6,6,1,1,10,5,5,2,12,2,9,2,1,C03,7,15,1,10,2,12,,42,42,1,13,4,120.699913,24.142778,2
5976,66000,387130000C,(04)23274275,(04)23288582,2025,11,16,0,6,臺中市,后里區,0,1,0,7,1,6,30,4,1,1,5,4,6,6,3,1,5,4,5,1,16,3,10,1,1,C03,7,6,1,10,2,14,,24,24,1,12,4,120.72978,24.332005,2
5977,66000,387130000C,(04)23274275,(04)23288582,2025,11,16,0,27,臺中市,沙鹿區,0,0,0,7,,,70,,,,,,,,,,,,,,,,,,,B03,,,1,,1,,,84,84,1,12,4,120.615128,24.244076,3
5978,66000,387130000C,(04)23274275,(04)23288582,2025,11,16,0,33,臺中市,北屯區,0,1,0,7,1,6,25,13,9,1,5,4,6,6,4,4,1,3,4,1,20,2,9,3,1,B03,7,9,1,8,2,1,,5,5,1,12,4,120.780213,24.200217,2
5979,66000,387130000C,(04)23274275,(04)23288582,2025,11,16,0,34,臺中市,北屯區,0,0,0,7,,,50,,,,,,,,,,,,,,13,,,,,B03,,,1,,1,,,59,59,1,12,4,120.66775,24.17963,3
5980,66000,387130000C,(04)23274275,(04)23288582,2025,11,16,1,32,臺中市,西屯區,0,0,0,7,,,50,,,,,,,,,,,,,,14,,,,,B01,,,1,,9,,,49,49,1,12,4,120.594632,24.196133,3
5981,66000,387130000C,(04)23274275,(04)23288582,2025,11,16,3,7,臺中市,西區,0,0,0,7,,,50,,,,,,,,,,,,,,,,,,,B03,,,1,8,1,,,7,7,1,13,4,120.664164,24.140066,3
5982,66000,387130000C,(04)23274275,(04)23288582,2025,11,16,3,28,臺中市,西區,0,1,0,7,1,6,50,4,1,1,5,4,6,6,3,1,5,4,5,2,15,2,8,2,1,C03,7,9,1,10,2,11,,24,24,1,12,4,120.664299,24.146701,2
5983,66000,387130000C,(04)23274275,(04)23288582,2025,11,16,3,49,臺中市,西區,0,0,0,7,,,50,,,,,,,,,,,,,,9,,,,,B02,,,1,,1,,,7,7,1,12,1,120.661737,24.145613,3
5984,66000,387130000C,(04)23274275,(04)23288582,2025,11,16,3,54,臺中市,大里區,0,0,0,7,,,50,,,,,,,,,,,,,,17,,,,,A42,,,1,,1,,,75,75,1,13,4,120.68888,24.080718,3
5985,66000,387130000C,(04)23274275,(04)23288582,2025,11,16,4,17,臺中市,烏日區,0,1,0,7,1,6,50,4,1,1,5,4,6,6,2,1,10,5,5,2,21,2,9,5,4,B03,7,9,1,8,2,1,,55,55,1,13,4,120.589755,24.113533,2
5986,66000,387130000C,(04)23274275,(04)23288582,2025,11,16,4,26,臺中市,沙鹿區,0,0,0,7,,,50,,,,,,,,,,,,,,,,,,,B03,,,1,,2,,,84,84,1,12,4,120.572879,24.238975,3
5987,66000,387130000C,(04)23274275,(04)23288582,2025,11,16,4,42,臺中市,大里區,0,0,0,7,,,50,,,,,,,,,,,,,,30,,,,,B03,,,1,,2,,,49,49,1,12,4,120.674884,24.116652,3
5988,66000,387130000C,(04)23274275,(04)23288582,2025,11,16,5,2,臺中市,梧棲區,0,0,0,7,,,70,,,,,,,,,,,,,,13,,,,,B03,,,1,,1,,,59,59,1,12,4,120.524828,24.253934,3
5989,66000,387130000C,(04)23274275,(04)23288582,2025,11,16,5,19,臺中市,神岡區,0,1,0,7,1,6,30,5,1,1,5,4,6,6,2,1,10,5,5,2,16,2,9,1,1,C03,7,6,1,10,2,14,,14,14,1,12,4,120.708711,24.25959,2
5990,66000,387130000C,(04)23274275,(04)23288582,2025,11,16,5,35,臺中市,霧峰區,0,0,0,7,,,50,,,,,,,,,,,,,,,,,,,B03,,,1,,11,,,78,78,1,12,4,120.697973,24.03295,3
5991,66000,387130000C,(04)23274275,(04)23288582,2025,11,16,6,9,臺中市,西屯區,0,2,0,7,2,6,50,4,1,1,5,4,6,6,2,1,10,5,5,2,16,2,8,5,4,C03,7,6,3,19,2,12,,11,11,1,13,4,120.644934,24.181764,2
5992,66000,387130000C,(04)23274275,(04)23288582,2025,11,16,6,27,臺中市,西區,0,1,0,7,2,6,50,4,2,1,5,4,6,6,1,1,5,4,5,2,16,3,10,3,1,B03,7,6,1,8,2,4,,48,48,1,12,4,120.666633,24.146728,2
5993,66000,387130000C,(04)23274275,(04)23288582,2025,11,16,6,38,臺中市,北屯區,0,2,0,7,2,6,50,13,9,1,5,4,6,6,4,4,5,5,5,1,12,3,10,3,1,B03,7,9,1,8,2,2,,84,84,1,12,4,120.741853,24.160762,2
5994,66000,387130000C,(04)23274275,(04)23288582,2025,11,16,6,57,臺中市,清水區,0,1,0,7,3,6,50,4,1,1,5,4,6,6,4,4,5,5,5,2,15,3,10,3,1,B03,7,9,1,8,2,1,,12,12,1,12,4,120.577761,24.271087,2
5995,66000,387130000C,(04)23274275,(04)23288582,2025,11,16,7,3,臺中市,大甲區,0,1,0,7,1,6,70,4,8,1,5,4,6,6,1,1,6,3,4,1,12,3,10,3,1,B12,7,6,1,8,2,2,,11,11,1,12,4,120.648582,24.376594,2
5996,66000,387130000C,(04)23274275,(04)23288582,2025,11,16,7,14,臺中市,南區,0,2,0,7,1,6,50,4,2,1,5,4,6,6,1,1,9,4,5,2,12,2,9,1,1,C03,7,9,1,10,2,14,,85,85,1,12,4,120.674485,24.130838,2
5997,66000,387130000C,(04)23274275,(04)23288582,2025,11,16,7,16,臺中市,西屯區,0,1,0,7,2,6,50,4,1,1,5,4,6,6,1,1,10,5,5,2,13,2,9,5,4,C03,7,9,1,10,2,16,,59,59,1,12,4,120.628241,24.183944,2
5998,66000,387130000C,(04)23274275,(04)23288582,2025,11,16,7,30,臺中市,大里區,0,0,0,7,,,50,,,,,,,,,,,,,,14,,,,,B12,,,1,,2,,,49,49,1,12,4,120.685672,24.104669,3
5999,66000,387130000C,(04)23274275,(04)23288582,2025,11,16,7,33,臺中市,太平區,0,0,0,7,2,6,40,,,,,,,,,,,,,,16,,,,,F01,,,7,,2,14,,42,42,1,12,4,120.73484,24.13168,3
6000,66000,387130000C,(04)23274275,(04)23288582,2025,11,16,7,36,臺中市,南屯區,0,1,0,7,3,6,40,13,8,1,5,4,6,6,4,4,3,5,3,2,12,2,9,1,1,C03,7,9,1,10,2,11,,7,7,1,12,4,120.596641,24.155753,2
6001,66000,387130000C,(04)23274275,(04)23288582,2025,11,16,7,40,臺中市,南區,0,1,0,7,2,6,50,3,1,1,5,4,6,6,1,1,10,5,5,2,18,2,9,2,1,C02,7,9,3,19,2,12,,84,84,1,12,4,120.670157,24.111652,2
6002,66000,387130000C,(04)23274275,(04)23288582,2025,11,16,7,42,臺中市,北屯區,0,2,0,7,2,6,50,13,9,1,5,4,6,6,4,4,10,5,5,2,13,2,9,5,4,C03,7,9,3,19,2,11,,7,7,1,12,4,120.768603,24.197792,2
6003,66000,387130000C,(04)23274275,(04)23288582,2025,11,16,7,43,臺中市,潭子區,0,1,0,7,3,6,50,3,1,1,5,4,6,6,4,4,1,5,5,1,20,2,9,2,1,C03,7,9,1,9,2,14,12,43,43,1,11,4,120.711973,24.191476,2
6004,66000,387130000C,(04)23274275,(04)23288582,2025,11,16,7,44,臺中市,北屯區,0,1,0,7,2,6,50,4,1,1,5,4,6,6,2,1,10,5,5,2,16,3,10,1,1,C03,7,6,1,10,1,12,,11,11,1,13,4,120.70479,24.169433,2
6005,66000,387130000C,(04)23274275,(04)23288582,2025,11,16,7,46,臺中市,大甲區,0,0,0,7,,,50,,,,,,,,,,,,,,15,,,,,B03,,,1,,1,,,87,87,1,12,4,120.653864,24.40652,3
6006,66000,387130000C,(04)23274275,(04)23288582,2025,11,16,7,47,臺中市,清水區,0,0,0,7,,,70,,,,,,,,,,,,,,,,,,,A04,,,1,,2,,,58,58,1,12,4,120.591157,24.296044,3
6007,66000,387130000C,(04)23274275,(04)23288582,2025,11,16,7,54,臺中市,龍井區,0,1,0,7,2,6,60,4,1,1,5,4,6,6,2,1,10,5,5,2,15,3,10,3,1,B03,7,9,1,8,2,8,,21,21,1,6,4,120.576969,24.177101,2
6008,66000,387130000C,(04)23274275,(04)23288582,2025,11,16,7,59,臺中市,南屯區,0,3,0,7,3,6,50,4,1,1,5,4,6,6,1,1,5,5,4,2,15,3,10,3,1,B03,7,9,1,8,2,1,,21,21,1,12,4,120.634081,24.158275,2
6009,66000,387130000C,(04)23274275,(04)23288582,2025,11,16,8,0,臺中市,南屯區,0,1,0,7,3,6,50,4,1,1,5,4,6,6,2,1,10,5,5,2,13,2,8,2,4,C03,7,9,5,19,2,11,12,7,7,1,6,4,120.634096,24.158367,2
6010,66000,387130000C,(04)23274275,(04)23288582,2025,11,16,8,28,臺中市,東勢區,0,0,0,7,,,50,,,,,,,,,,,,,,,,,,,C03,,,1,,2,,,7,7,1,13,4,120.842804,24.168465,3
6011,66000,387130000C,(04)23274275,(04)23288582,2025,11,16,8,33,臺中市,南屯區,0,0,0,7,3,6,50,13,9,1,5,4,6,6,1,1,3,2,5,2,13,,,,,B03,,,1,,1,,,56,56,1,12,4,120.625897,24.140476,3
6012,66000,387130000C,(04)23274275,(04)23288582,2025,11,16,8,35,臺中市,東勢區,0,1,0,7,3,6,50,13,9,1,5,4,6,6,4,4,5,5,5,1,11,2,9,2,1,C03,7,9,5,19,3,11,,34,34,1,6,4,120.854844,24.235734,2
6013,66000,387130000C,(04)23274275,(04)23288582,2025,11,16,8,38,臺中市,新社區,0,1,0,7,3,6,30,3,9,1,5,4,6,5,4,4,10,5,5,2,16,3,10,5,4,B03,7,6,1,8,2,5,,12,12,1,12,4,120.810411,24.252531,2
6014,66000,387130000C,(04)23274275,(04)23288582,2025,11,16,8,45,臺中市,西屯區,0,0,0,7,,,0,,,,,,,,,,,,,,,,,,,B02,,,1,,2,,,8,8,1,12,4,120.646634,24.155263,3
6015,66000,387130000C,(04)23274275,(04)23288582,2025,11,16,8,49,臺中市,梧棲區,0,0,0,7,,,50,,,,,,,,,,,,,,15,,,,,B03,,,1,,2,,,12,12,1,6,4,120.546554,24.243758,3
6016,66000,387130000C,(04)23274275,(04)23288582,2025,11,16,8,50,臺中市,龍井區,0,0,0,7,,,30,,,,,,,,,,,,,,,,,,,B03,,,1,,1,,,49,49,1,6,4,120.548931,24.179144,3
6017,66000,387130000C,(04)23274275,(04)23288582,2025,11,16,9,2,臺中市,清水區,0,0,0,7,,,50,,,,,,,,,,,,,,,,,,,B03,,,1,,11,,,20,20,1,12,4,120.536385,24.269214,3
6018,66000,387130000C,(04)23274275,(04)23288582,2025,11,16,9,3,臺中市,潭子區,0,1,0,7,3,6,40,13,7,1,5,4,6,6,4,4,5,4,4,2,17,3,10,3,1,B03,7,15,1,8,2,5,,76,76,1,13,4,120.703473,24.211781,2
6019,66000,387130000C,(04)23274275,(04)23288582,2025,11,16,9,6,臺中市,南屯區,0,1,0,7,3,6,50,13,9,1,5,4,6,6,4,4,5,5,5,2,12,2,9,1,1,C03,7,9,1,10,2,12,,39,39,1,12,4,120.642081,24.13855,2
6020,66000,387130000C,(04)23274275,(04)23288582,2025,11,16,9,10,臺中市,烏日區,0,2,0,7,2,6,50,3,1,1,5,4,6,6,4,4,10,5,5,2,17,2,9,5,4,C03,7,6,1,10,2,14,,84,84,1,12,4,120.632266,24.108449,2
6021,66000,387130000C,(04)23274275,(04)23288582,2025,11,16,9,11,臺中市,東區,0,1,0,7,2,6,50,4,1,1,5,4,6,6,1,1,10,5,5,2,12,2,7,1,1,C03,7,9,1,10,2,14,,8,8,1,12,4,120.692382,24.139455,2
6022,66000,387130000C,(04)23274275,(04)23288582,2025,11,16,9,15,臺中市,大里區,0,0,0,7,,,50,,,,,,,,,,,,,,17,,,,,C03,,,1,,1,,,84,84,1,13,4,120.684371,24.100572,3
6023,66000,387130000C,(04)23274275,(04)23288582,2025,11,16,9,16,臺中市,西屯區,0,0,0,7,,,60,,,,,,,,,,,,,,,,,,,B02,,,1,,1,,,7,7,1,12,4,120.641683,24.166605,3
6024,66000,387130000C,(04)23274275,(04)23288582,2025,11,16,9,31,臺中市,西屯區,0,2,0,7,2,6,50,13,9,1,5,4,6,6,4,4,1,4,5,2,12,2,9,5,4,C03,7,5,1,10,2,12,,20,20,1,12,4,120.663828,24.172587,2
6025,66000,387130000C,(04)23274275,(04)23288582,2025,11,16,9,35,臺中市,大雅區,0,1,0,7,3,6,60,3,2,1,5,4,6,6,1,1,1,3,4,1,17,3,10,5,4,B03,7,11,1,8,2,6,,20,20,1,13,4,120.649609,24.213289,2
6026,66000,387130000C,(04)23274275,(04)23288582,2025,11,16,9,36,臺中市,豐原區,0,0,0,7,,,50,,,,,,,,,,,,,,27,,,,,B03,,,1,,2,,,49,49,1,13,4,120.728272,24.221828,3
6027,66000,387130000C,(04)23274275,(04)23288582,2025,11,16,9,38,臺中市,太平區,0,0,0,7,,,30,,,,,,,,,,,,,,11,,,,,B03,,,1,,2,,,8,8,1,12,4,120.725272,24.121704,3
6028,66000,387130000C,(04)23274275,(04)23288582,2025,11,16,9,46,臺中市,北屯區,0,1,0,7,2,6,50,3,1,1,5,4,6,6,4,4,1,3,5,2,16,3,10,3,1,B03,7,5,1,8,2,5,2,20,20,1,13,4,120.722579,24.18724,2
6029,66000,387130000C,(04)23274275,(04)23288582,2025,11,16,9,48,臺中市,太平區,0,2,0,7,2,6,50,13,9,1,5,4,6,6,4,4,1,4,5,2,17,2,9,1,1,C03,7,9,1,10,2,11,12,59,59,1,12,4,120.716284,24.152534,2
6030,66000,387130000C,(04)23274275,(04)23288582,2025,11,16,9,49,臺中市,北屯區,0,0,0,7,,,50,,,,,,,,,,,,,,13,,,,,B03,,,1,7,1,,,84,84,1,12,4,120.760727,24.198783,3
6031,66000,387130000C,(04)23274275,(04)23288582,2025,11,16,9,50,臺中市,南屯區,0,0,0,7,,,30,,,,,,,,,,,,,,12,,,,,C03,,,1,,1,,,51,51,1,6,4,120.644489,24.137673,3
6032,66000,387130000C,(04)23274275,(04)23288582,2025,11,16,9,51,臺中市,西屯區,0,1,0,7,2,6,50,4,1,1,5,4,6,6,4,4,10,5,5,2,16,3,10,5,4,B03,7,5,1,8,2,2,,47,47,1,12,4,120.656647,24.19826,2
6033,66000,387130000C,(04)23274275,(04)23288582,2025,11,16,9,57,臺中市,大里區,0,1,0,7,2,6,50,3,1,1,5,4,6,6,4,4,5,2,5,1,16,3,10,3,1,A11,7,6,1,7,2,1,,14,14,1,13,4,120.719118,24.097325,2
6034,66000,387130000C,(04)23274275,(04)23288582,2025,11,16,10,0,臺中市,豐原區,0,0,0,7,2,6,50,18,9,1,5,4,6,6,4,4,10,5,5,2,14,3,10,1,1,B03,7,2,1,8,2,3,,49,49,1,12,4,120.723176,24.239668,3
6035,66000,387130000C,(04)23274275,(04)23288582,2025,11,16,10,6,臺中市,南屯區,0,0,0,7,3,6,40,13,8,1,5,4,6,6,4,4,5,5,4,2,12,,,,,B13,,,1,,9,,,8,8,2,12,4,120.637003,24.137228,3
6036,66000,387130000C,(04)23274275,(04)23288582,2025,11,16,10,12,臺中市,大雅區,0,2,0,7,2,6,30,4,1,1,5,4,6,6,4,4,10,5,5,1,15,2,8,2,1,C03,7,9,1,10,2,12,,6,6,1,13,4,120.638336,24.244653,2
6037,66000,387130000C,(04)23274275,(04)23288582,2025,11,16,10,21,臺中市,南屯區,0,1,0,7,3,6,50,13,9,1,5,4,6,6,4,4,5,4,5,2,2,3,10,3,1,B03,7,9,1,8,2,2,,8,8,1,12,4,120.643163,24.146603,2
6038,66000,387130000C,(04)23274275,(04)23288582,2025,11,16,10,25,臺中市,大里區,0,0,0,7,,,50,,,,,,,,,,,,,,13,,,,,F01,,,7,,2,,,84,84,1,12,4,120.690798,24.107724,3
6039,66000,387130000C,(04)23274275,(04)23288582,2025,11,16,10,27,臺中市,北屯區,0,0,0,7,,,50,,,,,,,,,,,,,,,,,,,B03,,,1,,2,,,45,45,1,6,4,120.721078,24.176797,3
6040,66000,387130000C,(04)23274275,(04)23288582,2025,11,16,10,30,臺中市,北區,0,0,0,7,,,50,,,,,,,,,,,,,,17,,,,,C03,,,1,,2,,,7,7,1,13,4,120.668166,24.167071,3
6041,66000,387130000C,(04)23274275,(04)23288582,2025,11,16,10,32,臺中市,霧峰區,0,0,0,7,,3,80,,,,,,,,,,,,,,,,,,,B03,,,1,,1,,,7,7,1,12,4,120.68268,24.077885,3
6042,66000,387130000C,(04)23274275,(04)23288582,2025,11,16,10,33,臺中市,豐原區,0,2,0,7,2,6,50,3,1,1,5,4,6,6,4,4,1,4,5,1,13,3,10,5,4,B03,7,9,1,8,2,8,,7,7,1,13,4,120.712866,24.245923,2
6043,66000,387130000C,(04)23274275,(04)23288582,2025,11,16,10,40,臺中市,大里區,0,0,0,7,,,50,,,,,,,,,,,,,,13,,,,,B03,,,1,,2,,,84,84,1,6,4,120.692205,24.115858,3
6044,66000,387130000C,(04)23274275,(04)23288582,2025,11,16,10,40,臺中市,神岡區,0,1,0,7,1,6,50,13,9,1,5,4,6,6,4,4,5,4,5,1,17,3,10,5,4,B03,7,1,1,8,2,4,,51,51,1,12,4,120.695736,24.252061,2
6045,66000,387130000C,(04)23274275,(04)23288582,2025,11,16,10,45,臺中市,豐原區,0,1,0,7,2,8,10,13,9,1,5,4,6,6,4,4,9,5,5,1,27,2,9,6,1,F01,7,9,7,21,2,11,,84,84,1,12,4,120.749515,24.274819,2
6046,66000,387130000C,(04)23274275,(04)23288582,2025,11,16,10,49,臺中市,西屯區,0,0,0,7,,,50,,,,,,,,,,,,,,13,,,,,B03,,,1,,1,,,59,59,1,13,4,120.664788,24.172892,3
6047,66000,387130000C,(04)23274275,(04)23288582,2025,11,16,10,52,臺中市,北屯區,0,1,0,7,2,6,50,13,9,1,5,4,6,6,4,4,1,4,5,2,13,2,9,1,1,C03,7,12,1,10,2,11,,84,84,1,6,4,120.728177,24.169078,2
6048,66000,387130000C,(04)23274275,(04)23288582,2025,11,16,10,55,臺中市,西屯區,0,0,0,7,,,40,,,,,,,,,,,,,,,,,,,B03,,,1,,1,,,56,56,1,12,4,120.641105,24.157163,3
6049,66000,387130000C,(04)23274275,(04)23288582,2025,11,16,10,57,臺中市,大甲區,0,0,0,7,,,50,,,,,,,,,,,,,,,,,,,F03,,,1,,2,,,14,14,1,6,4,120.625043,24.344964,3
6050,66000,387130000C,(04)23274275,(04)23288582,2025,11,16,11,0,臺中市,北區,0,0,0,7,,,50,,,,,,,,,,,,,,17,,,,,B03,,,1,,2,,,84,84,1,13,4,120.678432,24.158341,3
6051,66000,387130000C,(04)23274275,(04)23288582,2025,11,16,11,0,臺中市,外埔區,0,0,0,7,,,50,,,,,,,,,,,,,,14,,,,,B03,,,1,,2,,,49,49,1,12,4,120.616102,24.332332,3
6052,66000,387130000C,(04)23274275,(04)23288582,2025,11,16,11,2,臺中市,北屯區,0,2,0,7,2,6,50,13,9,1,5,4,6,6,4,4,1,4,5,2,16,2,9,1,1,C03,7,5,1,10,2,12,,85,85,1,13,4,120.692597,24.171428,2
6053,66000,387130000C,(04)23274275,(04)23288582,2025,11,16,11,8,臺中市,東區,0,1,0,7,3,6,50,4,1,1,5,4,6,6,1,1,10,5,5,2,17,2,9,5,4,C03,7,1,5,19,2,14,,51,51,1,12,4,120.689186,24.142917,2
6054,66000,387130000C,(04)23274275,(04)23288582,2025,11,16,11,15,臺中市,太平區,0,2,0,7,2,6,50,13,9,1,5,4,6,6,4,4,5,5,5,1,12,2,7,2,1,F01,7,9,7,21,2,12,,8,8,1,12,4,120.717832,24.129061,2
6055,66000,387130000C,(04)23274275,(04)23288582,2025,11,16,11,16,臺中市,南屯區,0,1,0,7,3,6,50,13,9,1,5,4,6,6,4,4,9,5,5,2,16,3,10,5,4,B03,7,6,1,8,2,5,,20,20,1,6,4,120.646192,24.153582,2
6056,66000,387130000C,(04)23274275,(04)23288582,2025,11,16,11,16,臺中市,烏日區,0,0,0,7,,,60,,,,,,,,,,,,,,14,,,,,B12,,,1,,1,,,59,59,1,12,4,120.592781,24.112694,3
6057,66000,387130000C,(04)23274275,(04)23288582,2025,11,16,11,20,臺中市,北屯區,0,2,0,7,2,6,50,13,9,1,5,4,6,6,4,4,10,5,5,2,12,3,10,5,4,B03,7,9,1,8,2,2,,8,8,1,12,4,120.716899,24.175301,2
6058,66000,387130000C,(04)23274275,(04)23288582,2025,11,16,11,21,臺中市,大里區,0,1,0,7,3,6,0,13,9,1,5,4,6,6,4,4,10,5,5,2,3,2,9,6,5,H01,8,16,7,21,10,17,,98,98,1,12,5,120.695863,24.091225,2
6059,66000,387130000C,(04)23274275,(04)23288582,2025,11,16,11,24,臺中市,沙鹿區,0,0,0,7,,,50,,,,,,,,,,,,,,,,,,,B03,,,1,,1,,,84,84,1,13,4,120.569956,24.238173,3
6060,66000,387130000C,(04)23274275,(04)23288582,2025,11,16,11,24,臺中市,大甲區,0,2,0,7,3,6,50,4,1,1,5,4,6,6,2,1,10,5,5,2,17,2,8,2,1,C03,7,8,1,10,2,14,,40,40,1,6,4,120.627769,24.346593,2
6061,66000,387130000C,(04)23274275,(04)23288582,2025,11,16,11,25,臺中市,大里區,0,2,0,7,2,6,50,4,1,1,5,4,6,6,1,1,10,5,5,2,15,2,9,1,1,C03,7,9,2,19,2,11,,21,21,1,12,4,120.701759,24.110999,2
6062,66000,387130000C,(04)23274275,(04)23288582,2025,11,16,11,28,臺中市,南區,0,1,0,7,2,6,50,4,19,1,5,4,6,6,2,1,10,5,5,2,3,3,10,3,1,B03,7,6,1,8,2,1,,10,10,1,12,4,120.657228,24.116752,2
6063,66000,387130000C,(04)23274275,(04)23288582,2025,11,16,11,28,臺中市,后里區,0,0,0,7,,,40,,,,,,,,,,,,,,14,,,,,B03,,,1,,1,,,50,50,1,12,4,120.725033,24.326324,3
6064,66000,387130000C,(04)23274275,(04)23288582,2025,11,16,11,29,臺中市,神岡區,0,1,0,7,2,6,30,3,1,1,5,4,6,6,4,4,10,5,5,2,16,2,9,5,4,B03,7,6,1,8,2,5,,14,14,1,12,4,120.711915,24.25951,2
6065,66000,387130000C,(04)23274275,(04)23288582,2025,11,16,11,33,臺中市,大肚區,0,1,0,7,2,6,30,11,9,1,5,4,6,6,4,4,10,5,5,2,18,2,8,1,1,C03,7,9,1,10,2,12,,6,6,1,6,4,120.543863,24.150301,2
6066,66000,387130000C,(04)23274275,(04)23288582,2025,11,16,11,33,臺中市,清水區,0,0,0,7,,,50,,,,,,,,,,,,,,,,,,,C03,,,1,,2,,,11,11,1,12,4,120.563093,24.267815,3