序號,縣市別代碼,機關代碼,市話,傳真,年,月,日,時,分,縣市,區,死亡數量,受傷數量,2-30,天候,道路照明設備,道路類別,道路速限,道路型態,事故位置,路面鋪裝,路面狀態,路面缺陷,障礙物,視距,號誌種類,號誌動作,分向設施,快車道或一般車道間,快慢車道間,路面邊線,事故類型及型態,受傷程度,主要傷處,保護裝備,行動電話或功能裝置,當事者區分(類別),車輛用途,當事者行動狀態,駕照狀態,駕照種類,飲酒情形,車輛撞擊部位最初,車輛撞擊部位其他,肇事因素個別,肇事因素主要,肇事逃逸,職業,共享經濟或外送平台,GPS座標X,GPS座標Y,事故類別
6067,66000,387130000C,(04)23274275,(04)23288582,2025,11,16,11,36,臺中市,太平區,0,2,0,7,2,6,30,4,1,1,5,4,6,6,4,4,10,5,5,2,17,2,8,1,1,C03,7,5,1,10,2,12,,84,84,1,12,4,120.717441,24.112823,2
6068,66000,387130000C,(04)23274275,(04)23288582,2025,11,16,11,38,臺中市,新社區,0,1,0,7,3,6,30,13,9,1,5,4,6,6,4,4,10,5,5,1,17,3,10,2,1,C03,7,6,3,19,2,14,,65,65,1,6,4,120.787177,24.240118,2
6069,66000,387130000C,(04)23274275,(04)23288582,2025,11,16,11,39,臺中市,東區,0,1,0,7,1,6,50,4,1,1,5,4,6,6,1,1,9,4,5,2,12,2,7,1,1,C03,7,9,1,10,2,11,14,84,84,1,12,4,120.687858,24.13653,2
6070,66000,387130000C,(04)23274275,(04)23288582,2025,11,16,11,42,臺中市,北屯區,0,0,0,7,,,50,,,,,,,,,,,,,,9,,,,,C03,,,1,,1,,,59,59,1,12,4,120.740497,24.179252,3
6071,66000,387130000C,(04)23274275,(04)23288582,2025,11,16,11,47,臺中市,北屯區,0,3,0,7,2,6,50,4,9,1,5,4,6,6,2,1,4,3,5,2,12,2,9,2,1,C03,7,6,1,10,3,14,12,42,42,1,13,4,120.68682,24.166956,2
6072,66000,387130000C,(04)23274275,(04)23288582,2025,11,16,11,48,臺中市,北屯區,0,0,0,7,,,50,,,,,,,,,,,,,,12,,,,,B03,,,1,,1,,,51,51,1,12,4,120.746864,24.192394,3
6073,66000,387130000C,(04)23274275,(04)23288582,2025,11,16,11,50,臺中市,豐原區,0,0,0,7,,,50,,,,,,,,,,,,,,13,,,,,C04,,,1,,2,,,7,7,1,13,4,120.717153,24.248228,3
6074,66000,387130000C,(04)23274275,(04)23288582,2025,11,16,11,52,臺中市,南屯區,0,1,0,7,3,6,50,4,9,1,5,4,6,6,1,1,5,2,5,2,17,3,10,3,1,B03,7,11,1,8,2,5,,45,45,1,12,4,120.649839,24.14884,2
6075,66000,387130000C,(04)23274275,(04)23288582,2025,11,16,11,53,臺中市,東區,0,0,0,7,,,50,,,,,,,,,,,,,,12,,,,,B03,,,1,,1,,,42,42,1,12,4,120.694352,24.142709,3
6076,66000,387130000C,(04)23274275,(04)23288582,2025,11,16,11,59,臺中市,北屯區,0,1,0,7,2,6,30,3,1,1,5,4,6,6,4,4,10,5,5,2,14,3,10,3,1,B11,7,2,1,4,2,3,,49,49,1,6,4,120.683612,24.1928,2
6077,66000,387130000C,(04)23274275,(04)23288582,2025,11,16,12,13,臺中市,北屯區,0,1,0,7,2,6,50,4,1,1,5,4,6,6,2,1,10,5,5,2,15,2,9,1,1,C03,7,9,1,10,2,11,,21,21,1,12,4,120.677563,24.199237,2
6078,66000,387130000C,(04)23274275,(04)23288582,2025,11,16,12,14,臺中市,北屯區,0,2,0,7,3,6,50,13,9,1,5,4,6,6,4,4,3,4,5,2,17,3,10,3,1,B03,7,9,1,8,2,2,,85,85,1,12,4,120.702059,24.164977,2
6079,66000,387130000C,(04)23274275,(04)23288582,2025,11,16,12,15,臺中市,梧棲區,0,0,0,7,,,50,,,,,,,,,,,,,,14,,,,,B03,,,1,,2,,,49,49,1,6,4,120.534799,24.259228,4
6080,66000,387130000C,(04)23274275,(04)23288582,2025,11,16,12,19,臺中市,北區,0,0,0,7,,,50,,,,,,,,,,,,,,17,,,,,B03,,,1,,1,,,84,84,1,12,4,120.685506,24.145825,3
6081,66000,387130000C,(04)23274275,(04)23288582,2025,11,16,12,20,臺中市,南屯區,0,1,0,7,3,6,50,4,1,1,5,4,6,6,2,1,10,5,5,2,17,3,10,5,4,B03,7,11,1,8,2,2,,45,45,1,6,4,120.646194,24.129562,2
6082,66000,387130000C,(04)23274275,(04)23288582,2025,11,16,12,20,臺中市,龍井區,0,1,0,7,2,6,40,13,14,1,5,4,6,6,4,4,8,5,5,1,17,2,9,1,1,F01,7,9,7,21,2,11,,59,59,1,6,4,120.544579,24.178482,2
6083,66000,387130000C,(04)23274275,(04)23288582,2025,11,16,12,21,臺中市,大里區,0,0,0,7,,,50,,,,,,,,,,,,,,13,,,,,B03,,,1,,2,,,7,7,1,12,4,120.694371,24.092875,3
6084,66000,387130000C,(04)23274275,(04)23288582,2025,11,16,12,22,臺中市,南區,0,2,0,7,3,6,40,4,1,1,5,4,6,6,1,1,10,5,5,2,16,2,7,5,4,C03,7,11,1,10,2,15,,45,45,1,12,4,120.681098,24.122357,2
6085,66000,387130000C,(04)23274275,(04)23288582,2025,11,16,12,23,臺中市,北屯區,0,1,0,7,2,6,50,13,7,1,5,4,6,6,4,4,5,5,4,2,17,3,10,3,1,B03,7,1,1,8,2,8,,51,51,1,13,4,120.68399,24.181366,2
6086,66000,387130000C,(04)23274275,(04)23288582,2025,11,16,12,23,臺中市,清水區,0,0,0,7,,,50,,,,,,,,,,,,,,,,,,,B03,,,1,,11,,,6,6,1,12,4,120.551754,24.264405,3
6087,66000,387130000C,(04)23274275,(04)23288582,2025,11,16,12,25,臺中市,霧峰區,0,2,0,7,2,6,50,4,2,1,5,4,6,6,1,1,5,2,4,2,16,2,8,2,1,C03,7,6,1,10,2,13,,39,39,1,13,4,120.697019,24.063522,2
6088,66000,387130000C,(04)23274275,(04)23288582,2025,11,16,12,26,臺中市,大雅區,0,1,0,7,3,6,50,4,1,1,5,4,6,6,1,1,10,5,5,2,17,3,10,3,1,B03,7,6,1,8,2,8,,84,84,1,12,4,120.654026,24.22935,2
6089,66000,387130000C,(04)23274275,(04)23288582,2025,11,16,12,27,臺中市,西區,0,0,0,7,,,50,,,,,,,,,,,,,,17,,,,,B03,,,1,,9,,,84,84,2,12,4,120.655251,24.154138,3
6090,66000,387130000C,(04)23274275,(04)23288582,2025,11,16,12,27,臺中市,西區,0,0,0,7,,,60,,,,,,,,,,,,,,14,,,,,B01,,,1,,1,,,59,59,1,13,4,120.673251,24.147897,3
6091,66000,387130000C,(04)23274275,(04)23288582,2025,11,16,12,27,臺中市,北屯區,0,0,0,7,,,50,,,,,,,,,,,,,,13,,,,,B03,,,1,,2,,,59,59,1,12,4,120.720464,24.162869,3
6092,66000,387130000C,(04)23274275,(04)23288582,2025,11,16,12,31,臺中市,大里區,0,1,0,7,2,6,50,4,1,1,5,4,6,6,2,1,5,5,4,1,13,2,9,1,1,F03,7,9,7,21,2,11,14,84,84,1,6,4,120.679141,24.109383,2
6093,66000,387130000C,(04)23274275,(04)23288582,2025,11,16,12,32,臺中市,西區,0,1,0,7,1,6,50,13,9,1,5,4,6,6,4,4,1,4,5,2,17,2,9,5,4,C03,7,1,1,10,2,11,,51,51,1,12,4,120.65746,24.138164,2
6094,66000,387130000C,(04)23274275,(04)23288582,2025,11,16,12,34,臺中市,北區,0,0,0,7,,,30,,,,,,,,,,,,,,17,,,,,B03,,,1,,1,,,8,8,1,13,4,120.6666,24.158645,3
6095,66000,387130000C,(04)23274275,(04)23288582,2025,11,16,12,34,臺中市,太平區,0,0,0,7,2,6,50,13,7,1,5,4,6,6,4,4,5,5,4,2,13,3,10,3,1,B03,7,9,1,8,2,1,,84,84,1,12,4,120.704859,24.14831,3
6096,66000,387130000C,(04)23274275,(04)23288582,2025,11,16,12,37,臺中市,大甲區,0,0,0,6,,,90,,,,,,,,,,,,,,,,,,,B03,,,1,,1,,,81,81,1,12,4,120.596134,24.387599,3
6097,66000,387130000C,(04)23274275,(04)23288582,2025,11,16,12,40,臺中市,梧棲區,0,0,0,7,,,70,,,,,,,,,,,,,,16,,,,,B03,,,1,,1,,,47,47,1,6,4,120.524932,24.254029,3
6098,66000,387130000C,(04)23274275,(04)23288582,2025,11,16,12,46,臺中市,西區,0,1,0,7,2,6,50,4,1,1,5,4,6,6,1,1,10,5,5,2,18,2,9,1,1,C03,7,9,1,10,2,15,,6,6,1,12,4,120.66612,24.131235,2
6099,66000,387130000C,(04)23274275,(04)23288582,2025,11,16,12,51,臺中市,清水區,0,0,0,7,,,50,,,,,,,,,,,,,,,,,,,B03,,,1,,1,,,8,8,1,12,4,120.578639,24.271149,3
6100,66000,387130000C,(04)23274275,(04)23288582,2025,11,16,12,52,臺中市,大里區,0,0,0,7,,,,,,,,,,,,,,,,,17,,,,,,,,,,,,,119,119,1,,,120.67681,24.107746,3
6101,66000,387130000C,(04)23274275,(04)23288582,2025,11,16,12,57,臺中市,大里區,0,0,0,7,,,50,,,,,,,,,,,,,,13,,,,,C03,,,1,,2,,,7,7,1,6,4,120.689349,24.118798,3
6102,66000,387130000C,(04)23274275,(04)23288582,2025,11,16,13,15,臺中市,西屯區,0,1,0,7,2,6,50,4,1,1,5,4,6,6,4,4,10,5,5,2,17,3,10,5,4,B01,7,11,1,4,2,5,,45,45,1,12,4,120.645695,24.178857,2
6103,66000,387130000C,(04)23274275,(04)23288582,2025,11,16,13,17,臺中市,北區,0,0,0,7,,,50,,,,,,,,,,,,,,13,,,,,B03,,,1,,1,,,84,84,1,13,4,120.670529,24.162837,3
6104,66000,387130000C,(04)23274275,(04)23288582,2025,11,16,13,20,臺中市,北屯區,0,0,0,7,,,50,,,,,,,,,,,,,,17,,,,,B03,,,1,,1,,,49,49,1,13,4,120.668064,24.178596,3
6105,66000,387130000C,(04)23274275,(04)23288582,2025,11,16,13,25,臺中市,北屯區,0,0,0,7,,,50,,,,,,,,,,,,,,12,,,,,B03,,,1,,1,,,40,40,1,6,4,120.693367,24.183076,3
6106,66000,387130000C,(04)23274275,(04)23288582,2025,11,16,13,25,臺中市,北屯區,0,0,0,7,,,40,,,,,,,,,,,,,,,,,,,B12,,,1,,1,,,78,78,1,6,4,120.723237,24.172358,3
6107,66000,387130000C,(04)23274275,(04)23288582,2025,11,16,13,26,臺中市,北區,0,0,0,7,,,50,,,,,,,,,,,,,,17,,,,,C03,,,1,,1,,,7,7,1,12,4,120.684763,24.151569,3
6108,66000,387130000C,(04)23274275,(04)23288582,2025,11,16,13,27,臺中市,大雅區,0,1,0,7,3,6,50,4,1,1,5,4,6,6,1,1,10,5,5,2,17,3,10,3,1,B03,7,9,1,8,2,5,,84,84,1,12,4,120.653566,24.224072,2
6109,66000,387130000C,(04)23274275,(04)23288582,2025,11,16,13,30,臺中市,西屯區,0,1,0,7,2,6,50,4,1,1,5,4,6,6,2,1,10,5,5,2,16,2,8,2,1,C03,7,6,1,10,2,14,,48,48,1,13,4,120.611358,24.191946,2
6110,66000,387130000C,(04)23274275,(04)23288582,2025,11,16,13,35,臺中市,西區,0,0,0,7,,,60,,,,,,,,,,,,,,13,,,,,B03,,,1,,2,,,7,7,1,12,4,120.663188,24.155198,3
6111,66000,387130000C,(04)23274275,(04)23288582,2025,11,16,13,35,臺中市,大里區,0,0,0,7,,,50,,,,,,,,,,,,,,14,,,,,B03,,,1,,2,,,49,49,1,12,4,120.681183,24.115756,3
6112,66000,387130000C,(04)23274275,(04)23288582,2025,11,16,13,39,臺中市,大雅區,0,1,0,7,3,6,50,3,1,1,5,4,6,6,3,1,9,4,4,1,16,2,9,2,1,C03,7,6,1,10,2,14,,36,36,1,13,2,120.663643,24.218607,2
6113,66000,387130000C,(04)23274275,(04)23288582,2025,11,16,13,41,臺中市,北屯區,0,0,0,7,,,50,,,,,,,,,,,,,,9,,,,,B03,,,1,8,2,,,43,43,1,12,4,120.768603,24.197792,3
6114,66000,387130000C,(04)23274275,(04)23288582,2025,11,16,13,45,臺中市,西區,0,1,0,7,2,6,50,13,9,1,5,4,6,6,4,4,10,4,5,2,18,2,9,2,1,C03,7,9,1,10,2,14,,87,87,1,12,4,120.673947,24.140331,2
6115,66000,387130000C,(04)23274275,(04)23288582,2025,11,16,13,45,臺中市,太平區,0,1,0,7,2,6,50,3,1,1,5,4,6,6,1,1,10,5,5,2,12,3,10,3,1,B03,7,9,1,8,2,2,,8,8,1,12,4,120.70464,24.162422,2
6116,66000,387130000C,(04)23274275,(04)23288582,2025,11,16,13,46,臺中市,新社區,0,1,0,7,3,6,30,3,1,1,5,4,5,6,3,1,10,5,5,1,15,3,10,5,4,C03,7,9,1,10,2,14,,24,24,1,12,4,120.801997,24.206557,2
6117,66000,387130000C,(04)23274275,(04)23288582,2025,11,16,13,52,臺中市,東區,0,2,0,7,3,6,50,3,1,1,5,4,6,6,4,4,10,5,5,2,16,2,9,2,1,C03,7,9,1,10,2,15,,84,84,1,12,4,120.69745,24.149033,2
6118,66000,387130000C,(04)23274275,(04)23288582,2025,11,16,14,4,臺中市,大里區,0,0,0,7,,,50,,,,,,,,,,,,,,17,,,,,C03,,,1,,1,,,84,84,1,6,4,120.689348,24.100094,3
6119,66000,387130000C,(04)23274275,(04)23288582,2025,11,16,14,9,臺中市,大雅區,0,1,0,7,3,6,0,4,1,1,5,4,6,6,1,1,10,5,5,2,17,2,9,2,1,C04,7,9,1,11,2,14,,39,39,1,12,4,120.654354,24.229247,2
6120,66000,387130000C,(04)23274275,(04)23288582,2025,11,16,14,10,臺中市,西屯區,0,2,0,7,2,6,40,13,8,1,5,4,6,6,4,4,1,4,1,2,12,2,9,2,1,C03,7,9,1,10,2,14,,7,7,1,12,4,120.651516,24.161413,2
6121,66000,387130000C,(04)23274275,(04)23288582,2025,11,16,14,13,臺中市,北屯區,0,1,0,7,2,6,50,13,9,1,5,4,6,6,4,4,10,5,5,2,17,3,10,5,4,B03,7,7,1,3,1,5,,40,40,1,12,4,120.76873,24.200377,2
6122,66000,387130000C,(04)23274275,(04)23288582,2025,11,16,14,17,臺中市,西屯區,0,0,0,7,,,30,,,,,,,,,,,,,,,,,,,B03,,,1,,9,,,8,8,1,13,4,120.656359,24.166577,3
6123,66000,387130000C,(04)23274275,(04)23288582,2025,11,16,14,19,臺中市,南區,0,0,0,7,,,50,,,,,,,,,,,,,,,,,,,C03,,,1,,2,,,7,7,1,12,4,120.659194,24.111126,3
6124,66000,387130000C,(04)23274275,(04)23288582,2025,11,16,14,32,臺中市,北屯區,0,2,0,7,3,6,50,13,9,1,5,4,6,6,4,4,5,4,5,2,17,2,9,1,1,C03,7,9,1,10,1,11,,58,58,1,12,4,120.725814,24.176406,2
6125,66000,387130000C,(04)23274275,(04)23288582,2025,11,16,14,40,臺中市,北屯區,0,0,0,7,,,50,,,,,,,,,,,,,,9,,,,,B03,,,1,8,1,,,7,7,1,12,4,120.778243,24.198924,3
6126,66000,387130000C,(04)23274275,(04)23288582,2025,11,16,14,50,臺中市,大雅區,0,0,0,7,,,60,,,,,,,,,,,,,,,,,,,B03,,,1,,1,,,8,8,1,13,4,120.650633,24.210178,3
6127,66000,387130000C,(04)23274275,(04)23288582,2025,11,16,14,50,臺中市,后里區,0,0,0,7,,,50,,,,,,,,,,,,,,13,,,,,C03,,,1,,1,,,85,85,1,12,4,120.688561,24.30443,3
6128,66000,387130000C,(04)23274275,(04)23288582,2025,11,16,14,53,臺中市,烏日區,0,0,0,7,,3,40,,,,,,,,,,,,,,,,,,,B03,,,1,,1,,,84,84,1,13,4,120.616521,24.107356,3
6129,66000,387130000C,(04)23274275,(04)23288582,2025,11,16,14,54,臺中市,太平區,1,1,0,7,3,6,30,11,9,1,5,4,6,6,4,4,4,5,5,1,10,3,10,3,1,B03,7,9,1,8,2,1,,39,39,1,5,4,120.801674,24.102932,1
6130,66000,387130000C,(04)23274275,(04)23288582,2025,11,16,14,55,臺中市,北區,0,1,0,7,2,6,50,4,1,1,5,4,6,6,4,4,10,5,5,2,15,2,9,5,4,C03,7,9,5,19,2,11,,15,15,1,12,4,120.678817,24.158193,2
6131,66000,387130000C,(04)23274275,(04)23288582,2025,11,16,14,56,臺中市,東區,0,0,0,7,,,50,,,,,,,,,,,,,,13,,,,,B03,,,1,,1,,,84,84,1,12,4,120.687884,24.136541,3
6132,66000,387130000C,(04)23274275,(04)23288582,2025,11,16,14,56,臺中市,東區,0,0,0,7,,,50,,,,,,,,,,,,,,12,,,,,B03,,,1,8,2,,,50,50,1,12,4,120.696812,24.14618,3
6133,66000,387130000C,(04)23274275,(04)23288582,2025,11,16,14,56,臺中市,大里區,0,0,0,7,2,3,40,12,17,1,5,4,6,6,4,4,10,5,5,1,13,,,,,B03,,,1,,1,,,84,84,1,13,4,120.684846,24.091538,3
6134,66000,387130000C,(04)23274275,(04)23288582,2025,11,16,14,57,臺中市,北屯區,0,0,0,7,,,30,,,,,,,,,,,,,,17,,,,,,,,,,,,,119,119,1,,,120.704018,24.170029,3
6135,66000,387130000C,(04)23274275,(04)23288582,2025,11,16,15,0,臺中市,北屯區,0,0,0,7,,,50,,,,,,,,,,,,,,12,,,,,B03,,,1,,1,,,84,84,1,6,4,120.721773,24.178628,3
6136,66000,387130000C,(04)23274275,(04)23288582,2025,11,16,15,3,臺中市,東區,0,1,0,7,1,6,50,3,1,1,5,4,6,6,4,4,10,5,5,2,17,3,10,5,4,C03,7,4,1,10,2,12,,1,1,1,13,4,120.691651,24.128995,2
6137,66000,387130000C,(04)23274275,(04)23288582,2025,11,16,15,3,臺中市,北屯區,0,3,0,7,3,6,50,5,1,1,5,4,6,6,2,1,10,5,5,2,9,3,10,3,1,A04,7,9,1,2,2,1,,84,84,1,6,4,120.73042,24.177167,2
6138,66000,387130000C,(04)23274275,(04)23288582,2025,11,16,15,7,臺中市,北屯區,0,1,0,7,2,6,50,3,1,1,5,4,6,6,1,1,10,5,5,2,16,3,10,3,1,B03,7,5,1,8,2,6,,20,20,1,6,4,120.68233,24.186914,2
6139,66000,387130000C,(04)23274275,(04)23288582,2025,11,16,15,9,臺中市,北區,0,2,0,7,2,6,50,13,9,1,5,4,6,6,4,4,1,4,5,2,13,3,10,5,4,B03,7,9,3,19,7,1,,53,53,1,13,4,120.672248,24.169214,2
6140,66000,387130000C,(04)23274275,(04)23288582,2025,11,16,15,14,臺中市,豐原區,0,2,0,7,2,6,50,4,1,1,5,4,6,6,2,1,5,4,4,1,17,2,9,1,1,F03,7,6,7,21,2,14,,11,11,1,12,4,120.731202,24.24966,2
6141,66000,387130000C,(04)23274275,(04)23288582,2025,11,16,15,17,臺中市,大肚區,0,0,0,7,,,50,,,,,,,,,,,,,,,,,,,C03,,,1,,9,,,59,59,1,6,4,120.544012,24.155843,3
6142,66000,387130000C,(04)23274275,(04)23288582,2025,11,16,15,21,臺中市,龍井區,0,1,0,7,2,6,50,4,1,1,5,4,6,6,4,4,10,5,5,2,16,2,9,5,4,C03,7,1,1,10,2,11,,51,51,1,6,4,120.586427,24.181557,2
6143,66000,387130000C,(04)23274275,(04)23288582,2025,11,16,15,26,臺中市,太平區,0,0,0,7,,,50,,,,,,,,,,,,,,16,,,,,B03,,,1,,2,,,20,20,1,6,4,120.72272,24.152774,3
6144,66000,387130000C,(04)23274275,(04)23288582,2025,11,16,15,26,臺中市,太平區,0,2,0,7,2,6,30,11,9,1,5,4,6,6,4,4,4,5,5,1,11,2,9,1,1,C03,7,5,3,19,2,11,,39,39,1,12,4,120.815867,24.090701,2
6145,66000,387130000C,(04)23274275,(04)23288582,2025,11,16,15,30,臺中市,西屯區,0,0,0,7,,,0,,,,,,,,,,,,,,14,,,,,B03,,,1,,1,,,49,49,1,12,4,120.623816,24.176986,3
6146,66000,387130000C,(04)23274275,(04)23288582,2025,11,16,15,35,臺中市,太平區,0,1,0,7,2,6,50,13,9,1,5,4,6,6,4,4,5,2,4,1,16,3,10,1,1,C03,7,7,1,10,2,13,,20,20,1,12,4,120.722691,24.131971,2
6147,66000,387130000C,(04)23274275,(04)23288582,2025,11,16,15,45,臺中市,北屯區,0,3,0,7,2,6,50,13,9,1,5,4,6,6,4,4,5,5,5,2,13,2,9,1,1,C03,7,9,1,10,2,11,,7,7,1,6,4,120.683541,24.173613,2
6148,66000,387130000C,(04)23274275,(04)23288582,2025,11,16,15,45,臺中市,神岡區,0,0,0,7,,,40,,,,,,,,,,,,,,12,,,,,B03,,,1,,2,,,8,8,1,13,4,120.662712,24.250225,3
6149,66000,387130000C,(04)23274275,(04)23288582,2025,11,16,15,49,臺中市,大雅區,0,1,0,7,3,6,50,4,1,1,5,4,6,6,1,1,9,4,4,1,16,2,9,2,1,C03,7,6,1,10,2,13,,23,23,1,13,4,120.644354,24.209513,2
6150,66000,387130000C,(04)23274275,(04)23288582,2025,11,16,15,50,臺中市,北屯區,0,1,0,7,2,3,80,13,9,1,5,4,6,6,4,4,1,4,5,1,13,2,7,3,1,B03,7,12,1,8,2,1,,7,7,1,6,4,120.67767,24.201179,2
6151,66000,387130000C,(04)23274275,(04)23288582,2025,11,16,15,50,臺中市,龍井區,0,1,0,7,2,6,40,4,1,1,5,4,6,6,2,1,10,5,5,2,16,2,8,5,4,C03,7,9,1,10,2,15,,7,7,1,12,4,120.580157,24.189864,2
6152,66000,387130000C,(04)23274275,(04)23288582,2025,11,16,15,52,臺中市,東區,0,1,0,7,3,6,50,3,1,1,5,4,6,6,4,4,5,4,4,2,11,3,10,3,1,B03,7,6,1,8,2,2,,14,14,1,13,4,120.70895,24.149211,2
6153,66000,387130000C,(04)23274275,(04)23288582,2025,11,16,15,52,臺中市,西屯區,0,0,0,7,,,50,,,,,,,,,,,,,,13,,,,,B03,,,1,,1,,,7,7,1,12,4,120.610803,24.191005,3
6154,66000,387130000C,(04)23274275,(04)23288582,2025,11,16,15,52,臺中市,清水區,0,1,0,7,3,6,50,3,1,1,5,4,6,6,4,4,9,4,4,2,16,3,10,3,1,B03,7,6,1,8,2,2,,20,20,1,12,4,120.567063,24.274467,2
6155,66000,387130000C,(04)23274275,(04)23288582,2025,11,16,15,53,臺中市,大里區,0,1,0,7,2,6,50,11,9,1,5,4,6,6,4,4,5,5,5,1,17,2,9,1,1,C03,7,15,1,10,2,11,,84,84,1,12,4,120.674319,24.10392,2
6156,66000,387130000C,(04)23274275,(04)23288582,2025,11,16,15,54,臺中市,大甲區,0,1,0,7,3,6,50,4,1,1,5,4,6,6,1,1,10,5,5,2,2,2,9,6,5,H01,8,16,7,21,1,17,,109,109,1,6,5,120.625043,24.344964,2
6157,66000,387130000C,(04)23274275,(04)23288582,2025,11,16,15,55,臺中市,北屯區,0,0,0,7,,,50,,,,,,,,,,,,,,,,,,,B03,,,1,,2,,,50,50,1,12,4,120.727874,24.174165,3
6158,66000,387130000C,(04)23274275,(04)23288582,2025,11,16,15,56,臺中市,西區,0,0,0,7,,,50,,,,,,,,,,,,,,12,,,,,B03,,,1,,1,,,40,40,1,13,4,120.682207,24.135859,3
6159,66000,387130000C,(04)23274275,(04)23288582,2025,11,16,15,58,臺中市,南屯區,0,0,0,7,3,6,50,13,9,1,5,4,6,6,4,4,9,5,5,2,12,,,,,B03,,,1,,1,,,45,45,1,12,4,120.624316,24.142431,3
6160,66000,387130000C,(04)23274275,(04)23288582,2025,11,16,16,1,臺中市,北屯區,0,0,0,7,,,50,,,,,,,,,,,,,,17,,,,,B03,,,1,,1,,,51,51,1,6,4,120.735769,24.177877,3
6161,66000,387130000C,(04)23274275,(04)23288582,2025,11,16,16,1,臺中市,大里區,0,0,0,7,,,50,,,,,,,,,,,,,,17,,,,,B03,,,1,8,1,,,84,84,1,13,4,120.682372,24.079157,3
6162,66000,387130000C,(04)23274275,(04)23288582,2025,11,16,16,7,臺中市,大安區,0,0,0,7,,,50,,,,,,,,,,,,,,,,,,,B03,,,1,,1,,,56,56,1,6,4,120.604786,24.359117,3
6163,66000,387130000C,(04)23274275,(04)23288582,2025,11,16,16,8,臺中市,西屯區,0,0,0,7,,,50,,,,,,,,,,,,,,13,,,,,B02,,,1,,1,,,59,59,1,13,4,120.636956,24.172118,3
6164,66000,387130000C,(04)23274275,(04)23288582,2025,11,16,16,13,臺中市,南屯區,0,0,0,7,,,60,,,,,,,,,,,,,,14,,,,,B03,,,1,,1,,,49,49,1,12,4,120.633613,24.147537,3
6165,66000,387130000C,(04)23274275,(04)23288582,2025,11,16,16,13,臺中市,太平區,0,0,0,7,2,3,40,,,,,,,,,,,,,,,,,,,B03,,,1,,2,1,,84,84,1,12,4,120.710068,24.134524,3
6166,66000,387130000C,(04)23274275,(04)23288582,2025,11,16,16,15,臺中市,西區,0,0,0,7,,,50,,,,,,,,,,,,,,13,,,,,B03,,,1,,2,,,7,7,1,12,4,120.685916,24.139151,3
6167,66000,387130000C,(04)23274275,(04)23288582,2025,11,16,16,15,臺中市,南區,0,0,0,7,,,50,,,,,,,,,,,,,,13,,,,,B03,,,1,,1,,,59,59,1,6,4,120.6702,24.118393,3
6168,66000,387130000C,(04)23274275,(04)23288582,2025,11,16,16,16,臺中市,南屯區,0,0,0,7,,,50,,,,,,,,,,,,,,17,,,,,B03,,,1,,1,,,26,26,1,12,4,120.64991,24.13206,3
6169,66000,387130000C,(04)23274275,(04)23288582,2025,11,16,16,18,臺中市,沙鹿區,0,2,0,7,2,6,50,3,1,1,5,4,6,6,1,1,10,5,5,2,16,3,10,3,1,B03,7,5,1,8,2,2,,11,11,1,6,4,120.567817,24.226479,2
6170,66000,387130000C,(04)23274275,(04)23288582,2025,11,16,16,19,臺中市,沙鹿區,0,1,0,7,2,6,50,13,9,1,5,4,6,6,4,4,8,3,5,2,17,3,10,5,4,B03,7,1,1,8,2,4,,51,51,1,13,4,120.568347,24.22691,2
6171,66000,387130000C,(04)23274275,(04)23288582,2025,11,16,16,25,臺中市,霧峰區,0,1,0,7,3,6,40,13,8,1,5,4,6,6,4,4,1,4,4,1,12,2,9,1,1,C03,7,9,2,19,2,14,11,84,84,1,12,4,120.698732,24.072299,2
6172,66000,387130000C,(04)23274275,(04)23288582,2025,11,16,16,25,臺中市,太平區,0,1,0,7,2,6,30,11,9,1,5,4,6,6,4,4,4,5,5,1,17,2,8,2,1,C03,7,6,1,10,2,14,11,84,84,1,12,4,120.817255,24.088936,2
6173,66000,387130000C,(04)23274275,(04)23288582,2025,11,16,16,25,臺中市,太平區,0,2,0,7,2,6,50,4,1,1,5,4,6,6,2,1,10,5,5,2,17,2,9,1,1,C03,7,9,1,10,2,14,,84,84,1,12,4,120.715835,24.136186,2
6174,66000,387130000C,(04)23274275,(04)23288582,2025,11,16,16,28,臺中市,霧峰區,0,0,0,7,,,50,,,,,,,,,,,,,,17,,,,,B12,,,1,8,2,,,84,84,1,13,4,120.696355,24.054374,3
6175,66000,387130000C,(04)23274275,(04)23288582,2025,11,16,16,30,臺中市,大里區,0,0,0,7,2,6,40,13,9,1,5,4,6,6,4,4,9,5,5,1,17,,,,,B03,,,1,,1,,,8,8,1,13,4,120.707927,24.105828,3
6176,66000,387130000C,(04)23274275,(04)23288582,2025,11,16,16,30,臺中市,大甲區,0,0,0,7,,,40,,,,,,,,,,,,,,,,,,,B03,,,1,,1,,,49,49,1,12,4,120.653927,24.378206,4
6177,66000,387130000C,(04)23274275,(04)23288582,2025,11,16,16,36,臺中市,大里區,0,2,0,7,2,6,50,4,1,1,5,4,6,6,4,4,5,5,4,2,13,2,8,1,1,C03,7,9,3,19,2,11,,84,84,1,13,4,120.703298,24.108197,2
6178,66000,387130000C,(04)23274275,(04)23288582,2025,11,16,16,36,臺中市,大里區,0,0,0,7,,,50,,,,,,,,,,,,,,,,,,,B03,,,1,,2,,,51,84,1,12,4,120.682906,24.100599,3