序號,縣市別代碼,機關代碼,市話,傳真,年,月,日,時,分,縣市,區,死亡數量,受傷數量,2-30,天候,道路照明設備,道路類別,道路速限,道路型態,事故位置,路面鋪裝,路面狀態,路面缺陷,障礙物,視距,號誌種類,號誌動作,分向設施,快車道或一般車道間,快慢車道間,路面邊線,事故類型及型態,受傷程度,主要傷處,保護裝備,行動電話或功能裝置,當事者區分(類別),車輛用途,當事者行動狀態,駕照狀態,駕照種類,飲酒情形,車輛撞擊部位最初,車輛撞擊部位其他,肇事因素個別,肇事因素主要,肇事逃逸,職業,共享經濟或外送平台,GPS座標X,GPS座標Y,事故類別
6179,66000,387130000C,(04)23274275,(04)23288582,2025,11,16,16,37,臺中市,東區,0,1,0,7,1,6,50,4,4,1,5,4,6,6,2,1,10,5,5,2,13,3,10,5,4,C03,7,9,1,10,2,11,,84,84,1,13,4,120.710178,24.140797,2
6180,66000,387130000C,(04)23274275,(04)23288582,2025,11,16,16,40,臺中市,中區,0,0,0,7,,,50,,,,,,,,,,,,,,,,,,,B03,,,1,,1,,,49,49,1,12,4,120.682853,24.142207,3
6181,66000,387130000C,(04)23274275,(04)23288582,2025,11,16,16,42,臺中市,南區,0,0,0,7,,,50,,,,,,,,,,,,,,,,,,,C03,,,6,,9,,,84,84,1,6,4,120.648413,24.122722,4
6182,66000,387130000C,(04)23274275,(04)23288582,2025,11,16,16,43,臺中市,沙鹿區,0,1,0,7,2,6,50,4,1,1,5,4,6,6,4,4,10,5,5,2,15,2,8,1,1,C03,7,9,1,10,2,11,,12,12,1,12,4,120.558152,24.247102,2
6183,66000,387130000C,(04)23274275,(04)23288582,2025,11,16,16,44,臺中市,豐原區,0,0,0,7,,,50,,,,,,,,,,,,,,17,,,,,B03,,,1,,9,,,84,84,1,13,4,120.70311,24.249516,3
6184,66000,387130000C,(04)23274275,(04)23288582,2025,11,16,16,45,臺中市,西區,0,0,0,7,,,,,,,,,,,,,,,,,17,,,,,,,,,,,,,87,87,1,,,120.653949,24.152246,3
6185,66000,387130000C,(04)23274275,(04)23288582,2025,11,16,16,48,臺中市,大里區,0,0,0,7,,,30,,,,,,,,,,,,,,,,,,,C03,,,1,,2,,,50,50,1,12,4,120.695024,24.112446,3
6186,66000,387130000C,(04)23274275,(04)23288582,2025,11,16,16,55,臺中市,潭子區,0,1,0,7,2,6,50,4,1,1,5,4,6,6,4,4,10,5,5,2,17,3,10,3,1,B03,7,11,1,8,2,8,,45,45,1,13,4,120.701774,24.190932,2
6187,66000,387130000C,(04)23274275,(04)23288582,2025,11,16,17,0,臺中市,西區,0,0,0,7,,,40,,,,,,,,,,,,,,13,,,,,B03,,,1,,1,,,7,7,1,12,4,120.65495,24.153368,3
6188,66000,387130000C,(04)23274275,(04)23288582,2025,11,16,17,0,臺中市,沙鹿區,0,0,0,7,,,50,,,,,,,,,,,,,,,,,,,B03,,,1,,1,,,50,50,1,12,4,120.564142,24.237351,3
6189,66000,387130000C,(04)23274275,(04)23288582,2025,11,16,17,5,臺中市,霧峰區,0,0,0,7,,,50,,,,,,,,,,,,,,12,,,,,B03,,,1,,2,,,51,51,1,12,4,120.696936,24.069789,3
6190,66000,387130000C,(04)23274275,(04)23288582,2025,11,16,17,8,臺中市,神岡區,0,1,0,7,1,6,10,4,1,1,5,4,6,6,4,4,10,5,5,1,15,2,9,1,1,F01,7,9,7,21,1,12,,20,20,1,12,4,120.69227,24.235634,2
6191,66000,387130000C,(04)23274275,(04)23288582,2025,11,16,17,11,臺中市,烏日區,0,0,0,7,,,60,,,,,,,,,,,,,,,,,,,B03,,,1,,1,,,2,2,1,12,4,120.615906,24.116206,3
6192,66000,387130000C,(04)23274275,(04)23288582,2025,11,16,17,15,臺中市,南屯區,0,1,0,7,2,6,50,13,9,1,5,4,6,6,4,4,5,4,4,2,17,3,10,3,1,B03,7,9,1,8,2,2,,84,84,1,12,4,120.646447,24.141911,2
6193,66000,387130000C,(04)23274275,(04)23288582,2025,11,16,17,17,臺中市,北區,0,0,0,7,,,50,,,,,,,,,,,,,,13,,,,,B03,,,1,,1,,,84,84,1,12,4,120.684439,24.142387,3
6194,66000,387130000C,(04)23274275,(04)23288582,2025,11,16,17,21,臺中市,南區,0,1,0,7,1,6,50,3,2,1,5,4,6,6,2,1,1,4,5,2,17,2,9,2,1,C03,7,9,1,10,2,11,,84,84,1,12,4,120.658126,24.112588,2
6195,66000,387130000C,(04)23274275,(04)23288582,2025,11,16,17,29,臺中市,霧峰區,0,0,0,7,,,50,,,,,,,,,,,,,,17,,,,,B03,,,5,19,2,,,84,84,1,13,4,120.691987,24.042187,3
6196,66000,387130000C,(04)23274275,(04)23288582,2025,11,16,17,31,臺中市,潭子區,0,0,0,7,,,40,,,,,,,,,,,,,,,,,,,C03,,,1,,2,,,49,49,1,13,4,120.725633,24.199922,3
6197,66000,387130000C,(04)23274275,(04)23288582,2025,11,16,17,34,臺中市,北區,0,1,0,7,1,6,50,3,1,1,5,4,6,6,2,1,10,5,5,2,16,3,10,3,1,B01,7,5,1,2,2,2,,47,47,1,12,4,120.683437,24.15371,2
6198,66000,387130000C,(04)23274275,(04)23288582,2025,11,16,17,36,臺中市,東區,0,0,0,7,,,50,,,,,,,,,,,,,,,,,,,B03,,,1,,2,,,84,84,1,6,4,120.699711,24.144523,3
6199,66000,387130000C,(04)23274275,(04)23288582,2025,11,16,17,36,臺中市,大里區,0,0,0,7,1,6,50,4,2,1,5,4,6,6,1,1,5,5,5,1,17,,,,,C03,,,1,,2,,,84,84,1,13,4,120.684425,24.104566,3
6200,66000,387130000C,(04)23274275,(04)23288582,2025,11,16,17,38,臺中市,南屯區,0,0,0,7,,,50,,,,,,,,,,,,,,13,,,,,B03,,,1,,2,,,7,7,1,13,4,120.64411,24.138183,3
6201,66000,387130000C,(04)23274275,(04)23288582,2025,11,16,17,42,臺中市,西區,0,0,0,7,,,50,,,,,,,,,,,,,,,,,,,B03,,,1,,1,,,7,7,1,12,4,120.662241,24.158484,3
6202,66000,387130000C,(04)23274275,(04)23288582,2025,11,16,17,44,臺中市,中區,0,1,0,7,1,6,30,4,1,1,5,4,6,6,4,4,10,5,5,2,15,3,10,3,1,B01,7,9,1,4,2,5,,13,13,1,13,4,120.683704,24.1401,2
6203,66000,387130000C,(04)23274275,(04)23288582,2025,11,16,17,45,臺中市,龍井區,0,0,0,7,,,50,,,,,,,,,,,,,,,,,,,B03,,,1,,1,,,49,49,1,12,4,120.573422,24.185409,3
6204,66000,387130000C,(04)23274275,(04)23288582,2025,11,16,17,47,臺中市,東區,0,1,0,7,1,6,50,4,9,1,5,4,6,6,1,1,5,5,5,2,17,3,10,5,4,B03,7,4,1,8,2,16,,21,21,1,6,4,120.700722,24.127289,2
6205,66000,387130000C,(04)23274275,(04)23288582,2025,11,16,17,50,臺中市,烏日區,0,2,0,7,1,6,50,5,1,1,5,4,6,6,1,1,1,4,5,2,16,2,9,1,1,C03,7,6,1,10,2,11,,11,11,1,6,4,120.607517,24.111886,2
6206,66000,387130000C,(04)23274275,(04)23288582,2025,11,16,17,50,臺中市,清水區,0,0,0,7,,,50,,,,,,,,,,,,,,23,,,,,B03,,,1,,9,,,8,8,1,13,4,120.540215,24.268679,3
6207,66000,387130000C,(04)23274275,(04)23288582,2025,11,16,17,52,臺中市,南屯區,0,2,0,7,1,6,50,4,1,1,5,4,6,6,1,1,10,5,5,2,17,2,9,1,1,C03,7,9,1,10,2,14,,21,21,1,12,4,120.636323,24.146538,2
6208,66000,387130000C,(04)23274275,(04)23288582,2025,11,16,17,52,臺中市,西屯區,0,0,0,7,,,50,,,,,,,,,,,,,,11,,,,,B03,,,1,,2,,,8,8,1,12,4,120.657784,24.158123,3
6209,66000,387130000C,(04)23274275,(04)23288582,2025,11,16,17,55,臺中市,豐原區,0,0,0,7,,,50,,,,,,,,,,,,,,17,,,,,B03,,,1,,2,,,26,26,1,12,4,120.745916,24.262522,4
6210,66000,387130000C,(04)23274275,(04)23288582,2025,11,16,17,56,臺中市,西屯區,0,0,0,7,,,50,,,,,,,,,,,,,,17,,,,,B03,,,1,,2,,,51,51,1,13,4,120.615911,24.189103,4
6211,66000,387130000C,(04)23274275,(04)23288582,2025,11,16,17,59,臺中市,大甲區,0,1,0,7,3,6,50,4,1,1,5,4,6,6,4,4,10,5,5,2,17,3,10,3,1,B03,7,9,1,8,2,1,,15,15,1,6,4,120.61816,24.351399,2
6212,66000,387130000C,(04)23274275,(04)23288582,2025,11,16,18,0,臺中市,南區,0,2,0,7,1,6,50,4,1,1,5,4,6,6,2,1,10,5,5,2,13,2,9,5,4,C03,7,9,1,10,2,11,,7,7,1,13,4,120.668774,24.128818,2
6213,66000,387130000C,(04)23274275,(04)23288582,2025,11,16,18,1,臺中市,北屯區,0,0,0,7,,,50,,,,,,,,,,,,,,16,,,,,B03,,,1,,1,,,84,84,1,6,4,120.660021,24.192765,3
6214,66000,387130000C,(04)23274275,(04)23288582,2025,11,16,18,2,臺中市,西屯區,0,4,0,7,2,6,40,13,8,1,5,4,6,6,4,4,10,5,4,2,12,2,9,1,1,C03,7,7,1,10,2,12,,40,40,1,13,4,120.627254,24.181357,2
6215,66000,387130000C,(04)23274275,(04)23288582,2025,11,16,18,4,臺中市,梧棲區,0,1,0,7,1,6,50,3,1,1,5,4,6,6,1,1,9,4,5,2,16,3,10,1,1,C03,7,5,1,10,2,13,,11,11,1,12,4,120.538895,24.249924,2
6216,66000,387130000C,(04)23274275,(04)23288582,2025,11,16,18,9,臺中市,南區,0,0,0,7,,,50,,,,,,,,,,,,,,,,,,,B03,,,1,,2,,,49,49,1,13,4,120.669195,24.122397,3
6217,66000,387130000C,(04)23274275,(04)23288582,2025,11,16,18,11,臺中市,南區,0,0,0,7,,,50,,,,,,,,,,,,,,17,,,,,B03,,,1,,2,,,40,40,1,6,4,120.670245,24.114468,3
6218,66000,387130000C,(04)23274275,(04)23288582,2025,11,16,18,12,臺中市,南區,0,0,0,7,,,50,,,,,,,,,,,,,,,,,,,C03,,,1,,9,,,84,84,2,6,4,120.657754,24.129003,3
6219,66000,387130000C,(04)23274275,(04)23288582,2025,11,16,18,14,臺中市,烏日區,0,0,0,7,,,40,,,,,,,,,,,,,,,,,,,B03,,,1,,1,,,49,49,1,13,4,120.644357,24.112635,3
6220,66000,387130000C,(04)23274275,(04)23288582,2025,11,16,18,15,臺中市,南屯區,0,0,0,7,,,40,,,,,,,,,,,,,,17,,,,,B03,,,1,,2,,,58,58,1,13,4,120.648316,24.130906,3
6221,66000,387130000C,(04)23274275,(04)23288582,2025,11,16,18,15,臺中市,南屯區,0,0,0,7,,,50,,,,,,,,,,,,,,,,,,,C03,,,1,,1,,,7,7,1,12,4,120.65443,24.142717,3
6222,66000,387130000C,(04)23274275,(04)23288582,2025,11,16,18,18,臺中市,東區,0,0,0,7,,,50,,,,,,,,,,,,,,,,,,,B03,,,1,,2,,,14,14,1,13,4,120.693882,24.132992,3
6223,66000,387130000C,(04)23274275,(04)23288582,2025,11,16,18,18,臺中市,南屯區,0,0,0,7,,,60,,,,,,,,,,,,,,13,,,,,B03,,,1,,1,,,59,59,1,5,4,120.616286,24.146186,3
6224,66000,387130000C,(04)23274275,(04)23288582,2025,11,16,18,25,臺中市,太平區,0,0,0,7,,,50,,,,,,,,,,,,,,13,,,,,B03,,,1,,2,,,86,86,1,12,4,120.724506,24.130134,3
6225,66000,387130000C,(04)23274275,(04)23288582,2025,11,16,18,30,臺中市,東區,0,1,0,6,1,6,50,4,1,1,5,4,6,5,1,1,5,5,5,2,11,3,10,2,1,C03,7,6,1,10,2,11,,11,11,1,6,4,120.700678,24.127277,2
6226,66000,387130000C,(04)23274275,(04)23288582,2025,11,16,18,30,臺中市,后里區,0,0,0,7,,,50,,,,,,,,,,,,,,12,,,,,B03,,,1,,1,,,84,84,1,12,4,120.696101,24.311301,3
6227,66000,387130000C,(04)23274275,(04)23288582,2025,11,16,18,30,臺中市,新社區,0,1,0,7,2,6,50,4,1,1,5,4,6,6,3,1,10,5,5,2,17,3,10,3,1,B03,7,9,1,8,2,1,,24,24,1,12,4,120.812342,24.202752,2
6228,66000,387130000C,(04)23274275,(04)23288582,2025,11,16,18,32,臺中市,南屯區,0,0,0,7,,,40,,,,,,,,,,,,,,17,,,,,C03,,,1,,2,,,59,59,1,13,4,120.633438,24.148804,3
6229,66000,387130000C,(04)23274275,(04)23288582,2025,11,16,18,32,臺中市,梧棲區,0,0,0,6,,,40,,,,,,,,,,,,,,13,,,,,B03,,,1,,2,,,7,7,1,12,4,120.525779,24.224664,3
6230,66000,387130000C,(04)23274275,(04)23288582,2025,11,16,18,36,臺中市,清水區,0,0,0,7,,,70,,,,,,,,,,,,,,,,,,,B03,,,1,,2,,,7,7,1,12,4,120.534121,24.276191,3
6231,66000,387130000C,(04)23274275,(04)23288582,2025,11,16,18,37,臺中市,潭子區,0,2,0,7,1,6,60,4,1,1,5,4,6,6,2,1,1,4,4,1,17,2,9,2,1,C03,7,9,1,10,2,14,,84,84,1,13,4,120.70593,24.21792,2
6232,66000,387130000C,(04)23274275,(04)23288582,2025,11,16,18,39,臺中市,西區,0,0,0,7,,,50,,,,,,,,,,,,,,13,,,,,C03,,,1,,1,,,84,84,1,13,4,120.658782,24.159359,3
6233,66000,387130000C,(04)23274275,(04)23288582,2025,11,16,18,47,臺中市,潭子區,0,2,0,7,1,6,50,4,1,1,5,4,6,6,2,1,5,5,4,2,16,2,9,2,1,C03,7,6,1,10,2,11,,48,48,1,13,4,120.706811,24.20705,2
6234,66000,387130000C,(04)23274275,(04)23288582,2025,11,16,18,47,臺中市,太平區,0,2,0,7,1,6,50,13,8,1,5,4,6,6,2,1,5,5,4,1,3,2,8,6,5,H01,8,16,7,21,10,17,,95,95,1,12,5,120.716334,24.149925,2
6235,66000,387130000C,(04)23274275,(04)23288582,2025,11,16,18,50,臺中市,西屯區,0,0,0,7,,,50,,,,,,,,,,,,,,13,,,,,B03,,,1,,1,,,7,7,1,12,4,120.638283,24.167647,3
6236,66000,387130000C,(04)23274275,(04)23288582,2025,11,16,18,51,臺中市,西區,0,1,0,7,1,6,50,4,1,1,5,4,6,6,1,1,5,4,5,2,16,3,10,3,1,B03,7,6,1,8,2,1,,11,11,1,13,4,120.673127,24.139742,2
6237,66000,387130000C,(04)23274275,(04)23288582,2025,11,16,18,51,臺中市,南區,0,0,0,7,,,30,,,,,,,,,,,,,,17,,,,,B03,,,1,,1,,,14,14,1,6,4,120.655484,24.130902,3
6238,66000,387130000C,(04)23274275,(04)23288582,2025,11,16,18,51,臺中市,龍井區,0,3,0,7,1,6,50,4,1,1,5,4,6,6,2,1,10,5,5,2,16,2,9,5,4,B03,7,6,1,5,2,5,,11,11,1,6,4,120.581398,24.175646,2
6239,66000,387130000C,(04)23274275,(04)23288582,2025,11,16,18,57,臺中市,太平區,0,0,0,7,,3,80,13,7,1,5,4,6,6,4,4,,4,5,2,13,,,,,B13,,,1,,1,,,7,7,1,12,4,120.715167,24.151453,3
6240,66000,387130000C,(04)23274275,(04)23288582,2025,11,16,18,59,臺中市,龍井區,0,0,0,7,,,50,,,,,,,,,,,,,,,,,,,B03,,,1,,2,,,7,7,1,12,4,120.543204,24.173275,3
6241,66000,387130000C,(04)23274275,(04)23288582,2025,11,16,19,4,臺中市,大里區,0,0,0,7,,,50,,,,,,,,,,,,,,,,,,,B03,,,1,,2,,,50,50,1,12,4,120.688838,24.111087,3
6242,66000,387130000C,(04)23274275,(04)23288582,2025,11,16,19,6,臺中市,大里區,0,2,0,7,1,6,50,13,9,1,5,4,6,6,4,4,5,5,4,2,30,2,9,1,1,C03,7,9,1,10,2,16,,84,84,1,13,4,120.680928,24.112812,2
6243,66000,387130000C,(04)23274275,(04)23288582,2025,11,16,19,7,臺中市,北區,0,2,0,7,2,6,50,4,1,1,5,4,6,6,1,1,10,5,5,2,16,3,10,3,1,B02,7,6,1,8,2,6,,11,11,1,13,4,120.703826,24.159554,2
6244,66000,387130000C,(04)23274275,(04)23288582,2025,11,16,19,11,臺中市,南屯區,0,3,0,7,1,3,80,13,9,1,5,4,6,6,4,4,1,4,5,1,13,2,9,3,1,B03,7,9,1,8,2,1,,7,7,1,13,4,120.620074,24.130184,2
6245,66000,387130000C,(04)23274275,(04)23288582,2025,11,16,19,29,臺中市,南屯區,0,1,0,7,1,6,50,3,2,1,5,4,6,6,4,4,5,4,4,2,17,3,10,2,1,C03,7,9,1,10,2,11,,7,7,1,12,4,120.64849,24.137125,2
6246,66000,387130000C,(04)23274275,(04)23288582,2025,11,16,19,33,臺中市,潭子區,0,2,0,7,1,6,60,13,7,1,5,4,6,6,4,4,1,4,4,1,18,2,9,1,1,C03,7,9,1,10,2,16,,90,90,1,13,4,120.688647,24.218222,2
6247,66000,387130000C,(04)23274275,(04)23288582,2025,11,16,19,33,臺中市,龍井區,0,0,0,7,,,30,,,,,,,,,,,,,,,,,,,B03,,,1,,1,,,49,49,1,12,4,120.577858,24.180054,3
6248,66000,387130000C,(04)23274275,(04)23288582,2025,11,16,19,37,臺中市,豐原區,0,0,0,7,,,,,,,,,,,,,,,,,17,,,,,,,,,,,,,86,86,1,,,120.715031,24.253989,3
6249,66000,387130000C,(04)23274275,(04)23288582,2025,11,16,19,49,臺中市,西屯區,0,2,0,7,1,6,50,13,9,1,5,4,3,6,4,4,5,4,5,2,13,2,9,1,1,C04,7,9,1,10,2,11,,7,7,1,12,4,120.646487,24.175175,2
6250,66000,387130000C,(04)23274275,(04)23288582,2025,11,16,20,4,臺中市,南區,0,0,0,7,,,50,,,,,,,,,,,,,,,,,,,C03,,,1,,9,,,50,50,1,6,4,120.666971,24.118088,3
6251,66000,387130000C,(04)23274275,(04)23288582,2025,11,16,20,12,臺中市,太平區,0,0,0,7,1,6,50,13,7,1,5,4,3,6,4,4,5,5,4,2,13,3,10,3,1,B03,7,9,1,8,3,5,,55,55,1,6,4,120.717717,24.131499,3
6252,66000,387130000C,(04)23274275,(04)23288582,2025,11,16,20,17,臺中市,西屯區,0,1,0,7,1,6,50,4,1,1,5,4,6,6,2,1,10,5,5,2,13,3,10,5,4,B03,7,6,1,8,2,1,,7,7,1,13,4,120.645527,24.172403,2
6253,66000,387130000C,(04)23274275,(04)23288582,2025,11,16,20,25,臺中市,北屯區,0,1,0,7,1,9,0,18,24,1,5,4,6,6,4,4,10,5,5,1,18,2,9,4,1,F01,7,9,7,21,2,11,,59,59,1,4,4,120.700066,24.167124,2
6254,66000,387130000C,(04)23274275,(04)23288582,2025,11,16,20,37,臺中市,沙鹿區,0,0,0,6,,,50,,,,,,,,,,,,,,16,,,,,B03,,,1,,1,,,48,48,1,12,4,120.571621,24.242324,4
6255,66000,387130000C,(04)23274275,(04)23288582,2025,11,16,20,42,臺中市,北屯區,0,0,0,7,,,50,,,,,,,,,,,,,,25,,,,,B03,,,1,,1,,,59,59,1,6,4,120.711625,24.178243,3
6256,66000,387130000C,(04)23274275,(04)23288582,2025,11,16,20,47,臺中市,西區,0,0,0,7,,,30,,,,,,,,,,,,,,,,,,,B03,,,1,8,1,,,49,49,2,13,4,120.656263,24.149674,3
6257,66000,387130000C,(04)23274275,(04)23288582,2025,11,16,20,48,臺中市,太平區,0,0,0,7,1,6,30,13,9,1,5,4,6,6,4,4,10,5,5,2,17,3,10,3,1,B03,7,9,3,19,5,5,,59,59,1,13,4,120.719379,24.102045,3
6258,66000,387130000C,(04)23274275,(04)23288582,2025,11,16,20,50,臺中市,西屯區,0,1,0,7,1,6,50,3,1,1,5,4,5,6,4,4,10,5,5,2,17,3,10,3,1,B03,7,5,1,8,2,6,,47,47,1,13,4,120.659481,24.175598,2
6259,66000,387130000C,(04)23274275,(04)23288582,2025,11,16,20,50,臺中市,烏日區,0,1,0,7,1,6,50,13,9,1,5,4,6,6,4,4,5,4,5,1,30,2,9,1,1,C03,7,9,1,10,2,12,,87,87,1,12,4,120.645249,24.057572,2
6260,66000,387130000C,(04)23274275,(04)23288582,2025,11,16,20,51,臺中市,神岡區,0,0,0,7,,,50,,,,,,,,,,,,,,12,,,,,B12,,,1,,2,,,87,87,1,13,4,120.683726,24.246388,3
6261,66000,387130000C,(04)23274275,(04)23288582,2025,11,16,20,52,臺中市,北屯區,0,0,0,7,,,50,,,,,,,,,,,,,,14,,,,,B03,,,1,8,1,,,49,49,1,6,4,120.687762,24.17161,3
6262,66000,387130000C,(04)23274275,(04)23288582,2025,11,16,20,58,臺中市,烏日區,0,0,0,7,,3,80,,,,,,,,,,,,,,13,,,,,B03,,,1,,1,,,7,7,1,6,4,120.616521,24.107356,3
6263,66000,387130000C,(04)23274275,(04)23288582,2025,11,16,20,59,臺中市,北屯區,0,3,0,7,1,6,50,13,9,1,5,4,6,6,4,4,1,4,5,2,13,3,10,3,1,B03,7,9,1,3,2,1,,84,84,1,6,4,120.707354,24.182192,2
6264,66000,387130000C,(04)23274275,(04)23288582,2025,11,16,21,4,臺中市,霧峰區,0,0,0,7,,,40,,,,,,,,,,,,,,17,,,,,,,,,,,,,119,119,1,,,120.696561,24.061411,3
6265,66000,387130000C,(04)23274275,(04)23288582,2025,11,16,21,10,臺中市,南屯區,0,0,0,7,,,50,,,,,,,,,,,,,,13,,,,,B03,,,1,,1,,,7,7,1,13,4,120.629383,24.118795,3
6266,66000,387130000C,(04)23274275,(04)23288582,2025,11,16,21,10,臺中市,北屯區,0,0,0,7,,,50,,,,,,,,,,,,,,23,,,,,B03,,,1,,2,,,59,59,1,6,4,120.686424,24.190484,3
6267,66000,387130000C,(04)23274275,(04)23288582,2025,11,16,21,23,臺中市,南屯區,0,2,0,7,2,6,50,4,1,1,5,4,6,6,2,1,5,5,4,2,17,2,9,2,1,C03,7,6,1,10,2,14,,11,11,1,13,4,120.612472,24.138393,2
6268,66000,387130000C,(04)23274275,(04)23288582,2025,11,16,21,26,臺中市,西區,0,1,0,6,2,6,40,13,8,1,5,4,6,6,4,4,5,5,5,2,17,4,11,5,4,B03,7,1,6,20,11,4,,51,51,1,13,4,120.676896,24.145618,2
6269,66000,387130000C,(04)23274275,(04)23288582,2025,11,16,21,29,臺中市,北區,0,3,0,7,1,6,50,4,1,1,5,4,6,6,4,4,5,5,5,2,15,2,9,1,1,C03,7,9,1,10,2,12,,12,12,1,12,4,120.67674,24.146194,2
6270,66000,387130000C,(04)23274275,(04)23288582,2025,11,16,21,30,臺中市,北區,0,0,0,7,,,50,,,,,,,,,,,,,,,,,,,B02,,,1,,1,,,7,7,1,12,4,120.66397,24.161624,3
6271,66000,387130000C,(04)23274275,(04)23288582,2025,11,16,21,35,臺中市,東區,0,3,0,7,1,6,50,13,9,1,5,4,6,6,4,4,5,4,5,2,13,2,9,5,4,C03,7,9,1,16,2,11,,84,84,1,13,4,120.70505,24.13039,2
6272,66000,387130000C,(04)23274275,(04)23288582,2025,11,16,21,38,臺中市,南屯區,0,0,0,7,,,50,,,,,,,,,,,,,,,,,,,F01,,,7,,9,,,59,59,1,12,4,120.637288,24.149443,3
6273,66000,387130000C,(04)23274275,(04)23288582,2025,11,16,21,40,臺中市,大雅區,0,1,0,7,1,6,50,13,9,1,5,4,6,6,4,4,9,5,5,1,1,2,7,1,1,F01,7,9,7,21,2,11,,8,8,1,12,4,120.655234,24.246978,2
6274,66000,387130000C,(04)23274275,(04)23288582,2025,11,16,21,41,臺中市,大里區,0,1,0,7,1,6,50,13,9,1,5,4,6,6,4,4,5,5,5,1,12,2,8,1,1,C04,7,11,1,10,2,12,,45,45,1,12,4,120.705624,24.087617,2
6275,66000,387130000C,(04)23274275,(04)23288582,2025,11,16,21,53,臺中市,北區,0,0,0,7,,,50,,,,,,,,,,,,,,17,,,,,C03,,,1,,1,,,21,21,1,12,4,120.677303,24.151254,3
6276,66000,387130000C,(04)23274275,(04)23288582,2025,11,16,21,59,臺中市,南區,0,0,0,7,,,,,,,,,,,,,,,,,,,,,,,,,,,,,,119,119,1,,,120.656821,24.123087,3
6277,66000,387130000C,(04)23274275,(04)23288582,2025,11,16,22,15,臺中市,北屯區,0,0,0,7,,,50,,,,,,,,,,,,,,12,,,,,B03,,,1,8,2,,,40,40,1,6,4,120.685694,24.172339,3
6278,66000,387130000C,(04)23274275,(04)23288582,2025,11,16,22,19,臺中市,北屯區,0,1,0,7,1,6,50,13,8,1,5,4,6,6,4,4,1,4,4,2,16,3,10,3,1,B03,7,7,1,8,2,2,,40,40,1,6,4,120.663084,24.187737,2
6279,66000,387130000C,(04)23274275,(04)23288582,2025,11,16,22,20,臺中市,南屯區,0,1,0,7,1,6,50,3,1,1,5,4,6,6,1,1,10,5,5,2,17,3,10,3,1,B03,7,11,1,8,2,16,,45,45,1,13,4,120.610577,24.144391,2
6280,66000,387130000C,(04)23274275,(04)23288582,2025,11,16,22,28,臺中市,中區,0,1,0,7,1,6,50,4,4,1,5,4,6,6,2,1,5,2,5,2,13,3,10,3,1,B03,7,9,1,8,2,5,,59,59,1,12,4,120.683607,24.141328,2
6281,66000,387130000C,(04)23274275,(04)23288582,2025,11,16,22,30,臺中市,南區,0,3,0,7,1,6,50,4,1,1,5,4,6,6,1,1,1,4,4,2,12,2,9,2,1,C03,7,9,1,10,2,14,,84,84,1,5,4,120.65963,24.110943,2
6282,66000,387130000C,(04)23274275,(04)23288582,2025,11,16,22,37,臺中市,北屯區,0,1,0,7,1,6,50,13,9,1,5,4,6,6,4,4,1,4,5,2,18,2,9,1,1,C03,7,9,1,10,2,12,,59,59,1,6,4,120.698085,24.171357,2
6283,66000,387130000C,(04)23274275,(04)23288582,2025,11,16,22,42,臺中市,西屯區,0,0,0,7,,,50,,,,,,,,,,,,,,,,,,,C03,,,1,,1,,,84,84,1,12,4,120.654884,24.168926,3
6284,66000,387130000C,(04)23274275,(04)23288582,2025,11,16,22,54,臺中市,大里區,0,1,0,7,1,6,50,3,2,1,5,4,6,6,4,4,10,5,5,1,16,2,9,1,1,C03,7,8,1,10,2,14,,40,40,1,12,4,120.690222,24.122561,2
6285,66000,387130000C,(04)23274275,(04)23288582,2025,11,16,22,55,臺中市,西區,0,2,0,7,1,6,50,13,9,1,5,4,6,6,4,4,5,4,5,2,12,2,9,1,1,C03,7,5,1,10,2,12,,84,84,1,13,4,120.653145,24.150178,2
6286,66000,387130000C,(04)23274275,(04)23288582,2025,11,16,23,4,臺中市,豐原區,0,1,0,7,1,6,50,5,1,1,5,4,6,6,1,1,10,5,5,2,17,2,9,1,3,C03,7,1,3,19,2,13,,51,51,1,13,4,120.722449,24.254578,2
6287,66000,387130000C,(04)23274275,(04)23288582,2025,11,16,23,7,臺中市,北屯區,0,2,0,7,1,6,5,4,1,1,5,4,6,6,1,1,10,5,5,2,17,2,9,1,1,C03,7,1,1,10,2,14,,51,51,1,12,4,120.724602,24.172179,2
6288,66000,387130000C,(04)23274275,(04)23288582,2025,11,16,23,17,臺中市,沙鹿區,0,1,0,7,1,6,60,4,1,1,5,4,6,6,2,1,10,5,5,2,18,2,9,2,1,C03,7,6,1,10,2,14,,6,6,1,13,4,120.564691,24.23969,2
6289,66000,387130000C,(04)23274275,(04)23288582,2025,11,16,23,21,臺中市,大甲區,0,0,0,7,,,50,,,,,,,,,,,,,,14,,,,,B03,,,6,,1,,,49,49,1,6,4,120.63029,24.353953,3
6290,66000,387130000C,(04)23274275,(04)23288582,2025,11,16,23,29,臺中市,北區,0,0,0,7,,,40,,,,,,,,,,,,,,17,,,,,C03,,,6,,9,,,84,84,2,13,4,120.694554,24.156911,3
6291,66000,387130000C,(04)23274275,(04)23288582,2025,11,16,23,35,臺中市,南區,0,0,0,7,,,50,,,,,,,,,,,,,,17,,,,,C03,,,1,,1,,,84,84,1,13,4,120.656778,24.124076,4