序號,縣市別代碼,機關代碼,市話,傳真,年,月,日,時,分,縣市,區,死亡數量,受傷數量,2-30,天候,道路照明設備,道路類別,道路速限,道路型態,事故位置,路面鋪裝,路面狀態,路面缺陷,障礙物,視距,號誌種類,號誌動作,分向設施,快車道或一般車道間,快慢車道間,路面邊線,事故類型及型態,受傷程度,主要傷處,保護裝備,行動電話或功能裝置,當事者區分(類別),車輛用途,當事者行動狀態,駕照狀態,駕照種類,飲酒情形,車輛撞擊部位最初,車輛撞擊部位其他,肇事因素個別,肇事因素主要,肇事逃逸,職業,共享經濟或外送平台,GPS座標X,GPS座標Y,事故類別
6292,66000,387130000C,(04)23274275,(04)23288582,2025,11,16,23,35,臺中市,東區,0,0,0,7,,,30,,,,,,,,,,,,,,17,,,,,B12,,,3,,1,,,50,50,1,12,4,120.691811,24.145992,3
6293,66000,387130000C,(04)23274275,(04)23288582,2025,11,16,23,41,臺中市,南屯區,0,2,0,7,2,6,40,13,8,1,5,4,6,6,4,4,1,4,5,2,17,3,10,3,1,B03,7,1,1,8,2,4,,51,51,1,13,4,120.637556,24.14961,2
6294,66000,387130000C,(04)23274275,(04)23288582,2025,11,16,23,44,臺中市,大雅區,0,2,0,7,1,6,30,11,9,1,5,4,6,6,4,4,10,5,5,2,19,2,9,2,1,C03,7,9,3,19,7,11,,53,53,1,12,4,120.670942,24.240176,2
6295,66000,387130000C,(04)23274275,(04)23288582,2025,11,16,23,46,臺中市,北屯區,0,0,0,7,,,50,,,,,,,,,,,,,,17,,,,,,,,,,,,,85,85,1,,,120.702757,24.159877,3
6296,66000,387130000C,(04)23274275,(04)23288582,2025,11,16,23,50,臺中市,南區,0,1,0,7,1,6,50,3,1,1,5,4,6,6,1,1,10,5,5,2,17,2,9,2,1,C03,7,9,1,10,2,11,,59,59,1,13,4,120.656778,24.124076,2
6297,66000,387130000C,(04)23274275,(04)23288582,2025,11,17,0,16,臺中市,西屯區,0,0,0,7,,,50,,,,,,,,,,,,,,14,,,,,B03,,,1,,1,,,49,49,1,12,4,120.646821,24.174957,3
6298,66000,387130000C,(04)23274275,(04)23288582,2025,11,17,0,25,臺中市,大里區,0,2,0,7,1,6,30,13,9,1,5,4,6,6,4,4,10,5,5,1,17,3,10,1,1,C03,7,11,1,10,2,11,,84,84,1,4,4,120.68787,24.090707,2
6299,66000,387130000C,(04)23274275,(04)23288582,2025,11,17,0,30,臺中市,北區,0,0,0,7,,,,,,,,,,,,,,,,,,,,,,,,,,,,,,84,84,1,,,120.691749,24.15687,3
6300,66000,387130000C,(04)23274275,(04)23288582,2025,11,17,0,31,臺中市,后里區,0,0,0,7,,,40,,,,,,,,,,,,,,14,,,,,B03,,,1,,2,,,49,49,1,6,4,120.729011,24.309186,3
6301,66000,387130000C,(04)23274275,(04)23288582,2025,11,17,1,2,臺中市,大肚區,0,1,0,7,1,6,50,13,5,1,5,4,6,6,4,4,1,4,5,1,23,2,9,3,2,B12,7,9,1,8,2,8,,62,62,1,12,4,120.547942,24.143275,2
6302,66000,387130000C,(04)23274275,(04)23288582,2025,11,17,1,15,臺中市,東區,0,1,0,7,1,6,50,4,1,1,5,4,6,6,1,1,9,4,4,2,30,2,9,6,1,F01,7,9,7,21,8,16,,53,53,1,12,4,120.699913,24.142778,2
6303,66000,387130000C,(04)23274275,(04)23288582,2025,11,17,1,57,臺中市,西屯區,0,0,0,7,,,60,,,,,,,,,,,,,,23,,,,,B02,,,1,,2,,,84,84,1,12,4,120.602889,24.182851,3
6304,66000,387130000C,(04)23274275,(04)23288582,2025,11,17,2,6,臺中市,神岡區,0,0,0,7,,,30,,,,,,,,,,,,,,20,,,,,B02,,,1,,1,,,84,84,1,12,4,120.696739,24.235858,3
6305,66000,387130000C,(04)23274275,(04)23288582,2025,11,17,2,8,臺中市,大雅區,0,1,0,7,1,6,50,4,2,1,5,4,6,6,2,1,5,4,5,1,18,2,9,2,1,C03,7,9,3,19,2,14,,84,84,1,13,4,120.645104,24.225563,2
6306,66000,387130000C,(04)23274275,(04)23288582,2025,11,17,2,20,臺中市,西屯區,0,2,0,7,1,6,50,4,1,1,5,4,6,6,2,1,10,5,5,2,15,2,9,2,1,C03,7,9,3,19,2,14,,19,19,1,12,4,120.640715,24.161456,2
6307,66000,387130000C,(04)23274275,(04)23288582,2025,11,17,2,50,臺中市,南屯區,0,0,0,7,,,50,,,,,,,,,,,,,,13,,,,,B03,,,1,,1,,,8,8,1,6,4,120.638087,24.147191,4
6308,66000,387130000C,(04)23274275,(04)23288582,2025,11,17,2,52,臺中市,北區,0,0,0,7,,,50,,,,,,,,,,,,,,23,,,,,B03,,,1,,2,,,84,84,1,13,4,120.682344,24.163038,3
6309,66000,387130000C,(04)23274275,(04)23288582,2025,11,17,3,10,臺中市,西屯區,0,0,0,7,,,30,,,,,,,,,,,,,,17,,,,,B03,,,1,,2,,,84,84,1,12,4,120.613828,24.177808,3
6310,66000,387130000C,(04)23274275,(04)23288582,2025,11,17,5,0,臺中市,東區,0,1,0,7,1,6,50,13,9,1,5,4,6,6,4,4,5,4,5,2,17,2,8,1,1,C03,7,9,1,8,1,11,,84,84,1,12,4,120.686301,24.131362,2
6311,66000,387130000C,(04)23274275,(04)23288582,2025,11,17,5,24,臺中市,大里區,0,2,0,7,1,6,30,3,1,1,5,4,6,6,4,4,10,5,5,2,16,2,8,1,1,C03,7,6,3,19,2,14,,14,14,1,6,2,120.690976,24.091315,2
6312,66000,387130000C,(04)23274275,(04)23288582,2025,11,17,5,28,臺中市,大甲區,0,2,0,7,1,6,50,4,2,1,5,4,6,6,4,4,5,5,5,1,16,2,9,2,1,C03,7,9,3,19,2,11,,59,59,1,6,4,120.62271,24.346703,2
6313,66000,387130000C,(04)23274275,(04)23288582,2025,11,17,5,52,臺中市,南區,0,1,0,7,1,6,50,13,9,1,5,4,6,6,4,4,3,4,5,2,13,3,10,3,1,B03,7,9,1,8,2,1,,59,59,1,13,4,120.679298,24.124319,2
6314,66000,387130000C,(04)23274275,(04)23288582,2025,11,17,5,52,臺中市,霧峰區,0,1,0,7,1,6,30,13,9,1,5,4,6,6,4,4,5,5,5,1,17,2,8,1,1,C03,7,9,1,10,2,14,,20,20,1,6,4,120.700346,24.069814,2
6315,66000,387130000C,(04)23274275,(04)23288582,2025,11,17,6,19,臺中市,龍井區,0,1,0,7,2,6,40,13,8,1,5,4,6,6,4,4,1,4,3,1,18,2,9,1,1,C03,7,9,1,10,9,14,,59,59,1,6,4,120.580137,24.19329,2
6316,66000,387130000C,(04)23274275,(04)23288582,2025,11,17,6,29,臺中市,北屯區,0,0,0,7,,,30,,,,,,,,,,,,,,9,,,,,B03,,,1,8,9,,,49,49,1,12,4,120.718622,24.177151,3
6317,66000,387130000C,(04)23274275,(04)23288582,2025,11,17,6,36,臺中市,南屯區,0,3,0,7,2,6,50,13,9,1,5,4,6,6,4,4,1,4,5,2,13,2,9,2,1,C03,7,9,1,10,2,11,,7,7,1,13,4,120.64634,24.135643,2
6318,66000,387130000C,(04)23274275,(04)23288582,2025,11,17,6,56,臺中市,西區,0,0,0,7,,,50,,,,,,,,,,,,,,17,,,,,B03,,,1,,9,,,51,51,2,13,4,120.651373,24.148211,3
6319,66000,387130000C,(04)23274275,(04)23288582,2025,11,17,7,3,臺中市,烏日區,0,0,0,7,,,50,,,,,,,,,,,,,,12,,,,,B03,,,1,,1,,,84,84,1,6,4,120.642097,24.115737,3
6320,66000,387130000C,(04)23274275,(04)23288582,2025,11,17,7,8,臺中市,南區,0,2,0,7,3,6,50,4,1,1,5,4,6,6,2,1,3,5,5,2,11,3,10,3,1,B03,7,6,1,8,2,5,,25,25,1,6,4,120.666798,24.119149,2
6321,66000,387130000C,(04)23274275,(04)23288582,2025,11,17,7,8,臺中市,東勢區,0,0,0,7,,,60,,,,,,,,,,,,,,13,,,,,B03,,,1,,1,,,7,7,1,13,4,120.801823,24.284875,3
6322,66000,387130000C,(04)23274275,(04)23288582,2025,11,17,7,12,臺中市,西屯區,0,0,0,7,,,50,,,,,,,,,,,,,,13,,,,,C03,,,1,,2,,,7,7,1,12,4,120.621645,24.173092,3
6323,66000,387130000C,(04)23274275,(04)23288582,2025,11,17,7,17,臺中市,太平區,0,2,0,7,3,6,50,3,1,1,5,4,6,6,4,4,10,5,5,2,16,2,9,2,1,C04,7,1,3,19,2,14,,84,84,1,12,4,120.711053,24.151646,2
6324,66000,387130000C,(04)23274275,(04)23288582,2025,11,17,7,18,臺中市,南屯區,0,1,0,7,2,6,50,4,2,1,5,4,6,6,1,1,9,5,5,2,17,3,10,3,1,B03,7,9,1,8,2,2,,8,8,1,13,4,120.648558,24.148981,2
6325,66000,387130000C,(04)23274275,(04)23288582,2025,11,17,7,18,臺中市,北屯區,0,0,0,7,,,50,,,,,,,,,,,,,,13,,,,,B03,,,1,,2,,,56,56,1,6,4,120.693309,24.20087,3
6326,66000,387130000C,(04)23274275,(04)23288582,2025,11,17,7,19,臺中市,西屯區,0,1,0,7,3,6,40,13,8,1,5,4,6,6,4,4,1,4,1,2,12,3,10,5,4,B03,7,7,1,8,1,2,,40,40,1,13,4,120.644652,24.165572,2
6327,66000,387130000C,(04)23274275,(04)23288582,2025,11,17,7,19,臺中市,大里區,0,0,0,7,,,50,,,,,,,,,,,,,,13,,,,,B03,,,1,,2,,,7,7,1,6,4,120.68933,24.11007,3
6328,66000,387130000C,(04)23274275,(04)23288582,2025,11,17,7,21,臺中市,大甲區,0,2,0,7,2,6,50,4,9,1,5,4,6,6,1,1,6,3,5,1,12,3,10,1,1,C03,7,9,1,10,2,11,,7,7,1,12,4,120.617057,24.346957,2
6329,66000,387130000C,(04)23274275,(04)23288582,2025,11,17,7,22,臺中市,新社區,0,0,0,7,,,30,,,,,,,,,,,,,,,,,,,B03,,,1,,2,,,49,49,1,12,4,120.80457,24.234816,3
6330,66000,387130000C,(04)23274275,(04)23288582,2025,11,17,7,23,臺中市,北區,0,1,0,7,2,6,50,4,9,1,5,4,6,6,1,1,1,4,5,2,12,3,10,5,4,B03,7,9,1,8,2,5,,8,8,1,13,4,120.684154,24.159624,2
6331,66000,387130000C,(04)23274275,(04)23288582,2025,11,17,7,24,臺中市,西屯區,0,0,0,7,,,50,,,,,,,,,,,,,,13,,,,,B03,,,1,,2,,,59,59,1,12,4,120.635998,24.176008,3
6332,66000,387130000C,(04)23274275,(04)23288582,2025,11,17,7,27,臺中市,沙鹿區,0,1,0,7,2,6,30,3,1,1,5,4,6,6,4,4,10,5,5,2,16,3,10,3,1,B03,7,6,1,8,2,5,,13,13,1,12,4,120.57896,24.24261,2
6333,66000,387130000C,(04)23274275,(04)23288582,2025,11,17,7,29,臺中市,潭子區,0,1,0,7,2,6,50,13,9,1,5,4,6,6,4,4,5,5,5,2,16,3,10,3,1,B03,7,1,1,8,2,8,,51,51,1,13,4,120.714885,24.217928,2
6334,66000,387130000C,(04)23274275,(04)23288582,2025,11,17,7,29,臺中市,潭子區,0,1,0,7,3,6,50,3,2,1,5,4,6,6,4,4,5,4,4,2,17,3,10,3,1,B03,7,9,1,8,9,15,,85,85,1,13,4,120.701176,24.209048,2
6335,66000,387130000C,(04)23274275,(04)23288582,2025,11,17,7,30,臺中市,南區,0,0,0,7,,,50,,,,,,,,,,,,,,,,,,,B03,,,1,,9,,,85,85,2,12,4,120.674053,24.131741,3
6336,66000,387130000C,(04)23274275,(04)23288582,2025,11,17,7,33,臺中市,潭子區,0,1,0,7,2,6,50,13,9,1,5,4,6,6,2,1,5,4,5,1,13,3,10,1,1,C03,7,9,1,10,2,11,,39,39,1,12,4,120.719729,24.19336,2
6337,66000,387130000C,(04)23274275,(04)23288582,2025,11,17,7,33,臺中市,大雅區,0,1,0,7,3,6,30,11,9,1,5,4,6,6,4,4,10,5,5,2,17,3,10,3,1,B02,7,2,1,8,2,3,,49,49,1,12,4,120.624967,24.226176,2
6338,66000,387130000C,(04)23274275,(04)23288582,2025,11,17,7,36,臺中市,北屯區,0,0,0,7,,,50,,,,,,,,,,,,,,16,,,,,C03,,,1,,9,,,42,42,1,6,4,120.721537,24.18243,3
6339,66000,387130000C,(04)23274275,(04)23288582,2025,11,17,7,36,臺中市,大甲區,0,0,0,7,,,50,,,,,,,,,,,,,,,,,,,B03,,,1,,1,,,8,8,1,6,4,120.619528,24.344653,3
6340,66000,387130000C,(04)23274275,(04)23288582,2025,11,17,7,37,臺中市,北屯區,0,0,0,7,,,50,,,,,,,,,,,,,,12,,,,,B03,,,1,,1,,,35,35,1,13,4,120.747192,24.192891,3
6341,66000,387130000C,(04)23274275,(04)23288582,2025,11,17,7,37,臺中市,烏日區,0,0,0,7,,,50,,,,,,,,,,,,,,17,,,,,B03,,,1,,2,,,49,49,1,6,4,120.656215,24.095388,3
6342,66000,387130000C,(04)23274275,(04)23288582,2025,11,17,7,40,臺中市,北屯區,0,0,0,7,,3,80,,,,,,,,,,,,,,13,,,,,B03,,,1,,1,,,7,7,1,12,4,120.694144,24.201018,3
6343,66000,387130000C,(04)23274275,(04)23288582,2025,11,17,7,40,臺中市,豐原區,0,0,0,7,,,50,,,,,,,,,,,,,,17,,,,,B03,,,1,,1,,,7,7,1,6,4,120.703794,24.23813,3
6344,66000,387130000C,(04)23274275,(04)23288582,2025,11,17,7,45,臺中市,南區,0,1,0,7,3,6,50,13,9,1,5,4,6,6,4,4,1,5,5,2,12,3,10,2,1,C03,7,9,1,10,2,14,,7,7,1,6,4,120.670681,24.119158,2
6345,66000,387130000C,(04)23274275,(04)23288582,2025,11,17,7,47,臺中市,北屯區,0,1,0,7,2,6,50,4,1,1,5,4,6,6,1,1,10,5,5,2,15,3,10,3,1,B03,7,9,1,8,3,6,,21,21,1,6,4,120.72466,24.174031,2
6346,66000,387130000C,(04)23274275,(04)23288582,2025,11,17,7,50,臺中市,西屯區,0,0,0,7,,,50,,,,,,,,,,,,,,13,,,,,B03,,,1,,1,,,7,7,1,12,4,120.624826,24.184981,3
6347,66000,387130000C,(04)23274275,(04)23288582,2025,11,17,7,50,臺中市,西屯區,0,1,0,7,2,3,80,13,9,1,5,4,6,6,4,4,10,4,5,1,13,3,10,5,4,B03,7,9,1,8,2,1,,7,7,1,13,4,120.649223,24.19724,2
6348,66000,387130000C,(04)23274275,(04)23288582,2025,11,17,7,50,臺中市,神岡區,0,2,0,7,2,6,50,4,1,1,5,4,6,6,4,4,10,5,5,1,17,2,9,5,4,C03,7,6,1,10,2,12,,14,14,1,13,4,120.655739,24.265247,2
6349,66000,387130000C,(04)23274275,(04)23288582,2025,11,17,7,53,臺中市,烏日區,0,1,0,7,3,6,30,4,1,1,5,4,6,6,4,4,10,5,5,2,16,3,10,3,1,A21,7,9,1,1,2,5,,15,15,1,6,4,120.641338,24.059905,2
6350,66000,387130000C,(04)23274275,(04)23288582,2025,11,17,7,53,臺中市,清水區,0,2,0,7,3,6,30,4,1,1,5,4,6,6,4,4,10,5,5,2,15,2,9,2,1,C03,7,9,1,10,2,12,,15,15,1,12,4,120.553301,24.283203,2
6351,66000,387130000C,(04)23274275,(04)23288582,2025,11,17,7,55,臺中市,大肚區,0,0,0,7,,,30,,,,,,,,,,,,,,,,,,,C03,,,1,,2,,,14,14,1,6,4,120.573526,24.11707,3
6352,66000,387130000C,(04)23274275,(04)23288582,2025,11,17,7,56,臺中市,清水區,0,0,0,7,,,70,,,,,,,,,,,,,,,,,,,B03,,,1,,2,,,8,8,1,12,4,120.594946,24.300135,3
6353,66000,387130000C,(04)23274275,(04)23288582,2025,11,17,7,59,臺中市,大里區,0,0,0,7,,,50,,,,,,,,,,,,,,14,,,,,B03,,,1,,2,,,49,49,1,12,4,120.68057,24.105645,3
6354,66000,387130000C,(04)23274275,(04)23288582,2025,11,17,8,0,臺中市,太平區,0,0,0,7,,,50,,,,,,,,,,,,,,13,,,,,B03,,,1,,2,,,7,7,1,13,4,120.715596,24.135995,3
6355,66000,387130000C,(04)23274275,(04)23288582,2025,11,17,8,1,臺中市,大里區,0,2,0,7,3,6,70,13,9,1,5,4,6,6,4,4,3,4,5,1,13,2,9,5,4,B03,7,9,1,8,2,1,,84,84,1,13,4,120.663844,24.079649,2
6356,66000,387130000C,(04)23274275,(04)23288582,2025,11,17,8,8,臺中市,大雅區,0,0,0,7,,,50,,,,,,,,,,,,,,,,,,,B12,,,1,,1,,,84,84,1,13,4,120.629068,24.207192,3
6357,66000,387130000C,(04)23274275,(04)23288582,2025,11,17,8,9,臺中市,豐原區,0,1,0,7,2,6,40,3,1,1,5,4,6,6,2,1,5,5,4,2,12,3,10,5,4,C03,7,5,1,10,2,12,,84,84,1,13,4,120.714916,24.249478,2
6358,66000,387130000C,(04)23274275,(04)23288582,2025,11,17,8,12,臺中市,烏日區,0,1,0,7,2,6,40,13,8,1,5,4,6,6,1,1,1,4,1,1,18,2,9,1,1,C03,7,9,1,10,2,11,14,84,84,1,6,4,120.644793,24.092963,2
6359,66000,387130000C,(04)23274275,(04)23288582,2025,11,17,8,16,臺中市,潭子區,0,1,0,7,3,6,30,12,9,1,5,4,6,6,4,4,10,5,5,2,17,2,9,2,1,C03,7,9,1,10,2,11,,41,41,1,13,4,120.726797,24.205025,2
6360,66000,387130000C,(04)23274275,(04)23288582,2025,11,17,8,17,臺中市,西屯區,0,0,0,7,,,40,,,,,,,,,,,,,,16,,,,,C02,,,1,,1,,,7,7,1,12,4,120.633776,24.172604,3
6361,66000,387130000C,(04)23274275,(04)23288582,2025,11,17,8,20,臺中市,東區,0,1,0,7,2,6,40,13,8,1,5,4,6,6,4,4,5,5,4,2,12,2,9,2,1,C03,7,9,1,10,2,11,,84,84,1,12,4,120.696732,24.127222,2
6362,66000,387130000C,(04)23274275,(04)23288582,2025,11,17,8,21,臺中市,北屯區,0,2,0,7,2,6,50,13,9,1,5,4,6,6,4,4,5,5,5,2,17,2,9,1,1,C03,7,9,1,10,2,12,,42,42,1,6,4,120.681283,24.17498,2
6363,66000,387130000C,(04)23274275,(04)23288582,2025,11,17,8,21,臺中市,梧棲區,0,0,0,7,,,70,,,,,,,,,,,,,,13,,,,,A11,,,1,,1,,,7,7,1,6,4,120.529812,24.252491,3
6364,66000,387130000C,(04)23274275,(04)23288582,2025,11,17,8,24,臺中市,霧峰區,0,1,0,7,3,6,50,3,2,1,5,4,6,6,1,1,5,2,5,1,13,3,10,2,1,C03,7,6,3,19,9,13,,20,20,2,13,4,120.663852,24.0798,2
6365,66000,387130000C,(04)23274275,(04)23288582,2025,11,17,8,25,臺中市,北屯區,0,0,0,7,,,50,,,,,,,,,,,,,,17,,,,,B03,,,1,,1,,,50,50,1,6,4,120.676852,24.176288,3
6366,66000,387130000C,(04)23274275,(04)23288582,2025,11,17,8,28,臺中市,南區,0,0,0,7,,,40,,,,,,,,,,,,,,30,,,,,C03,,,1,,1,,,84,84,1,12,4,120.678989,24.119138,3
6367,66000,387130000C,(04)23274275,(04)23288582,2025,11,17,8,31,臺中市,潭子區,0,0,0,7,,,60,,,,,,,,,,,,,,13,,,,,B03,,,1,,2,,,59,59,1,13,4,120.710146,24.235887,3
6368,66000,387130000C,(04)23274275,(04)23288582,2025,11,17,8,31,臺中市,東勢區,0,1,0,7,2,6,50,13,9,1,5,4,6,6,4,4,8,5,5,1,17,3,10,3,1,B12,7,13,3,19,2,4,,76,76,1,12,4,120.829916,24.251457,2
6369,66000,387130000C,(04)23274275,(04)23288582,2025,11,17,8,33,臺中市,龍井區,0,1,0,7,2,6,50,4,1,1,5,4,6,6,1,1,10,5,5,2,18,2,9,5,4,C03,7,9,1,10,2,14,,59,59,1,6,4,120.5486,24.205902,2
6370,66000,387130000C,(04)23274275,(04)23288582,2025,11,17,8,34,臺中市,霧峰區,0,0,0,7,,,50,,,,,,,,,,,,,,17,,,,,A11,,,1,,2,,,7,7,1,13,4,120.663809,24.079794,3
6371,66000,387130000C,(04)23274275,(04)23288582,2025,11,17,8,39,臺中市,北屯區,0,1,0,7,2,6,0,4,1,1,5,4,6,6,2,1,10,5,5,2,16,2,9,1,1,C03,7,9,1,10,2,14,,39,39,1,13,4,120.70454,24.16496,2
6372,66000,387130000C,(04)23274275,(04)23288582,2025,11,17,8,47,臺中市,南屯區,0,2,0,7,3,6,50,4,1,1,5,4,6,6,1,1,5,2,4,2,17,3,10,3,1,A12,7,6,1,7,2,8,,11,11,1,12,4,120.620893,24.13986,2
6373,66000,387130000C,(04)23274275,(04)23288582,2025,11,17,8,48,臺中市,北區,0,0,0,7,,,50,,,,,,,,,,,,,,14,,,,,C03,,,1,,2,,,49,49,1,12,4,120.673429,24.16551,3
6374,66000,387130000C,(04)23274275,(04)23288582,2025,11,17,8,48,臺中市,北屯區,0,0,0,7,,,50,,,,,,,,,,,,,,13,,,,,B03,,,1,,1,,,84,84,1,12,4,120.718761,24.159588,3
6375,66000,387130000C,(04)23274275,(04)23288582,2025,11,17,8,50,臺中市,清水區,0,0,0,7,,,50,,,,,,,,,,,,,,,,,,,B03,,,1,,11,,,84,84,1,12,4,120.571183,24.275607,3
6376,66000,387130000C,(04)23274275,(04)23288582,2025,11,17,8,54,臺中市,烏日區,0,1,0,7,3,6,50,4,1,1,5,4,6,6,2,1,5,2,4,2,16,3,10,3,1,B03,7,5,1,7,2,5,,47,47,1,6,4,120.624964,24.106272,2
6377,66000,387130000C,(04)23274275,(04)23288582,2025,11,17,8,55,臺中市,北屯區,0,0,0,7,,,50,,,,,,,,,,,,,,14,,,,,B12,,,1,,1,,,49,49,1,13,4,120.666774,24.188945,3
6378,66000,387130000C,(04)23274275,(04)23288582,2025,11,17,8,56,臺中市,潭子區,0,2,0,7,3,6,50,13,9,1,5,4,6,6,4,4,5,4,5,1,9,2,9,2,1,C03,7,9,1,10,2,11,,85,85,1,13,4,120.722326,24.200195,2
6379,66000,387130000C,(04)23274275,(04)23288582,2025,11,17,8,56,臺中市,西屯區,0,0,0,7,,,40,,,,,,,,,,,,,,,,,,,B03,,,1,,1,,,85,85,1,12,4,120.643581,24.165753,3
6380,66000,387130000C,(04)23274275,(04)23288582,2025,11,17,8,56,臺中市,烏日區,0,0,0,7,,,60,,,,,,,,,,,,,,16,,,,,B12,,,1,,2,,,14,14,1,12,4,120.614275,24.117342,3
6381,66000,387130000C,(04)23274275,(04)23288582,2025,11,17,8,58,臺中市,大里區,0,0,0,7,,,,,,,,,,,,,,,,,17,,,,,,,,,,,,,119,119,1,,,120.682239,24.101711,3
6382,66000,387130000C,(04)23274275,(04)23288582,2025,11,17,9,4,臺中市,北屯區,0,0,0,7,,,30,,,,,,,,,,,,,,12,,,,,B03,,,1,8,1,,,8,8,1,12,4,120.722331,24.176509,3
6383,66000,387130000C,(04)23274275,(04)23288582,2025,11,17,9,4,臺中市,西屯區,0,0,0,7,2,6,50,4,2,1,5,4,6,6,2,1,1,3,4,2,13,,,,,B03,,,1,,1,,,7,7,1,13,4,120.642834,24.158896,3
6384,66000,387130000C,(04)23274275,(04)23288582,2025,11,17,9,6,臺中市,西屯區,0,0,0,7,,3,80,,,,,,,,,,,,,,13,,,,,B03,,,1,,1,,,7,7,1,13,4,120.651939,24.19773,3
6385,66000,387130000C,(04)23274275,(04)23288582,2025,11,17,9,7,臺中市,北屯區,0,2,0,7,2,6,50,13,9,1,5,4,6,6,4,4,5,4,5,2,17,2,9,6,1,F01,7,8,7,21,2,11,,40,40,1,12,4,120.718443,24.175684,2
6386,66000,387130000C,(04)23274275,(04)23288582,2025,11,17,9,7,臺中市,大肚區,0,2,0,7,2,6,50,13,9,1,5,4,6,6,4,4,9,5,5,2,17,2,9,1,1,C03,7,1,1,10,2,14,,51,51,1,6,4,120.574241,24.169409,2
6387,66000,387130000C,(04)23274275,(04)23288582,2025,11,17,9,10,臺中市,南屯區,0,1,0,7,3,6,50,13,9,1,5,4,6,6,1,1,3,2,5,2,13,2,9,1,1,C03,7,9,1,10,2,11,,59,59,1,12,4,120.60425,24.146928,2
6388,66000,387130000C,(04)23274275,(04)23288582,2025,11,17,9,13,臺中市,北屯區,0,0,0,7,,,40,,,,,,,,,,,,,,17,,,,,,,,,,,,,119,119,1,,,120.695857,24.176231,3
6389,66000,387130000C,(04)23274275,(04)23288582,2025,11,17,9,14,臺中市,沙鹿區,0,1,0,7,2,6,40,3,1,1,5,4,6,6,1,1,10,5,5,2,17,3,10,1,1,C03,7,9,3,19,2,12,,85,85,1,12,4,120.570754,24.215475,2
6390,66000,387130000C,(04)23274275,(04)23288582,2025,11,17,9,16,臺中市,西屯區,0,1,0,7,2,6,50,4,1,1,5,4,6,6,2,1,10,5,5,2,16,3,10,5,4,B03,7,6,1,8,2,2,,11,11,1,12,4,120.637396,24.175903,2
6391,66000,387130000C,(04)23274275,(04)23288582,2025,11,17,9,22,臺中市,南區,0,1,0,7,2,6,50,4,10,5,5,2,6,6,1,1,10,5,5,2,16,3,10,3,1,B03,7,6,1,3,2,2,,11,11,1,12,4,120.675528,24.131328,2
6392,66000,387130000C,(04)23274275,(04)23288582,2025,11,17,9,26,臺中市,南區,0,0,0,7,,,50,,,,,,,,,,,,,,,,,,,G03,,,1,,2,,,40,49,1,12,4,120.683583,24.119362,3
6393,66000,387130000C,(04)23274275,(04)23288582,2025,11,17,9,45,臺中市,西屯區,0,0,0,7,,,30,,,,,,,,,,,,,,14,,,,,B12,,,1,,1,,,49,49,1,12,4,120.657554,24.15927,3
6394,66000,387130000C,(04)23274275,(04)23288582,2025,11,17,9,45,臺中市,大肚區,0,0,0,7,,,30,,,,,,,,,,,,,,,,,,,B03,,,1,,2,,,49,49,1,6,4,120.545232,24.153066,3
6395,66000,387130000C,(04)23274275,(04)23288582,2025,11,17,9,48,臺中市,西區,0,1,0,7,2,6,50,4,1,1,5,4,6,6,1,1,10,5,5,2,17,2,9,1,1,C03,7,9,2,19,2,12,,6,6,1,12,4,120.665287,24.150867,2
6396,66000,387130000C,(04)23274275,(04)23288582,2025,11,17,9,54,臺中市,梧棲區,0,0,0,7,,,70,,,,,,,,,,,,,,14,,,,,A11,,,1,,1,,,49,49,1,6,4,120.549611,24.239359,3
6397,66000,387130000C,(04)23274275,(04)23288582,2025,11,17,10,1,臺中市,烏日區,0,0,0,7,,,50,,,,,,,,,,,,,,,,,,,A11,,,1,,9,,,84,84,1,6,4,120.612372,24.110507,3
6398,66000,387130000C,(04)23274275,(04)23288582,2025,11,17,10,2,臺中市,南區,0,1,0,7,2,6,50,4,1,1,5,4,6,6,2,1,10,5,5,2,23,2,9,2,1,C03,7,7,1,10,2,14,12,84,84,1,12,4,120.679304,24.118802,2
6399,66000,387130000C,(04)23274275,(04)23288582,2025,11,17,10,3,臺中市,梧棲區,0,1,0,7,3,6,50,4,1,1,5,4,6,6,4,4,10,5,5,2,15,3,10,3,1,B01,7,9,1,4,2,5,,15,15,1,6,4,120.535055,24.254616,2
6400,66000,387130000C,(04)23274275,(04)23288582,2025,11,17,10,5,臺中市,大安區,0,1,0,7,2,6,50,13,9,1,5,4,6,6,4,4,6,3,5,2,27,2,9,1,1,C03,7,1,1,10,2,11,,51,51,1,12,4,120.59316,24.382092,2
6401,66000,387130000C,(04)23274275,(04)23288582,2025,11,17,10,7,臺中市,烏日區,0,0,0,7,,,50,,,,,,,,,,,,,,14,,,,,B03,,,1,,2,,,49,49,1,6,4,120.642878,24.072426,3
6402,66000,387130000C,(04)23274275,(04)23288582,2025,11,17,10,9,臺中市,北區,0,0,0,7,,,50,,,,,,,,,,,,,,17,,,,,B12,,,1,,1,,,76,76,1,13,4,120.692342,24.155475,3
6403,66000,387130000C,(04)23274275,(04)23288582,2025,11,17,10,10,臺中市,西屯區,0,1,0,7,2,6,50,5,1,1,5,4,6,6,2,1,10,5,5,2,3,2,8,6,5,H04,8,20,7,21,2,17,,95,95,1,13,5,120.635361,24.18204,2