序號,縣市別代碼,機關代碼,市話,傳真,年,月,日,時,分,縣市,區,死亡數量,受傷數量,2-30,天候,道路照明設備,道路類別,道路速限,道路型態,事故位置,路面鋪裝,路面狀態,路面缺陷,障礙物,視距,號誌種類,號誌動作,分向設施,快車道或一般車道間,快慢車道間,路面邊線,事故類型及型態,受傷程度,主要傷處,保護裝備,行動電話或功能裝置,當事者區分(類別),車輛用途,當事者行動狀態,駕照狀態,駕照種類,飲酒情形,車輛撞擊部位最初,車輛撞擊部位其他,肇事因素個別,肇事因素主要,肇事逃逸,職業,共享經濟或外送平台,GPS座標X,GPS座標Y,事故類別
6404,66000,387130000C,(04)23274275,(04)23288582,2025,11,17,10,13,臺中市,大里區,0,1,0,7,2,6,50,13,9,1,5,4,6,6,4,4,5,4,4,1,17,2,9,1,1,C03,7,9,5,18,2,12,14,84,84,1,12,4,120.686917,24.096843,2
6405,66000,387130000C,(04)23274275,(04)23288582,2025,11,17,10,17,臺中市,霧峰區,0,1,0,7,2,6,40,4,1,1,5,4,6,6,1,1,10,5,5,2,16,2,9,2,1,C03,7,9,1,10,2,14,,1,1,1,6,4,120.662643,24.072591,2
6406,66000,387130000C,(04)23274275,(04)23288582,2025,11,17,10,20,臺中市,西屯區,0,0,0,7,,,30,,,,,,,,,,,,,,14,,,,,A12,,,1,,1,,,49,49,1,13,4,120.606062,24.185985,3
6407,66000,387130000C,(04)23274275,(04)23288582,2025,11,17,10,20,臺中市,西屯區,0,0,0,7,,,30,,,,,,,,,,,,,,14,,,,,B03,,,1,,1,,,49,49,1,12,4,120.610619,24.1863,3
6408,66000,387130000C,(04)23274275,(04)23288582,2025,11,17,10,24,臺中市,南屯區,0,0,0,7,,,50,,,,,,,,,,,,,,,,,,,B02,,,1,,1,,,49,49,1,13,4,120.649893,24.143803,3
6409,66000,387130000C,(04)23274275,(04)23288582,2025,11,17,10,25,臺中市,沙鹿區,0,0,0,7,,,60,,,,,,,,,,,,,,,,,,,B12,,,1,,2,,,82,82,1,13,4,120.563604,24.206529,4
6410,66000,387130000C,(04)23274275,(04)23288582,2025,11,17,10,29,臺中市,霧峰區,0,0,0,7,,,50,,,,,,,,,,,,,,13,,,,,A12,,,1,,2,,,7,7,1,6,4,120.694722,24.051437,3
6411,66000,387130000C,(04)23274275,(04)23288582,2025,11,17,10,30,臺中市,南屯區,0,0,0,7,2,6,50,11,9,1,5,4,6,6,4,4,9,5,5,2,20,3,10,3,1,A41,7,6,1,1,5,5,,53,53,1,12,4,120.620314,24.130332,3
6412,66000,387130000C,(04)23274275,(04)23288582,2025,11,17,10,33,臺中市,西屯區,0,2,0,7,3,6,50,13,9,1,5,4,6,6,4,4,3,4,5,2,13,2,9,5,4,C03,7,9,1,10,2,11,,7,7,1,13,4,120.654884,24.168926,2
6413,66000,387130000C,(04)23274275,(04)23288582,2025,11,17,10,40,臺中市,北屯區,0,0,0,7,,,50,,,,,,,,,,,,,,16,,,,,C03,,,1,,1,,,39,39,1,13,4,120.715719,24.164727,3
6414,66000,387130000C,(04)23274275,(04)23288582,2025,11,17,10,41,臺中市,大里區,0,1,0,7,2,6,50,13,9,1,5,4,6,6,4,4,9,5,5,1,17,2,9,2,1,C03,7,9,3,19,2,12,,84,84,1,13,4,120.714192,24.099684,2
6415,66000,387130000C,(04)23274275,(04)23288582,2025,11,17,10,42,臺中市,北屯區,0,0,0,7,,,50,,,,,,,,,,,,,,17,,,,,B13,,,1,,2,,,51,51,1,6,4,120.683314,24.171107,3
6416,66000,387130000C,(04)23274275,(04)23288582,2025,11,17,10,47,臺中市,西屯區,0,0,0,7,2,6,60,3,2,1,5,4,6,6,2,1,1,4,1,2,14,,,,,B03,,,3,,2,,,87,87,1,13,4,120.616508,24.182689,3
6417,66000,387130000C,(04)23274275,(04)23288582,2025,11,17,10,47,臺中市,大里區,0,2,0,7,2,6,50,4,1,1,5,4,6,6,4,4,10,5,5,2,16,2,7,2,1,C03,7,6,1,10,2,11,,14,14,1,13,4,120.706066,24.084937,2
6418,66000,387130000C,(04)23274275,(04)23288582,2025,11,17,10,49,臺中市,潭子區,0,0,0,7,,,30,,,,,,,,,,,,,,14,,,,,B12,,,1,,2,,,49,49,1,13,4,120.704954,24.190969,3
6419,66000,387130000C,(04)23274275,(04)23288582,2025,11,17,10,50,臺中市,潭子區,0,2,0,7,2,6,50,3,1,1,5,4,6,6,4,4,10,5,5,1,16,3,10,3,1,B12,7,5,1,8,2,2,,47,47,1,13,4,120.711803,24.192008,2
6420,66000,387130000C,(04)23274275,(04)23288582,2025,11,17,10,50,臺中市,南屯區,0,0,0,7,3,6,40,13,9,1,5,4,6,6,4,4,5,5,4,2,14,,,,,A41,,,1,,9,,,71,71,2,12,4,120.615157,24.146542,3
6421,66000,387130000C,(04)23274275,(04)23288582,2025,11,17,10,50,臺中市,豐原區,0,1,0,7,1,6,50,4,1,1,5,4,6,6,1,1,1,4,4,1,17,3,10,3,1,B03,7,5,1,8,2,6,,87,87,1,6,4,120.74766,24.266563,2
6422,66000,387130000C,(04)23274275,(04)23288582,2025,11,17,10,55,臺中市,神岡區,0,0,0,7,,,30,,,,,,,,,,,,,,17,,,,,B12,,,1,,2,,,8,8,1,12,4,120.713978,24.257794,3
6423,66000,387130000C,(04)23274275,(04)23288582,2025,11,17,10,57,臺中市,北區,0,0,0,7,,,50,,,,,,,,,,,,,,13,,,,,B03,,,1,,1,,,84,84,1,13,4,120.664211,24.162476,3
6424,66000,387130000C,(04)23274275,(04)23288582,2025,11,17,11,2,臺中市,西屯區,0,1,0,7,2,6,50,4,2,1,5,4,6,6,2,1,10,5,5,2,13,3,10,5,4,C03,7,9,1,10,2,11,,7,7,1,12,4,120.642868,24.177117,2
6425,66000,387130000C,(04)23274275,(04)23288582,2025,11,17,11,6,臺中市,霧峰區,0,1,0,7,2,6,25,11,9,1,5,4,6,6,4,4,5,2,5,1,20,2,9,2,1,C03,7,9,1,10,2,11,12,6,6,1,13,4,120.715814,24.072258,2
6426,66000,387130000C,(04)23274275,(04)23288582,2025,11,17,11,11,臺中市,大里區,0,1,0,7,3,6,50,3,2,1,5,4,6,6,1,1,5,4,4,1,3,3,10,5,4,B03,7,6,1,8,2,1,,10,10,1,13,4,120.674719,24.110778,2
6427,66000,387130000C,(04)23274275,(04)23288582,2025,11,17,11,13,臺中市,大肚區,0,2,0,7,2,6,30,3,1,1,5,4,6,6,4,4,10,5,5,2,16,2,9,1,1,C03,7,6,5,19,2,14,,14,14,1,6,4,120.574257,24.16815,2
6428,66000,387130000C,(04)23274275,(04)23288582,2025,11,17,11,16,臺中市,西屯區,0,1,0,7,2,6,50,13,9,1,5,4,6,6,4,4,1,4,4,2,13,2,9,2,4,C03,7,9,1,10,2,11,,59,59,1,12,4,120.655074,24.168727,2
6429,66000,387130000C,(04)23274275,(04)23288582,2025,11,17,11,16,臺中市,神岡區,0,1,0,7,2,6,50,13,9,1,5,4,6,6,4,4,9,4,5,2,17,3,10,5,4,B12,7,11,1,8,2,7,,45,45,1,13,4,120.694103,24.231631,2
6430,66000,387130000C,(04)23274275,(04)23288582,2025,11,17,11,17,臺中市,西屯區,0,0,0,7,,,50,,,,,,,,,,,,,,12,,,,,C03,,,1,,1,,,59,59,1,13,4,120.656421,24.169849,3
6431,66000,387130000C,(04)23274275,(04)23288582,2025,11,17,11,18,臺中市,霧峰區,0,0,0,7,,,30,,,,,,,,,,,,,,,,,,,C03,,,3,,2,,,84,84,1,6,4,120.667015,24.079726,3
6432,66000,387130000C,(04)23274275,(04)23288582,2025,11,17,11,19,臺中市,北屯區,0,2,0,7,2,6,30,3,2,1,5,4,6,6,4,4,10,5,5,2,17,2,7,1,1,C03,7,6,1,10,2,11,14,14,14,1,13,4,120.669753,24.182948,2
6433,66000,387130000C,(04)23274275,(04)23288582,2025,11,17,11,19,臺中市,大里區,0,1,0,7,2,6,50,3,2,1,5,4,6,6,3,1,5,5,5,1,13,3,10,3,1,B03,7,9,1,8,2,8,,7,7,1,6,4,120.677284,24.094243,2
6434,66000,387130000C,(04)23274275,(04)23288582,2025,11,17,11,19,臺中市,石岡區,0,1,0,7,2,6,50,3,1,1,5,4,6,6,4,4,10,5,5,2,16,3,10,3,1,B03,7,6,1,8,2,1,,14,14,1,12,4,120.788291,24.261765,2
6435,66000,387130000C,(04)23274275,(04)23288582,2025,11,17,11,24,臺中市,東區,0,2,0,7,1,6,50,4,1,1,5,4,6,6,4,4,9,4,5,2,12,2,9,1,1,C03,7,1,1,10,2,13,,51,51,1,12,4,120.709159,24.149445,2
6436,66000,387130000C,(04)23274275,(04)23288582,2025,11,17,11,24,臺中市,南屯區,0,0,0,7,3,6,50,13,9,1,5,4,6,6,1,1,3,2,5,2,12,,,,,B03,,,1,,1,,,7,7,1,12,4,120.606715,24.148261,3
6437,66000,387130000C,(04)23274275,(04)23288582,2025,11,17,11,27,臺中市,南屯區,0,0,0,7,,,50,,,,,,,,,,,,,,,,,,,B03,,,1,,1,,,59,59,1,12,4,120.607044,24.160533,3
6438,66000,387130000C,(04)23274275,(04)23288582,2025,11,17,11,29,臺中市,南屯區,0,1,0,7,3,6,50,13,9,1,5,4,6,6,1,1,3,2,5,2,18,2,9,1,1,C03,7,9,1,10,2,14,,59,59,1,12,4,120.596088,24.149975,2
6439,66000,387130000C,(04)23274275,(04)23288582,2025,11,17,11,31,臺中市,神岡區,0,0,0,7,,,1,,,,,,,,,,,,,,14,,,,,B03,,,1,,1,,,49,49,1,12,4,120.687781,24.247412,3
6440,66000,387130000C,(04)23274275,(04)23288582,2025,11,17,11,35,臺中市,北屯區,0,0,0,7,,,50,,,,,,,,,,,,,,13,,,,,B03,,,1,,1,,,7,7,1,6,4,120.663435,24.185372,3
6441,66000,387130000C,(04)23274275,(04)23288582,2025,11,17,11,45,臺中市,西屯區,0,2,0,7,2,6,30,3,1,1,5,4,6,6,4,4,5,5,5,2,11,2,8,5,4,C03,7,6,1,10,2,11,,14,14,1,13,4,120.652043,24.20373,2
6442,66000,387130000C,(04)23274275,(04)23288582,2025,11,17,11,46,臺中市,沙鹿區,0,0,0,7,,,50,,,,,,,,,,,,,,,,,,,A12,,,1,,1,,,7,7,1,13,4,120.572044,24.233706,3
6443,66000,387130000C,(04)23274275,(04)23288582,2025,11,17,11,47,臺中市,清水區,0,0,0,7,,,70,,,,,,,,,,,,,,,,,,,B03,,,1,,2,,,7,7,1,12,4,120.595173,24.304031,3
6444,66000,387130000C,(04)23274275,(04)23288582,2025,11,17,11,48,臺中市,南屯區,0,0,0,7,,,50,,,,,,,,,,,,,,,,,,,B03,,,1,,1,,,8,8,1,13,4,120.628448,24.145038,3
6445,66000,387130000C,(04)23274275,(04)23288582,2025,11,17,11,50,臺中市,西屯區,0,0,0,7,,,40,,,,,,,,,,,,,,13,,,,,C03,,,1,,1,,,87,87,1,13,4,120.646104,24.164332,3
6446,66000,387130000C,(04)23274275,(04)23288582,2025,11,17,11,50,臺中市,沙鹿區,0,0,0,7,,,50,,,,,,,,,,,,,,,,,,,B03,,,1,,10,,,87,87,1,12,4,120.574964,24.204187,3
6447,66000,387130000C,(04)23274275,(04)23288582,2025,11,17,11,52,臺中市,大里區,0,0,0,7,,,50,,,,,,,,,,,,,,11,,,,,C03,,,1,,1,,,8,8,1,12,4,120.688231,24.094844,3
6448,66000,387130000C,(04)23274275,(04)23288582,2025,11,17,11,56,臺中市,大肚區,0,0,0,7,,,30,,,,,,,,,,,,,,,,,,,B12,,,1,,2,,,49,49,1,6,4,120.572259,24.130932,3
6449,66000,387130000C,(04)23274275,(04)23288582,2025,11,17,11,58,臺中市,南屯區,0,1,0,7,3,6,50,13,9,1,5,4,6,6,1,1,3,4,5,2,12,2,9,1,1,C03,7,9,1,10,2,12,,84,84,1,12,4,120.641779,24.140873,2
6450,66000,387130000C,(04)23274275,(04)23288582,2025,11,17,12,1,臺中市,北屯區,0,0,0,7,,,50,,,,,,,,,,,,,,17,,,,,B12,,,1,,2,,,50,50,1,6,4,120.699045,24.18225,3
6451,66000,387130000C,(04)23274275,(04)23288582,2025,11,17,12,2,臺中市,大里區,0,2,0,7,2,6,30,4,1,1,5,4,6,6,4,4,5,5,5,1,15,2,9,1,1,C03,7,9,1,10,2,14,,20,20,1,6,4,120.684606,24.111949,2
6452,66000,387130000C,(04)23274275,(04)23288582,2025,11,17,12,11,臺中市,南屯區,0,1,0,7,3,6,30,3,1,1,5,4,6,6,4,4,10,5,5,2,16,3,10,3,1,B03,7,6,1,8,2,5,,14,14,1,12,4,120.640055,24.140372,2
6453,66000,387130000C,(04)23274275,(04)23288582,2025,11,17,12,12,臺中市,太平區,0,0,0,7,,,50,,,,,,,,,,,,,,,,,,,C03,,,1,,1,,,7,7,1,12,4,120.711671,24.15376,3
6454,66000,387130000C,(04)23274275,(04)23288582,2025,11,17,12,15,臺中市,南屯區,0,0,0,7,,,50,,,,,,,,,,,,,,,,,,,B03,,,1,,1,,,8,8,1,13,4,120.608108,24.131843,3
6455,66000,387130000C,(04)23274275,(04)23288582,2025,11,17,12,20,臺中市,南屯區,0,0,0,7,3,6,50,13,9,1,5,4,6,6,1,1,5,2,5,2,13,,,,,B03,,,1,,1,,,59,59,1,12,4,120.638255,24.13533,3
6456,66000,387130000C,(04)23274275,(04)23288582,2025,11,17,12,25,臺中市,西屯區,0,2,0,7,2,6,30,3,1,1,5,4,6,6,4,4,10,5,5,2,16,2,9,5,4,C03,7,6,1,10,2,14,,12,12,1,12,4,120.645023,24.179858,2
6457,66000,387130000C,(04)23274275,(04)23288582,2025,11,17,12,27,臺中市,大雅區,0,1,0,7,3,6,50,3,1,1,5,4,6,6,4,4,10,5,5,2,17,2,9,2,1,C03,7,9,1,10,2,12,,39,39,1,12,4,120.649962,24.220776,2
6458,66000,387130000C,(04)23274275,(04)23288582,2025,11,17,12,29,臺中市,南屯區,0,0,0,7,3,6,50,13,9,1,5,4,6,6,4,4,9,5,5,2,30,,,,,C03,,,1,,1,,,87,87,1,12,4,120.644041,24.131311,3
6459,66000,387130000C,(04)23274275,(04)23288582,2025,11,17,12,29,臺中市,北屯區,0,0,0,7,,,50,,,,,,,,,,,,,,14,,,,,B12,,,1,,1,,,49,49,1,13,4,120.715193,24.163964,3
6460,66000,387130000C,(04)23274275,(04)23288582,2025,11,17,12,29,臺中市,西屯區,0,0,0,7,,,50,,,,,,,,,,,,,,13,,,,,C03,,,1,,2,,,48,48,1,12,4,120.618974,24.187664,3
6461,66000,387130000C,(04)23274275,(04)23288582,2025,11,17,12,34,臺中市,北屯區,0,1,0,7,2,6,50,4,1,1,5,4,6,6,4,4,10,5,5,2,15,2,9,2,1,C03,7,9,1,10,2,11,,15,15,1,12,4,120.701729,24.185834,2
6462,66000,387130000C,(04)23274275,(04)23288582,2025,11,17,12,35,臺中市,南屯區,0,0,0,7,3,6,40,13,8,1,5,4,6,6,4,4,5,5,4,2,14,,,,,B03,,,1,,2,,,49,49,1,12,4,120.638315,24.139682,3
6463,66000,387130000C,(04)23274275,(04)23288582,2025,11,17,12,40,臺中市,大甲區,0,1,0,7,3,6,50,13,14,1,5,4,6,6,4,4,5,5,5,1,20,2,9,5,4,C03,7,9,1,10,2,12,,85,85,1,6,4,120.656006,24.385781,2
6464,66000,387130000C,(04)23274275,(04)23288582,2025,11,17,12,44,臺中市,北屯區,0,0,0,7,,,50,,,,,,,,,,,,,,,,,,,B03,,,1,,2,,,50,50,1,13,4,120.718805,24.17354,3
6465,66000,387130000C,(04)23274275,(04)23288582,2025,11,17,12,51,臺中市,北區,0,2,0,7,2,6,30,4,2,1,5,4,6,6,4,4,10,5,5,2,17,2,9,2,1,C03,7,9,1,10,2,12,,15,15,1,13,4,120.679181,24.160492,2
6466,66000,387130000C,(04)23274275,(04)23288582,2025,11,17,12,58,臺中市,北屯區,0,2,0,7,2,6,50,4,1,1,5,4,6,6,1,1,10,5,5,2,15,2,9,5,4,C03,7,9,1,10,2,11,,85,85,1,12,4,120.70037,24.178577,2
6467,66000,387130000C,(04)23274275,(04)23288582,2025,11,17,13,0,臺中市,大雅區,0,0,0,7,,,30,,,,,,,,,,,,,,,,,,,B11,,,1,,2,,,84,84,1,13,4,120.633566,24.214288,3
6468,66000,387130000C,(04)23274275,(04)23288582,2025,11,17,13,4,臺中市,外埔區,0,1,0,7,2,6,50,13,9,1,5,4,6,6,4,4,10,5,5,1,18,2,9,1,1,C03,7,9,6,20,2,11,12,59,59,1,12,4,120.657332,24.333236,2
6469,66000,387130000C,(04)23274275,(04)23288582,2025,11,17,13,5,臺中市,東區,0,0,0,7,,,30,,,,,,,,,,,,,,14,,,,,,,,,,,,,86,86,1,,,120.686424,24.133784,4
6470,66000,387130000C,(04)23274275,(04)23288582,2025,11,17,13,15,臺中市,烏日區,0,0,0,7,,,50,,,,,,,,,,,,,,,,,,,B03,,,1,,2,,,51,51,1,6,4,120.642485,24.064004,3
6471,66000,387130000C,(04)23274275,(04)23288582,2025,11,17,13,16,臺中市,西區,0,1,0,7,2,6,50,13,7,1,5,4,6,6,4,4,5,5,4,2,17,3,10,3,1,B01,7,9,1,4,2,1,,84,84,1,13,4,120.672036,24.140648,2
6472,66000,387130000C,(04)23274275,(04)23288582,2025,11,17,13,18,臺中市,南區,0,0,0,7,,,50,,,,,,,,,,,,,,,,,,,C03,,,1,,2,,,7,7,1,6,4,120.649576,24.121233,3
6473,66000,387130000C,(04)23274275,(04)23288582,2025,11,17,13,29,臺中市,西屯區,0,0,0,7,,,30,,,,,,,,,,,,,,17,,,,,B03,,,1,,2,,,50,50,1,13,4,120.635408,24.170826,3
6474,66000,387130000C,(04)23274275,(04)23288582,2025,11,17,13,32,臺中市,西屯區,0,0,0,7,,,50,,,,,,,,,,,,,,14,,,,,B03,,,1,,2,,,50,50,1,12,4,120.636278,24.163987,3
6475,66000,387130000C,(04)23274275,(04)23288582,2025,11,17,13,33,臺中市,太平區,0,0,0,7,2,6,50,,,,,,,,,,,,,,,,,,,B03,,,5,,2,8,,58,58,1,12,4,120.711917,24.144715,3
6476,66000,387130000C,(04)23274275,(04)23288582,2025,11,17,13,40,臺中市,西屯區,0,0,0,7,,,50,,,,,,,,,,,,,,,,,,,C03,,,1,,9,,,7,7,1,12,4,120.646347,24.1715,3
6477,66000,387130000C,(04)23274275,(04)23288582,2025,11,17,13,48,臺中市,北屯區,0,2,0,7,2,6,50,4,4,1,5,2,6,6,1,1,4,3,5,2,18,2,9,2,1,C03,7,9,1,10,2,12,,58,58,1,13,4,120.718553,24.170179,2
6478,66000,387130000C,(04)23274275,(04)23288582,2025,11,17,13,50,臺中市,太平區,0,0,0,7,,,50,,,,,,,,,,,,,,,,,,,B03,,,1,,2,,,49,49,1,12,4,120.719041,24.114251,3
6479,66000,387130000C,(04)23274275,(04)23288582,2025,11,17,13,54,臺中市,西屯區,0,1,0,7,2,6,50,4,1,1,5,4,6,6,2,1,5,5,4,2,11,3,10,5,4,C03,7,6,1,10,2,11,,48,48,1,13,4,120.668158,24.174602,2
6480,66000,387130000C,(04)23274275,(04)23288582,2025,11,17,13,59,臺中市,南區,0,3,0,7,2,6,40,7,8,1,5,4,6,6,4,4,10,2,1,2,13,2,9,1,1,C03,7,9,1,10,2,11,12,7,7,1,5,4,120.676652,24.119084,2
6481,66000,387130000C,(04)23274275,(04)23288582,2025,11,17,14,3,臺中市,西區,0,1,0,7,3,6,50,4,1,1,5,4,6,6,1,1,10,5,5,2,13,3,10,1,1,C03,7,5,1,10,2,13,,47,47,1,12,4,120.674271,24.148307,2
6482,66000,387130000C,(04)23274275,(04)23288582,2025,11,17,14,3,臺中市,南區,0,1,0,7,3,6,50,13,9,1,5,4,6,6,4,4,4,5,5,2,12,3,10,3,1,B01,7,1,1,4,1,7,,51,51,1,6,4,120.656755,24.119159,2
6483,66000,387130000C,(04)23274275,(04)23288582,2025,11,17,14,6,臺中市,潭子區,0,1,0,7,2,6,50,4,1,1,5,4,6,6,1,1,10,5,5,2,16,3,10,3,1,B12,7,6,1,8,2,5,,11,11,1,13,4,120.699619,24.194505,2
6484,66000,387130000C,(04)23274275,(04)23288582,2025,11,17,14,7,臺中市,大雅區,0,1,0,7,1,6,50,13,9,1,5,4,6,6,4,4,9,5,5,1,16,3,10,3,1,B12,7,5,1,8,2,5,,20,20,1,12,4,120.648822,24.216083,2
6485,66000,387130000C,(04)23274275,(04)23288582,2025,11,17,14,11,臺中市,清水區,0,0,0,6,,,30,,,,,,,,,,,,,,,,,,,B13,,,1,,2,,,58,58,1,12,4,120.609164,24.305235,3
6486,66000,387130000C,(04)23274275,(04)23288582,2025,11,17,14,12,臺中市,龍井區,0,1,0,7,2,6,50,4,1,1,5,4,6,6,2,1,5,5,5,2,16,3,10,2,1,C03,7,5,1,10,2,11,,8,8,1,6,4,120.581255,24.175367,2
6487,66000,387130000C,(04)23274275,(04)23288582,2025,11,17,14,14,臺中市,大里區,0,2,0,7,2,6,40,4,1,1,5,4,6,6,4,4,10,5,5,2,15,2,9,1,1,C03,7,9,1,10,2,11,14,12,12,1,4,4,120.687352,24.11223,2
6488,66000,387130000C,(04)23274275,(04)23288582,2025,11,17,14,17,臺中市,太平區,0,1,0,7,3,6,30,4,1,1,5,4,6,6,4,4,10,5,5,2,15,2,9,2,1,C03,7,9,1,9,2,11,,15,15,1,12,4,120.720849,24.115135,2
6489,66000,387130000C,(04)23274275,(04)23288582,2025,11,17,14,18,臺中市,西屯區,0,0,0,7,,,60,,,,,,,,,,,,,,12,,,,,B03,,,1,,1,,,40,40,1,12,4,120.653175,24.160464,3
6490,66000,387130000C,(04)23274275,(04)23288582,2025,11,17,14,20,臺中市,大里區,0,0,0,7,,,60,,,,,,,,,,,,,,13,,,,,C03,,,1,,2,,,7,7,1,6,4,120.67807,24.104034,3
6491,66000,387130000C,(04)23274275,(04)23288582,2025,11,17,14,22,臺中市,潭子區,0,0,0,7,,,60,,,,,,,,,,,,,,,,,,,B12,,,1,,2,,,49,49,1,13,4,120.705619,24.216831,3
6492,66000,387130000C,(04)23274275,(04)23288582,2025,11,17,14,23,臺中市,東區,0,1,0,7,1,6,50,4,1,1,5,4,6,6,1,1,9,4,5,2,12,3,10,3,1,B03,7,9,1,8,2,2,,8,8,1,12,4,120.70151,24.125407,2
6493,66000,387130000C,(04)23274275,(04)23288582,2025,11,17,14,25,臺中市,沙鹿區,0,0,0,7,,,60,,,,,,,,,,,,,,,,,,,C03,,,1,,2,,,56,56,1,12,4,120.579833,24.219889,3
6494,66000,387130000C,(04)23274275,(04)23288582,2025,11,17,14,30,臺中市,沙鹿區,0,0,0,7,,,30,,,,,,,,,,,,,,,,,,,C03,,,1,,1,,,59,59,1,13,4,120.57745,24.224397,3
6495,66000,387130000C,(04)23274275,(04)23288582,2025,11,17,14,33,臺中市,大里區,0,0,0,7,,,,,,,,,,,,,,,,,18,,,,,,,,,,,,,119,119,1,,,120.702286,24.089195,3
6496,66000,387130000C,(04)23274275,(04)23288582,2025,11,17,14,35,臺中市,烏日區,0,1,0,7,3,6,30,4,1,1,5,4,6,6,4,4,10,5,5,2,16,3,10,3,1,B03,7,9,1,8,2,6,,12,12,1,6,4,120.640966,24.078753,2
6497,66000,387130000C,(04)23274275,(04)23288582,2025,11,17,14,37,臺中市,太平區,0,0,0,7,2,6,30,,,,,,,,,,,,,,,,,,,A11,,,1,,2,6,,78,78,1,12,4,120.728863,24.101735,3
6498,66000,387130000C,(04)23274275,(04)23288582,2025,11,17,14,42,臺中市,大雅區,0,1,0,7,3,6,50,4,2,1,5,4,6,6,1,1,9,4,5,1,17,3,10,3,1,B03,7,6,1,8,2,8,,84,84,1,13,4,120.655121,24.235099,2
6499,66000,387130000C,(04)23274275,(04)23288582,2025,11,17,14,45,臺中市,梧棲區,0,0,0,7,3,6,40,13,14,1,5,4,6,6,4,4,1,4,1,1,14,3,10,3,1,B03,7,2,5,19,7,3,,49,49,1,6,4,120.530708,24.265629,3
6500,66000,387130000C,(04)23274275,(04)23288582,2025,11,17,14,46,臺中市,北區,0,0,0,7,,,50,,,,,,,,,,,,,,17,,,,,,,,,,,,,86,86,1,,,120.678167,24.151133,3
6501,66000,387130000C,(04)23274275,(04)23288582,2025,11,17,14,46,臺中市,南屯區,0,0,0,7,,,50,,,,,,,,,,,,,,,,,,,C03,,,1,,1,,,15,15,1,12,4,120.610994,24.139071,3
6502,66000,387130000C,(04)23274275,(04)23288582,2025,11,17,14,47,臺中市,大雅區,0,2,0,7,2,6,40,13,9,1,5,4,6,6,4,4,1,4,4,1,9,2,9,1,1,C03,7,9,3,19,2,11,,84,84,1,12,4,120.647715,24.21981,2
6503,66000,387130000C,(04)23274275,(04)23288582,2025,11,17,14,49,臺中市,西屯區,0,0,0,7,,,0,,,,,,,,,,,,,,14,,,,,B11,,,1,,1,,,49,49,1,12,4,120.589278,24.16734,3
6504,66000,387130000C,(04)23274275,(04)23288582,2025,11,17,14,52,臺中市,大雅區,0,0,0,7,,,50,,,,,,,,,,,,,,,,,,,B12,,,1,,2,,,7,7,1,12,4,120.645163,24.225468,3
6505,66000,387130000C,(04)23274275,(04)23288582,2025,11,17,14,55,臺中市,南屯區,0,0,0,7,3,6,50,13,9,1,5,4,6,6,4,4,9,5,5,,14,,,,,B02,,,1,,1,,,49,49,1,12,4,120.652928,24.134418,3
6506,66000,387130000C,(04)23274275,(04)23288582,2025,11,17,14,57,臺中市,南屯區,0,0,0,7,,,50,,,,,,,,,,,,,,17,,,,,B03,,,1,,1,,,85,85,1,12,4,120.631218,24.155571,3
6507,66000,387130000C,(04)23274275,(04)23288582,2025,11,17,14,57,臺中市,大里區,0,1,0,7,3,6,50,3,1,1,5,4,6,6,4,4,5,4,5,1,16,3,10,3,1,B03,7,11,1,8,2,2,,45,45,1,6,4,120.689701,24.113749,2
6508,66000,387130000C,(04)23274275,(04)23288582,2025,11,17,15,2,臺中市,南屯區,0,0,0,7,,,50,,,,,,,,,,,,,,13,,,,,B03,,,3,,1,,,57,57,1,12,4,120.633589,24.141391,3
6509,66000,387130000C,(04)23274275,(04)23288582,2025,11,17,15,3,臺中市,南區,0,1,0,7,2,6,50,3,9,1,5,4,6,6,1,1,5,5,5,2,13,2,8,2,1,C03,7,9,1,10,2,11,,59,59,1,12,4,120.652091,24.125546,2
6510,66000,387130000C,(04)23274275,(04)23288582,2025,11,17,15,10,臺中市,北區,0,0,0,7,,,50,,,,,,,,,,,,,,17,,,,,,,,,,,,,109,109,1,,,120.699935,24.159537,3
6511,66000,387130000C,(04)23274275,(04)23288582,2025,11,17,15,10,臺中市,西屯區,0,0,0,7,,,40,,,,,,,,,,,,,,13,,,,,B03,,,1,,1,,,59,59,1,12,4,120.632434,24.169913,3
6512,66000,387130000C,(04)23274275,(04)23288582,2025,11,17,15,12,臺中市,龍井區,0,0,0,7,2,6,50,13,9,1,5,4,6,6,4,4,5,5,5,2,17,,,,,C03,,,1,,2,,,82,82,1,6,4,120.590768,24.180988,3
6513,66000,387130000C,(04)23274275,(04)23288582,2025,11,17,15,14,臺中市,霧峰區,0,1,0,7,2,6,50,13,9,1,5,4,6,6,4,4,9,5,5,1,18,2,9,5,4,C03,7,9,1,10,2,12,,84,84,1,13,4,120.707086,24.075785,2
6514,66000,387130000C,(04)23274275,(04)23288582,2025,11,17,15,15,臺中市,潭子區,0,0,0,7,,,50,,,,,,,,,,,,,,,,,,,B03,,,1,,2,,,8,8,1,13,4,120.702534,24.207284,3
6515,66000,387130000C,(04)23274275,(04)23288582,2025,11,17,15,18,臺中市,大里區,0,0,0,7,,,50,,,,,,,,,,,,,,,,,,,,,,,,,,,86,86,1,,,120.7023,24.096138,3