序號,縣市別代碼,機關代碼,市話,傳真,年,月,日,時,分,縣市,區,死亡數量,受傷數量,2-30,天候,道路照明設備,道路類別,道路速限,道路型態,事故位置,路面鋪裝,路面狀態,路面缺陷,障礙物,視距,號誌種類,號誌動作,分向設施,快車道或一般車道間,快慢車道間,路面邊線,事故類型及型態,受傷程度,主要傷處,保護裝備,行動電話或功能裝置,當事者區分(類別),車輛用途,當事者行動狀態,駕照狀態,駕照種類,飲酒情形,車輛撞擊部位最初,車輛撞擊部位其他,肇事因素個別,肇事因素主要,肇事逃逸,職業,共享經濟或外送平台,GPS座標X,GPS座標Y,事故類別
6516,66000,387130000C,(04)23274275,(04)23288582,2025,11,17,15,18,臺中市,外埔區,0,0,0,7,2,6,50,3,7,1,5,4,6,6,4,4,5,5,4,1,17,3,10,3,1,B03,7,9,1,2,2,1,,7,7,1,12,4,120.637786,24.341437,3
6517,66000,387130000C,(04)23274275,(04)23288582,2025,11,17,15,24,臺中市,南屯區,0,1,0,7,2,6,50,4,1,1,5,4,6,6,4,4,10,5,5,2,13,2,8,2,1,C03,7,9,1,10,2,11,,7,7,1,13,4,120.614266,24.146816,2
6518,66000,387130000C,(04)23274275,(04)23288582,2025,11,17,15,27,臺中市,西區,0,2,0,7,2,6,50,3,1,1,5,4,6,6,4,4,10,5,5,2,15,2,9,5,4,C03,7,11,1,10,2,12,,46,46,1,12,4,120.650146,24.144222,2
6519,66000,387130000C,(04)23274275,(04)23288582,2025,11,17,15,28,臺中市,沙鹿區,0,1,0,7,2,6,50,13,9,1,5,4,6,6,4,4,5,5,4,2,17,2,9,1,1,C03,7,11,1,10,2,12,,34,34,1,12,4,120.5678,24.258074,2
6520,66000,387130000C,(04)23274275,(04)23288582,2025,11,17,15,29,臺中市,東勢區,0,1,0,7,2,6,50,4,1,1,5,4,6,6,4,4,10,5,5,2,17,2,9,2,1,C03,7,9,1,10,2,11,,12,12,1,12,4,120.83494,24.248921,2
6521,66000,387130000C,(04)23274275,(04)23288582,2025,11,17,15,31,臺中市,西屯區,0,1,0,7,2,6,50,13,9,1,5,4,6,6,4,4,1,4,4,2,16,3,10,3,1,B03,7,7,1,8,2,2,,40,40,1,12,4,120.632521,24.180054,2
6522,66000,387130000C,(04)23274275,(04)23288582,2025,11,17,15,38,臺中市,西區,0,0,0,7,,,50,,,,,,,,,,,,,,,,,,,B03,,,1,,1,,,51,51,1,13,4,120.680108,24.147204,3
6523,66000,387130000C,(04)23274275,(04)23288582,2025,11,17,15,38,臺中市,北屯區,0,2,0,7,1,6,50,4,2,1,5,4,6,6,1,1,5,4,5,2,12,3,10,3,1,B03,7,11,1,8,2,2,,45,45,1,13,4,120.725336,24.172061,2
6524,66000,387130000C,(04)23274275,(04)23288582,2025,11,17,15,39,臺中市,潭子區,0,0,0,7,,,50,,,,,,,,,,,,,,,,,,,A12,,,1,,2,,,84,84,1,13,4,120.704874,24.215613,3
6525,66000,387130000C,(04)23274275,(04)23288582,2025,11,17,15,40,臺中市,霧峰區,0,0,0,7,,,50,,,,,,,,,,,,,,17,,,,,B03,,,1,8,1,,,84,84,1,13,4,120.698065,24.069364,3
6526,66000,387130000C,(04)23274275,(04)23288582,2025,11,17,15,44,臺中市,南屯區,0,1,0,7,2,6,50,4,19,1,5,4,6,6,2,1,10,5,5,2,3,3,10,3,1,B03,7,6,1,8,2,4,,10,10,1,13,4,120.654673,24.140006,2
6527,66000,387130000C,(04)23274275,(04)23288582,2025,11,17,15,46,臺中市,霧峰區,0,1,0,7,2,6,30,13,9,1,4,4,6,6,4,4,10,5,5,1,17,2,9,5,4,C03,7,9,1,10,2,11,,84,84,1,13,4,120.665115,24.079725,2
6528,66000,387130000C,(04)23274275,(04)23288582,2025,11,17,15,47,臺中市,霧峰區,0,1,0,7,2,6,40,4,2,1,5,4,6,6,4,4,10,5,5,1,17,2,9,2,1,C03,7,6,1,10,2,12,,20,20,1,5,4,120.687908,24.052474,2
6529,66000,387130000C,(04)23274275,(04)23288582,2025,11,17,15,50,臺中市,梧棲區,0,3,0,7,2,6,50,13,9,1,5,4,6,6,4,4,9,5,5,1,16,2,8,1,1,C03,7,6,1,10,2,11,,48,48,1,12,4,120.533533,24.232001,2
6530,66000,387130000C,(04)23274275,(04)23288582,2025,11,17,15,59,臺中市,大雅區,0,0,0,7,,,70,,,,,,,,,,,,,,12,,,,,B03,,,1,,1,,,41,41,1,12,4,120.630285,24.240824,3
6531,66000,387130000C,(04)23274275,(04)23288582,2025,11,17,16,2,臺中市,南屯區,0,0,0,7,,,60,,,,,,,,,,,,,,16,,,,,B03,,,1,,1,,,11,11,1,12,4,120.637584,24.119913,3
6532,66000,387130000C,(04)23274275,(04)23288582,2025,11,17,16,4,臺中市,北區,0,1,0,7,3,6,50,4,2,1,5,4,6,6,1,1,5,4,5,2,13,3,10,5,4,B03,7,9,1,10,2,1,,7,7,1,13,4,120.66486,24.160811,2
6533,66000,387130000C,(04)23274275,(04)23288582,2025,11,17,16,5,臺中市,北區,0,0,0,7,,,50,,,,,,,,,,,,,,,,,,,B03,,,1,,11,,,49,49,1,13,4,120.699566,24.153986,3
6534,66000,387130000C,(04)23274275,(04)23288582,2025,11,17,16,5,臺中市,南屯區,0,1,0,7,2,6,50,13,9,1,5,4,6,6,4,4,9,5,5,2,12,2,9,1,1,C03,7,9,1,10,2,12,,59,59,1,12,4,120.625948,24.118207,2
6535,66000,387130000C,(04)23274275,(04)23288582,2025,11,17,16,7,臺中市,西屯區,0,1,0,7,2,6,50,13,7,1,5,4,6,6,4,4,5,5,4,2,18,2,9,5,4,C03,7,9,3,19,8,14,,53,53,1,13,4,120.651299,24.166803,2
6536,66000,387130000C,(04)23274275,(04)23288582,2025,11,17,16,11,臺中市,南屯區,0,0,0,7,,,50,,,,,,,,,,,,,,25,,,,,B02,,,1,,2,,,51,51,1,12,4,120.598971,24.153584,3
6537,66000,387130000C,(04)23274275,(04)23288582,2025,11,17,16,14,臺中市,西屯區,0,0,0,7,,,50,,,,,,,,,,,,,,13,,,,,B03,,,1,,1,,,78,78,1,12,4,120.660521,24.171415,3
6538,66000,387130000C,(04)23274275,(04)23288582,2025,11,17,16,15,臺中市,中區,0,3,0,7,2,6,50,4,1,1,5,4,5,6,1,1,10,5,5,2,17,2,9,1,1,C03,7,9,1,10,2,11,,7,7,1,13,4,120.678741,24.147203,2
6539,66000,387130000C,(04)23274275,(04)23288582,2025,11,17,16,16,臺中市,北區,0,0,0,7,,,50,,,,,,,,,,,,,,13,,,,,C03,,,1,,2,,,59,59,1,12,4,120.685632,24.164931,3
6540,66000,387130000C,(04)23274275,(04)23288582,2025,11,17,16,23,臺中市,南屯區,0,0,0,7,,,50,,,,,,,,,,,,,,12,,,,,B03,,,1,,1,,,40,40,1,13,4,120.646609,24.142554,3
6541,66000,387130000C,(04)23274275,(04)23288582,2025,11,17,16,26,臺中市,豐原區,0,1,0,7,2,6,50,4,19,1,5,4,6,6,2,1,5,5,4,1,3,3,10,1,1,C03,7,5,1,10,2,14,,10,10,1,13,4,120.716337,24.260541,2
6542,66000,387130000C,(04)23274275,(04)23288582,2025,11,17,16,29,臺中市,北屯區,0,0,0,7,,,50,,,,,,,,,,,,,,13,,,,,B03,,,1,,2,,,56,56,1,6,4,120.687477,24.181618,3
6543,66000,387130000C,(04)23274275,(04)23288582,2025,11,17,16,30,臺中市,北區,0,0,0,7,,,50,,,,,,,,,,,,,,17,,,,,C03,,,1,,2,,,84,84,1,12,4,120.685456,24.163099,3
6544,66000,387130000C,(04)23274275,(04)23288582,2025,11,17,16,31,臺中市,北屯區,0,0,0,7,,,50,,,,,,,,,,,,,,14,,,,,B13,,,1,,1,,,49,49,1,6,4,120.659577,24.190447,3
6545,66000,387130000C,(04)23274275,(04)23288582,2025,11,17,16,35,臺中市,南屯區,0,1,0,7,2,6,50,4,1,1,5,4,6,6,2,1,1,2,1,2,16,3,10,3,1,B03,7,5,1,8,2,2,,84,84,1,9,4,120.631748,24.125647,2
6546,66000,387130000C,(04)23274275,(04)23288582,2025,11,17,16,37,臺中市,南區,0,0,0,7,,,50,,,,,,,,,,,,,,,,,,,C03,,,1,,2,,,42,42,1,13,4,120.685038,24.12957,4
6547,66000,387130000C,(04)23274275,(04)23288582,2025,11,17,16,39,臺中市,北區,0,0,0,7,,,50,,,,,,,,,,,,,,,,,,,C03,,,1,,2,,,84,84,1,13,4,120.6666,24.158645,3
6548,66000,387130000C,(04)23274275,(04)23288582,2025,11,17,16,40,臺中市,太平區,0,2,0,7,2,6,50,3,1,1,5,4,6,6,1,1,10,5,5,2,17,2,9,1,1,C03,7,6,1,10,2,11,,11,11,1,12,4,120.714601,24.135748,2
6549,66000,387130000C,(04)23274275,(04)23288582,2025,11,17,16,41,臺中市,西區,0,0,0,7,,,40,,,,,,,,,,,,,,,,,,,C03,,,1,,1,,,7,7,1,6,4,120.666927,24.153191,3
6550,66000,387130000C,(04)23274275,(04)23288582,2025,11,17,16,41,臺中市,北屯區,0,0,0,7,,,50,,,,,,,,,,,,,,17,,,,,B03,,,1,,2,,,50,50,1,6,4,120.716374,24.175113,3
6551,66000,387130000C,(04)23274275,(04)23288582,2025,11,17,16,43,臺中市,南屯區,0,2,0,7,2,6,40,3,1,1,5,4,6,6,2,1,9,4,1,2,13,2,9,1,1,C03,7,9,1,10,2,11,,7,7,1,12,4,120.636875,24.119929,2
6552,66000,387130000C,(04)23274275,(04)23288582,2025,11,17,16,46,臺中市,大里區,0,0,0,7,,,50,,,,,,,,,,,,,,17,,,,,B12,,,1,,1,,,8,8,1,6,4,120.704787,24.081991,3
6553,66000,387130000C,(04)23274275,(04)23288582,2025,11,17,16,48,臺中市,西區,0,0,0,7,,,50,,,,,,,,,,,,,,13,,,,,B03,,,1,,2,,,7,7,1,12,4,120.657375,24.146713,3
6554,66000,387130000C,(04)23274275,(04)23288582,2025,11,17,16,53,臺中市,西屯區,0,0,0,7,,,30,,,,,,,,,,,,,,14,,,,,B03,,,1,,1,,,49,49,1,12,4,120.646391,24.18253,3
6555,66000,387130000C,(04)23274275,(04)23288582,2025,11,17,16,55,臺中市,大里區,0,1,0,7,2,6,50,13,9,1,5,4,6,6,4,4,9,5,5,1,17,3,10,5,4,B03,7,6,1,8,2,1,,20,20,1,13,4,120.709626,24.088967,2
6556,66000,387130000C,(04)23274275,(04)23288582,2025,11,17,17,2,臺中市,南屯區,0,1,0,7,2,6,60,4,1,1,5,4,6,6,2,1,1,4,3,2,17,3,10,1,1,C03,7,15,3,19,2,12,,8,8,1,5,4,120.62267,24.140394,2
6557,66000,387130000C,(04)23274275,(04)23288582,2025,11,17,17,2,臺中市,太平區,0,0,0,7,,,50,,,,,,,,,,,,,,16,,,,,B03,,,1,,2,,,84,84,1,12,4,120.734144,24.147831,3
6558,66000,387130000C,(04)23274275,(04)23288582,2025,11,17,17,3,臺中市,大雅區,0,0,0,7,,,30,,,,,,,,,,,,,,14,,,,,B12,,,1,,2,,,49,49,1,12,4,120.649219,24.224037,3
6559,66000,387130000C,(04)23274275,(04)23288582,2025,11,17,17,6,臺中市,西區,0,1,0,7,2,6,50,4,1,1,5,4,6,6,2,1,10,5,5,2,17,2,9,2,1,C03,7,9,1,10,2,12,,43,43,1,13,4,120.671873,24.135226,2
6560,66000,387130000C,(04)23274275,(04)23288582,2025,11,17,17,6,臺中市,豐原區,0,0,0,7,,,50,,,,,,,,,,,,,,17,,,,,C03,,,1,,1,,,7,7,1,12,4,120.722249,24.277745,4
6561,66000,387130000C,(04)23274275,(04)23288582,2025,11,17,17,7,臺中市,北屯區,0,0,0,7,,,50,,,,,,,,,,,,,,,,,,,C03,,,1,,2,,,49,49,1,12,4,120.690521,24.195268,3
6562,66000,387130000C,(04)23274275,(04)23288582,2025,11,17,17,9,臺中市,南區,0,0,0,7,,,50,,,,,,,,,,,,,,,,,,,C03,,,1,,1,,,49,49,1,13,4,120.681071,24.122406,3
6563,66000,387130000C,(04)23274275,(04)23288582,2025,11,17,17,10,臺中市,霧峰區,0,0,0,7,,,40,,,,,,,,,,,,,,,,,,,C03,,,1,,2,,,20,20,1,13,4,120.66679,24.070307,3
6564,66000,387130000C,(04)23274275,(04)23288582,2025,11,17,17,10,臺中市,大肚區,0,0,0,7,,,50,,,,,,,,,,,,,,,,,,,B03,,,1,,1,,,82,82,1,6,4,120.544602,24.150983,3
6565,66000,387130000C,(04)23274275,(04)23288582,2025,11,17,17,12,臺中市,南區,0,1,0,7,3,6,50,13,7,1,5,4,6,6,4,4,1,4,4,2,13,2,9,1,1,C03,7,9,1,10,2,11,,59,59,1,6,4,120.66019,24.119952,2
6566,66000,387130000C,(04)23274275,(04)23288582,2025,11,17,17,12,臺中市,太平區,0,1,0,7,2,6,50,4,1,1,5,4,6,6,2,1,10,5,5,2,16,3,10,3,1,B03,7,6,1,8,2,5,,11,11,1,12,4,120.718344,24.158055,2
6567,66000,387130000C,(04)23274275,(04)23288582,2025,11,17,17,14,臺中市,北屯區,0,1,0,7,3,6,50,4,1,1,5,4,6,6,4,4,10,5,5,2,12,2,8,4,1,F01,7,6,7,21,9,14,,84,84,1,3,4,120.692469,24.176583,2
6568,66000,387130000C,(04)23274275,(04)23288582,2025,11,17,17,15,臺中市,西屯區,0,0,0,7,,,50,,,,,,,,,,,,,,17,,,,,B03,,,1,,1,,,59,59,1,12,4,120.655,24.168266,3
6569,66000,387130000C,(04)23274275,(04)23288582,2025,11,17,17,15,臺中市,烏日區,0,1,0,7,1,6,50,3,1,1,5,4,6,6,4,4,10,5,5,2,11,2,9,1,1,C03,7,9,1,10,2,11,14,84,84,1,6,4,120.648162,24.088595,2
6570,66000,387130000C,(04)23274275,(04)23288582,2025,11,17,17,17,臺中市,西屯區,0,2,0,7,1,6,50,4,2,1,5,4,6,6,1,1,10,5,5,2,12,2,8,1,1,C03,7,5,1,8,2,12,,85,85,1,12,4,120.60831,24.169399,2
6571,66000,387130000C,(04)23274275,(04)23288582,2025,11,17,17,17,臺中市,西屯區,0,0,0,7,,,30,,,,,,,,,,,,,,13,,,,,C03,,,1,,2,,,7,7,1,12,4,120.649245,24.174793,3
6572,66000,387130000C,(04)23274275,(04)23288582,2025,11,17,17,18,臺中市,大雅區,0,0,0,7,,,50,,,,,,,,,,,,,,17,,,,,C03,,,1,,2,,,8,8,1,13,4,120.653182,24.24787,3
6573,66000,387130000C,(04)23274275,(04)23288582,2025,11,17,17,19,臺中市,大甲區,0,2,0,7,3,6,50,3,1,1,5,4,6,6,4,4,10,5,5,2,17,2,9,1,1,C03,7,6,1,10,2,11,,14,14,1,6,4,120.617738,24.347782,2
6574,66000,387130000C,(04)23274275,(04)23288582,2025,11,17,17,22,臺中市,大里區,0,2,0,7,1,6,50,4,1,1,5,4,6,6,4,4,10,5,5,2,15,2,3,1,1,C03,7,9,1,10,2,11,,15,15,1,12,4,120.706142,24.084127,2
6575,66000,387130000C,(04)23274275,(04)23288582,2025,11,17,17,22,臺中市,豐原區,0,0,0,7,,,50,,,,,,,,,,,,,,14,,,,,A11,,,1,,9,,,49,49,1,13,4,120.721982,24.277801,3
6576,66000,387130000C,(04)23274275,(04)23288582,2025,11,17,17,24,臺中市,南屯區,0,1,0,7,1,6,50,13,9,1,5,4,6,6,4,4,1,4,5,2,12,3,10,3,1,B01,7,9,1,4,2,5,,8,8,1,12,4,120.646443,24.141887,2
6577,66000,387130000C,(04)23274275,(04)23288582,2025,11,17,17,26,臺中市,北屯區,0,0,0,7,,,30,,,,,,,,,,,,,,9,,,,,B12,,,1,,1,,,51,51,1,6,4,120.692303,24.202489,3
6578,66000,387130000C,(04)23274275,(04)23288582,2025,11,17,17,27,臺中市,南區,0,0,0,7,,,30,,,,,,,,,,,,,,,,,,,B03,,,1,,1,,,84,84,1,13,4,120.660838,24.118891,3
6579,66000,387130000C,(04)23274275,(04)23288582,2025,11,17,17,27,臺中市,東區,0,0,0,7,,,50,,,,,,,,,,,,,,13,,,,,B03,,,1,,1,,,7,7,1,12,4,120.707652,24.136076,3
6580,66000,387130000C,(04)23274275,(04)23288582,2025,11,17,17,28,臺中市,北屯區,0,0,0,7,,,50,,,,,,,,,,,,,,12,,,,,B03,,,1,,1,,,43,43,1,6,4,120.719213,24.175414,3
6581,66000,387130000C,(04)23274275,(04)23288582,2025,11,17,17,30,臺中市,龍井區,0,0,0,7,,,50,,,,,,,,,,,,,,,,,,,B03,,,1,,1,,,7,7,1,6,4,120.523472,24.200151,4
6582,66000,387130000C,(04)23274275,(04)23288582,2025,11,17,17,30,臺中市,神岡區,0,0,0,7,,,50,,,,,,,,,,,,,,13,,,,,B03,,,1,,2,,,56,56,1,12,4,120.713925,24.2577,3
6583,66000,387130000C,(04)23274275,(04)23288582,2025,11,17,17,36,臺中市,南區,0,1,0,7,1,6,50,13,9,1,5,4,3,5,4,4,5,5,5,2,11,3,10,2,1,C03,7,6,1,10,2,11,,48,48,1,6,4,120.660912,24.124333,2
6584,66000,387130000C,(04)23274275,(04)23288582,2025,11,17,17,37,臺中市,烏日區,0,1,0,7,1,6,30,13,9,1,5,4,6,6,4,4,10,5,5,2,28,2,9,5,4,C03,7,9,1,10,2,14,,85,85,1,12,4,120.654607,24.052576,2
6585,66000,387130000C,(04)23274275,(04)23288582,2025,11,17,17,38,臺中市,東區,0,0,0,7,,3,80,,,,,,,,,,,,,,12,,,,,B02,,,1,,1,,,8,8,1,6,4,120.708594,24.134654,3
6586,66000,387130000C,(04)23274275,(04)23288582,2025,11,17,17,38,臺中市,南屯區,0,0,0,7,,,50,,,,,,,,,,,,,,13,,,,,B03,,,1,,1,,,7,7,1,12,4,120.635263,24.151179,3
6587,66000,387130000C,(04)23274275,(04)23288582,2025,11,17,17,39,臺中市,西區,0,1,0,7,1,6,40,4,1,1,5,4,5,6,1,1,10,5,5,2,13,2,8,1,1,C03,7,15,1,10,2,11,,84,84,1,6,4,120.657245,24.136569,2
6588,66000,387130000C,(04)23274275,(04)23288582,2025,11,17,17,40,臺中市,西區,0,1,0,7,1,6,50,4,1,1,5,4,6,6,1,1,10,5,5,1,17,3,10,5,4,B03,7,6,1,8,2,6,,20,20,1,12,4,120.657245,24.136569,2
6589,66000,387130000C,(04)23274275,(04)23288582,2025,11,17,17,40,臺中市,龍井區,0,0,0,7,2,6,50,5,9,1,5,4,6,6,2,1,3,5,5,2,12,,,,,B03,,,1,,1,,,8,8,1,6,4,120.573889,24.184451,3
6590,66000,387130000C,(04)23274275,(04)23288582,2025,11,17,17,41,臺中市,北區,0,1,0,7,1,6,50,4,1,1,5,4,6,6,1,1,10,5,5,2,13,2,9,1,1,C03,7,9,1,10,2,11,,59,59,1,12,4,120.670712,24.163068,2
6591,66000,387130000C,(04)23274275,(04)23288582,2025,11,17,17,43,臺中市,后里區,0,0,0,7,1,6,50,13,9,1,5,4,6,6,1,1,1,2,4,1,13,3,10,2,1,C03,7,9,1,10,2,11,,7,7,1,12,4,120.722658,24.284518,3
6592,66000,387130000C,(04)23274275,(04)23288582,2025,11,17,17,45,臺中市,大里區,0,0,0,7,,,30,,,,,,,,,,,,,,,,,,,B03,,,1,,1,,,51,51,1,12,4,120.68939,24.105878,3
6593,66000,387130000C,(04)23274275,(04)23288582,2025,11,17,17,46,臺中市,豐原區,0,0,0,7,,,50,,,,,,,,,,,,,,13,,,,,B03,,,1,,1,,,84,84,1,13,4,120.719169,24.237737,3
6594,66000,387130000C,(04)23274275,(04)23288582,2025,11,17,17,48,臺中市,西區,0,2,0,7,1,6,50,4,1,1,5,4,6,6,1,1,10,5,5,2,13,2,9,5,4,C03,7,9,1,10,2,11,,7,7,1,12,4,120.651292,24.146749,2
6595,66000,387130000C,(04)23274275,(04)23288582,2025,11,17,17,50,臺中市,西區,0,0,0,7,,,50,,,,,,,,,,,,,,9,,,,,A05,,,1,,2,,,58,58,1,13,4,120.672381,24.150936,3
6596,66000,387130000C,(04)23274275,(04)23288582,2025,11,17,17,51,臺中市,北區,0,1,0,7,1,6,50,4,1,1,5,4,6,6,1,1,10,5,5,2,13,3,10,5,4,C03,7,9,1,10,2,11,,84,84,1,12,4,120.674507,24.162862,2
6597,66000,387130000C,(04)23274275,(04)23288582,2025,11,17,17,51,臺中市,西屯區,0,0,0,7,,,40,,,,,,,,,,,,,,13,,,,,B03,,,1,,1,,,59,59,1,12,4,120.656454,24.158447,3
6598,66000,387130000C,(04)23274275,(04)23288582,2025,11,17,17,51,臺中市,西屯區,0,1,0,7,2,6,40,13,8,1,5,4,6,6,4,4,9,4,4,2,17,3,10,5,4,B03,7,13,1,8,1,16,,77,77,1,12,4,120.663808,24.177931,2
6599,66000,387130000C,(04)23274275,(04)23288582,2025,11,17,17,51,臺中市,烏日區,0,1,0,7,1,6,60,3,1,1,5,4,6,6,4,4,1,4,4,2,16,3,10,3,1,B03,7,5,1,8,2,2,,47,47,1,8,4,120.623586,24.104417,2
6600,66000,387130000C,(04)23274275,(04)23288582,2025,11,17,17,52,臺中市,西區,0,0,0,7,,,50,,,,,,,,,,,,,,,,,,,C03,,,1,,1,,,39,39,1,12,4,120.657257,24.150851,3
6601,66000,387130000C,(04)23274275,(04)23288582,2025,11,17,17,54,臺中市,南屯區,0,0,0,7,1,6,50,13,9,1,5,4,6,6,1,1,3,4,5,2,13,,,,,C03,,,1,,1,,,7,7,1,12,4,120.64701,24.15095,3
6602,66000,387130000C,(04)23274275,(04)23288582,2025,11,17,17,55,臺中市,西區,0,0,0,7,,,40,,,,,,,,,,,,,,,,,,,B03,,,1,,1,,,50,50,1,6,4,120.657044,24.151525,3
6603,66000,387130000C,(04)23274275,(04)23288582,2025,11,17,17,56,臺中市,霧峰區,0,0,0,7,,,30,,,,,,,,,,,,,,17,,,,,B12,,,1,8,2,,,84,84,1,13,4,120.674607,24.067764,3
6604,66000,387130000C,(04)23274275,(04)23288582,2025,11,17,17,58,臺中市,東區,0,0,0,7,1,6,50,5,1,1,5,4,6,6,2,1,10,5,5,2,17,,,,,B03,,,1,,2,,,23,23,1,12,4,120.694544,24.142909,3
6605,66000,387130000C,(04)23274275,(04)23288582,2025,11,17,17,58,臺中市,西屯區,0,0,0,7,,,50,,,,,,,,,,,,,,13,,,,,C03,,,1,,2,,,7,7,1,13,4,120.654345,24.194323,4
6606,66000,387130000C,(04)23274275,(04)23288582,2025,11,17,18,0,臺中市,南區,0,0,0,7,,,50,,,,,,,,,,,,,,,,,,,B03,,,1,,2,,,85,85,1,13,4,120.661456,24.121975,3
6607,66000,387130000C,(04)23274275,(04)23288582,2025,11,17,18,0,臺中市,西屯區,0,0,0,7,,,40,,,,,,,,,,,,,,15,,,,,C03,,,1,,1,,,84,84,1,12,4,120.64359,24.165724,3
6608,66000,387130000C,(04)23274275,(04)23288582,2025,11,17,18,0,臺中市,大里區,0,1,0,6,1,6,50,3,7,1,5,4,6,6,4,4,5,5,4,2,13,2,9,1,1,C03,7,9,1,8,2,11,,59,59,1,12,4,120.687886,24.105883,2
6609,66000,387130000C,(04)23274275,(04)23288582,2025,11,17,18,1,臺中市,豐原區,0,1,0,7,1,6,50,13,9,1,5,4,6,6,4,4,5,5,5,1,17,3,10,5,4,B03,7,15,1,8,2,8,,76,76,1,12,4,120.717326,24.258354,2
6610,66000,387130000C,(04)23274275,(04)23288582,2025,11,17,18,4,臺中市,西屯區,0,0,0,7,,,50,,,,,,,,,,,,,,13,,,,,B03,,,1,,1,,,7,7,1,12,4,120.610532,24.19107,3
6611,66000,387130000C,(04)23274275,(04)23288582,2025,11,17,18,5,臺中市,南屯區,0,1,0,7,1,6,50,13,7,1,5,4,6,6,4,4,5,4,5,2,13,2,9,1,1,C03,7,7,1,10,2,11,,40,40,1,13,4,120.614452,24.139029,2
6612,66000,387130000C,(04)23274275,(04)23288582,2025,11,17,18,5,臺中市,神岡區,0,1,0,6,1,6,50,5,1,1,5,4,6,6,1,1,10,5,5,1,11,3,10,3,1,B12,7,11,1,8,2,8,,45,45,1,12,4,120.664855,24.273758,2
6613,66000,387130000C,(04)23274275,(04)23288582,2025,11,17,18,7,臺中市,大里區,0,1,0,7,1,6,50,13,9,1,5,4,6,6,4,4,5,4,5,1,13,3,10,3,1,B03,7,9,1,8,2,1,,84,84,1,12,4,120.677136,24.114941,2
6614,66000,387130000C,(04)23274275,(04)23288582,2025,11,17,18,7,臺中市,太平區,0,0,0,7,,,50,,,,,,,,,,,,,,17,,,,,B03,,,3,,3,,,59,59,1,12,4,120.721945,24.144927,3
6615,66000,387130000C,(04)23274275,(04)23288582,2025,11,17,18,9,臺中市,大雅區,0,0,0,7,,,50,,,,,,,,,,,,,,,,,,,C03,,,1,,1,,,7,7,1,13,4,120.647085,24.212702,3
6616,66000,387130000C,(04)23274275,(04)23288582,2025,11,17,18,9,臺中市,霧峰區,0,0,0,7,,,50,,,,,,,,,,,,,,,,,,,B03,,,1,,1,,,49,49,1,6,4,120.699652,24.071733,3
6617,66000,387130000C,(04)23274275,(04)23288582,2025,11,17,18,10,臺中市,北屯區,0,0,0,7,,,50,,,,,,,,,,,,,,13,,,,,B12,,,1,,1,,,84,84,1,6,4,120.666001,24.181675,3
6618,66000,387130000C,(04)23274275,(04)23288582,2025,11,17,18,11,臺中市,北屯區,0,0,0,7,,3,80,,,,,,,,,,,,,,13,,,,,B03,,,1,8,1,,,84,84,1,6,4,120.696491,24.200993,3
6619,66000,387130000C,(04)23274275,(04)23288582,2025,11,17,18,11,臺中市,太平區,0,1,0,7,1,6,50,3,2,1,5,4,6,6,4,4,5,2,4,2,3,2,8,6,5,H01,8,18,7,21,10,17,,95,95,1,12,5,120.713423,24.159814,2
6620,66000,387130000C,(04)23274275,(04)23288582,2025,11,17,18,15,臺中市,大雅區,0,1,0,6,1,6,30,4,1,1,5,4,6,6,4,4,10,5,5,2,15,2,7,2,1,C03,7,9,1,10,2,12,,15,15,1,12,4,120.650863,24.220475,2
6621,66000,387130000C,(04)23274275,(04)23288582,2025,11,17,18,16,臺中市,太平區,0,2,0,7,1,6,50,4,4,1,5,4,6,6,2,1,1,4,5,2,17,2,9,2,1,C03,7,9,1,10,2,11,,7,7,1,12,4,120.723166,24.149437,2
6622,66000,387130000C,(04)23274275,(04)23288582,2025,11,17,18,17,臺中市,豐原區,0,0,0,7,,,60,,,,,,,,,,,,,,13,,,,,B03,,,1,,2,,,59,59,1,13,4,120.708062,24.237265,3
6623,66000,387130000C,(04)23274275,(04)23288582,2025,11,17,18,18,臺中市,西區,0,0,0,7,,,50,,,,,,,,,,,,,,15,,,,,B03,,,1,,1,,,15,15,1,12,4,120.659813,24.155466,3
6624,66000,387130000C,(04)23274275,(04)23288582,2025,11,17,18,18,臺中市,南區,0,1,0,7,1,6,50,13,7,1,5,4,5,5,4,4,5,4,4,2,12,2,9,4,1,F01,7,8,7,21,2,14,,43,43,1,5,1,120.678348,24.132284,2
6625,66000,387130000C,(04)23274275,(04)23288582,2025,11,17,18,18,臺中市,龍井區,0,0,0,7,1,6,40,13,8,1,5,4,6,6,2,1,3,4,3,2,13,,,,,B03,,,1,,2,,,59,59,1,6,4,120.592116,24.183142,3
6626,66000,387130000C,(04)23274275,(04)23288582,2025,11,17,18,20,臺中市,中區,0,0,0,7,,,50,,,,,,,,,,,,,,17,,,,,C03,,,1,,1,,,8,8,1,13,4,120.680729,24.143536,3
6627,66000,387130000C,(04)23274275,(04)23288582,2025,11,17,18,20,臺中市,大里區,0,1,0,7,1,6,70,10,7,1,5,4,6,6,4,4,1,4,5,1,13,3,10,3,1,B03,7,9,1,8,2,1,,7,7,1,5,4,120.671004,24.101523,2
6628,66000,387130000C,(04)23274275,(04)23288582,2025,11,17,18,20,臺中市,太平區,0,1,1,7,1,6,50,3,7,1,5,4,6,6,4,4,5,2,4,1,16,2,9,2,1,F03,7,1,7,21,2,14,,51,51,1,12,4,120.735537,24.126736,2