序號,縣市別代碼,機關代碼,市話,傳真,年,月,日,時,分,縣市,區,死亡數量,受傷數量,2-30,天候,道路照明設備,道路類別,道路速限,道路型態,事故位置,路面鋪裝,路面狀態,路面缺陷,障礙物,視距,號誌種類,號誌動作,分向設施,快車道或一般車道間,快慢車道間,路面邊線,事故類型及型態,受傷程度,主要傷處,保護裝備,行動電話或功能裝置,當事者區分(類別),車輛用途,當事者行動狀態,駕照狀態,駕照種類,飲酒情形,車輛撞擊部位最初,車輛撞擊部位其他,肇事因素個別,肇事因素主要,肇事逃逸,職業,共享經濟或外送平台,GPS座標X,GPS座標Y,事故類別
6629,66000,387130000C,(04)23274275,(04)23288582,2025,11,17,18,21,臺中市,大雅區,0,0,0,7,,,60,,,,,,,,,,,,,,13,,,,,B03,,,1,,1,,,7,7,1,13,4,120.649596,24.214644,3
6630,66000,387130000C,(04)23274275,(04)23288582,2025,11,17,18,21,臺中市,大里區,0,2,0,6,1,6,50,5,2,1,5,4,6,6,4,4,10,5,5,2,16,2,9,1,1,C03,7,6,1,10,2,11,,14,14,1,12,4,120.675661,24.097822,2
6631,66000,387130000C,(04)23274275,(04)23288582,2025,11,17,18,24,臺中市,西區,0,1,0,7,1,6,50,13,9,1,5,4,6,6,4,4,5,4,5,2,17,3,10,5,4,B12,7,15,1,8,2,1,,82,82,1,12,4,120.667834,24.132329,2
6632,66000,387130000C,(04)23274275,(04)23288582,2025,11,17,18,24,臺中市,南屯區,0,0,0,7,,,50,,,,,,,,,,,,,,16,,,,,B03,,,1,,2,,,14,14,1,9,4,120.612791,24.148444,3
6633,66000,387130000C,(04)23274275,(04)23288582,2025,11,17,18,25,臺中市,北屯區,0,0,0,7,,,50,,,,,,,,,,,,,,,,,,,B02,,,1,,1,,,84,84,1,12,4,120.676573,24.186358,3
6634,66000,387130000C,(04)23274275,(04)23288582,2025,11,17,18,26,臺中市,潭子區,0,2,0,7,1,6,50,4,1,1,5,4,6,6,1,1,10,5,5,2,16,2,7,4,1,F01,7,6,7,21,2,11,,11,11,1,13,4,120.700518,24.211598,2
6635,66000,387130000C,(04)23274275,(04)23288582,2025,11,17,18,26,臺中市,北屯區,0,0,0,7,,,50,,,,,,,,,,,,,,9,,,,,B01,,,1,,2,,,59,59,1,6,4,120.689192,24.167864,3
6636,66000,387130000C,(04)23274275,(04)23288582,2025,11,17,18,27,臺中市,大雅區,0,0,0,7,,,60,,,,,,,,,,,,,,,,,,,B03,,,1,,2,,,8,8,1,13,4,120.64592,24.224365,3
6637,66000,387130000C,(04)23274275,(04)23288582,2025,11,17,18,27,臺中市,北屯區,0,0,0,7,,,50,,,,,,,,,,,,,,,,,,,C03,,,1,,9,,,1,1,1,13,4,120.705361,24.166918,3
6638,66000,387130000C,(04)23274275,(04)23288582,2025,11,17,18,28,臺中市,南區,0,0,0,7,,,50,,,,,,,,,,,,,,,,,,,B11,,,1,,9,,,84,84,1,6,4,120.680505,24.133407,3
6639,66000,387130000C,(04)23274275,(04)23288582,2025,11,17,18,29,臺中市,西區,0,2,0,7,1,6,50,3,1,1,5,4,6,6,1,1,10,5,5,2,17,2,9,1,1,C03,7,5,3,19,1,11,,4,4,1,13,4,120.669806,24.146727,2
6640,66000,387130000C,(04)23274275,(04)23288582,2025,11,17,18,30,臺中市,新社區,0,0,0,7,,,50,,,,,,,,,,,,,,,,,,,A12,,,1,,1,,,59,59,1,12,4,120.804728,24.204352,3
6641,66000,387130000C,(04)23274275,(04)23288582,2025,11,17,18,32,臺中市,大雅區,0,2,0,7,1,6,50,13,9,1,5,4,6,6,4,4,9,5,5,1,17,2,9,2,1,C03,7,6,1,10,2,11,,20,20,1,13,4,120.647662,24.214833,2
6642,66000,387130000C,(04)23274275,(04)23288582,2025,11,17,18,36,臺中市,東區,0,0,0,7,,,50,,,,,,,,,,,,,,16,,,,,B03,,,1,,2,,,47,47,1,6,4,120.701504,24.14022,3
6643,66000,387130000C,(04)23274275,(04)23288582,2025,11,17,18,37,臺中市,東區,0,2,0,7,1,6,40,13,8,1,5,4,6,6,4,4,5,5,4,2,13,2,8,2,1,C03,7,9,1,10,2,11,,84,84,1,12,4,120.70041,24.144599,2
6644,66000,387130000C,(04)23274275,(04)23288582,2025,11,17,18,37,臺中市,大甲區,0,1,0,7,1,6,50,4,1,1,5,4,6,6,2,1,10,5,5,2,11,3,10,5,4,B03,7,6,3,19,2,2,,48,48,1,6,4,120.627614,24.351157,2
6645,66000,387130000C,(04)23274275,(04)23288582,2025,11,17,18,38,臺中市,東區,0,1,0,7,1,6,40,4,1,1,5,4,6,6,2,1,10,5,5,2,30,2,9,5,4,C03,7,9,1,10,2,11,,84,84,1,13,4,120.687192,24.130318,2
6646,66000,387130000C,(04)23274275,(04)23288582,2025,11,17,18,39,臺中市,梧棲區,0,2,0,7,1,6,50,4,1,1,5,4,6,6,1,1,10,5,5,2,16,2,8,1,1,F03,7,9,7,21,2,14,,4,4,1,3,4,120.536746,24.260458,2
6647,66000,387130000C,(04)23274275,(04)23288582,2025,11,17,18,40,臺中市,潭子區,0,1,0,7,1,6,60,13,8,1,5,4,6,6,4,4,1,4,4,1,12,3,10,3,1,B03,7,7,1,8,2,2,,40,40,1,13,4,120.708865,24.231671,2
6648,66000,387130000C,(04)23274275,(04)23288582,2025,11,17,18,40,臺中市,大甲區,0,1,0,7,1,6,40,3,9,1,5,4,6,6,4,4,6,3,5,1,11,3,10,3,1,B12,7,6,3,19,2,1,,48,48,1,12,4,120.619732,24.346489,2
6649,66000,387130000C,(04)23274275,(04)23288582,2025,11,17,18,40,臺中市,新社區,0,0,0,7,,,50,,,,,,,,,,,,,,,,,,,B03,,,1,,2,,,8,8,1,12,4,120.806997,24.24118,3
6650,66000,387130000C,(04)23274275,(04)23288582,2025,11,17,18,42,臺中市,大里區,0,0,0,7,,,40,,,,,,,,,,,,,,,,,,,B03,,,1,,2,,,49,49,1,12,4,120.690505,24.108852,3
6651,66000,387130000C,(04)23274275,(04)23288582,2025,11,17,18,43,臺中市,大里區,0,0,0,7,,,50,,,,,,,,,,,,,,,,,,,B03,,,1,,2,,,8,8,1,12,4,120.683126,24.07925,3
6652,66000,387130000C,(04)23274275,(04)23288582,2025,11,17,18,43,臺中市,龍井區,0,0,0,7,1,6,50,4,7,1,5,4,6,6,2,1,3,4,3,2,13,,,,,B03,,,1,,1,,,56,56,1,6,4,120.574497,24.180936,3
6653,66000,387130000C,(04)23274275,(04)23288582,2025,11,17,18,44,臺中市,南區,0,0,0,7,,,50,,,,,,,,,,,,,,,,,,,B03,,,1,,2,,,47,47,1,6,4,120.651698,24.119333,4
6654,66000,387130000C,(04)23274275,(04)23288582,2025,11,17,18,45,臺中市,龍井區,0,1,0,7,1,6,50,3,1,1,5,4,6,6,4,4,5,5,5,2,16,2,8,2,1,C03,7,14,3,19,2,11,,87,87,1,6,4,120.588951,24.178456,2
6655,66000,387130000C,(04)23274275,(04)23288582,2025,11,17,18,46,臺中市,潭子區,0,1,0,7,1,6,60,13,12,1,5,4,6,6,4,4,3,4,4,1,13,2,9,1,1,C03,7,9,1,10,2,11,,7,7,1,12,4,120.702972,24.19979,2
6656,66000,387130000C,(04)23274275,(04)23288582,2025,11,17,18,46,臺中市,南區,0,2,0,7,1,6,50,4,2,1,5,4,6,6,1,1,1,4,5,2,16,2,9,1,1,C03,7,7,3,19,2,13,,40,40,1,6,4,120.659927,24.110903,2
6657,66000,387130000C,(04)23274275,(04)23288582,2025,11,17,18,47,臺中市,大里區,0,2,0,7,1,6,50,3,2,1,5,4,6,6,4,4,10,5,5,1,17,2,9,1,1,C03,7,6,1,10,2,12,,84,84,1,12,4,120.689367,24.105852,2
6658,66000,387130000C,(04)23274275,(04)23288582,2025,11,17,18,49,臺中市,南屯區,0,0,0,7,,,50,,,,,,,,,,,,,,,,,,,C03,,,1,,1,,,13,13,1,12,4,120.649868,24.139423,4
6659,66000,387130000C,(04)23274275,(04)23288582,2025,11,17,18,57,臺中市,龍井區,0,0,0,7,1,6,50,13,7,1,5,4,6,6,2,1,1,4,1,2,12,,,,,B03,,,1,,1,,,40,40,1,6,4,120.574822,24.184699,3
6660,66000,387130000C,(04)23274275,(04)23288582,2025,11,17,18,58,臺中市,東區,0,0,0,7,,,50,,,,,,,,,,,,,,17,,,,,,,,,,,,,84,84,1,,,120.69022,24.131973,3
6661,66000,387130000C,(04)23274275,(04)23288582,2025,11,17,19,0,臺中市,北區,0,1,0,7,2,9,50,13,9,1,5,4,6,6,4,4,9,5,5,2,3,2,8,6,5,H01,8,16,7,21,10,17,,95,95,1,13,5,120.682121,24.161484,2
6662,66000,387130000C,(04)23274275,(04)23288582,2025,11,17,19,8,臺中市,北屯區,0,0,0,7,,,30,,,,,,,,,,,,,,17,,,,,B03,,,1,,2,,,58,58,1,6,4,120.704667,24.167615,3
6663,66000,387130000C,(04)23274275,(04)23288582,2025,11,17,19,10,臺中市,大雅區,0,0,0,7,1,6,50,13,9,1,5,4,6,6,4,4,5,5,5,1,13,3,10,3,1,B03,7,14,5,7,8,1,,53,53,1,13,4,120.672562,24.211452,3
6664,66000,387130000C,(04)23274275,(04)23288582,2025,11,17,19,12,臺中市,西屯區,0,1,0,7,1,6,50,3,1,1,5,4,6,6,4,4,10,5,5,2,16,3,10,5,1,B03,7,5,1,8,2,5,,47,47,1,12,4,120.633184,24.173633,2
6665,66000,387130000C,(04)23274275,(04)23288582,2025,11,17,19,12,臺中市,沙鹿區,0,1,0,6,1,6,50,13,9,1,5,4,6,6,2,1,5,4,5,1,13,3,10,3,1,B03,7,9,1,8,2,1,,59,59,1,12,4,120.563497,24.205654,2
6666,66000,387130000C,(04)23274275,(04)23288582,2025,11,17,19,13,臺中市,神岡區,0,0,0,7,,,40,,,,,,,,,,,,,,17,,,,,F03,,,1,,2,,,39,39,1,12,4,120.705173,24.261247,3
6667,66000,387130000C,(04)23274275,(04)23288582,2025,11,17,19,19,臺中市,南屯區,0,2,0,7,1,6,50,13,8,1,5,4,6,6,4,4,1,4,4,2,16,3,10,3,1,B03,7,7,1,8,2,2,,40,40,1,13,4,120.627191,24.145065,2
6668,66000,387130000C,(04)23274275,(04)23288582,2025,11,17,19,21,臺中市,南屯區,0,0,0,7,,,60,,,,,,,,,,,,,,12,,,,,C03,,,1,,2,,,58,58,1,12,4,120.623241,24.137107,4
6669,66000,387130000C,(04)23274275,(04)23288582,2025,11,17,19,27,臺中市,沙鹿區,0,0,0,7,,,60,,,,,,,,,,,,,,,,,,,B03,,,1,,1,,,7,7,1,12,4,120.569956,24.238173,4
6670,66000,387130000C,(04)23274275,(04)23288582,2025,11,17,19,35,臺中市,北屯區,0,0,0,7,,,40,,,,,,,,,,,,,,11,,,,,B03,,,1,,2,,,8,8,1,6,4,120.692343,24.178616,3
6671,66000,387130000C,(04)23274275,(04)23288582,2025,11,17,19,42,臺中市,東區,0,0,0,7,,,30,,,,,,,,,,,,,,,,,,,A12,,,1,,9,,,84,84,2,13,4,120.706952,24.146667,3
6672,66000,387130000C,(04)23274275,(04)23288582,2025,11,17,19,48,臺中市,南屯區,0,0,0,7,,,50,,,,,,,,,,,,,,16,,,,,B03,,,1,,1,,,12,12,1,12,4,120.639836,24.148813,4
6673,66000,387130000C,(04)23274275,(04)23288582,2025,11,17,19,51,臺中市,北屯區,0,1,0,7,1,6,50,4,2,1,5,4,6,6,1,1,3,4,5,2,11,3,10,3,1,B03,7,6,1,8,2,1,,11,11,1,13,4,120.68627,24.185439,2
6674,66000,387130000C,(04)23274275,(04)23288582,2025,11,17,20,0,臺中市,北屯區,0,0,0,7,,,50,,,,,,,,,,,,,,14,,,,,B03,,,1,,1,,,49,49,1,6,4,120.708721,24.178239,3
6675,66000,387130000C,(04)23274275,(04)23288582,2025,11,17,20,9,臺中市,西屯區,0,0,0,7,,,30,,,,,,,,,,,,,,12,,,,,B03,,,1,,1,,,20,20,1,12,4,120.62488,24.179725,3
6676,66000,387130000C,(04)23274275,(04)23288582,2025,11,17,20,10,臺中市,南區,0,2,0,7,1,6,40,13,8,1,5,4,6,6,4,4,1,4,4,2,13,2,9,1,1,C03,7,9,1,10,2,14,,7,7,1,6,4,120.670798,24.129409,2
6677,66000,387130000C,(04)23274275,(04)23288582,2025,11,17,20,10,臺中市,南屯區,0,0,0,7,,,50,,,,,,,,,,,,,,,,,,,C03,,,1,,9,,,85,85,1,12,4,120.644517,24.140144,3
6678,66000,387130000C,(04)23274275,(04)23288582,2025,11,17,20,14,臺中市,北屯區,0,1,0,7,1,6,50,13,9,1,5,4,6,6,4,4,1,4,5,2,17,2,9,1,1,F01,7,9,7,21,1,12,,59,59,1,4,4,120.698583,24.18293,2
6679,66000,387130000C,(04)23274275,(04)23288582,2025,11,17,20,15,臺中市,西屯區,0,1,0,7,1,6,30,4,1,1,5,4,6,6,4,4,10,5,5,2,15,3,10,5,4,B03,7,9,1,8,2,1,,15,15,1,13,4,120.665004,24.171608,2
6680,66000,387130000C,(04)23274275,(04)23288582,2025,11,17,20,15,臺中市,大里區,0,1,0,7,1,6,50,3,1,1,5,4,6,6,4,4,10,5,5,2,17,3,10,5,1,F01,7,6,7,21,2,16,,48,48,1,13,4,120.696484,24.104219,2
6681,66000,387130000C,(04)23274275,(04)23288582,2025,11,17,20,16,臺中市,南區,0,0,0,7,,,50,,,,,,,,,,,,,,,,,,,C03,,,1,,2,,,7,7,1,13,4,120.652856,24.117895,3
6682,66000,387130000C,(04)23274275,(04)23288582,2025,11,17,20,17,臺中市,大里區,0,1,0,6,1,6,50,4,1,1,5,4,6,6,1,1,10,5,5,2,16,2,9,1,1,C03,7,1,1,10,2,14,,51,51,1,12,4,120.676138,24.114865,2
6683,66000,387130000C,(04)23274275,(04)23288582,2025,11,17,20,20,臺中市,北屯區,0,0,0,7,,,40,,,,,,,,,,,,,,12,,,,,B03,,,1,8,1,,,40,40,1,6,4,120.68348,24.201308,3
6684,66000,387130000C,(04)23274275,(04)23288582,2025,11,17,20,29,臺中市,西屯區,0,1,0,7,1,6,40,13,8,1,5,4,6,6,4,4,1,4,1,2,13,2,9,1,1,C03,7,9,1,9,2,11,,7,7,1,12,4,120.642157,24.167077,2
6685,66000,387130000C,(04)23274275,(04)23288582,2025,11,17,20,39,臺中市,太平區,0,0,0,7,,,30,,,,,,,,,,,,,,17,,,,,H02,,,7,,10,,,102,102,1,12,5,120.732018,24.13906,3
6686,66000,387130000C,(04)23274275,(04)23288582,2025,11,17,20,41,臺中市,大雅區,0,1,0,7,1,6,50,13,9,1,5,4,6,6,4,4,5,5,5,1,13,3,10,3,1,B03,7,6,1,8,2,16,,34,34,1,12,4,120.647927,24.223396,2
6687,66000,387130000C,(04)23274275,(04)23288582,2025,11,17,20,41,臺中市,大里區,0,0,0,7,,,50,,,,,,,,,,,,,,,,,,,B03,,,1,,2,,,84,84,1,12,4,120.696869,24.111298,3
6688,66000,387130000C,(04)23274275,(04)23288582,2025,11,17,20,44,臺中市,龍井區,0,2,0,7,1,6,60,4,1,1,5,4,6,6,2,1,1,5,5,2,16,4,11,3,1,B03,7,6,1,8,2,1,2,48,48,1,6,4,120.580315,24.189079,2
6689,66000,387130000C,(04)23274275,(04)23288582,2025,11,17,20,49,臺中市,梧棲區,0,1,0,7,1,6,40,3,8,1,5,4,6,6,1,1,3,5,3,1,16,3,10,3,1,B03,7,5,1,8,2,6,,11,11,1,12,4,120.546652,24.24599,2
6690,66000,387130000C,(04)23274275,(04)23288582,2025,11,17,20,50,臺中市,沙鹿區,0,1,0,6,1,6,40,13,8,1,5,4,6,6,4,4,1,4,5,2,17,3,10,3,1,B03,7,1,1,8,2,4,,51,51,1,12,4,120.576097,24.226577,2
6691,66000,387130000C,(04)23274275,(04)23288582,2025,11,17,20,51,臺中市,大雅區,0,1,0,7,1,6,50,13,9,1,5,4,6,6,4,4,5,5,5,1,13,2,8,2,1,C03,7,9,1,10,2,11,,7,7,1,13,4,120.670945,24.212918,2
6692,66000,387130000C,(04)23274275,(04)23288582,2025,11,17,20,53,臺中市,大里區,0,0,0,7,,,50,,,,,,,,,,,,,,,,,,,B03,,,1,,2,,,49,49,1,12,4,120.692835,24.078368,3
6693,66000,387130000C,(04)23274275,(04)23288582,2025,11,17,20,56,臺中市,西屯區,0,0,0,7,,,40,,,,,,,,,,,,,,25,,,,,A12,,,1,,2,,,84,84,1,12,4,120.640473,24.182103,3
6694,66000,387130000C,(04)23274275,(04)23288582,2025,11,17,21,3,臺中市,豐原區,0,1,0,7,1,6,50,5,1,1,5,4,6,6,1,1,10,5,5,2,17,3,10,2,1,C03,7,1,1,10,2,11,,51,51,1,13,4,120.725084,24.240904,2
6695,66000,387130000C,(04)23274275,(04)23288582,2025,11,17,21,9,臺中市,西屯區,0,1,0,7,1,6,50,13,9,1,5,4,6,6,4,4,5,5,5,2,13,2,9,2,1,C03,7,9,1,10,2,11,,7,7,1,12,4,120.643393,24.184309,2
6696,66000,387130000C,(04)23274275,(04)23288582,2025,11,17,21,9,臺中市,太平區,0,0,0,7,,,50,,,,,,,,,,,,,,14,,,,,B12,,,1,,2,,,78,78,1,13,4,120.707198,24.151449,3
6697,66000,387130000C,(04)23274275,(04)23288582,2025,11,17,21,10,臺中市,大里區,0,0,0,7,,,50,,,,,,,,,,,,,,15,,,,,B03,,,1,,2,,,84,84,1,13,4,120.69916,24.110224,3
6698,66000,387130000C,(04)23274275,(04)23288582,2025,11,17,21,15,臺中市,北區,0,0,0,7,,,40,,,,,,,,,,,,,,17,,,,,B03,,,1,,1,,,8,8,1,13,4,120.676596,24.159378,3
6699,66000,387130000C,(04)23274275,(04)23288582,2025,11,17,21,15,臺中市,西屯區,0,1,0,7,1,6,30,4,1,1,5,4,6,6,4,4,10,5,5,2,15,2,9,5,1,C03,7,9,1,10,2,11,,15,15,1,12,4,120.667152,24.177108,2
6700,66000,387130000C,(04)23274275,(04)23288582,2025,11,17,21,18,臺中市,北區,0,1,0,7,1,6,50,5,1,1,5,4,6,6,1,1,10,5,5,2,18,2,9,5,4,C03,7,9,1,10,2,12,,5,5,1,12,4,120.682429,24.145896,2
6701,66000,387130000C,(04)23274275,(04)23288582,2025,11,17,21,19,臺中市,大里區,0,0,0,7,,,50,,,,,,,,,,,,,,17,,,,,B02,,,1,8,2,,,84,84,1,13,4,120.693158,24.089808,3
6702,66000,387130000C,(04)23274275,(04)23288582,2025,11,17,21,21,臺中市,烏日區,0,0,0,7,,,50,,,,,,,,,,,,,,,,,,,B03,,,1,,2,,,49,49,1,13,4,120.629459,24.104316,3
6703,66000,387130000C,(04)23274275,(04)23288582,2025,11,17,21,26,臺中市,東區,0,1,0,7,1,6,50,3,9,1,5,4,5,6,4,4,5,5,5,2,17,3,10,3,1,A12,7,9,1,3,9,16,,73,73,1,6,4,120.698566,24.131757,2
6704,66000,387130000C,(04)23274275,(04)23288582,2025,11,17,21,27,臺中市,西屯區,0,0,0,7,,,50,,,,,,,,,,,,,,13,,,,,B03,,,1,,2,,,7,7,1,12,4,120.63559,24.171468,3
6705,66000,387130000C,(04)23274275,(04)23288582,2025,11,17,21,29,臺中市,南區,0,0,0,7,,,50,,,,,,,,,,,,,,13,,,,,B03,,,1,,2,,,61,61,1,6,4,120.668248,24.118658,3
6706,66000,387130000C,(04)23274275,(04)23288582,2025,11,17,21,31,臺中市,北區,0,1,0,7,3,6,50,3,1,1,5,4,6,6,4,4,5,4,5,2,12,3,10,5,4,B03,7,8,1,8,2,4,,40,40,1,13,4,120.685107,24.160714,2
6707,66000,387130000C,(04)23274275,(04)23288582,2025,11,17,21,49,臺中市,東區,0,0,0,7,,,50,,,,,,,,,,,,,,14,,,,,B12,,,1,,1,,,49,49,1,12,4,120.708957,24.143333,3
6708,66000,387130000C,(04)23274275,(04)23288582,2025,11,17,21,49,臺中市,西屯區,0,0,0,7,,,50,,,,,,,,,,,,,,13,,,,,B03,,,1,,1,,,59,59,1,12,4,120.639272,24.182258,3
6709,66000,387130000C,(04)23274275,(04)23288582,2025,11,17,21,50,臺中市,南屯區,0,0,0,7,,,50,,,,,,,,,,,,,,13,,,,,B03,,,1,,1,,,59,59,1,12,4,120.651206,24.157096,3
6710,66000,387130000C,(04)23274275,(04)23288582,2025,11,17,22,2,臺中市,北屯區,0,0,0,7,,,50,,,,,,,,,,,,,,,,,,,C03,,,1,,1,,,15,15,1,13,4,120.711115,24.173221,4
6711,66000,387130000C,(04)23274275,(04)23288582,2025,11,17,22,4,臺中市,潭子區,0,1,0,7,1,6,50,13,9,1,5,4,6,6,4,4,3,4,5,1,20,2,9,1,1,C03,7,9,1,10,2,11,,59,59,1,12,4,120.721084,24.222666,2
6712,66000,387130000C,(04)23274275,(04)23288582,2025,11,17,22,6,臺中市,北屯區,0,1,0,7,1,6,50,3,1,1,5,4,6,6,3,1,10,5,5,2,12,3,10,3,1,B03,7,11,1,8,2,4,,45,45,1,6,4,120.676553,24.175597,2
6713,66000,387130000C,(04)23274275,(04)23288582,2025,11,17,22,10,臺中市,神岡區,0,0,0,7,,,50,,,,,,,,,,,,,,17,,,,,B03,,,1,,2,,,85,85,1,12,4,120.684008,24.245266,3
6714,66000,387130000C,(04)23274275,(04)23288582,2025,11,17,22,11,臺中市,西屯區,0,0,0,7,,,50,,,,,,,,,,,,,,21,,,,,C03,,,1,,2,,,8,8,1,12,4,120.636583,24.171027,3
6715,66000,387130000C,(04)23274275,(04)23288582,2025,11,17,22,14,臺中市,大里區,0,1,0,7,1,6,40,13,8,1,5,4,6,6,4,4,5,5,4,1,16,2,8,1,1,C03,7,5,1,10,2,11,,84,84,1,12,4,120.689304,24.106298,2
6716,66000,387130000C,(04)23274275,(04)23288582,2025,11,17,22,15,臺中市,豐原區,0,1,0,7,1,6,40,11,9,1,5,4,6,6,4,4,5,5,5,2,18,2,9,2,1,C03,7,9,1,10,2,12,,84,84,1,13,4,120.749339,24.254554,2
6717,66000,387130000C,(04)23274275,(04)23288582,2025,11,17,22,40,臺中市,中區,0,0,0,7,,,50,,,,,,,,,,,,,,14,,,,,A04,,,1,,2,,,49,49,1,12,4,120.683665,24.138151,3
6718,66000,387130000C,(04)23274275,(04)23288582,2025,11,17,22,41,臺中市,西屯區,0,2,0,7,1,6,40,3,1,1,5,4,6,6,4,4,10,5,5,2,16,2,7,5,1,C03,7,6,1,10,2,11,,14,14,1,12,4,120.588554,24.16984,2
6719,66000,387130000C,(04)23274275,(04)23288582,2025,11,17,22,50,臺中市,沙鹿區,0,2,0,6,1,6,40,13,8,1,5,4,6,6,4,4,1,4,3,2,18,2,9,1,1,C03,7,9,2,19,2,16,,59,59,1,12,4,120.569978,24.200195,2
6720,66000,387130000C,(04)23274275,(04)23288582,2025,11,17,23,11,臺中市,西屯區,0,0,0,7,,,40,,,,,,,,,,,,,,12,,,,,C03,,,1,,1,,,51,51,1,5,4,120.602633,24.182917,3
6721,66000,387130000C,(04)23274275,(04)23288582,2025,11,17,23,27,臺中市,西屯區,0,2,0,7,1,6,40,3,2,1,5,4,6,6,4,4,5,4,4,2,16,2,8,2,1,C03,7,11,1,10,2,14,,45,45,1,12,4,120.644187,24.182319,2
6722,66000,387130000C,(04)23274275,(04)23288582,2025,11,18,0,50,臺中市,西屯區,0,2,0,7,1,6,50,4,1,1,5,4,6,6,3,1,10,5,5,2,15,2,9,1,1,C03,7,9,1,10,2,11,12,24,24,1,12,4,120.615876,24.184702,2
6723,66000,387130000C,(04)23274275,(04)23288582,2025,11,18,0,54,臺中市,清水區,0,0,0,7,,,50,,,,,,,,,,,,,,,,,,,B03,,,1,,1,,,58,58,1,12,4,120.575142,24.293497,3
6724,66000,387130000C,(04)23274275,(04)23288582,2025,11,18,1,0,臺中市,西屯區,0,1,0,7,1,6,50,3,2,1,5,4,6,6,4,4,10,5,5,2,12,3,10,3,1,B03,7,8,1,8,2,7,,84,84,1,12,4,120.664753,24.17871,2
6725,66000,387130000C,(04)23274275,(04)23288582,2025,11,18,1,5,臺中市,南屯區,0,1,0,7,1,6,40,13,8,1,5,4,6,6,4,4,1,4,4,2,18,2,9,1,1,C03,7,9,1,10,2,11,,59,59,1,6,4,120.630307,24.127257,2
6726,66000,387130000C,(04)23274275,(04)23288582,2025,11,18,1,55,臺中市,南屯區,0,0,0,7,,,50,,,,,,,,,,,,,,,,,,,B02,,,1,,2,,,84,84,1,13,4,120.639573,24.121346,3
6727,66000,387130000C,(04)23274275,(04)23288582,2025,11,18,2,6,臺中市,大甲區,0,0,0,7,,,50,,,,,,,,,,,,,,24,,,,,A41,,,1,,2,,,84,84,1,12,4,120.615422,24.351512,3
6728,66000,387130000C,(04)23274275,(04)23288582,2025,11,18,2,9,臺中市,太平區,0,1,0,7,1,6,30,11,9,1,5,4,6,6,4,4,10,5,5,2,17,2,9,2,1,C03,7,9,3,19,2,12,,8,8,1,12,4,120.712062,24.112349,2
6729,66000,387130000C,(04)23274275,(04)23288582,2025,11,18,2,18,臺中市,沙鹿區,0,1,0,7,1,6,40,13,8,1,5,3,6,6,4,4,1,5,5,2,18,2,9,2,1,C03,7,9,1,10,2,11,,84,84,1,6,4,120.567699,24.238586,2
6730,66000,387130000C,(04)23274275,(04)23288582,2025,11,18,2,19,臺中市,沙鹿區,0,1,0,7,1,6,40,13,8,1,5,3,6,6,4,4,1,5,5,2,18,2,9,2,1,C03,7,9,1,10,2,11,,59,59,1,6,4,120.567163,24.238946,2
6731,66000,387130000C,(04)23274275,(04)23288582,2025,11,18,2,37,臺中市,霧峰區,0,1,0,7,1,6,50,13,9,1,5,4,6,6,4,4,9,5,5,1,12,2,9,1,1,C03,7,9,1,10,2,12,11,59,59,1,12,4,120.70258,24.06973,2
6732,66000,387130000C,(04)23274275,(04)23288582,2025,11,18,3,12,臺中市,沙鹿區,0,1,0,7,1,6,40,13,8,1,5,4,6,6,4,4,1,5,5,2,20,2,9,2,1,C03,7,9,1,10,2,11,,59,59,1,6,4,120.577796,24.22386,2
6733,66000,387130000C,(04)23274275,(04)23288582,2025,11,18,5,53,臺中市,新社區,0,1,0,6,3,6,30,13,9,1,5,4,6,6,4,4,10,5,5,2,18,2,9,2,1,C03,7,9,1,10,2,11,,59,59,1,6,4,120.81474,24.253014,2
6734,66000,387130000C,(04)23274275,(04)23288582,2025,11,18,5,56,臺中市,西區,0,0,0,7,,,50,,,,,,,,,,,,,,,,,,,B03,,,1,,2,,,49,49,1,13,4,120.670771,24.147134,3
6735,66000,387130000C,(04)23274275,(04)23288582,2025,11,18,6,7,臺中市,北區,0,0,0,7,,,50,,,,,,,,,,,,,,17,,,,,B12,,,1,,2,,,58,58,1,13,4,120.674465,24.146437,3
6736,66000,387130000C,(04)23274275,(04)23288582,2025,11,18,6,18,臺中市,豐原區,0,0,0,7,,,50,,,,,,,,,,,,,,14,,,,,B03,,,1,,11,,,50,50,1,12,4,120.715553,24.248629,3
6737,66000,387130000C,(04)23274275,(04)23288582,2025,11,18,6,33,臺中市,北屯區,0,2,0,7,3,6,30,4,1,1,5,4,6,6,4,4,10,5,5,2,15,2,8,1,1,C03,7,9,3,19,2,14,,12,12,1,12,4,120.720322,24.176691,2
6738,66000,387130000C,(04)23274275,(04)23288582,2025,11,18,6,40,臺中市,北屯區,1,1,0,7,2,6,50,3,1,1,5,4,6,6,4,4,1,4,5,2,16,3,10,3,1,A11,7,5,1,3,2,2,,84,84,1,6,4,120.722824,24.182089,1
6739,66000,387130000C,(04)23274275,(04)23288582,2025,11,18,6,44,臺中市,龍井區,0,2,0,7,2,6,50,3,14,1,5,4,6,6,4,4,4,4,5,1,16,2,9,2,1,C03,7,6,1,10,2,13,,14,14,1,6,4,120.511874,24.193877,2