序號,縣市別代碼,機關代碼,市話,傳真,年,月,日,時,分,縣市,區,死亡數量,受傷數量,2-30,天候,道路照明設備,道路類別,道路速限,道路型態,事故位置,路面鋪裝,路面狀態,路面缺陷,障礙物,視距,號誌種類,號誌動作,分向設施,快車道或一般車道間,快慢車道間,路面邊線,事故類型及型態,受傷程度,主要傷處,保護裝備,行動電話或功能裝置,當事者區分(類別),車輛用途,當事者行動狀態,駕照狀態,駕照種類,飲酒情形,車輛撞擊部位最初,車輛撞擊部位其他,肇事因素個別,肇事因素主要,肇事逃逸,職業,共享經濟或外送平台,GPS座標X,GPS座標Y,事故類別
6740,66000,387130000C,(04)23274275,(04)23288582,2025,11,18,6,52,臺中市,沙鹿區,0,0,0,7,,,60,,,,,,,,,,,,,,,,,,,B03,,,1,,2,,,83,83,1,13,4,120.578666,24.250107,3
6741,66000,387130000C,(04)23274275,(04)23288582,2025,11,18,6,53,臺中市,中區,0,1,0,7,2,6,50,4,1,1,5,4,6,6,1,1,10,5,5,2,17,3,10,1,1,C03,7,6,1,10,2,16,,84,84,1,13,4,120.684455,24.140807,2
6742,66000,387130000C,(04)23274275,(04)23288582,2025,11,18,7,0,臺中市,中區,0,1,0,7,2,6,50,3,1,1,5,4,6,6,4,4,10,5,5,2,17,3,10,3,1,B03,7,9,1,8,2,7,,43,43,1,12,4,120.684013,24.141756,2
6743,66000,387130000C,(04)23274275,(04)23288582,2025,11,18,7,5,臺中市,大里區,0,1,0,6,2,6,40,13,8,1,5,4,6,6,4,4,3,4,4,2,18,2,9,1,1,C03,7,9,1,10,11,11,,84,84,1,13,4,120.690292,24.074773,2
6744,66000,387130000C,(04)23274275,(04)23288582,2025,11,18,7,11,臺中市,北屯區,0,0,0,7,,,50,,,,,,,,,,,,,,12,,,,,B03,,,1,,1,,,42,42,1,12,4,120.73042,24.177167,3
6745,66000,387130000C,(04)23274275,(04)23288582,2025,11,18,7,11,臺中市,神岡區,0,2,0,7,2,6,30,3,1,1,5,4,6,6,4,4,10,5,5,1,16,2,9,5,4,C03,7,6,1,10,2,11,,84,84,1,12,4,120.684441,24.232882,2
6746,66000,387130000C,(04)23274275,(04)23288582,2025,11,18,7,12,臺中市,太平區,0,0,0,7,,,40,,,,,,,,,,,,,,14,,,,,B12,,,1,,2,,,49,49,1,13,4,120.732345,24.11356,3
6747,66000,387130000C,(04)23274275,(04)23288582,2025,11,18,7,15,臺中市,中區,0,1,0,7,2,6,50,4,2,1,5,4,6,6,1,1,10,5,5,2,17,3,10,3,1,B03,7,6,1,8,2,8,,84,84,1,13,4,120.68063,24.140059,2
6748,66000,387130000C,(04)23274275,(04)23288582,2025,11,18,7,15,臺中市,西屯區,0,0,0,7,,3,40,,,,,,,,,,,,,,12,,,,,B12,,,1,,1,,,8,8,1,12,4,120.646963,24.196256,3
6749,66000,387130000C,(04)23274275,(04)23288582,2025,11,18,7,15,臺中市,大肚區,0,1,0,7,2,6,30,11,9,1,5,4,6,6,4,4,10,5,5,1,11,3,10,3,1,B03,7,9,1,8,2,4,,8,8,1,8,4,120.549242,24.133381,2
6750,66000,387130000C,(04)23274275,(04)23288582,2025,11,18,7,15,臺中市,豐原區,0,2,0,7,2,6,50,3,1,1,5,4,6,6,4,4,10,5,5,2,16,2,9,1,1,C03,7,11,1,10,2,12,,45,45,1,12,4,120.713866,24.24492,2
6751,66000,387130000C,(04)23274275,(04)23288582,2025,11,18,7,20,臺中市,大里區,0,1,0,7,2,6,40,4,1,1,5,4,6,6,4,4,10,5,5,2,15,,,,,,,9,,,,,,86,86,2,,,120.687967,24.113076,2
6752,66000,387130000C,(04)23274275,(04)23288582,2025,11,18,7,21,臺中市,潭子區,0,1,0,7,2,6,50,4,7,1,5,4,6,6,3,1,5,5,4,2,12,2,9,1,1,C03,7,5,1,10,2,14,,24,24,1,13,4,120.704403,24.207129,2
6753,66000,387130000C,(04)23274275,(04)23288582,2025,11,18,7,22,臺中市,北屯區,0,0,0,7,,,60,,,,,,,,,,,,,,13,,,,,B03,,,1,,2,,,7,7,1,12,4,120.723091,24.162035,3
6754,66000,387130000C,(04)23274275,(04)23288582,2025,11,18,7,23,臺中市,北區,0,0,0,7,3,6,50,18,24,1,5,4,6,6,4,4,10,5,4,2,17,,,,,B03,,,1,,2,,,54,54,1,13,4,120.68497,24.157214,3
6755,66000,387130000C,(04)23274275,(04)23288582,2025,11,18,7,25,臺中市,清水區,0,2,0,6,3,6,50,3,1,1,5,4,6,6,4,4,10,5,5,2,17,2,9,2,1,C03,7,6,1,10,2,11,,11,11,1,12,4,120.564397,24.269982,2
6756,66000,387130000C,(04)23274275,(04)23288582,2025,11,18,7,26,臺中市,潭子區,0,2,0,7,2,6,50,4,1,1,5,4,6,6,1,1,10,5,5,2,12,2,9,2,1,C03,7,10,1,10,2,14,,40,40,1,12,4,120.697608,24.216534,2
6757,66000,387130000C,(04)23274275,(04)23288582,2025,11,18,7,27,臺中市,南區,0,2,0,7,3,6,50,13,9,1,5,4,6,6,4,4,9,5,5,2,12,2,9,2,1,C03,7,1,1,10,2,14,,51,51,1,6,4,120.658295,24.116554,2
6758,66000,387130000C,(04)23274275,(04)23288582,2025,11,18,7,30,臺中市,北屯區,0,1,0,7,2,6,40,13,8,1,5,4,6,6,4,4,1,4,4,2,3,2,5,6,5,H01,8,16,7,21,2,17,,95,95,1,13,5,120.668228,24.178621,2
6759,66000,387130000C,(04)23274275,(04)23288582,2025,11,18,7,31,臺中市,南屯區,0,0,0,7,,,50,,,,,,,,,,,,,,13,,,,,B03,,,1,,1,,,84,84,1,5,4,120.642915,24.142929,3
6760,66000,387130000C,(04)23274275,(04)23288582,2025,11,18,7,32,臺中市,大雅區,0,0,0,7,,,50,,,,,,,,,,,,,,,,,,,C03,,,1,,2,,,7,7,1,13,4,120.648188,24.22125,3
6761,66000,387130000C,(04)23274275,(04)23288582,2025,11,18,7,33,臺中市,西區,0,1,0,7,2,6,50,3,7,1,5,4,6,6,4,4,5,5,4,2,17,2,9,2,1,C03,7,6,3,19,2,12,,12,12,1,12,4,120.670489,24.151591,2
6762,66000,387130000C,(04)23274275,(04)23288582,2025,11,18,7,33,臺中市,南屯區,0,0,0,7,,,50,,,,,,,,,,,,,,11,,,,,B03,,,1,,2,,,45,45,1,12,4,120.61602,24.151933,3
6763,66000,387130000C,(04)23274275,(04)23288582,2025,11,18,7,34,臺中市,太平區,0,1,0,7,2,6,50,4,1,1,5,4,6,6,1,1,10,5,5,2,16,3,10,3,1,B03,7,6,1,8,2,5,,11,11,1,13,4,120.719889,24.156279,2
6764,66000,387130000C,(04)23274275,(04)23288582,2025,11,18,7,35,臺中市,北屯區,0,1,0,7,2,6,50,4,1,1,5,4,6,6,2,1,3,3,4,2,16,3,10,3,1,B12,7,5,1,7,2,2,5,11,11,1,13,4,120.6771,24.185877,2
6765,66000,387130000C,(04)23274275,(04)23288582,2025,11,18,7,35,臺中市,北屯區,0,0,0,7,,,50,,,,,,,,,,,,,,13,,,,,B03,,,1,,1,,,7,7,1,6,4,120.691817,24.171742,4
6766,66000,387130000C,(04)23274275,(04)23288582,2025,11,18,7,36,臺中市,北屯區,0,2,0,7,2,6,40,13,8,1,5,4,6,6,4,4,5,5,4,2,2,2,9,2,1,C03,7,9,1,10,2,11,,84,84,1,13,4,120.675981,24.194491,2
6767,66000,387130000C,(04)23274275,(04)23288582,2025,11,18,7,37,臺中市,西屯區,0,0,0,7,,,50,,,,,,,,,,,,,,13,,,,,B03,,,1,,1,,,7,7,1,12,4,120.608096,24.15831,3
6768,66000,387130000C,(04)23274275,(04)23288582,2025,11,18,7,40,臺中市,東勢區,0,1,0,7,3,6,60,13,9,1,5,4,6,6,4,4,5,4,5,1,11,2,9,3,1,B03,7,9,1,8,2,4,,34,34,1,6,4,120.802268,24.303826,2
6769,66000,387130000C,(04)23274275,(04)23288582,2025,11,18,7,42,臺中市,南區,0,2,0,7,1,6,50,4,9,1,5,4,6,6,4,4,9,4,5,2,16,2,9,1,1,C03,7,9,1,10,2,11,12,4,4,1,12,4,120.649003,24.118688,2
6770,66000,387130000C,(04)23274275,(04)23288582,2025,11,18,7,44,臺中市,西屯區,0,0,0,7,2,6,50,3,2,1,5,4,6,6,4,4,5,5,5,2,13,,,,,C03,,,1,,1,,,7,7,1,13,4,120.655356,24.165693,3
6771,66000,387130000C,(04)23274275,(04)23288582,2025,11,18,7,44,臺中市,豐原區,0,0,0,7,,,50,,,,,,,,,,,,,,13,,,,,C03,,,1,,2,,,7,7,1,13,4,120.720151,24.263101,3
6772,66000,387130000C,(04)23274275,(04)23288582,2025,11,18,7,47,臺中市,豐原區,0,2,0,7,1,6,50,3,1,1,5,4,6,6,4,4,5,4,4,1,17,2,9,1,1,C03,7,11,1,10,2,14,,20,20,1,6,4,120.713857,24.250989,2
6773,66000,387130000C,(04)23274275,(04)23288582,2025,11,18,7,49,臺中市,潭子區,0,0,0,7,,3,80,,,,,,,,,,,,,,13,,,,,B03,,,1,,2,,,7,7,1,13,4,120.709739,24.200514,3
6774,66000,387130000C,(04)23274275,(04)23288582,2025,11,18,7,50,臺中市,北區,0,1,0,7,2,6,50,13,9,1,5,4,6,6,4,4,5,4,5,2,17,3,10,5,4,B12,7,15,1,8,2,4,,39,39,1,13,4,120.687011,24.16677,2
6775,66000,387130000C,(04)23274275,(04)23288582,2025,11,18,7,51,臺中市,西屯區,0,0,0,7,,,50,,,,,,,,,,,,,,12,,,,,B03,,,1,,1,,,40,40,1,12,4,120.609057,24.169799,3
6776,66000,387130000C,(04)23274275,(04)23288582,2025,11,18,7,51,臺中市,西屯區,0,1,0,7,2,6,50,13,9,1,5,4,6,6,4,4,3,4,5,2,17,3,10,5,4,B11,7,7,1,4,2,16,,40,40,1,12,4,120.656332,24.176259,2
6777,66000,387130000C,(04)23274275,(04)23288582,2025,11,18,7,53,臺中市,龍井區,0,1,0,7,2,6,50,13,9,1,5,4,6,6,4,4,8,5,5,1,13,3,10,2,1,C03,7,9,1,10,2,11,,7,7,1,6,4,120.530525,24.178553,2
6778,66000,387130000C,(04)23274275,(04)23288582,2025,11,18,7,54,臺中市,西屯區,0,1,0,7,2,6,50,3,1,1,5,4,6,6,4,4,10,5,5,2,17,3,10,5,4,B03,7,11,1,8,2,8,,45,45,1,13,4,120.636116,24.17539,2
6779,66000,387130000C,(04)23274275,(04)23288582,2025,11,18,7,54,臺中市,烏日區,0,0,0,7,,,50,,,,,,,,,,,,,,12,,,,,B03,,,1,,1,,,56,56,1,6,4,120.614976,24.106188,3
6780,66000,387130000C,(04)23274275,(04)23288582,2025,11,18,7,57,臺中市,南屯區,0,1,0,7,3,6,50,13,9,1,5,4,6,6,4,4,1,4,5,2,12,3,10,3,1,B03,7,7,1,8,2,2,,40,40,1,12,4,120.646422,24.148335,2
6781,66000,387130000C,(04)23274275,(04)23288582,2025,11,18,7,57,臺中市,烏日區,0,0,0,7,,,50,,,,,,,,,,,,,,13,,,,,B02,,,1,,1,,,59,59,1,13,4,120.60204,24.107346,3
6782,66000,387130000C,(04)23274275,(04)23288582,2025,11,18,7,58,臺中市,北屯區,0,0,0,7,,,50,,,,,,,,,,,,,,12,,,,,C03,,,1,,1,,,40,40,1,13,4,120.664017,24.186133,3
6783,66000,387130000C,(04)23274275,(04)23288582,2025,11,18,7,58,臺中市,后里區,0,2,0,7,2,6,50,4,2,1,5,4,6,6,1,1,10,5,5,2,16,2,9,1,1,C03,7,10,3,19,2,11,,4,4,1,12,4,120.730562,24.309232,2
6784,66000,387130000C,(04)23274275,(04)23288582,2025,11,18,7,59,臺中市,北屯區,0,0,0,7,,,50,,,,,,,,,,,,,,13,,,,,B03,,,1,,1,,,7,7,1,12,4,120.678065,24.182656,3
6785,66000,387130000C,(04)23274275,(04)23288582,2025,11,18,7,59,臺中市,太平區,0,0,0,7,2,6,50,3,1,1,5,4,6,6,2,1,10,5,5,2,16,,,,,C03,,,1,,2,,,11,11,1,13,4,120.713732,24.151764,3
6786,66000,387130000C,(04)23274275,(04)23288582,2025,11,18,7,59,臺中市,梧棲區,0,1,0,7,2,6,50,3,1,1,5,4,6,6,1,1,10,5,5,2,16,3,10,3,1,B03,7,5,1,8,2,5,,84,84,1,12,4,120.556591,24.242289,2
6787,66000,387130000C,(04)23274275,(04)23288582,2025,11,18,7,59,臺中市,清水區,0,1,0,6,3,6,30,13,9,1,5,4,6,6,1,1,10,5,5,2,14,3,10,3,1,B03,7,2,1,8,2,3,,49,49,1,12,4,120.5627,24.310699,2
6788,66000,387130000C,(04)23274275,(04)23288582,2025,11,18,8,0,臺中市,西屯區,0,0,0,7,,,50,,,,,,,,,,,,,,13,,,,,C03,,,1,,1,,,59,59,1,13,4,120.651839,24.165688,3
6789,66000,387130000C,(04)23274275,(04)23288582,2025,11,18,8,2,臺中市,烏日區,0,0,0,7,,,50,,,,,,,,,,,,,,13,,,,,B03,,,1,,1,,,59,59,1,13,4,120.602402,24.108128,3
6790,66000,387130000C,(04)23274275,(04)23288582,2025,11,18,8,3,臺中市,神岡區,0,0,0,7,,,30,,,,,,,,,,,,,,14,,,,,B12,,,1,,2,,,49,49,1,13,4,120.684953,24.249153,3
6791,66000,387130000C,(04)23274275,(04)23288582,2025,11,18,8,4,臺中市,太平區,0,2,0,7,2,6,50,4,1,1,5,4,6,6,4,4,10,5,5,2,16,2,8,2,1,C03,7,5,1,10,2,11,,84,84,1,13,4,120.714366,24.144853,2
6792,66000,387130000C,(04)23274275,(04)23288582,2025,11,18,8,5,臺中市,大里區,0,0,0,7,,,40,,,,,,,,,,,,,,13,,,,,C03,,,1,,2,,,7,7,1,6,4,120.70273,24.088392,3
6793,66000,387130000C,(04)23274275,(04)23288582,2025,11,18,8,6,臺中市,烏日區,0,1,0,7,3,6,30,3,1,1,5,4,6,6,1,1,5,5,4,2,18,2,9,1,1,C03,7,6,1,10,2,14,11,84,84,1,6,4,120.642859,24.104991,2
6794,66000,387130000C,(04)23274275,(04)23288582,2025,11,18,8,7,臺中市,北區,0,2,0,7,2,6,50,4,2,1,5,4,6,6,2,1,10,5,5,2,12,2,9,2,1,C03,7,9,1,10,2,11,,84,84,1,13,4,120.671456,24.17374,2
6795,66000,387130000C,(04)23274275,(04)23288582,2025,11,18,8,7,臺中市,南區,0,1,0,7,2,6,50,4,1,1,5,4,6,6,4,4,10,5,5,2,16,3,10,3,1,B03,7,5,1,8,1,8,,13,13,1,12,4,120.660708,24.110935,2
6796,66000,387130000C,(04)23274275,(04)23288582,2025,11,18,8,7,臺中市,北屯區,0,0,0,7,,,50,,,,,,,,,,,,,,16,,,,,B03,,,1,,1,,,11,11,1,13,4,120.663486,24.185441,3
6797,66000,387130000C,(04)23274275,(04)23288582,2025,11,18,8,7,臺中市,西屯區,0,0,0,7,,,50,,,,,,,,,,,,,,13,,,,,B03,,,1,,2,,,7,7,1,12,4,120.641018,24.167806,3
6798,66000,387130000C,(04)23274275,(04)23288582,2025,11,18,8,8,臺中市,后里區,0,1,0,7,2,6,50,4,1,1,5,4,6,6,1,1,10,5,5,2,13,2,9,1,1,C03,7,5,1,10,2,11,,7,7,1,12,4,120.717656,24.306819,2
6799,66000,387130000C,(04)23274275,(04)23288582,2025,11,18,8,10,臺中市,中區,0,0,0,7,,,50,,,,,,,,,,,,,,,,,,,B02,,,1,,1,,,49,49,1,13,4,120.679756,24.14097,3
6800,66000,387130000C,(04)23274275,(04)23288582,2025,11,18,8,10,臺中市,烏日區,0,0,0,7,,,50,,,,,,,,,,,,,,12,,,,,B03,,,1,,2,,,40,40,1,13,4,120.619013,24.105988,3
6801,66000,387130000C,(04)23274275,(04)23288582,2025,11,18,8,12,臺中市,大肚區,0,0,0,7,,,30,,,,,,,,,,,,,,12,,,,,A12,,,1,,1,,,8,8,1,6,4,120.580098,24.170182,3
6802,66000,387130000C,(04)23274275,(04)23288582,2025,11,18,8,13,臺中市,太平區,0,0,0,7,,,50,,,,,,,,,,,,,,16,,,,,B03,,,1,,9,,,48,48,1,13,4,120.712178,24.144461,3
6803,66000,387130000C,(04)23274275,(04)23288582,2025,11,18,8,14,臺中市,西區,0,1,0,7,2,6,50,13,8,1,5,4,6,6,4,4,1,4,4,2,17,2,9,1,1,C03,7,9,1,10,2,11,,7,7,1,13,4,120.657374,24.145755,2
6804,66000,387130000C,(04)23274275,(04)23288582,2025,11,18,8,14,臺中市,太平區,0,1,0,7,2,6,50,13,9,1,5,4,6,6,4,4,9,4,5,1,30,,,,,,,,,,,,,116,116,1,,,120.725695,24.128862,2
6805,66000,387130000C,(04)23274275,(04)23288582,2025,11,18,8,17,臺中市,南區,0,0,0,7,,,40,,,,,,,,,,,,,,,,,,,B03,,,1,,2,,,78,78,1,12,4,120.677261,24.130458,3
6806,66000,387130000C,(04)23274275,(04)23288582,2025,11,18,8,17,臺中市,大里區,0,0,0,7,,,50,,,,,,,,,,,,,,,,,,,B03,,,1,,2,,,49,49,1,13,4,120.694197,24.082474,3
6807,66000,387130000C,(04)23274275,(04)23288582,2025,11,18,8,17,臺中市,烏日區,0,1,0,7,3,6,30,11,9,1,5,4,6,6,4,4,10,5,5,2,14,3,10,3,1,B02,7,2,1,4,2,3,,49,49,1,6,4,120.603572,24.114528,2
6808,66000,387130000C,(04)23274275,(04)23288582,2025,11,18,8,17,臺中市,清水區,0,2,0,6,3,6,30,4,1,1,5,4,6,6,4,4,10,5,5,2,15,2,9,2,1,C03,7,9,1,10,2,11,,15,15,1,12,4,120.612541,24.28607,2
6809,66000,387130000C,(04)23274275,(04)23288582,2025,11,18,8,18,臺中市,南屯區,0,0,0,7,3,6,50,13,9,1,5,4,5,6,1,1,5,5,5,2,13,,,,,C03,,,1,,1,,,59,59,1,12,4,120.603027,24.159499,3
6810,66000,387130000C,(04)23274275,(04)23288582,2025,11,18,8,18,臺中市,西屯區,0,2,0,7,2,6,50,4,1,1,5,4,6,6,1,1,10,5,5,2,16,2,9,2,1,C03,7,6,1,10,2,11,,11,11,1,12,4,120.661908,24.170099,2
6811,66000,387130000C,(04)23274275,(04)23288582,2025,11,18,8,19,臺中市,大雅區,0,2,0,7,3,6,50,5,1,1,5,4,6,6,1,1,9,4,5,1,13,2,9,2,1,C03,7,6,1,10,2,11,,7,7,1,13,4,120.667512,24.215725,2
6812,66000,387130000C,(04)23274275,(04)23288582,2025,11,18,8,19,臺中市,南屯區,0,0,0,7,3,6,60,13,9,1,5,4,6,6,1,1,3,2,3,2,12,,,,,A11,,,1,,1,,,8,8,1,12,4,120.608192,24.151089,3
6813,66000,387130000C,(04)23274275,(04)23288582,2025,11,18,8,20,臺中市,西屯區,0,0,0,7,,,50,,,,,,,,,,,,,,16,,,,,B03,,,1,,1,,,51,51,1,13,4,120.607075,24.192519,3
6814,66000,387130000C,(04)23274275,(04)23288582,2025,11,18,8,20,臺中市,沙鹿區,0,0,0,7,2,6,60,5,7,1,5,4,6,6,1,1,1,3,1,2,12,,,,,B03,,,1,,2,,,40,40,1,12,4,120.569442,24.2372,3
6815,66000,387130000C,(04)23274275,(04)23288582,2025,11,18,8,21,臺中市,南屯區,0,0,0,7,,,50,,,,,,,,,,,,,,13,,,,,C03,,,1,,1,,,7,7,1,12,4,120.620238,24.139792,3
6816,66000,387130000C,(04)23274275,(04)23288582,2025,11,18,8,23,臺中市,北區,0,1,0,7,2,6,50,4,1,1,5,4,6,6,2,1,10,5,5,2,12,2,9,1,1,C03,7,9,1,10,2,11,,84,84,1,13,4,120.682344,24.163038,2
6817,66000,387130000C,(04)23274275,(04)23288582,2025,11,18,8,25,臺中市,北區,0,0,0,7,3,9,50,18,24,1,5,4,6,6,1,1,10,5,5,2,17,,,,,B03,,,1,,2,,,7,7,1,13,4,120.664892,24.164645,3
6818,66000,387130000C,(04)23274275,(04)23288582,2025,11,18,8,25,臺中市,北屯區,0,2,0,7,2,6,40,13,7,1,5,4,6,6,4,4,9,5,4,2,3,2,9,6,5,H01,8,18,7,21,10,17,,95,95,1,12,5,120.724854,24.175606,2
6819,66000,387130000C,(04)23274275,(04)23288582,2025,11,18,8,25,臺中市,西屯區,0,1,0,7,2,6,50,13,9,1,5,4,6,6,4,4,9,5,5,2,16,3,10,5,4,B03,7,6,1,8,2,8,,42,42,1,13,4,120.605278,24.158825,2
6820,66000,387130000C,(04)23274275,(04)23288582,2025,11,18,8,26,臺中市,霧峰區,0,1,0,6,2,6,25,4,1,1,5,4,6,6,4,4,10,5,5,2,17,3,10,1,1,C03,7,9,1,10,2,12,,84,84,1,13,4,120.70047,24.063937,2
6821,66000,387130000C,(04)23274275,(04)23288582,2025,11,18,8,27,臺中市,太平區,0,2,0,7,2,6,50,13,9,1,5,4,6,6,4,4,5,5,5,1,12,2,9,1,4,C03,7,9,1,10,2,14,,8,8,1,13,4,120.743572,24.13092,2
6822,66000,387130000C,(04)23274275,(04)23288582,2025,11,18,8,29,臺中市,北屯區,0,0,0,7,,,50,,,,,,,,,,,,,,,,,,,C03,,,1,,1,,,7,7,1,13,4,120.711283,24.174117,3
6823,66000,387130000C,(04)23274275,(04)23288582,2025,11,18,8,31,臺中市,南屯區,0,0,0,7,3,6,50,13,9,1,5,4,6,6,1,1,5,4,5,2,12,,,,,B03,,,1,,9,,,40,40,2,12,4,120.630769,24.137093,3
6824,66000,387130000C,(04)23274275,(04)23288582,2025,11,18,8,32,臺中市,西屯區,0,0,0,7,2,6,60,13,7,1,5,4,6,6,4,4,1,4,1,2,13,,,,,B03,,,1,,1,,,7,7,1,13,4,120.655575,24.159283,3
6825,66000,387130000C,(04)23274275,(04)23288582,2025,11,18,8,33,臺中市,西區,0,1,0,7,1,6,50,4,1,1,5,4,6,6,1,1,10,5,5,1,9,3,10,5,4,B03,7,6,1,8,2,1,,10,10,1,12,4,120.671994,24.135147,2
6826,66000,387130000C,(04)23274275,(04)23288582,2025,11,18,8,33,臺中市,豐原區,0,1,0,7,2,6,50,13,8,1,5,4,6,6,4,4,1,4,4,1,12,3,10,5,4,B03,7,1,3,19,2,8,,51,51,1,12,4,120.734335,24.259573,2
6827,66000,387130000C,(04)23274275,(04)23288582,2025,11,18,8,34,臺中市,大甲區,0,0,0,7,,,70,,,,,,,,,,,,,,,,,,,C03,,,1,,1,,,7,7,1,12,4,120.617326,24.346601,3
6828,66000,387130000C,(04)23274275,(04)23288582,2025,11,18,8,38,臺中市,梧棲區,0,0,0,7,,,50,,,,,,,,,,,,,,16,,,,,B12,,,1,,1,,,20,20,1,6,4,120.53071,24.264983,3
6829,66000,387130000C,(04)23274275,(04)23288582,2025,11,18,8,40,臺中市,大里區,0,0,0,7,,,50,,,,,,,,,,,,,,12,,,,,B03,,,1,,1,,,40,40,1,6,4,120.694849,24.089013,3
6830,66000,387130000C,(04)23274275,(04)23288582,2025,11,18,8,43,臺中市,南區,0,1,0,7,3,6,50,4,2,1,5,4,6,6,2,1,3,5,5,2,12,2,9,2,1,C03,7,10,1,10,2,12,,1,1,1,6,4,120.678991,24.127098,2
6831,66000,387130000C,(04)23274275,(04)23288582,2025,11,18,8,43,臺中市,東區,0,0,0,7,,3,80,,,,,,,,,,,,,,,,,,,,,,,,,,,86,86,1,,,120.694423,24.14277,3
6832,66000,387130000C,(04)23274275,(04)23288582,2025,11,18,8,44,臺中市,東區,0,2,0,7,2,6,50,3,1,1,5,4,6,6,4,4,10,5,5,2,17,2,9,1,1,C03,7,9,1,10,2,11,,7,7,1,12,4,120.702182,24.139503,2
6833,66000,387130000C,(04)23274275,(04)23288582,2025,11,18,8,44,臺中市,豐原區,0,2,0,7,2,6,50,3,12,1,5,4,6,6,4,4,1,4,4,1,12,3,10,5,4,B03,7,6,5,19,2,5,,84,84,1,13,4,120.752088,24.271642,2
6834,66000,387130000C,(04)23274275,(04)23288582,2025,11,18,8,46,臺中市,北屯區,0,0,0,7,,,50,,,,,,,,,,,,,,13,,,,,C03,,,1,,1,,,7,7,1,13,4,120.688482,24.171593,3
6835,66000,387130000C,(04)23274275,(04)23288582,2025,11,18,8,48,臺中市,神岡區,0,0,0,7,,,50,,,,,,,,,,,,,,2,,,,,C03,,,1,,2,,,8,8,1,12,4,120.697939,24.248553,3
6836,66000,387130000C,(04)23274275,(04)23288582,2025,11,18,8,55,臺中市,霧峰區,0,0,0,7,,,50,,,,,,,,,,,,,,,,,,,B03,,,1,,2,,,49,49,1,13,4,120.699471,24.069986,3
6837,66000,387130000C,(04)23274275,(04)23288582,2025,11,18,8,56,臺中市,北區,0,0,0,7,,,50,,,,,,,,,,,,,,17,,,,,B03,,,1,,2,,,49,49,1,13,4,120.685211,24.164384,3
6838,66000,387130000C,(04)23274275,(04)23288582,2025,11,18,8,58,臺中市,西區,0,1,0,7,2,6,50,13,7,1,5,4,6,6,4,4,5,5,4,2,17,2,9,2,1,C03,7,11,1,10,2,14,,85,85,1,12,4,120.66192,24.134563,2
6839,66000,387130000C,(04)23274275,(04)23288582,2025,11,18,8,58,臺中市,北屯區,0,1,0,7,2,6,50,3,1,1,5,4,6,6,4,4,10,5,5,2,16,3,10,3,1,B03,7,11,1,8,2,4,,45,45,1,12,4,120.720602,24.180135,2
6840,66000,387130000C,(04)23274275,(04)23288582,2025,11,18,9,0,臺中市,大甲區,0,2,0,7,3,6,50,13,9,1,5,4,6,6,4,4,9,5,4,1,17,2,9,1,1,C03,7,6,1,10,2,13,,48,48,1,6,4,120.610672,24.35465,2
6841,66000,387130000C,(04)23274275,(04)23288582,2025,11,18,9,1,臺中市,南屯區,0,1,0,7,3,6,50,13,9,1,5,4,6,6,1,1,5,5,5,2,12,2,9,1,1,C03,7,9,1,10,2,12,,84,84,1,12,4,120.608482,24.150078,2
6842,66000,387130000C,(04)23274275,(04)23288582,2025,11,18,9,2,臺中市,霧峰區,0,4,0,7,2,6,70,13,9,1,5,4,6,6,4,4,5,5,5,1,13,3,10,3,1,B03,7,9,1,8,2,1,,7,7,1,6,4,120.663853,24.079814,2
6843,66000,387130000C,(04)23274275,(04)23288582,2025,11,18,9,4,臺中市,北屯區,0,0,0,7,,,50,,,,,,,,,,,,,,2,,,,,B03,,,1,,1,,,84,84,1,13,4,120.709014,24.170748,3
6844,66000,387130000C,(04)23274275,(04)23288582,2025,11,18,9,6,臺中市,西屯區,0,2,0,7,2,6,50,3,1,1,5,4,6,6,1,1,10,5,5,2,15,2,9,2,1,C03,7,9,1,10,2,11,,21,21,1,12,4,120.647554,24.196544,2
6845,66000,387130000C,(04)23274275,(04)23288582,2025,11,18,9,15,臺中市,西屯區,0,0,0,7,,,50,,,,,,,,,,,,,,13,,,,,C03,,,1,,1,,,7,7,1,12,4,120.650621,24.164303,3
6846,66000,387130000C,(04)23274275,(04)23288582,2025,11,18,9,15,臺中市,后里區,0,0,0,7,,,50,,,,,,,,,,,,,,24,,,,,A12,,,1,,1,,,84,84,1,12,4,120.721172,24.308157,3
6847,66000,387130000C,(04)23274275,(04)23288582,2025,11,18,9,21,臺中市,北屯區,0,0,0,7,,,50,,,,,,,,,,,,,,13,,,,,B03,,,1,,1,,,7,7,1,12,4,120.698084,24.164948,3
6848,66000,387130000C,(04)23274275,(04)23288582,2025,11,18,9,26,臺中市,西屯區,0,0,0,7,,,70,,,,,,,,,,,,,,13,,,,,B03,,,1,,1,,,7,7,1,13,4,120.633859,24.17324,3
6849,66000,387130000C,(04)23274275,(04)23288582,2025,11,18,9,30,臺中市,北區,0,0,0,7,,,30,,,,,,,,,,,,,,17,,,,,B03,,,6,,9,,,85,85,1,13,4,120.666789,24.162005,4
6850,66000,387130000C,(04)23274275,(04)23288582,2025,11,18,9,33,臺中市,南屯區,0,0,0,7,,,50,,,,,,,,,,,,,,13,,,,,B03,,,1,,1,,,84,84,1,6,4,120.62163,24.145122,3
6851,66000,387130000C,(04)23274275,(04)23288582,2025,11,18,9,35,臺中市,西屯區,0,0,0,7,,,40,,,,,,,,,,,,,,8,,,,,B03,,,1,,1,,,8,8,1,13,4,120.640009,24.168702,3