序號,縣市別代碼,機關代碼,市話,傳真,年,月,日,時,分,縣市,區,死亡數量,受傷數量,2-30,天候,道路照明設備,道路類別,道路速限,道路型態,事故位置,路面鋪裝,路面狀態,路面缺陷,障礙物,視距,號誌種類,號誌動作,分向設施,快車道或一般車道間,快慢車道間,路面邊線,事故類型及型態,受傷程度,主要傷處,保護裝備,行動電話或功能裝置,當事者區分(類別),車輛用途,當事者行動狀態,駕照狀態,駕照種類,飲酒情形,車輛撞擊部位最初,車輛撞擊部位其他,肇事因素個別,肇事因素主要,肇事逃逸,職業,共享經濟或外送平台,GPS座標X,GPS座標Y,事故類別
6852,66000,387130000C,(04)23274275,(04)23288582,2025,11,18,9,40,臺中市,南區,0,1,0,7,2,6,50,4,1,1,5,4,6,6,2,1,10,5,5,2,12,2,9,2,1,C03,7,15,1,10,2,12,,42,42,1,12,4,120.650224,24.120672,2
6853,66000,387130000C,(04)23274275,(04)23288582,2025,11,18,9,40,臺中市,豐原區,0,0,0,7,,,50,,,,,,,,,,,,,,17,,,,,B12,,,1,,2,,,49,49,1,6,4,120.720808,24.242744,3
6854,66000,387130000C,(04)23274275,(04)23288582,2025,11,18,9,41,臺中市,神岡區,0,1,0,7,2,6,30,13,9,1,5,4,6,6,4,4,10,5,5,1,22,2,9,5,4,C03,7,9,1,10,2,11,,84,84,1,13,4,120.685444,24.261669,2
6855,66000,387130000C,(04)23274275,(04)23288582,2025,11,18,9,48,臺中市,北屯區,0,1,0,7,1,6,50,13,9,1,5,4,6,6,4,4,5,4,5,2,12,3,10,3,1,B03,7,5,1,8,2,2,,20,20,1,13,4,120.734998,24.17719,2
6856,66000,387130000C,(04)23274275,(04)23288582,2025,11,18,9,50,臺中市,東區,0,0,0,7,,,40,,,,,,,,,,,,,,,,,,,B03,,,1,,2,,,76,76,1,12,4,120.697988,24.1448,3
6857,66000,387130000C,(04)23274275,(04)23288582,2025,11,18,9,50,臺中市,北屯區,0,0,0,7,,,50,,,,,,,,,,,,,,17,,,,,B02,,,1,,2,,,59,59,1,12,4,120.676827,24.19738,3
6858,66000,387130000C,(04)23274275,(04)23288582,2025,11,18,9,51,臺中市,太平區,0,0,0,7,,,50,,,,,,,,,,,,,,14,,,,,B12,,,1,,1,,,49,49,1,13,4,120.719892,24.148703,3
6859,66000,387130000C,(04)23274275,(04)23288582,2025,11,18,9,51,臺中市,東勢區,0,0,0,7,,,60,,,,,,,,,,,,,,,,,,,B03,,,1,,2,,,50,50,1,12,4,120.825371,24.255472,3
6860,66000,387130000C,(04)23274275,(04)23288582,2025,11,18,9,52,臺中市,北屯區,0,1,0,7,2,6,50,11,9,1,5,4,6,6,4,4,1,4,5,2,12,3,10,3,1,B03,7,9,1,8,2,2,,8,8,1,13,4,120.70175,24.181271,2
6861,66000,387130000C,(04)23274275,(04)23288582,2025,11,18,9,52,臺中市,北屯區,0,1,0,7,2,6,50,4,1,1,5,4,6,6,1,1,10,5,5,2,13,2,9,5,4,C03,7,9,1,10,2,11,,8,8,1,12,4,120.734468,24.163614,2
6862,66000,387130000C,(04)23274275,(04)23288582,2025,11,18,9,53,臺中市,東區,0,2,0,7,2,6,50,4,1,1,5,4,6,6,1,1,10,5,5,2,17,2,9,1,1,C03,7,5,1,10,2,12,,11,11,1,12,4,120.697235,24.133263,2
6863,66000,387130000C,(04)23274275,(04)23288582,2025,11,18,9,54,臺中市,沙鹿區,0,1,0,7,2,6,30,3,1,1,5,4,6,6,4,4,10,5,5,2,15,3,10,3,1,B03,7,9,1,8,2,5,,15,15,1,12,4,120.600339,24.258983,2
6864,66000,387130000C,(04)23274275,(04)23288582,2025,11,18,9,56,臺中市,西屯區,0,0,0,7,,,50,,,,,,,,,,,,,,13,,,,,B12,,,1,,1,,,7,7,1,12,4,120.636714,24.170974,3
6865,66000,387130000C,(04)23274275,(04)23288582,2025,11,18,9,59,臺中市,南屯區,0,0,0,7,,,50,,,,,,,,,,,,,,,,,,,B02,,,1,,2,,,8,8,1,13,4,120.63675,24.135747,3
6866,66000,387130000C,(04)23274275,(04)23288582,2025,11,18,10,0,臺中市,太平區,0,0,0,7,,,40,,,,,,,,,,,,,,14,,,,,B03,,,1,,2,,,49,49,1,13,4,120.716774,24.123061,3
6867,66000,387130000C,(04)23274275,(04)23288582,2025,11,18,10,5,臺中市,南區,0,0,0,7,,,50,,,,,,,,,,,,,,,,,,,C03,,,1,,1,,,7,7,1,5,4,120.671795,24.119154,4
6868,66000,387130000C,(04)23274275,(04)23288582,2025,11,18,10,5,臺中市,北屯區,0,0,0,7,,,50,,,,,,,,,,,,,,13,,,,,B03,,,1,,1,,,84,84,1,13,4,120.693337,24.197853,3
6869,66000,387130000C,(04)23274275,(04)23288582,2025,11,18,10,8,臺中市,沙鹿區,0,1,0,7,2,6,60,3,8,1,5,4,6,6,1,1,3,3,4,1,17,3,10,5,4,C03,7,7,1,10,2,16,,40,40,1,13,4,120.614534,24.24414,2
6870,66000,387130000C,(04)23274275,(04)23288582,2025,11,18,10,10,臺中市,西屯區,0,0,0,7,,,30,,,,,,,,,,,,,,22,,,,,B03,,,1,,2,,,59,59,1,12,4,120.642413,24.196978,3
6871,66000,387130000C,(04)23274275,(04)23288582,2025,11,18,10,11,臺中市,北屯區,0,0,0,7,,,50,,,,,,,,,,,,,,13,,,,,E01,,,1,,2,,,82,82,1,13,4,120.698418,24.174092,3
6872,66000,387130000C,(04)23274275,(04)23288582,2025,11,18,10,12,臺中市,西屯區,0,1,0,7,2,6,40,13,8,1,5,4,6,6,1,1,1,5,1,2,13,3,10,5,4,C03,7,9,1,10,2,11,,7,7,1,13,4,120.603651,24.182828,2
6873,66000,387130000C,(04)23274275,(04)23288582,2025,11,18,10,14,臺中市,西屯區,0,3,0,7,2,6,40,13,9,1,5,4,6,6,2,1,1,5,5,2,17,2,9,2,1,C03,7,9,1,10,2,11,,59,59,1,12,4,120.603708,24.182845,2
6874,66000,387130000C,(04)23274275,(04)23288582,2025,11,18,10,20,臺中市,潭子區,0,0,0,7,,,50,,,,,,,,,,,,,,9,,,,,B03,,,1,,2,,,50,50,1,13,4,120.7234,24.194057,3
6875,66000,387130000C,(04)23274275,(04)23288582,2025,11,18,10,31,臺中市,太平區,0,0,0,7,,,50,,,,,,,,,,,,,,17,,,,,A12,,,1,,11,,,51,51,1,13,4,120.721101,24.158397,3
6876,66000,387130000C,(04)23274275,(04)23288582,2025,11,18,10,33,臺中市,外埔區,0,0,0,7,2,6,50,5,1,5,5,4,6,6,1,1,10,5,5,2,12,3,10,3,1,B12,7,5,1,8,2,4,,11,11,1,12,4,120.667257,24.319591,3
6877,66000,387130000C,(04)23274275,(04)23288582,2025,11,18,10,38,臺中市,北區,0,0,0,7,,,30,,,,,,,,,,,,,,15,,,,,C03,,,1,,2,,,84,84,1,13,4,120.667548,24.166124,3
6878,66000,387130000C,(04)23274275,(04)23288582,2025,11,18,10,43,臺中市,霧峰區,0,0,0,6,,,50,,,,,,,,,,,,,,17,,,,,C03,,,1,,2,,,12,12,1,13,4,120.699003,24.066,3
6879,66000,387130000C,(04)23274275,(04)23288582,2025,11,18,10,46,臺中市,北區,0,0,0,7,3,6,50,18,24,1,5,4,6,6,4,4,10,5,5,2,17,,,,,C03,,,1,,1,,,7,7,1,13,4,120.677452,24.151293,3
6880,66000,387130000C,(04)23274275,(04)23288582,2025,11,18,10,46,臺中市,大里區,0,0,0,7,,,50,,,,,,,,,,,,,,17,,,,,B12,,,1,,1,,,84,84,1,6,4,120.688247,24.086225,3
6881,66000,387130000C,(04)23274275,(04)23288582,2025,11,18,10,53,臺中市,大雅區,0,0,0,7,,,50,,,,,,,,,,,,,,,,,,,C03,,,1,,2,,,14,14,1,13,4,120.650092,24.227005,3
6882,66000,387130000C,(04)23274275,(04)23288582,2025,11,18,10,53,臺中市,北區,0,0,0,7,,,50,,,,,,,,,,,,,,17,,,,,B03,,,1,,1,,,51,51,1,13,4,120.685141,24.14952,3
6883,66000,387130000C,(04)23274275,(04)23288582,2025,11,18,10,53,臺中市,大里區,0,1,0,7,3,6,50,3,2,1,5,4,6,6,4,4,3,4,5,1,16,3,10,5,4,B03,7,5,1,8,2,5,,20,20,1,13,4,120.687348,24.095101,2
6884,66000,387130000C,(04)23274275,(04)23288582,2025,11,18,10,59,臺中市,潭子區,0,1,0,7,2,6,50,5,1,1,5,4,6,6,2,1,5,5,5,1,16,2,9,2,1,C03,7,6,1,10,2,14,,84,84,1,13,4,120.709718,24.215089,2
6885,66000,387130000C,(04)23274275,(04)23288582,2025,11,18,11,0,臺中市,沙鹿區,0,1,0,7,2,6,40,13,8,1,5,4,1,6,4,4,1,3,1,2,18,2,9,2,1,C03,7,9,1,10,2,12,,83,83,1,12,4,120.578535,24.222693,2
6886,66000,387130000C,(04)23274275,(04)23288582,2025,11,18,11,1,臺中市,潭子區,0,1,0,7,2,6,60,13,9,1,5,4,6,6,4,4,1,4,5,1,17,2,9,1,1,C03,7,9,1,10,2,12,,43,43,1,13,4,120.703339,24.19996,2
6887,66000,387130000C,(04)23274275,(04)23288582,2025,11,18,11,6,臺中市,大雅區,0,0,0,7,,,60,,,,,,,,,,,,,,12,,,,,B03,,,1,,2,,,39,39,1,12,4,120.645377,24.225353,3
6888,66000,387130000C,(04)23274275,(04)23288582,2025,11,18,11,10,臺中市,北屯區,0,0,0,7,,,50,,,,,,,,,,,,,,13,,,,,B12,,,1,,1,,,84,84,1,13,4,120.665181,24.183477,3
6889,66000,387130000C,(04)23274275,(04)23288582,2025,11,18,11,11,臺中市,西屯區,0,1,0,7,2,6,50,4,1,1,5,4,6,6,2,1,10,5,5,2,13,3,10,1,1,C03,7,9,1,10,1,11,,7,7,1,13,4,120.655938,24.165527,2
6890,66000,387130000C,(04)23274275,(04)23288582,2025,11,18,11,13,臺中市,西屯區,0,0,0,7,,,40,,,,,,,,,,,,,,20,,,,,B03,,,1,,11,,,59,59,1,12,4,120.609633,24.185346,3
6891,66000,387130000C,(04)23274275,(04)23288582,2025,11,18,11,14,臺中市,霧峰區,0,0,0,7,,,50,,,,,,,,,,,,,,,,,,,B12,,,1,,11,,,50,50,1,12,4,120.694191,24.059094,3
6892,66000,387130000C,(04)23274275,(04)23288582,2025,11,18,11,16,臺中市,神岡區,0,0,0,7,,,50,,,,,,,,,,,,,,12,,,,,B03,,,1,,2,,,59,59,1,12,4,120.684759,24.246646,3
6893,66000,387130000C,(04)23274275,(04)23288582,2025,11,18,11,17,臺中市,梧棲區,0,2,0,7,3,6,50,4,1,1,5,4,6,6,4,4,10,5,5,2,15,2,8,1,1,C03,7,1,1,10,2,16,,51,51,1,6,4,120.538141,24.248248,2
6894,66000,387130000C,(04)23274275,(04)23288582,2025,11,18,11,22,臺中市,太平區,0,1,0,7,2,6,50,5,1,1,5,4,6,6,1,1,10,5,5,2,13,3,10,2,1,C03,7,9,5,19,2,11,,7,7,1,13,4,120.724779,24.149643,2
6895,66000,387130000C,(04)23274275,(04)23288582,2025,11,18,11,23,臺中市,南屯區,0,0,0,7,3,6,50,13,9,1,5,4,6,6,4,4,10,5,5,2,14,,,,,B01,,,1,,1,,,50,50,1,12,4,120.605738,24.134926,3
6896,66000,387130000C,(04)23274275,(04)23288582,2025,11,18,11,23,臺中市,北屯區,0,1,0,7,2,6,50,13,9,1,5,4,6,6,4,4,9,5,5,2,13,2,9,5,4,C03,7,9,1,10,2,12,,7,7,1,12,4,120.709918,24.180116,2
6897,66000,387130000C,(04)23274275,(04)23288582,2025,11,18,11,24,臺中市,潭子區,0,0,0,7,,,50,,,,,,,,,,,,,,,,,,,B03,,,1,,2,,,84,84,1,13,4,120.707743,24.227292,3
6898,66000,387130000C,(04)23274275,(04)23288582,2025,11,18,11,24,臺中市,大肚區,0,1,0,7,2,6,50,13,14,1,5,4,6,6,4,4,1,4,4,1,16,3,10,3,1,A11,7,5,1,1,2,5,,8,8,1,6,4,120.567177,24.122175,2
6899,66000,387130000C,(04)23274275,(04)23288582,2025,11,18,11,38,臺中市,南屯區,0,0,0,7,,,50,,,,,,,,,,,,,,13,,,,,B03,,,1,,2,,,7,7,1,6,4,120.612231,24.137682,3
6900,66000,387130000C,(04)23274275,(04)23288582,2025,11,18,11,41,臺中市,北屯區,0,1,0,7,2,6,50,4,1,1,5,4,6,6,2,1,4,3,5,2,16,3,10,3,1,B03,7,6,1,8,2,8,,11,11,1,13,4,120.724477,24.169506,2
6901,66000,387130000C,(04)23274275,(04)23288582,2025,11,18,11,43,臺中市,中區,0,0,0,7,,,50,,,,,,,,,,,,,,,,,,,B11,,,1,,1,,,84,84,1,12,4,120.681602,24.143101,3
6902,66000,387130000C,(04)23274275,(04)23288582,2025,11,18,11,44,臺中市,北屯區,0,0,0,7,,3,80,,,,,,,,,,,,,,12,,,,,A12,,,1,,1,,,40,40,1,12,4,120.696579,24.201199,3
6903,66000,387130000C,(04)23274275,(04)23288582,2025,11,18,11,45,臺中市,西屯區,0,0,0,7,,,50,,,,,,,,,,,,,,13,,,,,B01,,,1,,1,,,7,7,1,12,4,120.636999,24.172152,3
6904,66000,387130000C,(04)23274275,(04)23288582,2025,11,18,11,45,臺中市,豐原區,0,0,0,7,,,50,,,,,,,,,,,,,,13,,,,,C03,,,1,,1,,,7,7,1,12,4,120.716199,24.249464,3
6905,66000,387130000C,(04)23274275,(04)23288582,2025,11,18,11,46,臺中市,清水區,0,0,0,6,,,40,,,,,,,,,,,,,,,,,,,B03,,,1,,1,,,51,51,1,12,4,120.581062,24.281582,3
6906,66000,387130000C,(04)23274275,(04)23288582,2025,11,18,11,47,臺中市,大里區,0,1,0,7,2,6,50,3,1,1,5,4,6,6,1,1,5,5,5,2,17,3,10,3,1,B03,7,9,1,8,2,2,,8,8,1,12,4,120.678501,24.110886,2
6907,66000,387130000C,(04)23274275,(04)23288582,2025,11,18,11,48,臺中市,北屯區,0,1,0,7,1,6,50,4,2,1,5,4,6,6,1,1,5,4,5,2,11,3,10,3,1,B03,7,6,1,8,2,1,,48,48,1,13,4,120.713448,24.160702,2
6908,66000,387130000C,(04)23274275,(04)23288582,2025,11,18,11,48,臺中市,太平區,0,2,0,7,3,6,50,3,9,1,5,4,6,6,4,4,5,5,5,1,16,2,9,1,1,C03,7,11,1,10,2,11,,45,45,1,12,4,120.732446,24.137708,2
6909,66000,387130000C,(04)23274275,(04)23288582,2025,11,18,11,49,臺中市,西屯區,0,2,0,7,2,6,40,13,8,1,5,4,6,6,4,4,5,5,4,2,13,2,9,5,4,C03,7,9,1,10,2,11,,7,7,1,12,4,120.652596,24.176184,2
6910,66000,387130000C,(04)23274275,(04)23288582,2025,11,18,11,49,臺中市,龍井區,0,0,0,7,,,70,,,,,,,,,,,,,,13,,,,,B03,,,1,,1,,,59,59,1,6,4,120.579309,24.192097,3
6911,66000,387130000C,(04)23274275,(04)23288582,2025,11,18,11,50,臺中市,北屯區,0,0,0,7,,,30,,,,,,,,,,,,,,14,,,,,B12,,,1,,1,,,49,49,1,13,4,120.740343,24.181028,3
6912,66000,387130000C,(04)23274275,(04)23288582,2025,11,18,11,52,臺中市,大雅區,0,1,0,7,3,6,50,4,9,1,5,4,6,6,4,4,9,4,5,1,13,2,7,2,1,C03,7,9,1,10,2,11,,84,84,1,13,4,120.651924,24.227787,2
6913,66000,387130000C,(04)23274275,(04)23288582,2025,11,18,11,52,臺中市,西屯區,0,0,0,7,,,50,,,,,,,,,,,,,,23,,,,,C03,,,1,,2,,,43,43,1,13,4,120.607169,24.160269,3
6914,66000,387130000C,(04)23274275,(04)23288582,2025,11,18,11,53,臺中市,南屯區,0,1,0,7,3,6,50,13,9,1,5,4,6,6,4,4,3,4,5,2,13,3,10,3,1,B03,7,9,1,10,2,1,,84,84,1,12,4,120.639524,24.142035,2
6915,66000,387130000C,(04)23274275,(04)23288582,2025,11,18,11,53,臺中市,北屯區,0,2,0,7,2,6,50,3,1,1,5,4,6,6,4,4,10,5,5,2,13,2,8,2,1,C03,7,6,1,10,2,13,,7,7,1,12,4,120.692965,24.17652,2
6916,66000,387130000C,(04)23274275,(04)23288582,2025,11,18,11,55,臺中市,太平區,0,1,0,7,2,6,50,4,1,1,5,4,6,6,1,3,10,5,5,2,15,2,9,2,1,C03,7,9,1,10,2,11,,15,15,1,13,4,120.725136,24.116852,2
6917,66000,387130000C,(04)23274275,(04)23288582,2025,11,18,11,56,臺中市,太平區,0,1,0,7,2,6,50,4,1,1,5,4,6,6,4,4,10,5,5,2,15,2,9,1,4,C03,7,9,1,10,2,11,,12,12,1,13,4,120.714494,24.15332,2
6918,66000,387130000C,(04)23274275,(04)23288582,2025,11,18,11,57,臺中市,東區,0,1,0,7,1,6,50,4,1,1,5,4,6,6,1,1,9,4,5,2,11,3,10,1,1,C03,7,6,1,10,2,12,14,48,48,1,12,4,120.694449,24.14635,2
6919,66000,387130000C,(04)23274275,(04)23288582,2025,11,18,11,57,臺中市,太平區,0,0,0,7,,,50,,,,,,,,,,,,,,,,,,,B03,,,1,,2,,,13,13,1,12,4,120.713309,24.104711,3
6920,66000,387130000C,(04)23274275,(04)23288582,2025,11,18,11,58,臺中市,北屯區,0,1,0,7,2,6,50,13,9,1,5,4,6,6,4,4,8,3,5,2,13,3,10,3,1,B03,7,9,1,8,2,5,2,84,84,1,13,4,120.705209,24.189658,2
6921,66000,387130000C,(04)23274275,(04)23288582,2025,11,18,12,2,臺中市,北屯區,0,1,0,7,3,6,50,4,1,1,5,4,6,6,1,1,10,5,5,2,17,3,10,1,1,C03,7,9,1,10,2,11,,85,85,1,12,4,120.686482,24.196581,2
6922,66000,387130000C,(04)23274275,(04)23288582,2025,11,18,12,2,臺中市,后里區,0,1,0,7,2,6,50,4,1,1,5,4,6,6,4,4,10,5,5,2,16,3,10,3,1,B03,7,6,1,8,2,1,,14,14,1,12,4,120.723461,24.31362,2
6923,66000,387130000C,(04)23274275,(04)23288582,2025,11,18,12,3,臺中市,豐原區,0,2,0,7,2,6,50,4,1,1,5,4,6,6,1,1,10,5,5,2,13,2,9,2,1,C03,7,9,1,10,2,11,,7,7,1,13,4,120.714688,24.244987,2
6924,66000,387130000C,(04)23274275,(04)23288582,2025,11,18,12,6,臺中市,北屯區,0,1,0,7,2,6,50,13,9,1,5,4,6,6,4,4,5,4,5,2,16,3,10,3,1,B12,7,8,1,8,2,8,,40,40,1,12,4,120.718763,24.173208,2
6925,66000,387130000C,(04)23274275,(04)23288582,2025,11,18,12,9,臺中市,西屯區,0,0,0,7,,,50,,,,,,,,,,,,,,13,,,,,C02,,,1,,2,,,59,59,1,12,4,120.624686,24.195543,3
6926,66000,387130000C,(04)23274275,(04)23288582,2025,11,18,12,12,臺中市,大雅區,0,0,0,7,,,30,,,,,,,,,,,,,,,,,,,B12,,,1,,2,,,84,84,1,12,4,120.630302,24.206455,3
6927,66000,387130000C,(04)23274275,(04)23288582,2025,11,18,12,16,臺中市,南區,0,0,0,7,,,50,,,,,,,,,,,,,,,,,,,B03,,,1,,1,,,7,7,1,12,4,120.680136,24.129269,3
6928,66000,387130000C,(04)23274275,(04)23288582,2025,11,18,12,24,臺中市,烏日區,0,1,0,7,3,6,40,13,14,1,5,4,6,6,4,4,1,4,4,1,12,2,9,5,4,C03,7,7,1,10,1,12,,65,65,1,13,4,120.588955,24.113267,2
6929,66000,387130000C,(04)23274275,(04)23288582,2025,11,18,12,27,臺中市,霧峰區,0,0,0,7,,,50,,,,,,,,,,,,,,,,,,,B03,,,1,,2,,,48,48,1,13,4,120.697909,24.064647,3
6930,66000,387130000C,(04)23274275,(04)23288582,2025,11,18,12,31,臺中市,西區,0,0,0,7,,,50,,,,,,,,,,,,,,,,,,,C03,,,1,,1,,,7,7,1,6,4,120.661863,24.133353,3
6931,66000,387130000C,(04)23274275,(04)23288582,2025,11,18,12,39,臺中市,南屯區,0,0,0,7,3,6,50,13,9,1,5,4,6,6,4,4,5,5,5,2,12,,,,,B03,,,1,,2,,,20,20,1,12,4,120.610109,24.142078,3
6932,66000,387130000C,(04)23274275,(04)23288582,2025,11,18,12,40,臺中市,西區,0,1,0,7,2,6,50,3,1,1,5,4,6,6,4,4,10,5,5,2,16,3,10,5,4,C03,7,5,1,10,2,13,,11,11,1,12,4,120.668099,24.13045,2
6933,66000,387130000C,(04)23274275,(04)23288582,2025,11,18,12,40,臺中市,龍井區,0,1,0,7,2,6,30,13,9,1,5,4,6,6,4,4,10,5,5,2,11,2,9,5,2,F01,7,9,7,21,2,11,,58,58,1,6,4,120.54734,24.208002,2
6934,66000,387130000C,(04)23274275,(04)23288582,2025,11,18,12,43,臺中市,南區,0,0,0,7,,,50,,,,,,,,,,,,,,,,,,,B03,,,1,,2,,,40,40,1,12,4,120.664239,24.124839,3
6935,66000,387130000C,(04)23274275,(04)23288582,2025,11,18,12,43,臺中市,南屯區,0,0,0,7,3,6,50,13,9,1,5,4,6,6,4,4,9,5,5,2,14,,,,,B03,,,1,,1,,,49,49,1,12,4,120.632941,24.155663,3
6936,66000,387130000C,(04)23274275,(04)23288582,2025,11,18,12,44,臺中市,南屯區,0,0,0,7,,,50,,,,,,,,,,,,,,17,,,,,B03,,,1,,2,,,84,84,1,6,4,120.635753,24.141412,3
6937,66000,387130000C,(04)23274275,(04)23288582,2025,11,18,12,46,臺中市,北區,0,0,0,7,,,50,,,,,,,,,,,,,,14,,,,,C03,,,1,,1,,,84,84,1,13,4,120.675424,24.167274,3
6938,66000,387130000C,(04)23274275,(04)23288582,2025,11,18,12,50,臺中市,北屯區,0,1,0,7,1,6,50,4,2,1,5,4,6,6,1,1,3,4,5,2,12,3,10,3,1,B12,7,9,1,8,2,1,,84,84,1,13,4,120.68227,24.185463,2
6939,66000,387130000C,(04)23274275,(04)23288582,2025,11,18,12,50,臺中市,大里區,0,0,0,7,,,50,,,,,,,,,,,,,,,,,,,B12,,,1,,9,,,49,49,1,13,4,120.689479,24.075394,3
6940,66000,387130000C,(04)23274275,(04)23288582,2025,11,18,12,50,臺中市,沙鹿區,0,1,0,7,2,6,40,13,8,1,5,4,6,6,4,4,1,3,4,2,12,3,10,2,1,C03,7,5,1,10,2,13,,47,47,1,12,4,120.570329,24.218248,2
6941,66000,387130000C,(04)23274275,(04)23288582,2025,11,18,12,54,臺中市,南區,0,0,0,7,,,50,,,,,,,,,,,,,,,,,,,B12,,,1,,1,,,7,7,1,6,4,120.680823,24.133536,3
6942,66000,387130000C,(04)23274275,(04)23288582,2025,11,18,12,56,臺中市,霧峰區,0,1,0,6,2,6,40,4,1,1,5,4,6,6,1,1,10,5,5,1,17,3,10,3,1,B12,7,9,1,8,2,1,,7,7,1,13,4,120.680092,24.070845,2
6943,66000,387130000C,(04)23274275,(04)23288582,2025,11,18,12,58,臺中市,北區,0,0,0,7,,,40,,,,,,,,,,,,,,17,,,,,B12,,,1,,1,,,40,40,1,13,4,120.687466,24.156123,3
6944,66000,387130000C,(04)23274275,(04)23288582,2025,11,18,12,59,臺中市,西屯區,0,2,0,7,2,6,40,4,1,1,5,4,6,6,2,1,10,5,5,2,12,2,9,2,1,C03,7,9,1,10,2,14,,8,8,1,12,4,120.615097,24.182976,2
6945,66000,387130000C,(04)23274275,(04)23288582,2025,11,18,13,0,臺中市,北區,0,3,0,7,3,6,50,18,24,1,5,4,6,6,4,4,5,5,5,2,17,2,9,5,4,C03,7,9,1,10,2,11,,7,7,1,13,4,120.683859,24.148057,2
6946,66000,387130000C,(04)23274275,(04)23288582,2025,11,18,13,0,臺中市,東區,0,0,0,7,,,50,,,,,,,,,,,,,,,,,,,C03,,,1,,1,,,7,7,1,12,4,120.699357,24.14797,3
6947,66000,387130000C,(04)23274275,(04)23288582,2025,11,18,13,0,臺中市,南屯區,0,1,0,1,2,6,50,13,8,1,5,4,6,6,4,4,5,4,4,2,17,3,10,3,1,B03,7,14,1,8,2,4,,76,76,1,12,4,120.636412,24.153567,2
6948,66000,387130000C,(04)23274275,(04)23288582,2025,11,18,13,3,臺中市,潭子區,0,2,0,7,2,6,60,13,8,1,5,4,6,6,4,4,1,4,4,1,13,2,8,2,1,C03,7,7,1,9,2,13,,85,85,1,12,4,120.709994,24.236212,2
6949,66000,387130000C,(04)23274275,(04)23288582,2025,11,18,13,7,臺中市,西屯區,0,0,0,7,,,40,,,,,,,,,,,,,,17,,,,,B12,,,1,,2,,,68,68,1,12,4,120.618506,24.181905,3
6950,66000,387130000C,(04)23274275,(04)23288582,2025,11,18,13,10,臺中市,南屯區,0,0,0,7,,,50,,,,,,,,,,,,,,,,,,,B12,,,1,,1,,,35,35,1,13,4,120.628648,24.147818,3
6951,66000,387130000C,(04)23274275,(04)23288582,2025,11,18,13,12,臺中市,大里區,0,1,0,7,2,6,50,4,1,1,5,4,6,6,1,1,10,5,5,2,16,3,10,2,1,C03,7,6,1,10,2,14,,48,48,1,6,4,120.685674,24.079937,2
6952,66000,387130000C,(04)23274275,(04)23288582,2025,11,18,13,13,臺中市,潭子區,0,0,0,7,,,50,,,,,,,,,,,,,,,,,,,B12,,,1,,2,,,49,49,1,12,4,120.702643,24.216568,3
6953,66000,387130000C,(04)23274275,(04)23288582,2025,11,18,13,20,臺中市,大里區,0,0,0,7,,,50,,,,,,,,,,,,,,14,,,,,B03,,,1,,2,,,49,49,1,6,4,120.697562,24.104208,3
6954,66000,387130000C,(04)23274275,(04)23288582,2025,11,18,13,21,臺中市,北屯區,0,1,0,7,2,6,50,13,7,1,5,4,6,6,4,4,9,5,5,2,17,3,10,5,4,B12,7,9,1,8,9,16,,72,72,1,13,4,120.694806,24.179753,2
6955,66000,387130000C,(04)23274275,(04)23288582,2025,11,18,13,21,臺中市,豐原區,0,0,0,7,,,50,,,,,,,,,,,,,,17,,,,,B03,,,1,,1,,,77,77,1,12,4,120.72427,24.254995,3
6956,66000,387130000C,(04)23274275,(04)23288582,2025,11,18,13,24,臺中市,烏日區,0,0,0,7,,,50,,,,,,,,,,,,,,13,,,,,C03,,,1,,2,,,7,7,1,6,4,120.648642,24.109073,3
6957,66000,387130000C,(04)23274275,(04)23288582,2025,11,18,13,24,臺中市,沙鹿區,0,0,0,7,,,50,,,,,,,,,,,,,,16,,,,,B03,,,1,,2,,,14,14,1,12,4,120.558667,24.233113,3
6958,66000,387130000C,(04)23274275,(04)23288582,2025,11,18,13,25,臺中市,梧棲區,0,0,0,7,,,,,,,,,,,,,,,,,17,,,,,,,,,,,,,115,115,1,12,,120.535535,24.26307,3
6959,66000,387130000C,(04)23274275,(04)23288582,2025,11,18,13,27,臺中市,南區,0,1,0,7,2,6,50,4,1,1,5,4,6,6,1,1,10,5,5,2,16,3,10,3,1,B12,7,6,1,7,2,5,2,11,11,1,12,4,120.670232,24.122381,2
6960,66000,387130000C,(04)23274275,(04)23288582,2025,11,18,13,31,臺中市,大肚區,0,0,0,7,,,50,,,,,,,,,,,,,,,,,,,B12,,,1,,2,,,7,7,1,6,4,120.543444,24.159345,3
6961,66000,387130000C,(04)23274275,(04)23288582,2025,11,18,13,31,臺中市,沙鹿區,0,1,0,7,1,6,40,13,11,1,5,4,6,6,2,1,10,5,5,1,17,3,10,2,1,C03,7,15,1,10,2,13,,8,8,1,12,4,120.560503,24.240882,2
6962,66000,387130000C,(04)23274275,(04)23288582,2025,11,18,13,37,臺中市,西屯區,0,1,0,7,2,6,40,3,1,1,5,4,6,6,2,1,10,5,5,2,16,3,10,5,4,B03,7,6,1,8,2,2,,11,11,1,12,4,120.619115,24.181337,2
6963,66000,387130000C,(04)23274275,(04)23288582,2025,11,18,13,42,臺中市,潭子區,0,1,0,7,2,6,50,13,9,1,5,4,1,6,4,4,5,5,5,1,13,2,9,1,1,C03,7,9,1,10,2,11,,7,7,1,13,4,120.718092,24.204064,2