序號,縣市別代碼,機關代碼,市話,傳真,年,月,日,時,分,縣市,區,死亡數量,受傷數量,2-30,天候,道路照明設備,道路類別,道路速限,道路型態,事故位置,路面鋪裝,路面狀態,路面缺陷,障礙物,視距,號誌種類,號誌動作,分向設施,快車道或一般車道間,快慢車道間,路面邊線,事故類型及型態,受傷程度,主要傷處,保護裝備,行動電話或功能裝置,當事者區分(類別),車輛用途,當事者行動狀態,駕照狀態,駕照種類,飲酒情形,車輛撞擊部位最初,車輛撞擊部位其他,肇事因素個別,肇事因素主要,肇事逃逸,職業,共享經濟或外送平台,GPS座標X,GPS座標Y,事故類別
6964,66000,387130000C,(04)23274275,(04)23288582,2025,11,18,13,46,臺中市,大里區,0,0,0,7,,,50,,,,,,,,,,,,,,,,,,,H03,,,7,,10,,,114,114,1,13,5,120.696196,24.095727,3
6965,66000,387130000C,(04)23274275,(04)23288582,2025,11,18,13,49,臺中市,南區,0,0,0,7,,,50,,,,,,,,,,,,,,,,,,,C03,,,1,,1,,,84,84,1,12,4,120.674044,24.130824,4
6966,66000,387130000C,(04)23274275,(04)23288582,2025,11,18,13,50,臺中市,南屯區,0,1,0,6,2,6,50,4,1,1,5,4,6,6,2,1,3,2,5,2,16,3,10,3,1,B12,7,5,1,8,2,2,,11,11,1,12,4,120.640363,24.11713,2
6967,66000,387130000C,(04)23274275,(04)23288582,2025,11,18,13,53,臺中市,北屯區,0,0,0,7,,,,,,,,,,,,,,,,,,,,,,,,,,,,,,119,119,1,,,120.669022,24.179498,3
6968,66000,387130000C,(04)23274275,(04)23288582,2025,11,18,13,55,臺中市,豐原區,0,0,0,7,,,50,,,,,,,,,,,,,,13,,,,,B03,,,1,,9,,,7,7,2,13,4,120.729627,24.256463,3
6969,66000,387130000C,(04)23274275,(04)23288582,2025,11,18,13,57,臺中市,新社區,0,0,0,7,,,50,,,,,,,,,,,,,,,,,,,B03,,,1,,2,,,39,39,1,12,4,120.821013,24.181344,3
6970,66000,387130000C,(04)23274275,(04)23288582,2025,11,18,14,0,臺中市,西屯區,0,0,0,7,2,6,50,4,1,1,5,4,6,6,2,1,1,4,5,2,12,,,,,B12,,,1,,2,,,20,20,1,13,4,120.665356,24.166801,3
6971,66000,387130000C,(04)23274275,(04)23288582,2025,11,18,14,3,臺中市,南區,0,0,0,7,,,50,,,,,,,,,,,,,,,,,,,B12,,,1,,9,,,40,40,1,6,4,120.669993,24.118498,3
6972,66000,387130000C,(04)23274275,(04)23288582,2025,11,18,14,14,臺中市,北區,0,0,0,7,,,30,,,,,,,,,,,,,,,,,,,B03,,,1,,11,,,84,84,1,13,4,120.67762,24.153576,3
6973,66000,387130000C,(04)23274275,(04)23288582,2025,11,18,14,16,臺中市,北區,0,1,0,7,2,6,40,3,8,1,5,4,6,6,1,1,1,2,4,2,13,2,9,5,4,C03,7,12,1,10,2,11,,7,7,1,13,4,120.684036,24.145985,2
6974,66000,387130000C,(04)23274275,(04)23288582,2025,11,18,14,16,臺中市,太平區,0,1,0,7,2,6,50,4,1,1,5,4,6,6,4,4,10,5,5,2,15,3,10,3,4,B03,7,9,1,8,2,4,,12,12,1,13,4,120.719639,24.149933,2
6975,66000,387130000C,(04)23274275,(04)23288582,2025,11,18,14,17,臺中市,豐原區,0,1,0,7,2,6,50,13,9,1,5,4,6,6,1,1,5,5,5,1,16,3,10,5,4,B03,7,1,1,8,2,7,,51,51,1,13,4,120.723964,24.240572,2
6976,66000,387130000C,(04)23274275,(04)23288582,2025,11,18,14,19,臺中市,南區,0,1,0,7,1,6,50,4,1,1,5,4,6,6,1,1,9,4,4,2,23,2,5,3,1,B03,7,9,1,8,2,8,,7,7,1,12,4,120.659907,24.12476,2
6977,66000,387130000C,(04)23274275,(04)23288582,2025,11,18,14,20,臺中市,清水區,0,0,0,7,,,70,,,,,,,,,,,,,,17,,,,,B03,,,1,,1,,,40,40,1,12,4,120.571133,24.299048,3
6978,66000,387130000C,(04)23274275,(04)23288582,2025,11,18,14,30,臺中市,西屯區,0,0,0,7,,,50,,,,,,,,,,,,,,13,,,,,B03,,,1,,2,,,59,59,1,12,4,120.64465,24.184429,3
6979,66000,387130000C,(04)23274275,(04)23288582,2025,11,18,14,31,臺中市,大雅區,0,0,0,6,,,60,,,,,,,,,,,,,,12,,,,,B03,,,1,,2,,,40,40,1,12,4,120.65043,24.211207,3
6980,66000,387130000C,(04)23274275,(04)23288582,2025,11,18,14,35,臺中市,北區,0,0,0,7,,,50,,,,,,,,,,,,,,13,,,,,B03,,,1,,1,,,7,7,1,13,4,120.682407,24.163236,3
6981,66000,387130000C,(04)23274275,(04)23288582,2025,11,18,14,36,臺中市,神岡區,0,1,0,6,2,6,40,13,8,1,5,4,6,6,4,4,1,4,4,1,18,2,9,5,4,C03,7,9,1,10,2,16,,82,82,1,12,4,120.693781,24.232613,2
6982,66000,387130000C,(04)23274275,(04)23288582,2025,11,18,14,37,臺中市,沙鹿區,0,1,0,7,2,6,40,13,8,1,5,4,6,6,4,4,1,4,5,1,16,3,10,3,1,B03,7,5,1,8,2,5,,47,47,1,12,4,120.580294,24.197842,2
6983,66000,387130000C,(04)23274275,(04)23288582,2025,11,18,14,45,臺中市,大甲區,0,0,0,7,,,50,,,,,,,,,,,,,,,,,,,B03,,,1,,1,,,51,51,1,6,4,120.624837,24.343616,3
6984,66000,387130000C,(04)23274275,(04)23288582,2025,11,18,14,46,臺中市,太平區,0,1,0,7,2,6,50,13,9,1,5,4,6,6,4,4,5,4,5,1,17,2,8,2,1,C03,7,9,3,19,3,11,,84,84,1,13,4,120.716662,24.118514,2
6985,66000,387130000C,(04)23274275,(04)23288582,2025,11,18,14,49,臺中市,西區,0,0,0,7,,,50,,,,,,,,,,,,,,17,,,,,B03,,,1,,2,,,40,40,1,12,4,120.656458,24.140261,3
6986,66000,387130000C,(04)23274275,(04)23288582,2025,11,18,14,49,臺中市,大里區,0,1,0,7,3,6,60,3,2,1,5,4,6,6,2,1,3,4,4,1,18,2,9,5,4,C03,7,9,1,10,2,14,,84,84,1,13,4,120.666036,24.105951,2
6987,66000,387130000C,(04)23274275,(04)23288582,2025,11,18,14,50,臺中市,豐原區,0,0,0,7,,,50,,,,,,,,,,,,,,17,,,,,C03,,,1,,1,,,7,7,1,6,4,120.71507,24.249152,3
6988,66000,387130000C,(04)23274275,(04)23288582,2025,11,18,14,55,臺中市,西區,0,0,0,7,,,50,,,,,,,,,,,,,,,,,,,C03,,,1,,1,,,11,11,1,12,4,120.672327,24.150967,3
6989,66000,387130000C,(04)23274275,(04)23288582,2025,11,18,14,59,臺中市,北屯區,0,0,0,7,,,50,,,,,,,,,,,,,,,,,,,B03,,,1,,1,,,59,59,1,12,4,120.700545,24.177905,3
6990,66000,387130000C,(04)23274275,(04)23288582,2025,11,18,14,59,臺中市,太平區,0,0,0,7,,,50,,,,,,,,,,,,,,,,,,,B03,,,1,,2,,,11,11,1,12,4,120.735854,24.133321,3
6991,66000,387130000C,(04)23274275,(04)23288582,2025,11,18,14,59,臺中市,梧棲區,0,0,0,7,,,30,,,,,,,,,,,,,,16,,,,,B11,,,1,,2,,,14,14,1,6,4,120.516216,24.226465,3
6992,66000,387130000C,(04)23274275,(04)23288582,2025,11,18,15,10,臺中市,大安區,0,1,0,7,3,6,60,4,1,1,5,4,6,6,1,1,10,5,5,2,17,2,9,1,1,C03,7,9,1,10,2,11,,5,5,1,6,4,120.582098,24.354546,2
6993,66000,387130000C,(04)23274275,(04)23288582,2025,11,18,15,17,臺中市,南屯區,0,0,0,7,,,50,,,,,,,,,,,,,,13,,,,,C03,,,1,,1,,,84,84,1,12,4,120.635373,24.150933,3
6994,66000,387130000C,(04)23274275,(04)23288582,2025,11,18,15,17,臺中市,豐原區,0,0,0,7,,,50,,,,,,,,,,,,,,13,,,,,B02,,,1,,1,,,84,84,1,13,4,120.708434,24.250057,3
6995,66000,387130000C,(04)23274275,(04)23288582,2025,11,18,15,18,臺中市,大里區,0,0,0,7,,,30,,,,,,,,,,,,,,14,,,,,B03,,,1,,2,,,49,49,1,6,4,120.665179,24.098531,3
6996,66000,387130000C,(04)23274275,(04)23288582,2025,11,18,15,23,臺中市,東區,0,0,0,7,,,50,,,,,,,,,,,,,,12,,,,,B03,,,1,,1,,,51,51,1,6,4,120.68301,24.134903,3
6997,66000,387130000C,(04)23274275,(04)23288582,2025,11,18,15,30,臺中市,西區,0,0,0,7,,,50,,,,,,,,,,,,,,17,,,,,A12,,,1,,2,,,43,43,1,12,4,120.670891,24.153084,3
6998,66000,387130000C,(04)23274275,(04)23288582,2025,11,18,15,35,臺中市,南屯區,0,0,0,7,2,6,50,13,9,1,5,4,6,6,4,4,1,4,5,2,13,3,10,3,1,B03,7,9,1,8,8,5,,53,53,1,13,4,120.61325,24.153816,3
6999,66000,387130000C,(04)23274275,(04)23288582,2025,11,18,15,38,臺中市,潭子區,0,0,0,7,,,50,,,,,,,,,,,,,,,,,,,B12,,,1,,2,,,58,58,1,13,4,120.707838,24.231302,3
7000,66000,387130000C,(04)23274275,(04)23288582,2025,11,18,15,40,臺中市,東區,0,0,0,7,,,50,,,,,,,,,,,,,,,,,,,B03,,,1,,11,,,51,51,1,12,4,120.687847,24.141469,3
7001,66000,387130000C,(04)23274275,(04)23288582,2025,11,18,15,44,臺中市,北區,0,1,0,7,2,6,50,4,1,1,5,4,6,6,1,1,10,5,5,2,13,3,10,3,1,B12,7,9,1,8,2,1,,59,59,1,12,4,120.667555,24.166819,2
7002,66000,387130000C,(04)23274275,(04)23288582,2025,11,18,15,53,臺中市,北區,0,0,0,7,,,50,,,,,,,,,,,,,,17,,,,,,,,,,,,,86,86,1,,,120.688894,24.152943,3
7003,66000,387130000C,(04)23274275,(04)23288582,2025,11,18,15,58,臺中市,太平區,0,0,0,7,,,40,,,,,,,,,,,,,,14,,,,,B03,,,1,,1,,,49,49,1,13,4,120.719627,24.145769,3
7004,66000,387130000C,(04)23274275,(04)23288582,2025,11,18,15,58,臺中市,大甲區,0,0,0,7,,,50,,,,,,,,,,,,,,,,,,,B12,,,1,,2,,,56,56,1,6,4,120.637171,24.348531,3
7005,66000,387130000C,(04)23274275,(04)23288582,2025,11,18,16,0,臺中市,沙鹿區,0,0,0,7,2,6,40,13,8,1,5,4,6,6,4,4,1,3,4,1,12,,,,,B03,,,1,,1,,,50,50,1,12,4,120.608539,24.246524,3
7006,66000,387130000C,(04)23274275,(04)23288582,2025,11,18,16,1,臺中市,北屯區,0,0,0,7,,,50,,,,,,,,,,,,,,,,,,,B02,,,1,,1,,,8,8,1,13,4,120.664823,24.18956,3
7007,66000,387130000C,(04)23274275,(04)23288582,2025,11,18,16,1,臺中市,大里區,0,2,0,7,3,6,30,4,2,1,5,4,6,6,4,4,10,5,5,2,16,2,9,1,1,C03,7,9,1,10,2,11,,7,7,1,12,4,120.699663,24.106391,2
7008,66000,387130000C,(04)23274275,(04)23288582,2025,11,18,16,6,臺中市,南屯區,0,1,0,7,3,6,30,4,1,1,5,4,6,6,4,4,10,5,5,2,15,3,10,3,1,B03,7,9,1,8,2,2,,15,15,1,13,4,120.628287,24.153093,2
7009,66000,387130000C,(04)23274275,(04)23288582,2025,11,18,16,8,臺中市,梧棲區,0,2,0,1,2,6,50,3,1,1,5,4,6,6,4,4,10,5,5,2,16,3,10,3,1,B11,7,5,1,2,2,5,,14,14,1,12,4,120.529422,24.223795,2
7010,66000,387130000C,(04)23274275,(04)23288582,2025,11,18,16,12,臺中市,北屯區,0,0,0,7,,,50,,,,,,,,,,,,,,12,,,,,B03,,,1,,1,,,85,85,1,6,4,120.687468,24.18189,3
7011,66000,387130000C,(04)23274275,(04)23288582,2025,11,18,16,15,臺中市,后里區,0,0,0,7,2,6,50,13,23,1,5,4,6,6,4,4,5,5,5,1,14,3,10,3,1,B03,7,2,1,8,2,7,6,49,49,1,12,4,120.731987,24.309386,3
7012,66000,387130000C,(04)23274275,(04)23288582,2025,11,18,16,17,臺中市,西區,0,0,0,7,3,6,50,3,1,1,5,4,6,6,4,4,10,5,5,2,16,3,10,3,1,B03,7,6,1,8,1,4,,12,12,1,6,4,120.668193,24.150864,3
7013,66000,387130000C,(04)23274275,(04)23288582,2025,11,18,16,19,臺中市,南屯區,0,0,0,7,,,60,,,,,,,,,,,,,,16,,,,,B03,,,1,,2,,,25,25,1,6,4,120.62339,24.1497,3
7014,66000,387130000C,(04)23274275,(04)23288582,2025,11,18,16,30,臺中市,西屯區,0,1,0,7,2,6,50,4,1,1,5,4,6,6,1,1,10,5,5,2,16,3,10,5,4,B03,7,5,1,8,2,2,,47,47,1,12,4,120.662128,24.163583,2
7015,66000,387130000C,(04)23274275,(04)23288582,2025,11,18,16,31,臺中市,南屯區,0,0,0,7,,,50,,,,,,,,,,,,,,12,,,,,B12,,,1,,1,,,51,51,1,12,4,120.645457,24.151245,3
7016,66000,387130000C,(04)23274275,(04)23288582,2025,11,18,16,32,臺中市,沙鹿區,0,1,0,7,3,6,40,5,1,1,5,4,6,6,1,1,10,5,5,2,17,3,10,3,1,B03,7,6,1,8,2,7,,23,23,1,12,4,120.575556,24.251983,2
7017,66000,387130000C,(04)23274275,(04)23288582,2025,11,18,16,34,臺中市,潭子區,0,1,0,7,2,6,50,3,1,1,5,4,6,6,1,1,5,5,5,1,16,3,10,2,1,C03,7,5,1,10,2,11,,84,84,1,13,4,120.673971,24.209081,2
7018,66000,387130000C,(04)23274275,(04)23288582,2025,11,18,16,39,臺中市,北屯區,0,1,0,7,2,6,30,13,9,1,5,4,6,6,4,4,10,5,5,2,17,3,10,1,1,C03,7,1,1,10,2,12,,51,51,1,6,4,120.704285,24.169296,2
7019,66000,387130000C,(04)23274275,(04)23288582,2025,11,18,16,39,臺中市,西屯區,0,0,0,7,,,30,,,,,,,,,,,,,,17,,,,,B03,,,1,,9,,,87,87,1,12,4,120.617944,24.162295,3
7020,66000,387130000C,(04)23274275,(04)23288582,2025,11,18,16,40,臺中市,潭子區,0,2,0,7,3,6,30,3,2,1,5,4,6,6,4,4,10,5,5,1,17,2,9,2,1,F03,7,9,7,21,2,14,,84,84,1,13,4,120.723629,24.198714,2
7021,66000,387130000C,(04)23274275,(04)23288582,2025,11,18,16,41,臺中市,龍井區,0,0,0,7,2,6,60,4,7,1,5,4,6,6,2,1,1,4,1,2,13,,,,,B03,,,1,,1,,,7,7,1,6,4,120.580664,24.188576,3
7022,66000,387130000C,(04)23274275,(04)23288582,2025,11,18,16,45,臺中市,大里區,0,1,0,7,2,6,50,13,9,1,5,4,3,6,4,4,10,5,5,2,16,2,4,1,1,C03,7,1,1,10,2,11,,51,51,1,12,4,120.707098,24.085588,2
7023,66000,387130000C,(04)23274275,(04)23288582,2025,11,18,16,47,臺中市,西屯區,0,1,0,7,2,6,50,13,9,1,5,4,6,6,1,1,5,4,5,2,13,3,10,2,1,C03,7,9,1,10,2,11,,7,7,1,12,2,120.656043,24.1962,2
7024,66000,387130000C,(04)23274275,(04)23288582,2025,11,18,16,48,臺中市,北屯區,0,0,0,7,,,50,,,,,,,,,,,,,,13,,,,,B02,,,1,8,1,,,84,84,1,6,4,120.684283,24.172068,4
7025,66000,387130000C,(04)23274275,(04)23288582,2025,11,18,16,50,臺中市,霧峰區,0,1,0,7,2,6,40,13,9,1,5,4,6,6,4,4,9,4,5,1,12,3,10,3,1,B03,7,9,1,8,2,5,,59,59,1,12,4,120.682376,24.065377,2
7026,66000,387130000C,(04)23274275,(04)23288582,2025,11,18,16,53,臺中市,大雅區,0,1,0,7,2,6,30,4,1,1,5,4,6,6,4,4,10,5,5,2,15,2,8,2,1,C03,7,9,1,10,2,11,,15,15,1,13,4,120.653893,24.218085,2
7027,66000,387130000C,(04)23274275,(04)23288582,2025,11,18,16,59,臺中市,潭子區,0,1,0,7,1,6,50,13,7,1,5,4,6,6,4,4,5,4,4,2,13,2,9,1,1,C03,7,9,1,10,2,11,,84,84,1,12,4,120.680576,24.207668,2
7028,66000,387130000C,(04)23274275,(04)23288582,2025,11,18,17,2,臺中市,南區,0,0,0,7,,,50,,,,,,,,,,,,,,17,,,,,B03,,,5,,9,,,45,45,1,12,4,120.661943,24.130505,3
7029,66000,387130000C,(04)23274275,(04)23288582,2025,11,18,17,5,臺中市,清水區,0,1,0,7,3,6,40,4,2,1,5,4,6,6,1,1,1,4,5,1,17,2,9,2,1,C03,7,9,1,10,2,12,,84,84,1,12,4,120.53301,24.268126,2
7030,66000,387130000C,(04)23274275,(04)23288582,2025,11,18,17,7,臺中市,沙鹿區,0,0,0,7,,,40,,,,,,,,,,,,,,,,,,,A04,,,1,,2,,,8,8,1,13,4,120.574295,24.229982,3
7031,66000,387130000C,(04)23274275,(04)23288582,2025,11,18,17,8,臺中市,東區,0,0,0,7,,,50,,,,,,,,,,,,,,,,,,,B03,,,1,,1,,,8,8,1,13,4,120.692382,24.139455,3
7032,66000,387130000C,(04)23274275,(04)23288582,2025,11,18,17,9,臺中市,南區,0,2,0,7,1,6,40,13,8,1,5,4,6,6,4,4,5,5,4,2,13,2,9,5,4,C03,7,9,1,10,2,11,,7,7,1,13,4,120.657668,24.125188,2
7033,66000,387130000C,(04)23274275,(04)23288582,2025,11,18,17,9,臺中市,梧棲區,0,1,0,7,1,6,50,4,1,1,5,4,6,6,1,1,10,5,5,2,16,3,10,1,1,C03,7,6,1,10,2,11,,11,11,1,6,4,120.538681,24.249161,2
7034,66000,387130000C,(04)23274275,(04)23288582,2025,11,18,17,10,臺中市,外埔區,0,0,0,7,,,50,,,,,,,,,,,,,,1,,,,,C03,,,1,,2,,,84,84,1,12,4,120.64619,24.332155,3
7035,66000,387130000C,(04)23274275,(04)23288582,2025,11,18,17,11,臺中市,西區,0,2,0,7,2,6,40,3,8,1,5,4,6,6,4,4,5,4,4,2,13,2,9,5,4,C03,7,9,1,10,2,11,,7,7,1,12,4,120.671813,24.144999,2
7036,66000,387130000C,(04)23274275,(04)23288582,2025,11,18,17,12,臺中市,沙鹿區,0,2,0,7,1,6,30,4,1,1,5,4,6,6,4,4,10,5,5,2,15,2,9,2,1,C03,7,9,1,10,2,11,,12,12,1,6,2,120.550439,24.217875,2
7037,66000,387130000C,(04)23274275,(04)23288582,2025,11,18,17,14,臺中市,南屯區,0,0,0,7,,,50,,,,,,,,,,,,,,,,,,,B03,,,1,,1,,,8,8,1,12,4,120.645971,24.13983,4
7038,66000,387130000C,(04)23274275,(04)23288582,2025,11,18,17,15,臺中市,北區,0,0,0,7,,,40,,,,,,,,,,,,,,17,,,,,C03,,,5,,1,,,84,84,1,12,4,120.665757,24.153913,3
7039,66000,387130000C,(04)23274275,(04)23288582,2025,11,18,17,16,臺中市,太平區,0,0,0,7,,,50,,,,,,,,,,,,,,,,,,,B03,,,1,,2,,,7,7,1,12,4,120.71648,24.133625,3
7040,66000,387130000C,(04)23274275,(04)23288582,2025,11,18,17,17,臺中市,大里區,0,0,0,7,,,50,,,,,,,,,,,,,,13,,,,,B03,,,1,,2,,,7,7,1,13,4,120.698213,24.096656,3
7041,66000,387130000C,(04)23274275,(04)23288582,2025,11,18,17,17,臺中市,大里區,0,0,0,7,,,50,,,,,,,,,,,,,,,,,,,A12,,,1,,2,,,40,40,1,12,4,120.680365,24.088205,3
7042,66000,387130000C,(04)23274275,(04)23288582,2025,11,18,17,18,臺中市,太平區,0,2,0,7,2,6,50,3,9,1,5,4,6,6,4,4,9,5,5,2,16,3,10,3,1,B03,7,11,1,15,2,8,,45,45,1,12,4,120.71948,24.156559,2
7043,66000,387130000C,(04)23274275,(04)23288582,2025,11,18,17,19,臺中市,西屯區,0,0,0,7,,,30,,,,,,,,,,,,,,14,,,,,B12,,,1,,1,,,49,49,1,12,4,120.664904,24.165831,3
7044,66000,387130000C,(04)23274275,(04)23288582,2025,11,18,17,20,臺中市,東區,0,1,0,7,1,6,50,4,1,1,5,4,6,6,1,1,10,5,5,2,16,3,10,3,1,B03,7,6,1,8,2,5,,11,11,1,6,4,120.697107,24.138961,2
7045,66000,387130000C,(04)23274275,(04)23288582,2025,11,18,17,20,臺中市,西屯區,0,0,0,7,,,60,,,,,,,,,,,,,,12,,,,,A06,,,1,,1,,,8,8,1,12,4,120.649145,24.162759,3
7046,66000,387130000C,(04)23274275,(04)23288582,2025,11,18,17,21,臺中市,東區,0,1,0,7,1,6,50,13,9,1,5,4,6,6,4,4,5,4,5,2,17,2,9,5,4,C03,7,8,1,10,1,14,,40,40,1,13,4,120.71179,24.144433,2
7047,66000,387130000C,(04)23274275,(04)23288582,2025,11,18,17,21,臺中市,北屯區,0,1,0,7,1,6,50,3,2,1,5,4,6,6,1,1,5,4,4,2,13,2,7,1,1,C03,7,9,1,10,2,11,,84,84,1,13,4,120.681288,24.176375,2
7048,66000,387130000C,(04)23274275,(04)23288582,2025,11,18,17,22,臺中市,西區,0,1,0,7,2,6,50,4,1,1,5,4,6,6,4,4,10,5,5,2,30,2,8,2,1,C03,7,9,1,10,2,11,,84,84,1,13,4,120.660802,24.150832,2
7049,66000,387130000C,(04)23274275,(04)23288582,2025,11,18,17,22,臺中市,西屯區,0,1,0,7,1,6,30,3,1,1,5,4,6,6,4,4,10,5,5,2,10,2,9,1,1,C03,7,9,3,19,2,15,,59,59,1,12,4,120.634908,24.189278,2
7050,66000,387130000C,(04)23274275,(04)23288582,2025,11,18,17,24,臺中市,烏日區,0,1,0,7,1,6,50,4,1,1,5,4,6,6,1,1,1,4,4,2,16,3,10,1,1,C03,7,6,1,10,2,11,,84,84,1,6,4,120.625567,24.108842,2
7051,66000,387130000C,(04)23274275,(04)23288582,2025,11,18,17,25,臺中市,西屯區,0,1,0,7,1,6,50,3,1,1,5,4,6,6,4,4,10,5,5,2,13,3,10,1,4,C03,7,9,1,10,1,11,12,7,7,1,12,2,120.615615,24.186085,2
7052,66000,387130000C,(04)23274275,(04)23288582,2025,11,18,17,27,臺中市,南區,0,1,0,7,1,6,50,3,1,1,5,4,6,6,4,4,10,5,5,2,17,3,10,5,4,B03,7,9,1,8,2,4,,76,76,1,12,4,120.651631,24.119205,2
7053,66000,387130000C,(04)23274275,(04)23288582,2025,11,18,17,28,臺中市,西屯區,0,1,0,7,1,6,40,13,8,1,5,4,6,6,4,4,1,5,3,2,12,2,8,2,1,C03,7,8,1,10,1,14,,8,8,1,12,4,120.61485,24.18314,2
7054,66000,387130000C,(04)23274275,(04)23288582,2025,11,18,17,30,臺中市,北屯區,0,2,0,7,1,6,50,4,1,1,5,4,6,6,2,1,10,5,5,2,17,2,9,2,1,C03,7,5,1,10,2,11,,22,22,1,5,4,120.685498,24.172177,2
7055,66000,387130000C,(04)23274275,(04)23288582,2025,11,18,17,31,臺中市,西屯區,0,2,0,7,1,6,30,4,1,1,5,4,6,6,4,4,5,5,5,2,15,2,9,4,1,F03,7,9,7,21,2,12,,15,15,1,12,4,120.619956,24.178608,2
7056,66000,387130000C,(04)23274275,(04)23288582,2025,11,18,17,33,臺中市,西屯區,0,1,0,7,1,6,0,3,1,1,5,4,6,6,1,1,10,5,5,2,15,3,10,3,1,B03,7,1,1,8,2,1,,51,51,1,12,4,120.635351,24.162968,2
7057,66000,387130000C,(04)23274275,(04)23288582,2025,11,18,17,33,臺中市,西屯區,0,1,0,7,2,6,50,3,1,1,5,4,6,6,1,1,10,5,5,2,16,3,10,5,1,A31,7,5,1,1,2,2,,11,11,1,12,4,120.609493,24.184546,2
7058,66000,387130000C,(04)23274275,(04)23288582,2025,11,18,17,33,臺中市,后里區,0,1,0,7,1,6,50,5,19,1,5,4,6,6,1,1,1,4,4,1,3,3,10,3,1,B03,7,5,1,8,2,1,,10,10,1,12,4,120.723003,24.312035,2
7059,66000,387130000C,(04)23274275,(04)23288582,2025,11,18,17,34,臺中市,東區,0,1,0,7,1,6,50,4,1,1,5,4,6,6,1,1,5,4,4,2,12,3,10,2,1,C03,7,1,1,10,2,11,,84,84,1,6,4,120.697234,24.129631,2
7060,66000,387130000C,(04)23274275,(04)23288582,2025,11,18,17,34,臺中市,北屯區,0,1,0,7,1,6,50,13,9,1,5,4,6,6,4,4,1,4,5,2,13,3,10,3,1,B03,7,9,1,8,2,1,,56,56,1,12,4,120.665046,24.200731,2
7061,66000,387130000C,(04)23274275,(04)23288582,2025,11,18,17,39,臺中市,南區,0,0,0,7,,,50,,,,,,,,,,,,,,,,,,,B03,,,1,,2,,,7,7,1,12,4,120.661476,24.121735,3
7062,66000,387130000C,(04)23274275,(04)23288582,2025,11,18,17,39,臺中市,北屯區,0,0,0,7,,,50,,,,,,,,,,,,,,,,,,,B03,,,1,,1,,,84,84,1,13,4,120.71939,24.16295,4
7063,66000,387130000C,(04)23274275,(04)23288582,2025,11,18,17,40,臺中市,中區,0,0,0,7,,,50,,,,,,,,,,,,,,12,,,,,C03,,,1,,1,,,8,8,1,12,4,120.682212,24.135899,3
7064,66000,387130000C,(04)23274275,(04)23288582,2025,11,18,17,40,臺中市,大甲區,0,1,0,7,3,6,50,3,1,1,5,4,6,6,4,4,10,5,5,2,17,3,10,3,1,B03,7,5,1,8,2,5,,47,47,1,6,4,120.616515,24.346277,2
7065,66000,387130000C,(04)23274275,(04)23288582,2025,11,18,17,41,臺中市,西屯區,0,0,0,7,,3,80,,,,,,,,,,,,,,13,,,,,B03,,,1,,1,,,7,7,1,12,4,120.6382,24.187361,3
7066,66000,387130000C,(04)23274275,(04)23288582,2025,11,18,17,44,臺中市,北屯區,0,1,0,6,1,6,50,13,9,1,5,4,6,6,4,4,5,5,5,2,2,3,10,2,1,C04,7,9,1,10,2,11,,84,84,1,6,4,120.711823,24.169229,2
7067,66000,387130000C,(04)23274275,(04)23288582,2025,11,18,17,47,臺中市,北屯區,0,0,0,7,,,50,,,,,,,,,,,,,,,,,,,C03,,,1,,1,,,84,84,1,12,4,120.733755,24.158211,3
7068,66000,387130000C,(04)23274275,(04)23288582,2025,11,18,17,49,臺中市,太平區,0,1,0,7,1,6,50,4,1,1,5,4,6,6,4,4,10,5,5,2,13,2,8,1,1,C03,7,9,1,10,2,11,,7,7,1,12,4,120.700813,24.145994,2
7069,66000,387130000C,(04)23274275,(04)23288582,2025,11,18,17,50,臺中市,大雅區,0,0,0,6,,,30,,,,,,,,,,,,,,,,,,,C03,,,1,,1,,,14,14,1,13,4,120.647566,24.228349,3
7070,66000,387130000C,(04)23274275,(04)23288582,2025,11,18,17,50,臺中市,大里區,0,1,0,6,3,6,60,13,7,1,5,4,6,6,4,4,1,4,5,1,13,3,10,1,1,C03,7,9,1,10,2,11,,84,84,1,12,4,120.685667,24.096295,2
7071,66000,387130000C,(04)23274275,(04)23288582,2025,11,18,17,53,臺中市,南區,0,0,0,7,,,50,,,,,,,,,,,,,,,,,,,B03,,,1,,2,,,40,40,1,12,4,120.656202,24.1297,3
7072,66000,387130000C,(04)23274275,(04)23288582,2025,11,18,17,55,臺中市,東區,0,2,0,7,1,6,40,13,8,1,5,4,6,6,4,4,5,5,4,2,13,2,9,5,4,C03,7,9,1,10,2,11,,7,7,1,13,4,120.707219,24.136349,2
7073,66000,387130000C,(04)23274275,(04)23288582,2025,11,18,17,58,臺中市,沙鹿區,0,0,0,7,,,40,,,,,,,,,,,,,,17,,,,,A05,,,1,,2,,,8,8,1,6,4,120.580968,24.214567,3
7074,66000,387130000C,(04)23274275,(04)23288582,2025,11,18,17,59,臺中市,西屯區,0,0,0,7,,,40,,,,,,,,,,,,,,16,,,,,C03,,,1,,1,,,48,48,1,12,4,120.653359,24.166241,3
7075,66000,387130000C,(04)23274275,(04)23288582,2025,11,18,18,1,臺中市,太平區,0,2,0,7,1,6,50,4,1,1,5,4,6,6,2,1,10,5,5,2,15,2,9,2,1,C03,7,9,1,10,2,11,,21,21,1,12,4,120.705059,24.159478,2