序號,縣市別代碼,機關代碼,市話,傳真,年,月,日,時,分,縣市,區,死亡數量,受傷數量,2-30,天候,道路照明設備,道路類別,道路速限,道路型態,事故位置,路面鋪裝,路面狀態,路面缺陷,障礙物,視距,號誌種類,號誌動作,分向設施,快車道或一般車道間,快慢車道間,路面邊線,事故類型及型態,受傷程度,主要傷處,保護裝備,行動電話或功能裝置,當事者區分(類別),車輛用途,當事者行動狀態,駕照狀態,駕照種類,飲酒情形,車輛撞擊部位最初,車輛撞擊部位其他,肇事因素個別,肇事因素主要,肇事逃逸,職業,共享經濟或外送平台,GPS座標X,GPS座標Y,事故類別
7076,66000,387130000C,(04)23274275,(04)23288582,2025,11,18,18,1,臺中市,豐原區,0,0,0,7,,,50,,,,,,,,,,,,,,,,,,,C03,,,1,,2,,,84,84,1,13,4,120.703123,24.249458,3
7077,66000,387130000C,(04)23274275,(04)23288582,2025,11,18,18,2,臺中市,南屯區,0,2,0,7,1,6,50,4,1,1,5,4,6,6,2,1,7,4,5,2,17,2,7,1,1,C03,7,6,1,10,2,12,,39,39,1,12,4,120.641892,24.139822,2
7078,66000,387130000C,(04)23274275,(04)23288582,2025,11,18,18,5,臺中市,西屯區,0,0,0,7,,,50,,,,,,,,,,,,,,,,,,,B03,,,1,,1,,,59,59,1,12,4,120.62355,24.176817,3
7079,66000,387130000C,(04)23274275,(04)23288582,2025,11,18,18,5,臺中市,烏日區,0,0,0,7,,,50,,,,,,,,,,,,,,23,,,,,B03,,,1,,2,,,59,59,1,13,4,120.617159,24.113855,3
7080,66000,387130000C,(04)23274275,(04)23288582,2025,11,18,18,5,臺中市,沙鹿區,0,0,0,6,,,60,,,,,,,,,,,,,,14,,,,,B03,,,1,,2,,,49,49,1,12,4,120.558444,24.210738,3
7081,66000,387130000C,(04)23274275,(04)23288582,2025,11,18,18,6,臺中市,東區,0,1,0,7,1,6,50,13,7,1,5,4,6,6,4,4,5,5,4,2,13,2,9,5,4,C03,7,9,1,8,2,11,,7,7,1,12,4,120.690193,24.129636,2
7082,66000,387130000C,(04)23274275,(04)23288582,2025,11,18,18,6,臺中市,西屯區,0,0,0,7,,,70,,,,,,,,,,,,,,14,,,,,B02,,,1,,1,,,49,49,1,12,4,120.593759,24.1828,3
7083,66000,387130000C,(04)23274275,(04)23288582,2025,11,18,18,7,臺中市,新社區,0,2,0,7,1,6,30,3,1,1,5,4,6,3,4,4,9,5,5,1,16,2,9,5,4,F01,7,6,7,21,2,14,,12,12,1,12,4,120.808236,24.242867,2
7084,66000,387130000C,(04)23274275,(04)23288582,2025,11,18,18,8,臺中市,西屯區,0,2,0,7,1,6,50,3,1,1,5,4,6,6,1,1,10,5,5,2,16,2,9,5,1,C04,7,9,1,10,2,11,,7,7,1,12,4,120.647847,24.196114,2
7085,66000,387130000C,(04)23274275,(04)23288582,2025,11,18,18,9,臺中市,大里區,0,0,0,7,,,50,,,,,,,,,,,,,,,,,,,C03,,,1,,2,,,7,7,1,12,4,120.699536,24.105235,3
7086,66000,387130000C,(04)23274275,(04)23288582,2025,11,18,18,10,臺中市,沙鹿區,0,1,0,7,1,6,40,13,14,1,5,4,6,6,4,4,1,4,4,1,30,2,9,2,4,C03,7,9,1,10,2,11,,59,59,1,13,4,120.622425,24.242329,2
7087,66000,387130000C,(04)23274275,(04)23288582,2025,11,18,18,13,臺中市,北屯區,0,0,0,7,,,50,,,,,,,,,,,,,,,,,,,B03,,,1,,1,,,84,84,1,13,4,120.674314,24.17393,3
7088,66000,387130000C,(04)23274275,(04)23288582,2025,11,18,18,14,臺中市,南屯區,0,1,0,7,1,6,50,5,1,1,5,4,6,6,4,4,5,4,4,2,15,3,10,3,1,B03,7,9,1,8,2,2,,12,12,1,12,4,120.638714,24.148734,2
7089,66000,387130000C,(04)23274275,(04)23288582,2025,11,18,18,15,臺中市,沙鹿區,0,1,0,7,1,6,50,3,1,1,5,4,6,6,4,4,10,5,5,2,17,2,9,2,1,C03,7,9,1,10,2,12,,84,84,1,6,4,120.555392,24.232968,2
7090,66000,387130000C,(04)23274275,(04)23288582,2025,11,18,18,16,臺中市,大里區,0,0,0,7,,3,80,,,,,,,,,,,,,,13,,,,,B03,,,1,,2,,,7,7,1,6,4,120.693845,24.106002,3
7091,66000,387130000C,(04)23274275,(04)23288582,2025,11,18,18,18,臺中市,南屯區,0,0,0,7,,,50,,,,,,,,,,,,,,,,,,,B03,,,1,,1,,,7,7,1,13,4,120.636613,24.146057,3
7092,66000,387130000C,(04)23274275,(04)23288582,2025,11,18,18,18,臺中市,南屯區,0,0,0,7,,,50,,,,,,,,,,,,,,13,,,,,C03,,,1,,1,,,7,7,1,13,4,120.648711,24.15078,4
7093,66000,387130000C,(04)23274275,(04)23288582,2025,11,18,18,18,臺中市,西屯區,0,0,0,7,,,50,,,,,,,,,,,,,,12,,,,,B03,,,1,,2,,,40,40,1,12,4,120.650956,24.208735,3
7094,66000,387130000C,(04)23274275,(04)23288582,2025,11,18,18,19,臺中市,潭子區,0,0,0,7,,,60,,,,,,,,,,,,,,,,,,,B03,,,1,,2,,,40,40,1,13,4,120.702394,24.190229,3
7095,66000,387130000C,(04)23274275,(04)23288582,2025,11,18,18,20,臺中市,大雅區,0,1,0,7,1,6,30,4,1,1,5,4,6,6,1,1,10,5,5,1,15,3,10,3,1,B03,7,9,1,8,2,4,,21,21,1,13,4,120.662694,24.22025,2
7096,66000,387130000C,(04)23274275,(04)23288582,2025,11,18,18,20,臺中市,西屯區,0,1,0,7,1,6,30,4,1,1,5,4,6,6,4,4,10,5,5,2,17,3,10,5,4,B02,7,5,1,8,2,16,,14,14,1,12,4,120.620164,24.178561,2
7097,66000,387130000C,(04)23274275,(04)23288582,2025,11,18,18,21,臺中市,西區,0,1,0,7,1,6,50,3,1,1,5,4,6,6,4,4,10,5,5,2,16,2,9,1,1,C03,7,6,1,10,2,14,,65,65,1,6,4,120.664306,24.151599,2
7098,66000,387130000C,(04)23274275,(04)23288582,2025,11,18,18,22,臺中市,烏日區,0,0,0,7,,,50,,,,,,,,,,,,,,17,,,,,B03,,,1,,1,,,84,84,1,6,4,120.639156,24.104752,4
7099,66000,387130000C,(04)23274275,(04)23288582,2025,11,18,18,24,臺中市,西屯區,0,2,0,7,1,6,40,13,9,1,5,4,6,6,4,4,9,5,5,2,13,2,9,2,1,C03,7,9,1,10,1,11,,39,39,1,12,4,120.665352,24.175631,2
7100,66000,387130000C,(04)23274275,(04)23288582,2025,11,18,18,25,臺中市,北屯區,0,2,0,7,1,6,50,13,7,1,5,4,6,6,4,4,9,4,4,2,12,2,9,2,1,C03,7,4,1,10,2,12,,84,84,1,5,4,120.717913,24.169975,2
7101,66000,387130000C,(04)23274275,(04)23288582,2025,11,18,18,25,臺中市,西屯區,0,0,0,7,,,50,,,,,,,,,,,,,,12,,,,,B03,,,1,,1,,,42,42,1,12,4,120.644515,24.184304,3
7102,66000,387130000C,(04)23274275,(04)23288582,2025,11,18,18,26,臺中市,西區,0,0,0,7,,,50,,,,,,,,,,,,,,17,,,,,B03,,,1,,1,,,84,84,1,13,4,120.655126,24.14911,3
7103,66000,387130000C,(04)23274275,(04)23288582,2025,11,18,18,28,臺中市,潭子區,0,1,0,6,1,6,30,4,1,1,5,4,6,6,4,4,10,5,5,2,17,2,8,2,1,C03,7,6,1,10,2,14,,14,14,1,13,4,120.701777,24.19092,2
7104,66000,387130000C,(04)23274275,(04)23288582,2025,11,18,18,28,臺中市,西屯區,0,1,0,7,1,6,50,13,9,1,5,4,6,6,4,4,5,5,5,2,17,3,10,2,1,C03,7,9,1,10,2,14,11,59,59,1,12,4,120.642891,24.177153,2
7105,66000,387130000C,(04)23274275,(04)23288582,2025,11,18,18,28,臺中市,沙鹿區,0,1,0,7,1,6,50,13,7,1,5,4,6,6,4,4,5,4,4,2,13,2,8,1,1,C03,7,9,1,10,2,11,,7,7,1,12,4,120.566443,24.235384,2
7106,66000,387130000C,(04)23274275,(04)23288582,2025,11,18,18,29,臺中市,北區,0,0,0,7,1,6,50,4,1,1,5,4,6,6,4,,5,4,5,2,17,3,10,3,1,B03,7,9,1,8,1,2,,84,84,1,12,4,120.66625,24.159242,3
7107,66000,387130000C,(04)23274275,(04)23288582,2025,11,18,18,31,臺中市,西屯區,0,2,0,7,1,6,50,4,1,1,5,4,6,6,4,4,5,5,5,2,15,2,8,2,1,C03,7,9,1,10,2,12,,12,12,1,12,4,120.647464,24.171224,2
7108,66000,387130000C,(04)23274275,(04)23288582,2025,11,18,18,32,臺中市,潭子區,0,0,0,6,,,50,,,,,,,,,,,,,,,,,,,C03,,,1,,2,,,49,49,1,13,4,120.704548,24.211365,3
7109,66000,387130000C,(04)23274275,(04)23288582,2025,11,18,18,32,臺中市,沙鹿區,0,0,0,7,,,50,,,,,,,,,,,,,,,,,,,B03,,,1,,1,,,7,7,1,12,4,120.570108,24.237414,3
7110,66000,387130000C,(04)23274275,(04)23288582,2025,11,18,18,32,臺中市,后里區,0,2,0,7,1,6,50,3,1,1,5,4,6,6,1,1,1,2,4,1,15,2,9,2,1,C03,7,9,1,10,2,12,,21,21,1,12,4,120.722454,24.303056,2
7111,66000,387130000C,(04)23274275,(04)23288582,2025,11,18,18,33,臺中市,北區,0,0,0,7,,,50,,,,,,,,,,,,,,13,,,,,B03,,,1,,1,1,,59,59,1,12,4,120.68396,24.146313,3
7112,66000,387130000C,(04)23274275,(04)23288582,2025,11,18,18,35,臺中市,南屯區,0,1,0,7,1,6,50,4,1,1,5,4,6,6,1,1,10,5,5,2,18,2,9,2,1,C03,7,9,1,10,2,14,,59,59,1,13,4,120.649996,24.147777,2
7113,66000,387130000C,(04)23274275,(04)23288582,2025,11,18,18,35,臺中市,西屯區,0,1,0,7,1,6,50,4,1,1,5,4,6,6,2,1,10,5,5,2,13,2,8,1,1,C03,7,9,1,10,9,11,13,7,7,1,12,4,120.645493,24.17237,2
7114,66000,387130000C,(04)23274275,(04)23288582,2025,11,18,18,36,臺中市,西屯區,0,0,0,7,,,50,,,,,,,,,,,,,,13,,,,,B03,,,1,,1,,,7,7,1,12,4,120.632347,24.170897,3
7115,66000,387130000C,(04)23274275,(04)23288582,2025,11,18,18,38,臺中市,南區,0,0,0,7,,,50,,,,,,,,,,,,,,13,,,,,B03,,,1,,1,,,84,84,1,6,4,120.663497,24.125031,3
7116,66000,387130000C,(04)23274275,(04)23288582,2025,11,18,18,39,臺中市,大雅區,0,0,0,6,,,60,,,,,,,,,,,,,,,,,,,A05,,,1,,2,,,7,7,1,13,4,120.650561,24.210489,3
7117,66000,387130000C,(04)23274275,(04)23288582,2025,11,18,18,40,臺中市,神岡區,0,1,0,7,1,6,50,4,1,1,5,4,6,6,1,1,1,4,5,1,16,3,10,5,4,B03,7,6,1,8,2,2,,11,11,1,12,4,120.696068,24.248346,2
7118,66000,387130000C,(04)23274275,(04)23288582,2025,11,18,18,43,臺中市,大里區,0,1,0,6,1,6,50,4,9,1,5,4,6,6,1,1,5,4,5,1,12,3,10,1,1,C03,7,5,1,10,2,14,,20,20,1,12,4,120.689621,24.115273,2
7119,66000,387130000C,(04)23274275,(04)23288582,2025,11,18,18,45,臺中市,西屯區,0,0,0,7,,,40,,,,,,,,,,,,,,17,,,,,,,,,,,,,119,119,1,,,120.633739,24.166495,3
7120,66000,387130000C,(04)23274275,(04)23288582,2025,11,18,18,46,臺中市,西屯區,0,2,0,7,1,6,50,3,4,1,5,4,6,6,1,1,5,3,4,2,13,3,10,3,4,B03,7,9,1,8,2,5,,59,59,1,12,4,120.653714,24.176137,2
7121,66000,387130000C,(04)23274275,(04)23288582,2025,11,18,18,47,臺中市,西屯區,0,0,0,7,,,50,,,,,,,,,,,,,,14,,,,,C03,,,1,,1,,,84,84,1,12,4,120.619419,24.180031,3
7122,66000,387130000C,(04)23274275,(04)23288582,2025,11,18,18,51,臺中市,北屯區,0,1,0,6,1,6,50,5,1,1,5,4,6,6,1,1,10,5,5,2,13,2,9,2,1,C03,7,9,1,10,2,12,,84,84,1,5,4,120.695089,24.185355,2
7123,66000,387130000C,(04)23274275,(04)23288582,2025,11,18,18,53,臺中市,潭子區,0,1,0,7,1,6,60,3,2,1,5,4,6,6,2,1,1,4,4,1,18,2,9,2,1,C04,7,9,1,10,2,16,,59,59,1,12,4,120.708605,24.231096,2
7124,66000,387130000C,(04)23274275,(04)23288582,2025,11,18,18,58,臺中市,南屯區,0,0,0,7,,,60,,,,,,,,,,,,,,12,,,,,B03,,,1,,1,,,40,40,1,12,4,120.646789,24.146405,4
7125,66000,387130000C,(04)23274275,(04)23288582,2025,11,18,19,0,臺中市,西屯區,0,2,0,7,1,6,30,13,9,1,5,4,6,6,4,4,10,5,5,2,3,2,9,1,1,C03,7,9,1,10,2,11,,59,59,1,12,4,120.655067,24.162175,2
7126,66000,387130000C,(04)23274275,(04)23288582,2025,11,18,19,1,臺中市,龍井區,0,0,0,7,1,6,40,13,9,1,5,4,6,6,2,1,9,5,5,2,13,,,,,B03,,,1,,1,,,7,7,1,6,4,120.579925,24.188662,3
7127,66000,387130000C,(04)23274275,(04)23288582,2025,11,18,19,2,臺中市,東區,0,0,0,7,,,50,,,,,,,,,,,,,,,,,,,C03,,,1,,1,,,84,84,1,13,4,120.694293,24.14847,3
7128,66000,387130000C,(04)23274275,(04)23288582,2025,11,18,19,5,臺中市,龍井區,0,2,0,7,1,6,50,4,9,1,5,4,6,6,4,4,5,5,5,2,16,2,9,2,1,C03,7,6,1,10,2,14,,12,12,1,6,4,120.590249,24.180959,2
7129,66000,387130000C,(04)23274275,(04)23288582,2025,11,18,19,6,臺中市,南屯區,0,0,0,7,,,50,,,,,,,,,,,,,,13,,,,,C03,,,1,,1,,,7,7,1,12,4,120.649759,24.149091,3
7130,66000,387130000C,(04)23274275,(04)23288582,2025,11,18,19,10,臺中市,北屯區,0,0,0,7,,,50,,,,,,,,,,,,,,,,,,,B03,,,1,,1,,,49,49,1,13,4,120.68181,24.193662,4
7131,66000,387130000C,(04)23274275,(04)23288582,2025,11,18,19,19,臺中市,西屯區,0,1,0,7,1,6,50,13,9,1,5,4,6,6,4,4,1,5,5,2,12,2,9,2,1,C03,7,9,1,10,2,14,,8,8,1,12,4,120.663252,24.172375,2
7132,66000,387130000C,(04)23274275,(04)23288582,2025,11,18,19,24,臺中市,中區,0,1,0,7,1,6,50,4,1,1,5,4,6,6,2,1,5,4,5,2,18,2,9,2,1,C03,7,9,1,10,2,12,,7,7,1,12,4,120.678952,24.139018,2
7133,66000,387130000C,(04)23274275,(04)23288582,2025,11,18,19,26,臺中市,沙鹿區,0,1,0,6,1,6,30,4,1,1,5,4,6,6,4,4,5,5,5,2,15,2,9,1,1,C03,7,9,1,10,2,11,,12,12,1,12,4,120.566126,24.242213,2
7134,66000,387130000C,(04)23274275,(04)23288582,2025,11,18,19,29,臺中市,東區,0,1,0,7,1,6,50,4,1,1,5,4,6,5,1,1,5,5,5,2,12,3,10,3,1,B02,7,9,1,8,2,2,,43,43,1,13,4,120.700133,24.140045,2
7135,66000,387130000C,(04)23274275,(04)23288582,2025,11,18,19,31,臺中市,南屯區,0,0,0,7,,,30,,,,,,,,,,,,,,,,,,,B03,,,1,,2,,,8,8,1,13,4,120.639716,24.138951,3
7136,66000,387130000C,(04)23274275,(04)23288582,2025,11,18,19,32,臺中市,龍井區,0,0,0,7,,,50,,,,,,,,,,,,,,13,,,,,B11,,,1,,1,,,7,7,1,6,4,120.55743,24.200463,3
7137,66000,387130000C,(04)23274275,(04)23288582,2025,11,18,19,38,臺中市,北區,0,0,0,7,,,50,,,,,,,,,,,,,,16,,,,,B03,,,1,,1,,,20,20,1,12,4,120.681979,24.158255,3
7138,66000,387130000C,(04)23274275,(04)23288582,2025,11,18,19,39,臺中市,北屯區,0,0,0,7,,,30,,,,,,,,,,,,,,17,,,,,B03,,,1,,1,,,8,8,1,6,4,120.689304,24.181243,3
7139,66000,387130000C,(04)23274275,(04)23288582,2025,11,18,19,40,臺中市,北屯區,0,1,0,7,1,6,50,4,19,1,5,4,6,6,2,1,10,5,5,2,1,3,10,3,1,B03,7,6,1,8,2,8,,10,10,1,6,4,120.706067,24.195266,2
7140,66000,387130000C,(04)23274275,(04)23288582,2025,11,18,19,50,臺中市,霧峰區,0,2,0,7,1,6,50,5,2,1,5,4,6,6,1,1,9,4,5,1,13,2,8,1,1,C03,7,9,1,10,2,11,,59,59,1,12,4,120.708525,24.077649,2
7141,66000,387130000C,(04)23274275,(04)23288582,2025,11,18,20,0,臺中市,北區,0,1,0,7,1,6,50,13,9,1,5,4,6,6,4,4,5,5,5,2,18,2,9,5,4,C03,7,9,1,10,2,12,,84,84,1,12,4,120.692033,24.155201,2
7142,66000,387130000C,(04)23274275,(04)23288582,2025,11,18,20,1,臺中市,西區,0,1,0,7,1,6,40,4,1,1,5,4,6,6,1,1,10,5,5,2,16,3,10,3,1,B03,7,5,1,8,2,5,,20,20,1,6,4,120.672733,24.146967,2
7143,66000,387130000C,(04)23274275,(04)23288582,2025,11,18,20,2,臺中市,龍井區,0,0,0,7,,,30,,,,,,,,,,,,,,15,,,,,C03,,,1,,1,,,39,39,1,6,4,120.524544,24.202798,3
7144,66000,387130000C,(04)23274275,(04)23288582,2025,11,18,20,5,臺中市,大雅區,0,0,0,6,,,50,,,,,,,,,,,,,,,,,,,A12,,,1,,2,,,8,8,1,13,4,120.643488,24.232978,3
7145,66000,387130000C,(04)23274275,(04)23288582,2025,11,18,20,8,臺中市,太平區,0,1,0,7,2,6,40,4,4,1,5,4,6,6,1,1,5,5,4,1,13,2,9,2,1,C03,7,9,1,10,1,11,,7,7,1,12,4,120.717949,24.148768,2
7146,66000,387130000C,(04)23274275,(04)23288582,2025,11,18,20,11,臺中市,北屯區,0,0,0,7,,,0,,,,,,,,,,,,,,14,,,,,B03,,,1,8,1,,,49,49,1,6,4,120.720475,24.171704,3
7147,66000,387130000C,(04)23274275,(04)23288582,2025,11,18,20,11,臺中市,北屯區,0,0,0,7,,,,,,,,,,,,,,,,,,,,,,,,,,,,,,119,119,1,,,120.690676,24.179694,4
7148,66000,387130000C,(04)23274275,(04)23288582,2025,11,18,20,13,臺中市,太平區,0,0,0,7,,,30,,,,,,,,,,,,,,,,,,,B03,,,1,,1,,,58,58,1,12,4,120.701323,24.148084,3
7149,66000,387130000C,(04)23274275,(04)23288582,2025,11,18,20,17,臺中市,太平區,0,0,0,7,,,50,,,,,,,,,,,,,,17,,,,,C03,,,1,,2,,,84,84,1,12,4,120.718081,24.12265,3
7150,66000,387130000C,(04)23274275,(04)23288582,2025,11,18,20,17,臺中市,太平區,0,2,0,7,2,6,30,3,1,1,5,4,6,6,4,4,10,5,5,2,16,2,9,2,2,C03,7,6,1,10,2,11,,12,12,1,12,4,120.713715,24.144758,2
7151,66000,387130000C,(04)23274275,(04)23288582,2025,11,18,20,18,臺中市,北屯區,0,0,0,7,,,50,,,,,,,,,,,,,,,,,,,B03,,,1,,1,,,40,40,1,13,4,120.733697,24.159946,3
7152,66000,387130000C,(04)23274275,(04)23288582,2025,11,18,20,18,臺中市,大里區,0,1,0,7,1,6,50,4,2,1,5,4,6,6,1,1,5,2,4,2,13,3,10,3,1,B03,7,9,1,8,2,8,,7,7,1,13,4,120.70315,24.09013,2
7153,66000,387130000C,(04)23274275,(04)23288582,2025,11,18,20,23,臺中市,龍井區,0,1,0,7,1,6,30,3,1,1,5,4,6,6,4,4,10,5,5,2,11,3,10,3,1,B03,7,6,1,8,2,5,,48,48,1,6,4,120.546555,24.214483,2
7154,66000,387130000C,(04)23274275,(04)23288582,2025,11,18,20,24,臺中市,南屯區,0,0,0,7,,,50,,,,,,,,,,,,,,16,,,,,C03,,,1,,2,,,11,11,1,13,4,120.606582,24.135684,3
7155,66000,387130000C,(04)23274275,(04)23288582,2025,11,18,20,33,臺中市,北區,0,1,0,7,1,6,50,13,9,1,5,4,6,6,4,4,1,4,5,2,17,2,9,1,1,C03,7,9,1,10,2,11,,84,84,1,12,4,120.670193,24.165136,2
7156,66000,387130000C,(04)23274275,(04)23288582,2025,11,18,20,37,臺中市,大里區,0,0,0,7,,,50,,,,,,,,,,,,,,,,,,,B03,,,1,,2,,,84,84,1,12,4,120.708812,24.086731,3
7157,66000,387130000C,(04)23274275,(04)23288582,2025,11,18,20,40,臺中市,北屯區,0,2,0,7,1,6,50,3,1,1,5,4,6,6,4,4,10,5,5,2,12,2,6,2,1,C03,7,1,1,10,2,14,,51,51,1,6,4,120.699641,24.170186,2
7158,66000,387130000C,(04)23274275,(04)23288582,2025,11,18,20,42,臺中市,南屯區,0,2,0,7,1,6,50,13,9,1,5,4,6,6,4,4,9,5,5,2,12,2,9,1,1,C03,7,1,1,10,2,14,,84,84,1,12,4,120.643276,24.138452,2
7159,66000,387130000C,(04)23274275,(04)23288582,2025,11,18,20,45,臺中市,霧峰區,0,1,0,7,1,6,40,4,1,1,5,4,6,6,1,1,10,5,5,2,17,3,10,5,4,B03,7,9,6,20,11,8,,21,21,1,12,4,120.6625,24.072087,2
7160,66000,387130000C,(04)23274275,(04)23288582,2025,11,18,20,48,臺中市,大雅區,0,1,0,7,1,6,40,13,7,1,5,4,6,6,4,4,1,4,4,1,12,2,9,2,1,C03,7,8,1,10,2,14,,40,40,1,13,4,120.648353,24.218887,2
7161,66000,387130000C,(04)23274275,(04)23288582,2025,11,18,20,50,臺中市,北區,0,0,0,7,1,6,50,4,1,1,5,4,6,6,2,1,10,5,5,2,17,3,10,1,1,C03,7,5,1,10,8,12,,53,53,1,12,4,120.684971,24.163899,3
7162,66000,387130000C,(04)23274275,(04)23288582,2025,11,18,20,51,臺中市,北屯區,0,0,0,7,,,30,,,,,,,,,,,,,,30,,,,,B13,,,1,,2,,,84,84,1,6,4,120.700271,24.170246,3
7163,66000,387130000C,(04)23274275,(04)23288582,2025,11,18,20,51,臺中市,西屯區,0,0,0,7,,,40,,,,,,,,,,,,,,,,,,,C03,,,1,,2,,,7,7,1,12,4,120.611614,24.184628,3
7164,66000,387130000C,(04)23274275,(04)23288582,2025,11,18,20,54,臺中市,西屯區,0,0,0,7,,,30,,,,,,,,,,,,,,16,,,,,B03,,,1,,1,,,14,14,1,12,4,120.645788,24.182899,3
7165,66000,387130000C,(04)23274275,(04)23288582,2025,11,18,20,54,臺中市,大里區,0,0,0,7,,,50,,,,,,,,,,,,,,,,,,,C03,,,1,,2,,,7,7,1,12,4,120.680992,24.105733,3
7166,66000,387130000C,(04)23274275,(04)23288582,2025,11,18,21,2,臺中市,南區,0,0,0,7,,,50,,,,,,,,,,,,,,17,,,,,A05,,,1,,1,,,50,50,1,6,4,120.65773,24.116488,3
7167,66000,387130000C,(04)23274275,(04)23288582,2025,11,18,21,3,臺中市,西屯區,0,0,0,7,,,50,,,,,,,,,,,,,,13,,,,,B03,,,1,,2,,,7,7,1,12,4,120.64806,24.163672,3
7168,66000,387130000C,(04)23274275,(04)23288582,2025,11,18,21,7,臺中市,南屯區,0,1,0,7,1,6,50,13,9,1,5,4,6,6,4,4,5,4,5,2,13,2,9,1,1,C03,7,9,1,10,2,11,,59,59,1,6,4,120.64983,24.140638,2
7169,66000,387130000C,(04)23274275,(04)23288582,2025,11,18,21,7,臺中市,豐原區,0,0,0,7,,,50,,,,,,,,,,,,,,,,,,,B03,,,1,,2,,,84,84,1,13,4,120.728448,24.246739,3
7170,66000,387130000C,(04)23274275,(04)23288582,2025,11,18,21,13,臺中市,北區,0,0,0,7,,,50,,,,,,,,,,,,,,16,,,,,C03,,,1,,2,,,20,20,1,12,4,120.678838,24.156827,3
7171,66000,387130000C,(04)23274275,(04)23288582,2025,11,18,21,19,臺中市,霧峰區,0,2,0,7,1,6,30,4,1,1,5,4,6,6,4,4,10,5,5,2,15,2,9,2,1,C03,7,9,1,10,2,11,,15,15,1,13,4,120.699695,24.065889,2
7172,66000,387130000C,(04)23274275,(04)23288582,2025,11,18,21,21,臺中市,大里區,0,2,0,7,1,6,50,3,1,1,5,4,6,6,4,4,10,5,5,1,15,2,9,1,1,C03,7,1,3,19,2,14,,51,51,1,12,4,120.703766,24.096868,2
7173,66000,387130000C,(04)23274275,(04)23288582,2025,11,18,21,22,臺中市,北區,0,0,0,7,,,50,,,,,,,,,,,,,,17,,,,,B03,,,1,,1,,,84,84,1,12,4,120.686691,24.147903,3
7174,66000,387130000C,(04)23274275,(04)23288582,2025,11,18,21,27,臺中市,大肚區,0,1,0,7,1,6,50,11,9,1,5,4,6,6,4,4,4,5,5,1,18,2,9,2,1,C03,7,9,3,19,2,11,,59,59,1,6,4,120.556884,24.160566,2
7175,66000,387130000C,(04)23274275,(04)23288582,2025,11,18,21,30,臺中市,南屯區,0,1,0,7,2,6,50,4,1,1,5,4,6,6,2,1,9,4,4,2,12,2,9,1,1,C03,7,6,1,10,2,13,,84,84,1,12,4,120.6437,24.148827,2
7176,66000,387130000C,(04)23274275,(04)23288582,2025,11,18,21,42,臺中市,太平區,0,2,0,7,1,6,30,4,1,1,5,4,6,6,4,4,10,5,5,2,17,2,9,5,4,C03,7,9,2,19,2,11,,12,12,1,4,4,120.719687,24.116302,2
7177,66000,387130000C,(04)23274275,(04)23288582,2025,11,18,21,45,臺中市,南屯區,0,1,0,7,2,6,40,4,1,1,5,4,6,6,1,1,9,4,5,2,12,3,10,3,1,B03,7,1,1,8,2,8,,51,51,1,12,4,120.636101,24.146713,2
7178,66000,387130000C,(04)23274275,(04)23288582,2025,11,18,21,47,臺中市,東區,0,1,0,7,1,6,50,18,24,1,5,4,6,6,4,4,3,4,5,2,17,3,10,5,4,B03,7,15,1,8,2,2,,84,84,1,12,4,120.68703,24.145614,2
7179,66000,387130000C,(04)23274275,(04)23288582,2025,11,18,21,56,臺中市,東區,0,1,0,7,1,6,50,4,9,1,5,4,5,6,1,1,5,5,5,2,12,3,10,2,1,C03,7,7,1,10,2,13,,40,40,1,12,4,120.701766,24.131737,2
7180,66000,387130000C,(04)23274275,(04)23288582,2025,11,18,22,1,臺中市,南區,0,2,0,7,1,6,50,13,9,1,5,4,6,6,4,4,1,4,5,2,13,2,9,5,4,C04,7,9,1,10,2,11,11,85,85,1,13,1,120.650134,24.120428,2
7181,66000,387130000C,(04)23274275,(04)23288582,2025,11,18,22,5,臺中市,北區,0,0,0,7,,,50,,,,,,,,,,,,,,,,,,,B03,,,1,,1,,,49,49,1,12,4,120.682301,24.1607,3
7182,66000,387130000C,(04)23274275,(04)23288582,2025,11,18,22,7,臺中市,北區,0,1,0,7,1,6,50,13,7,1,5,4,6,6,4,4,1,4,4,2,18,2,9,1,1,C03,7,9,1,10,2,16,14,84,84,1,12,4,120.690522,24.15827,2
7183,66000,387130000C,(04)23274275,(04)23288582,2025,11,18,22,9,臺中市,北屯區,0,2,0,7,1,6,50,4,2,1,5,4,6,6,1,1,3,4,5,2,15,2,9,1,1,C03,7,9,1,10,2,11,,21,21,1,13,4,120.69506,24.183302,2
7184,66000,387130000C,(04)23274275,(04)23288582,2025,11,18,22,11,臺中市,豐原區,0,3,0,7,1,6,50,5,1,1,5,4,6,6,1,1,5,5,4,2,16,2,9,1,1,C03,7,6,1,10,2,12,14,11,11,1,13,4,120.705891,24.251813,2
7185,66000,387130000C,(04)23274275,(04)23288582,2025,11,18,22,14,臺中市,西屯區,0,0,0,7,,,50,,,,,,,,,,,,,,13,,,,,B03,,,1,,1,,,59,59,1,12,4,120.653063,24.176112,3
7186,66000,387130000C,(04)23274275,(04)23288582,2025,11,18,22,25,臺中市,西區,0,1,0,6,2,6,40,12,8,1,5,4,6,6,4,4,3,4,5,2,18,2,9,1,1,F03,7,9,7,21,2,14,,84,84,1,12,4,120.665828,24.142197,2