序號,縣市別代碼,機關代碼,市話,傳真,年,月,日,時,分,縣市,區,死亡數量,受傷數量,2-30,天候,道路照明設備,道路類別,道路速限,道路型態,事故位置,路面鋪裝,路面狀態,路面缺陷,障礙物,視距,號誌種類,號誌動作,分向設施,快車道或一般車道間,快慢車道間,路面邊線,事故類型及型態,受傷程度,主要傷處,保護裝備,行動電話或功能裝置,當事者區分(類別),車輛用途,當事者行動狀態,駕照狀態,駕照種類,飲酒情形,車輛撞擊部位最初,車輛撞擊部位其他,肇事因素個別,肇事因素主要,肇事逃逸,職業,共享經濟或外送平台,GPS座標X,GPS座標Y,事故類別
7187,66000,387130000C,(04)23274275,(04)23288582,2025,11,18,22,25,臺中市,南屯區,0,2,0,7,2,6,40,13,8,1,5,4,6,6,2,1,9,4,3,2,12,2,9,1,1,C03,7,9,1,10,2,12,,84,84,1,12,4,120.613332,24.149752,2
7188,66000,387130000C,(04)23274275,(04)23288582,2025,11,18,22,47,臺中市,西屯區,0,0,0,7,,,50,,,,,,,,,,,,,,13,,,,,B03,,,1,,1,,,7,7,1,12,4,120.647894,24.174161,3
7189,66000,387130000C,(04)23274275,(04)23288582,2025,11,18,22,50,臺中市,南屯區,0,0,0,7,,,50,,,,,,,,,,,,,,13,,,,,C03,,,1,,1,,,7,7,1,12,4,120.587488,24.166791,3
7190,66000,387130000C,(04)23274275,(04)23288582,2025,11,18,23,6,臺中市,西屯區,0,1,0,7,1,6,50,4,1,1,5,4,6,6,2,1,10,5,5,2,16,2,9,2,1,C03,7,9,1,10,2,11,,21,21,1,12,4,120.619368,24.168616,2
7191,66000,387130000C,(04)23274275,(04)23288582,2025,11,18,23,20,臺中市,太平區,0,1,0,7,1,6,50,13,9,1,5,4,6,6,4,4,5,2,5,2,18,2,9,1,1,C03,7,5,1,9,2,12,,58,58,1,6,4,120.724758,24.149548,2
7192,66000,387130000C,(04)23274275,(04)23288582,2025,11,18,23,57,臺中市,北屯區,0,0,0,7,,,50,,,,,,,,,,,,,,13,,,,,C03,,,1,,1,,,84,84,1,12,4,120.719044,24.163089,3
7193,66000,387130000C,(04)23274275,(04)23288582,2025,11,19,0,12,臺中市,西區,0,0,0,7,,,50,,,,,,,,,,,,,,17,,,,,B02,,,1,,9,,,49,49,2,12,4,120.665412,24.149926,3
7194,66000,387130000C,(04)23274275,(04)23288582,2025,11,19,0,14,臺中市,北區,0,0,0,7,,,50,,,,,,,,,,,,,,,,,,,B03,,,1,,2,,,84,84,1,13,4,120.694699,24.159423,3
7195,66000,387130000C,(04)23274275,(04)23288582,2025,11,19,0,18,臺中市,西屯區,0,1,0,7,1,6,50,4,1,1,5,4,6,6,2,1,10,5,5,2,16,3,10,3,1,B03,7,6,1,8,2,8,,11,11,1,12,4,120.637491,24.177619,2
7196,66000,387130000C,(04)23274275,(04)23288582,2025,11,19,0,20,臺中市,北屯區,0,0,0,7,1,6,60,13,2,1,5,4,6,6,3,1,1,2,1,2,23,3,10,3,1,B03,7,9,1,8,7,5,,59,59,1,6,4,120.723091,24.162035,3
7197,66000,387130000C,(04)23274275,(04)23288582,2025,11,19,0,43,臺中市,和平區,0,3,0,7,1,6,50,13,9,1,5,4,6,6,4,4,8,1,5,1,9,2,9,4,1,C03,7,11,2,19,2,14,,59,59,1,13,4,120.921498,24.335869,2
7198,66000,387130000C,(04)23274275,(04)23288582,2025,11,19,0,45,臺中市,大里區,0,0,0,7,,,50,,,,,,,,,,,,,,,,,,,C03,,,1,,2,,,84,84,1,5,4,120.708485,24.085313,3
7199,66000,387130000C,(04)23274275,(04)23288582,2025,11,19,0,49,臺中市,西屯區,0,1,0,7,1,6,50,4,1,1,5,4,6,6,4,4,10,5,5,2,16,2,8,1,1,C03,7,6,1,10,2,14,,48,48,1,12,4,120.655907,24.171941,2
7200,66000,387130000C,(04)23274275,(04)23288582,2025,11,19,1,50,臺中市,和平區,0,1,0,7,1,6,50,13,9,1,5,4,6,6,4,4,5,2,4,1,24,2,9,1,1,C02,7,9,1,9,2,11,14,57,57,1,12,4,120.918889,24.187205,2
7201,66000,387130000C,(04)23274275,(04)23288582,2025,11,19,2,36,臺中市,龍井區,0,1,0,7,1,6,40,4,1,1,5,4,6,6,3,1,10,5,5,2,18,2,9,2,1,C03,7,9,1,10,2,14,,84,84,1,6,4,120.50967,24.200539,2
7202,66000,387130000C,(04)23274275,(04)23288582,2025,11,19,2,53,臺中市,大里區,0,0,0,7,,,50,,,,,,,,,,,,,,13,,,,,B03,,,5,,2,,,82,82,1,12,4,120.689713,24.106089,3
7203,66000,387130000C,(04)23274275,(04)23288582,2025,11,19,3,18,臺中市,中區,0,0,0,7,1,6,50,13,9,1,5,4,6,6,4,4,6,1,5,2,12,,,,,B03,,,1,,2,,,84,84,1,13,4,120.67674,24.143335,3
7204,66000,387130000C,(04)23274275,(04)23288582,2025,11,19,4,48,臺中市,太平區,0,2,0,7,1,6,50,13,9,1,5,4,6,6,4,4,5,5,5,1,11,2,7,5,4,F02,7,9,7,21,2,12,,4,4,1,4,1,120.716886,24.131363,2
7205,66000,387130000C,(04)23274275,(04)23288582,2025,11,19,4,53,臺中市,西區,0,0,0,6,,,50,,,,,,,,,,,,,,13,,,,,B03,,,1,,2,,,59,59,1,12,4,120.662609,24.155678,3
7206,66000,387130000C,(04)23274275,(04)23288582,2025,11,19,4,54,臺中市,北區,0,0,0,7,,,50,,,,,,,,,,,,,,,,,,,C03,,,3,,2,,,36,36,1,13,4,120.686115,24.154573,3
7207,66000,387130000C,(04)23274275,(04)23288582,2025,11,19,5,26,臺中市,龍井區,0,2,0,7,1,6,50,4,1,1,5,4,6,6,2,1,10,5,5,2,16,2,8,2,1,C03,7,9,5,19,11,12,,21,21,1,6,4,120.55155,24.21308,2
7208,66000,387130000C,(04)23274275,(04)23288582,2025,11,19,5,30,臺中市,大里區,0,0,0,6,,,50,,,,,,,,,,,,,,17,,,,,B03,,,1,,9,,,84,84,1,12,4,120.696944,24.089168,3
7209,66000,387130000C,(04)23274275,(04)23288582,2025,11,19,6,20,臺中市,南屯區,0,0,0,7,,,50,,,,,,,,,,,,,,12,,,,,B03,,,1,,9,,,8,8,1,12,4,120.64781,24.151921,3
7210,66000,387130000C,(04)23274275,(04)23288582,2025,11,19,6,20,臺中市,大里區,0,1,0,6,3,6,50,4,7,1,5,4,6,6,4,4,5,5,4,2,10,3,10,3,1,B03,7,15,1,8,2,8,,4,4,1,12,4,120.6822,24.107963,2
7211,66000,387130000C,(04)23274275,(04)23288582,2025,11,19,6,32,臺中市,西區,0,0,0,7,,,50,,,,,,,,,,,,,,,,,,,B03,,,1,,1,,,51,51,1,12,4,120.664184,24.144951,3
7212,66000,387130000C,(04)23274275,(04)23288582,2025,11,19,6,38,臺中市,東區,0,0,0,7,,,50,,,,,,,,,,,,,,13,,,,,B03,,,1,,1,,,7,7,1,12,4,120.701456,24.138879,3
7213,66000,387130000C,(04)23274275,(04)23288582,2025,11,19,7,1,臺中市,大里區,0,1,0,6,2,6,50,4,1,1,5,4,6,6,1,1,1,2,5,1,16,3,10,3,1,B03,7,6,1,8,2,5,,23,23,1,13,4,120.69169,24.100604,2
7214,66000,387130000C,(04)23274275,(04)23288582,2025,11,19,7,6,臺中市,大雅區,0,2,0,6,1,6,60,3,1,1,5,4,6,6,1,1,10,5,5,2,16,2,9,2,1,C03,7,9,1,9,2,12,14,21,21,1,12,4,120.64735,24.220982,2
7215,66000,387130000C,(04)23274275,(04)23288582,2025,11,19,7,11,臺中市,南區,0,1,0,7,2,6,50,13,11,1,5,4,6,6,4,4,1,5,5,2,17,2,7,1,1,C03,7,4,1,10,2,12,,1,1,1,12,4,120.672305,24.119162,2
7216,66000,387130000C,(04)23274275,(04)23288582,2025,11,19,7,12,臺中市,龍井區,0,0,0,7,,,50,,,,,,,,,,,,,,16,,,,,B03,,,1,,1,,,65,65,1,6,4,120.585889,24.189551,3
7217,66000,387130000C,(04)23274275,(04)23288582,2025,11,19,7,14,臺中市,烏日區,0,1,0,7,3,6,40,11,8,1,5,4,6,6,4,4,10,5,5,1,20,2,9,1,1,C03,7,6,1,10,2,12,11,84,84,1,5,4,120.586493,24.111593,2
7218,66000,387130000C,(04)23274275,(04)23288582,2025,11,19,7,17,臺中市,潭子區,0,0,0,6,,,50,,,,,,,,,,,,,,,,,,,B03,,,1,,2,,,84,84,1,13,4,120.692364,24.224677,3
7219,66000,387130000C,(04)23274275,(04)23288582,2025,11,19,7,17,臺中市,神岡區,0,1,0,6,2,6,50,13,9,1,5,4,6,6,4,4,9,5,5,1,17,2,9,2,1,C03,7,9,1,10,2,11,,7,7,1,6,4,120.697321,24.258164,2
7220,66000,387130000C,(04)23274275,(04)23288582,2025,11,19,7,20,臺中市,北屯區,0,4,0,6,2,6,50,13,7,1,5,4,6,6,4,4,1,4,4,2,13,2,8,2,1,C03,7,9,2,19,2,11,,7,7,1,4,4,120.664436,24.184699,2
7221,66000,387130000C,(04)23274275,(04)23288582,2025,11,19,7,20,臺中市,北屯區,0,0,0,7,,,50,,,,,,,,,,,,,,17,,,,,B03,,,1,,1,,,87,87,1,6,4,120.690869,24.167836,3
7222,66000,387130000C,(04)23274275,(04)23288582,2025,11,19,7,23,臺中市,霧峰區,0,2,0,6,3,6,30,4,1,1,5,4,6,6,4,4,10,5,5,2,15,2,9,1,1,C03,7,9,1,17,2,11,,15,15,1,13,4,120.713019,24.078356,2
7223,66000,387130000C,(04)23274275,(04)23288582,2025,11,19,7,24,臺中市,霧峰區,0,2,0,6,3,6,50,3,1,1,5,4,6,6,4,4,10,5,5,2,16,2,3,1,1,C03,7,6,1,10,2,11,,12,12,1,12,4,120.680117,24.060224,2
7224,66000,387130000C,(04)23274275,(04)23288582,2025,11,19,7,25,臺中市,潭子區,0,1,0,7,3,6,50,4,1,1,5,4,6,6,1,1,10,5,5,2,16,3,10,3,1,B03,7,6,1,8,2,2,,11,11,1,12,4,120.67394,24.204855,2
7225,66000,387130000C,(04)23274275,(04)23288582,2025,11,19,7,27,臺中市,大甲區,0,1,0,7,2,6,50,13,9,1,5,4,6,6,1,1,6,3,5,1,13,2,9,1,1,C03,7,9,1,10,2,11,,7,7,1,12,4,120.624149,24.340977,2
7226,66000,387130000C,(04)23274275,(04)23288582,2025,11,19,7,28,臺中市,北屯區,0,0,0,6,,,40,,,,,,,,,,,,,,13,,,,,B03,,,1,,1,,,84,84,1,12,4,120.689115,24.181142,3
7227,66000,387130000C,(04)23274275,(04)23288582,2025,11,19,7,28,臺中市,烏日區,0,1,0,7,3,6,40,13,7,1,5,4,6,6,4,4,1,4,4,2,17,3,10,5,4,C03,7,9,1,10,2,14,,85,85,1,13,4,120.641342,24.115334,2
7228,66000,387130000C,(04)23274275,(04)23288582,2025,11,19,7,29,臺中市,北區,0,1,0,7,2,6,50,4,1,1,5,4,6,6,4,4,10,5,5,2,15,3,10,5,4,B03,7,9,1,8,2,8,,20,20,1,13,4,120.692723,24.15663,2
7229,66000,387130000C,(04)23274275,(04)23288582,2025,11,19,7,29,臺中市,大肚區,0,0,0,7,,,30,,,,,,,,,,,,,,,,,,,C03,,,1,,1,,,20,20,1,6,4,120.556818,24.129364,3
7230,66000,387130000C,(04)23274275,(04)23288582,2025,11,19,7,29,臺中市,新社區,0,3,0,7,3,6,30,13,9,1,5,4,6,6,4,4,10,5,5,1,20,2,9,5,4,C03,7,9,1,10,1,12,,70,70,1,13,4,120.792212,24.21486,2
7231,66000,387130000C,(04)23274275,(04)23288582,2025,11,19,7,31,臺中市,太平區,0,1,0,6,2,6,50,3,1,1,5,4,6,6,4,4,5,5,4,2,16,3,10,3,1,B03,7,5,1,8,2,5,,85,85,1,12,4,120.733318,24.152316,2
7232,66000,387130000C,(04)23274275,(04)23288582,2025,11,19,7,35,臺中市,神岡區,0,1,0,6,2,6,30,4,1,1,5,4,6,6,3,1,10,5,5,2,15,3,10,5,4,B03,7,9,1,8,2,1,,24,24,1,12,4,120.642699,24.243315,2
7233,66000,387130000C,(04)23274275,(04)23288582,2025,11,19,7,36,臺中市,南屯區,0,1,0,7,2,6,50,5,2,1,5,4,6,6,2,1,5,4,4,2,17,2,9,2,1,C03,7,9,1,10,2,11,,7,7,1,12,4,120.612938,24.13844,2
7234,66000,387130000C,(04)23274275,(04)23288582,2025,11,19,7,38,臺中市,大里區,0,1,0,7,2,6,50,3,1,1,5,4,6,6,4,4,3,4,5,1,13,3,10,3,1,B03,7,9,1,8,2,1,,7,7,1,13,4,120.690659,24.092255,2
7235,66000,387130000C,(04)23274275,(04)23288582,2025,11,19,7,38,臺中市,太平區,0,2,0,7,2,6,50,3,2,1,5,4,6,6,3,1,10,4,4,1,17,2,9,1,1,C03,7,11,1,10,2,12,,45,45,1,12,4,120.729589,24.108361,2
7236,66000,387130000C,(04)23274275,(04)23288582,2025,11,19,7,39,臺中市,北屯區,0,0,0,7,,3,80,,,,,,,,,,,,,,16,,,,,B03,,,1,,1,,,40,40,1,13,4,120.670866,24.200897,3
7237,66000,387130000C,(04)23274275,(04)23288582,2025,11,19,7,41,臺中市,大里區,0,1,0,6,3,6,50,13,9,1,5,4,6,6,4,4,9,4,5,2,16,2,9,1,1,C03,7,9,1,10,2,15,,84,84,1,13,4,120.68557,24.07992,2
7238,66000,387130000C,(04)23274275,(04)23288582,2025,11,19,7,42,臺中市,外埔區,0,0,0,7,,,50,,,,,,,,,,,,,,16,,,,,B03,,,1,,2,,,14,14,1,12,4,120.655586,24.338114,3
7239,66000,387130000C,(04)23274275,(04)23288582,2025,11,19,7,43,臺中市,大雅區,0,1,0,6,1,6,30,13,9,1,5,4,6,6,4,4,10,5,5,2,14,3,10,3,1,B03,7,2,1,8,2,3,,49,49,1,12,4,120.646131,24.232315,2
7240,66000,387130000C,(04)23274275,(04)23288582,2025,11,19,7,45,臺中市,大雅區,0,2,0,7,3,6,50,3,2,1,5,4,6,6,4,4,4,5,5,2,17,2,7,5,4,F03,7,9,7,21,2,14,,84,84,1,13,4,120.669287,24.221202,2
7241,66000,387130000C,(04)23274275,(04)23288582,2025,11,19,7,45,臺中市,霧峰區,0,0,0,7,,,50,,,,,,,,,,,,,,13,,,,,C03,,,3,,2,,,7,7,1,5,4,120.665233,24.07958,3
7242,66000,387130000C,(04)23274275,(04)23288582,2025,11,19,7,45,臺中市,梧棲區,0,3,0,7,2,6,50,4,1,1,5,4,6,6,1,1,10,5,5,2,12,2,9,1,1,C03,7,11,1,10,2,14,,45,45,2,6,4,120.526345,24.235777,2
7243,66000,387130000C,(04)23274275,(04)23288582,2025,11,19,7,46,臺中市,大里區,0,2,0,6,2,6,50,13,7,1,5,4,6,6,4,4,5,5,4,2,13,2,8,1,1,C03,7,9,1,10,2,11,,7,7,1,13,4,120.678281,24.11144,2
7244,66000,387130000C,(04)23274275,(04)23288582,2025,11,19,7,46,臺中市,龍井區,0,0,0,7,,,30,,,,,,,,,,,,,,,,,,,B03,,,1,,2,,,84,84,1,12,4,120.532547,24.193037,3
7245,66000,387130000C,(04)23274275,(04)23288582,2025,11,19,7,47,臺中市,烏日區,0,0,0,7,,,60,,,,,,,,,,,,,,12,,,,,B03,,,1,,1,,,59,59,1,6,4,120.648121,24.086247,3
7246,66000,387130000C,(04)23274275,(04)23288582,2025,11,19,7,48,臺中市,潭子區,0,1,0,7,3,6,30,3,1,1,5,4,6,6,4,4,10,5,5,1,8,3,10,3,1,B03,7,9,1,8,9,15,,85,85,2,13,4,120.689522,24.225137,2
7247,66000,387130000C,(04)23274275,(04)23288582,2025,11,19,7,49,臺中市,西屯區,0,2,0,7,2,6,30,4,1,1,5,4,6,6,4,4,10,5,5,2,15,2,9,5,4,C03,7,9,1,10,2,11,,15,15,1,12,4,120.646325,24.181925,2
7248,66000,387130000C,(04)23274275,(04)23288582,2025,11,19,7,50,臺中市,大雅區,0,2,0,7,3,6,70,5,1,1,5,4,6,6,1,1,1,3,5,1,17,2,9,2,4,C03,7,4,1,10,2,14,,84,84,1,13,4,120.630169,24.240998,2
7249,66000,387130000C,(04)23274275,(04)23288582,2025,11,19,7,50,臺中市,神岡區,0,0,0,7,,,30,,,,,,,,,,,,,,15,,,,,B03,,,1,,2,,,24,24,1,12,4,120.643625,24.24578,3
7250,66000,387130000C,(04)23274275,(04)23288582,2025,11,19,7,53,臺中市,豐原區,0,0,0,7,,,30,,,,,,,,,,,,,,14,,,,,B03,,,1,,2,,,49,49,1,12,4,120.697468,24.229148,3
7251,66000,387130000C,(04)23274275,(04)23288582,2025,11,19,7,55,臺中市,和平區,0,0,0,7,2,2,50,13,9,2,5,4,6,6,4,4,8,4,5,1,14,3,10,5,1,B03,7,2,1,1,2,7,,49,49,1,13,4,120.879126,24.173773,3
7252,66000,387130000C,(04)23274275,(04)23288582,2025,11,19,7,57,臺中市,中區,0,1,0,6,2,6,50,4,9,1,5,4,6,6,2,1,5,4,5,2,13,3,10,3,1,B03,7,9,1,8,2,1,,7,7,1,12,4,120.681571,24.136507,2
7253,66000,387130000C,(04)23274275,(04)23288582,2025,11,19,7,57,臺中市,神岡區,0,2,0,6,2,6,50,13,7,1,5,4,6,6,4,4,4,4,4,1,10,2,9,2,1,C03,7,9,1,10,2,14,,4,4,1,6,4,120.692151,24.254313,2
7254,66000,387130000C,(04)23274275,(04)23288582,2025,11,19,7,58,臺中市,大雅區,0,1,0,6,1,6,0,13,9,1,5,4,6,6,4,4,5,5,5,1,12,3,10,3,1,B03,7,1,1,8,2,8,4,51,51,1,12,4,120.645741,24.227812,2
7255,66000,387130000C,(04)23274275,(04)23288582,2025,11,19,7,58,臺中市,南屯區,0,1,0,6,3,6,50,13,9,1,5,4,6,6,4,4,1,4,5,2,17,3,10,3,1,B03,7,13,1,8,2,4,,76,76,1,12,4,120.608337,24.149179,2
7256,66000,387130000C,(04)23274275,(04)23288582,2025,11,19,7,58,臺中市,大里區,0,0,0,7,,,50,,,,,,,,,,,,,,,,,,,C03,,,1,,1,,,8,8,1,13,4,120.679343,24.075818,3
7257,66000,387130000C,(04)23274275,(04)23288582,2025,11,19,7,59,臺中市,龍井區,0,0,0,7,,,50,,,,,,,,,,,,,,,,,,,C03,,,1,,2,,,7,7,1,6,4,120.519311,24.19852,3
7258,66000,387130000C,(04)23274275,(04)23288582,2025,11,19,8,1,臺中市,西屯區,0,2,0,7,1,6,40,3,2,1,5,4,6,6,2,1,1,4,1,2,13,2,9,5,4,C03,7,9,1,10,2,11,,7,7,1,13,4,120.613807,24.172579,2
7259,66000,387130000C,(04)23274275,(04)23288582,2025,11,19,8,1,臺中市,霧峰區,0,0,0,6,,,50,,,,,,,,,,,,,,,,,,,B03,,,1,,2,,,51,51,1,13,4,120.71631,24.072984,3
7260,66000,387130000C,(04)23274275,(04)23288582,2025,11,19,8,2,臺中市,南屯區,0,1,0,7,2,6,50,4,1,1,5,4,6,6,4,4,9,5,5,2,17,3,10,3,1,B03,7,9,1,8,2,2,,15,15,1,13,4,120.61342,24.146995,2
7261,66000,387130000C,(04)23274275,(04)23288582,2025,11,19,8,4,臺中市,沙鹿區,0,2,0,7,2,6,40,13,8,1,5,4,6,6,1,1,10,5,5,2,13,2,9,2,1,C03,7,9,1,10,2,11,,7,7,1,6,4,120.579929,24.21988,2
7262,66000,387130000C,(04)23274275,(04)23288582,2025,11,19,8,6,臺中市,西屯區,0,1,0,7,2,6,50,13,9,1,5,4,6,6,1,1,5,5,5,2,17,3,10,5,4,B03,7,14,1,8,2,4,,76,76,1,12,4,120.638541,24.177277,2
7263,66000,387130000C,(04)23274275,(04)23288582,2025,11,19,8,7,臺中市,北屯區,0,1,0,7,3,6,50,13,9,1,5,4,6,6,4,4,5,4,5,2,12,2,9,2,1,C03,7,9,1,10,2,14,,8,8,1,6,4,120.718088,24.168264,2
7264,66000,387130000C,(04)23274275,(04)23288582,2025,11,19,8,10,臺中市,西屯區,0,0,0,7,,,50,,,,,,,,,,,,,,16,,,,,C03,,,1,,1,,,42,42,1,13,4,120.615054,24.188525,3
7265,66000,387130000C,(04)23274275,(04)23288582,2025,11,19,8,10,臺中市,大里區,0,0,0,7,,,50,,,,,,,,,,,,,,,,,,,B03,,,1,,2,,,7,7,1,13,4,120.690514,24.092158,3
7266,66000,387130000C,(04)23274275,(04)23288582,2025,11,19,8,11,臺中市,北屯區,0,1,0,7,2,6,50,13,9,1,5,4,6,6,4,4,1,4,5,2,20,2,9,1,1,C03,7,9,1,10,2,11,,59,59,1,6,4,120.716055,24.182306,2
7267,66000,387130000C,(04)23274275,(04)23288582,2025,11,19,8,11,臺中市,西屯區,0,1,0,7,2,6,50,3,1,1,5,4,6,6,1,1,1,4,5,2,13,3,10,5,4,B03,7,9,1,8,2,5,,7,7,1,12,4,120.657911,24.200769,2
7268,66000,387130000C,(04)23274275,(04)23288582,2025,11,19,8,13,臺中市,南屯區,0,1,0,7,2,6,50,4,2,1,5,4,6,6,2,1,5,4,5,2,13,3,10,2,1,C03,7,9,3,19,11,16,,59,59,1,12,4,120.64833,24.123147,2
7269,66000,387130000C,(04)23274275,(04)23288582,2025,11,19,8,15,臺中市,太平區,0,0,0,6,,,40,,,,,,,,,,,,,,,,,,,B03,,,1,,1,,,59,59,1,12,4,120.714546,24.149917,3
7270,66000,387130000C,(04)23274275,(04)23288582,2025,11,19,8,17,臺中市,太平區,0,0,0,7,,,50,,,,,,,,,,,,,,,,,,,C03,,,1,,1,,,51,51,1,12,4,120.733474,24.154369,3
7271,66000,387130000C,(04)23274275,(04)23288582,2025,11,19,8,24,臺中市,西區,0,1,0,7,1,6,50,3,1,1,5,4,6,6,4,4,10,5,5,2,17,2,9,2,1,C03,7,9,1,10,2,11,,84,84,1,12,4,120.668811,24.139278,2
7272,66000,387130000C,(04)23274275,(04)23288582,2025,11,19,8,25,臺中市,北屯區,0,0,0,7,,,50,,,,,,,,,,,,,,13,,,,,C03,,,1,,1,,,7,7,1,6,4,120.70435,24.182316,3
7273,66000,387130000C,(04)23274275,(04)23288582,2025,11,19,8,25,臺中市,神岡區,0,0,0,6,,,30,,,,,,,,,,,,,,13,,,,,B03,,,1,,2,,,7,7,1,6,4,120.658954,24.257771,3
7274,66000,387130000C,(04)23274275,(04)23288582,2025,11,19,8,26,臺中市,大肚區,0,1,0,7,1,6,50,3,1,1,5,4,6,6,4,4,10,5,5,2,16,3,10,3,1,B03,7,6,1,8,2,2,,14,14,1,6,4,120.575615,24.174791,2
7275,66000,387130000C,(04)23274275,(04)23288582,2025,11,19,8,28,臺中市,潭子區,0,2,0,7,3,6,50,3,1,1,5,4,6,6,4,4,10,5,5,2,16,2,9,1,1,C03,7,11,3,19,9,14,,45,45,2,12,4,120.710518,24.211441,2
7276,66000,387130000C,(04)23274275,(04)23288582,2025,11,19,8,28,臺中市,潭子區,0,1,0,6,3,6,50,13,9,1,5,4,6,6,4,4,9,5,5,2,17,3,10,3,1,B03,7,1,1,8,2,16,,51,51,1,13,4,120.699883,24.210644,2
7277,66000,387130000C,(04)23274275,(04)23288582,2025,11,19,8,30,臺中市,南區,0,0,0,6,,,50,,,,,,,,,,,,,,,,,,,B03,,,1,,1,,,7,7,1,12,4,120.670168,24.1135,3
7278,66000,387130000C,(04)23274275,(04)23288582,2025,11,19,8,33,臺中市,烏日區,0,1,0,7,3,6,40,13,8,1,5,4,6,6,4,4,1,4,4,1,17,2,9,1,1,C03,7,9,1,10,2,15,,59,59,1,12,4,120.633008,24.105832,2
7279,66000,387130000C,(04)23274275,(04)23288582,2025,11,19,8,36,臺中市,北區,0,0,0,7,3,6,,13,24,1,5,4,6,6,4,4,10,5,5,2,30,,,,,,,,,,,,,119,119,1,,,120.67518,24.151765,3
7280,66000,387130000C,(04)23274275,(04)23288582,2025,11,19,8,40,臺中市,西屯區,0,1,0,7,2,6,50,3,1,1,5,4,6,6,4,4,10,5,5,2,16,3,10,5,4,B03,7,6,1,8,2,5,,14,14,1,13,4,120.646067,24.172882,2
7281,66000,387130000C,(04)23274275,(04)23288582,2025,11,19,8,40,臺中市,大里區,0,3,0,7,2,6,50,4,1,1,5,4,6,6,1,1,10,5,5,2,13,2,9,1,1,C03,7,9,1,10,2,11,,7,7,1,12,4,120.671165,24.102378,2
7282,66000,387130000C,(04)23274275,(04)23288582,2025,11,19,8,43,臺中市,大里區,0,1,0,6,3,6,30,4,1,1,5,4,6,6,4,4,10,5,5,2,16,3,10,5,4,B03,7,1,1,8,2,8,,51,51,1,13,4,120.693697,24.092147,2
7283,66000,387130000C,(04)23274275,(04)23288582,2025,11,19,8,44,臺中市,東區,0,3,0,7,1,6,50,13,9,1,5,4,6,6,4,4,9,4,5,2,12,2,8,1,1,F02,7,9,7,21,2,11,12,7,7,1,12,4,120.705728,24.137436,2
7284,66000,387130000C,(04)23274275,(04)23288582,2025,11,19,8,45,臺中市,神岡區,0,2,0,6,2,6,30,3,1,1,5,4,6,6,4,4,10,5,5,1,16,2,9,5,4,C03,7,6,1,10,2,14,,84,84,1,12,4,120.69864,24.274069,2
7285,66000,387130000C,(04)23274275,(04)23288582,2025,11,19,8,47,臺中市,西屯區,0,1,0,6,2,6,40,13,9,1,5,4,6,6,4,4,1,4,5,2,12,3,10,5,4,B03,7,7,1,8,1,5,,40,40,1,13,4,120.628615,24.161806,2
7286,66000,387130000C,(04)23274275,(04)23288582,2025,11,19,8,49,臺中市,梧棲區,0,0,0,7,,,50,,,,,,,,,,,,,,16,,,,,B03,,,1,,1,,,20,20,1,6,4,120.541704,24.245687,3
7287,66000,387130000C,(04)23274275,(04)23288582,2025,11,19,8,56,臺中市,北屯區,0,1,0,6,2,6,50,4,1,1,5,4,6,6,2,1,5,4,1,2,13,3,10,2,1,C03,7,9,1,10,2,11,,7,7,1,12,4,120.733395,24.160996,2
7288,66000,387130000C,(04)23274275,(04)23288582,2025,11,19,8,57,臺中市,西屯區,0,0,0,7,,,50,,,,,,,,,,,,,,12,,,,,B03,,,5,,1,,,40,40,1,12,4,120.652892,24.167074,3
7289,66000,387130000C,(04)23274275,(04)23288582,2025,11,19,8,57,臺中市,新社區,0,1,0,7,2,6,30,3,1,1,5,4,6,6,4,4,5,5,5,1,16,3,10,5,4,B12,7,5,1,8,2,8,,12,12,1,13,4,120.816936,24.21585,2
7290,66000,387130000C,(04)23274275,(04)23288582,2025,11,19,8,58,臺中市,西屯區,0,0,0,7,,,50,,,,,,,,,,,,,,13,,,,,B03,,,1,,1,,,7,7,1,13,4,120.622528,24.174033,3
7291,66000,387130000C,(04)23274275,(04)23288582,2025,11,19,9,1,臺中市,大里區,0,1,0,6,2,6,50,3,1,1,5,4,6,6,4,4,10,5,5,2,17,3,10,3,1,B03,7,6,1,8,2,1,,84,84,1,12,4,120.694304,24.080379,2
7292,66000,387130000C,(04)23274275,(04)23288582,2025,11,19,9,4,臺中市,西區,0,0,0,7,,,,,,,,,,,,,,,,,,,,,,,,,,,,,,119,119,1,,,120.658285,24.141737,3
7293,66000,387130000C,(04)23274275,(04)23288582,2025,11,19,9,4,臺中市,龍井區,0,0,0,7,,,40,,,,,,,,,,,,,,,,,,,B12,,,1,,2,,,84,84,1,6,4,120.519649,24.209769,3
7294,66000,387130000C,(04)23274275,(04)23288582,2025,11,19,9,5,臺中市,梧棲區,0,1,0,7,2,6,50,4,1,1,5,4,6,6,1,1,10,5,5,2,15,3,10,1,1,C03,7,9,1,10,2,12,,21,21,1,6,4,120.537053,24.24195,2
7295,66000,387130000C,(04)23274275,(04)23288582,2025,11,19,9,6,臺中市,西區,0,0,0,7,,,50,,,,,,,,,,,,,,13,,,,,C03,,,1,,1,,,59,59,1,13,4,120.661048,24.159329,3
7296,66000,387130000C,(04)23274275,(04)23288582,2025,11,19,9,20,臺中市,北區,0,1,0,7,2,6,50,4,4,1,5,4,6,6,1,1,5,5,5,2,17,3,10,5,4,B03,7,9,1,8,2,1,,84,84,1,13,4,120.665765,24.159426,2
7297,66000,387130000C,(04)23274275,(04)23288582,2025,11,19,9,30,臺中市,新社區,0,1,0,7,2,6,30,4,1,1,5,4,6,6,4,4,5,5,5,2,18,2,5,5,4,C01,7,6,1,9,2,12,,82,82,1,13,4,120.808629,24.247809,2