序號,縣市別代碼,機關代碼,市話,傳真,年,月,日,時,分,縣市,區,死亡數量,受傷數量,2-30,天候,道路照明設備,道路類別,道路速限,道路型態,事故位置,路面鋪裝,路面狀態,路面缺陷,障礙物,視距,號誌種類,號誌動作,分向設施,快車道或一般車道間,快慢車道間,路面邊線,事故類型及型態,受傷程度,主要傷處,保護裝備,行動電話或功能裝置,當事者區分(類別),車輛用途,當事者行動狀態,駕照狀態,駕照種類,飲酒情形,車輛撞擊部位最初,車輛撞擊部位其他,肇事因素個別,肇事因素主要,肇事逃逸,職業,共享經濟或外送平台,GPS座標X,GPS座標Y,事故類別
7298,66000,387130000C,(04)23274275,(04)23288582,2025,11,19,9,32,臺中市,南屯區,0,0,0,7,,,50,,,,,,,,,,,,,,,,,,,B03,,,1,,1,,,7,7,1,12,4,120.610887,24.145395,3
7299,66000,387130000C,(04)23274275,(04)23288582,2025,11,19,9,35,臺中市,太平區,0,0,0,6,,,80,,,,,,,,,,,,,,,,,,,B03,,,1,,2,,,7,7,1,12,4,120.717189,24.156439,3
7300,66000,387130000C,(04)23274275,(04)23288582,2025,11,19,9,36,臺中市,西屯區,0,0,0,7,,,40,,,,,,,,,,,,,,13,,,,,C03,,,1,,2,,,7,7,1,12,4,120.614765,24.183162,3
7301,66000,387130000C,(04)23274275,(04)23288582,2025,11,19,9,40,臺中市,北屯區,0,1,0,7,2,6,50,3,2,1,5,4,6,6,2,1,5,5,4,2,12,2,8,2,1,C03,7,6,1,10,2,14,,48,48,1,12,4,120.691338,24.164968,2
7302,66000,387130000C,(04)23274275,(04)23288582,2025,11,19,9,41,臺中市,北屯區,0,0,0,7,,,30,,,,,,,,,,,,,,14,,,,,B03,,,1,,1,,,82,82,1,13,4,120.765243,24.180852,3
7303,66000,387130000C,(04)23274275,(04)23288582,2025,11,19,9,45,臺中市,東區,0,1,0,7,3,6,50,3,1,1,5,4,6,6,4,4,3,4,4,2,16,2,9,2,1,C03,7,10,3,19,2,11,,40,40,1,12,4,120.685821,24.129769,2
7304,66000,387130000C,(04)23274275,(04)23288582,2025,11,19,9,49,臺中市,后里區,0,0,0,7,,,50,,,,,,,,,,,,,,15,,,,,B12,,,1,,9,,,15,15,2,12,4,120.719664,24.306798,3
7305,66000,387130000C,(04)23274275,(04)23288582,2025,11,19,9,49,臺中市,豐原區,0,1,0,7,2,6,50,4,2,1,5,4,6,6,4,4,5,5,4,2,12,3,10,5,4,B03,7,9,1,8,2,8,,84,84,1,13,4,120.724764,24.246863,2
7306,66000,387130000C,(04)23274275,(04)23288582,2025,11,19,9,53,臺中市,中區,0,1,0,6,2,6,50,13,9,1,5,4,6,6,4,4,5,4,5,2,12,3,10,3,1,B03,7,9,1,8,2,5,,84,84,1,12,4,120.680292,24.143191,2
7307,66000,387130000C,(04)23274275,(04)23288582,2025,11,19,9,55,臺中市,西屯區,0,0,0,7,,,40,,,,,,,,,,,,,,13,,,,,C03,,,1,,2,,,7,7,1,12,4,120.645952,24.164424,3
7308,66000,387130000C,(04)23274275,(04)23288582,2025,11,19,9,58,臺中市,南屯區,0,1,0,6,3,6,50,4,1,1,5,4,6,6,2,1,10,5,5,2,16,2,9,1,1,C03,7,9,1,9,2,16,14,21,21,1,5,4,120.643907,24.134853,2
7309,66000,387130000C,(04)23274275,(04)23288582,2025,11,19,9,59,臺中市,后里區,0,0,0,7,,,50,,,,,,,,,,,,,,13,,,,,C02,,,1,,2,,,59,59,1,12,4,120.713447,24.328779,3
7310,66000,387130000C,(04)23274275,(04)23288582,2025,11,19,10,0,臺中市,西屯區,0,2,0,7,2,6,30,4,1,1,5,4,6,6,4,4,10,5,5,2,15,2,9,1,1,C03,7,9,1,10,2,12,,12,12,1,13,4,120.653924,24.161371,2
7311,66000,387130000C,(04)23274275,(04)23288582,2025,11,19,10,0,臺中市,沙鹿區,0,0,0,,,,50,,,,,,,,,,,,,,12,,,,,H04,,,7,,1,,,109,109,1,12,4,120.557805,24.234559,4
7312,66000,387130000C,(04)23274275,(04)23288582,2025,11,19,10,6,臺中市,太平區,0,0,0,6,,,40,,,,,,,,,,,,,,,,,,,C03,,,1,,1,,,21,21,1,12,4,120.719193,24.124938,3
7313,66000,387130000C,(04)23274275,(04)23288582,2025,11,19,10,9,臺中市,清水區,0,0,0,7,,,50,,,,,,,,,,,,,,,,,,,B03,,,1,,2,,,59,59,1,12,4,120.536577,24.272561,3
7314,66000,387130000C,(04)23274275,(04)23288582,2025,11,19,10,9,臺中市,后里區,0,0,0,6,,,60,,,,,,,,,,,,,,13,,,,,B03,,,1,,1,,,7,7,1,12,4,120.675585,24.283933,3
7315,66000,387130000C,(04)23274275,(04)23288582,2025,11,19,10,11,臺中市,北屯區,0,0,0,6,,,30,,,,,,,,,,,,,,17,,,,,A41,,,1,,1,,,8,8,1,12,4,120.676178,24.201891,3
7316,66000,387130000C,(04)23274275,(04)23288582,2025,11,19,10,13,臺中市,烏日區,0,0,0,7,,3,80,,,,,,,,,,,,,,12,,,,,B03,,,1,,1,,,40,40,1,13,4,120.618772,24.109805,3
7317,66000,387130000C,(04)23274275,(04)23288582,2025,11,19,10,14,臺中市,西屯區,0,0,0,7,,,60,,,,,,,,,,,,,,13,,,,,B03,,,1,,1,,,7,7,1,13,4,120.608439,24.18423,3
7318,66000,387130000C,(04)23274275,(04)23288582,2025,11,19,10,14,臺中市,太平區,0,1,0,6,2,6,0,13,21,1,5,4,6,6,4,4,10,5,5,2,18,2,5,1,1,C03,7,1,1,10,2,12,,84,84,1,12,4,120.736829,24.156918,2
7319,66000,387130000C,(04)23274275,(04)23288582,2025,11,19,10,15,臺中市,東區,0,0,0,6,,,50,,,,,,,,,,,,,,,,,,,C03,,,1,,2,,,49,49,1,12,4,120.694679,24.149773,3
7320,66000,387130000C,(04)23274275,(04)23288582,2025,11,19,10,15,臺中市,大里區,0,2,0,7,2,6,50,5,1,1,5,4,6,6,3,1,10,5,5,2,16,2,9,1,1,C03,7,6,1,10,2,11,14,7,7,1,12,4,120.680357,24.114977,2
7321,66000,387130000C,(04)23274275,(04)23288582,2025,11,19,10,24,臺中市,東區,0,1,0,7,2,6,50,4,1,1,5,4,6,6,2,1,10,5,5,2,17,2,9,1,1,C03,7,8,1,10,2,14,,42,42,1,12,4,120.692409,24.139075,2
7322,66000,387130000C,(04)23274275,(04)23288582,2025,11,19,10,27,臺中市,潭子區,0,0,0,7,,,40,,,,,,,,,,,,,,,,,,,B03,,,1,,2,,,49,49,1,13,4,120.703599,24.213137,3
7323,66000,387130000C,(04)23274275,(04)23288582,2025,11,19,10,27,臺中市,西屯區,0,2,0,7,2,6,30,3,1,1,5,4,6,6,4,4,10,5,5,2,12,2,9,5,4,C03,7,1,1,10,2,14,,51,51,1,12,4,120.642952,24.189007,2
7324,66000,387130000C,(04)23274275,(04)23288582,2025,11,19,10,30,臺中市,大雅區,0,0,0,7,,,30,,,,,,,,,,,,,,14,,,,,B03,,,1,,2,,,49,49,1,13,4,120.637068,24.21682,3
7325,66000,387130000C,(04)23274275,(04)23288582,2025,11,19,10,37,臺中市,北屯區,0,0,0,7,,,50,,,,,,,,,,,,,,17,,,,,F03,,,7,,2,,,39,39,1,6,4,120.668899,24.185973,3
7326,66000,387130000C,(04)23274275,(04)23288582,2025,11,19,10,37,臺中市,神岡區,0,1,0,6,2,6,30,4,1,1,5,4,6,6,1,1,10,5,5,2,17,3,10,3,1,B12,7,6,1,8,2,2,,48,48,1,6,4,120.688297,24.239963,2
7327,66000,387130000C,(04)23274275,(04)23288582,2025,11,19,10,39,臺中市,大里區,0,0,0,7,,,50,,,,,,,,,,,,,,19,,,,,B03,,,1,,2,,,84,84,1,12,4,120.716961,24.08571,3
7328,66000,387130000C,(04)23274275,(04)23288582,2025,11,19,10,42,臺中市,北區,0,1,0,7,2,6,50,4,2,1,5,4,6,6,2,1,10,5,5,2,12,2,9,2,1,C03,7,9,1,10,2,11,,7,7,1,13,4,120.673809,24.154291,2
7329,66000,387130000C,(04)23274275,(04)23288582,2025,11,19,10,42,臺中市,沙鹿區,0,1,0,6,2,6,50,13,9,1,5,4,6,6,4,4,9,5,5,1,9,3,10,3,1,B12,7,9,1,8,2,5,,85,85,1,12,4,120.559153,24.238996,2
7330,66000,387130000C,(04)23274275,(04)23288582,2025,11,19,10,44,臺中市,西屯區,0,1,0,7,2,6,50,4,1,1,5,4,6,6,2,1,1,4,5,1,12,3,10,5,4,B03,7,5,1,8,2,2,,84,84,1,13,4,120.644271,24.17138,2
7331,66000,387130000C,(04)23274275,(04)23288582,2025,11,19,10,45,臺中市,大里區,0,1,0,7,2,6,50,13,8,1,5,4,6,6,4,4,3,4,4,1,12,2,9,2,1,C03,7,8,1,10,2,12,,84,84,1,13,4,120.696594,24.085999,2
7332,66000,387130000C,(04)23274275,(04)23288582,2025,11,19,10,48,臺中市,北區,0,1,0,7,2,6,50,4,1,1,5,4,6,6,1,1,10,5,5,2,30,3,10,5,4,B12,7,15,1,8,2,1,,78,78,1,13,4,120.673655,24.158459,2
7333,66000,387130000C,(04)23274275,(04)23288582,2025,11,19,10,55,臺中市,大里區,0,2,0,6,2,6,50,4,1,1,5,4,6,6,4,4,10,5,5,2,17,2,9,1,1,C03,7,9,1,10,2,11,,15,15,1,12,4,120.682609,24.114704,2
7334,66000,387130000C,(04)23274275,(04)23288582,2025,11,19,10,56,臺中市,北區,0,1,0,7,3,6,50,18,24,1,5,4,6,6,4,4,10,5,5,2,17,2,8,5,4,C03,5,15,1,10,2,11,,8,8,1,13,4,120.684914,24.16767,2
7335,66000,387130000C,(04)23274275,(04)23288582,2025,11,19,11,1,臺中市,烏日區,0,0,0,7,,,70,,,,,,,,,,,,,,12,,,,,B03,,,1,,2,,,59,59,1,6,4,120.600488,24.110785,3
7336,66000,387130000C,(04)23274275,(04)23288582,2025,11,19,11,7,臺中市,北屯區,0,1,0,7,1,6,50,14,9,1,5,4,6,6,4,4,3,4,5,2,17,3,10,3,1,B12,7,1,1,8,2,4,,51,51,1,13,4,120.739755,24.179158,2
7337,66000,387130000C,(04)23274275,(04)23288582,2025,11,19,11,11,臺中市,神岡區,0,1,0,7,2,6,50,4,1,1,5,4,6,6,4,4,10,5,5,2,12,3,10,5,4,B03,7,9,1,8,2,2,,87,87,1,12,4,120.659766,24.257316,2
7338,66000,387130000C,(04)23274275,(04)23288582,2025,11,19,11,17,臺中市,大里區,0,1,1,6,2,6,40,13,9,1,5,4,6,6,1,1,5,4,5,1,16,5,9,4,1,F01,7,6,7,21,2,14,,48,48,1,13,4,120.688973,24.104434,2
7339,66000,387130000C,(04)23274275,(04)23288582,2025,11,19,11,19,臺中市,南區,0,0,0,7,,,40,,,,,,,,,,,,,,,,,,,B02,,,1,,1,,,49,49,1,6,4,120.66569,24.117577,3
7340,66000,387130000C,(04)23274275,(04)23288582,2025,11,19,11,21,臺中市,沙鹿區,0,0,0,7,,,50,,,,,,,,,,,,,,14,,,,,B12,,,1,,2,,,49,49,1,12,4,120.564175,24.242029,3
7341,66000,387130000C,(04)23274275,(04)23288582,2025,11,19,11,22,臺中市,西區,0,2,0,6,2,6,50,4,1,1,5,4,6,6,1,1,10,5,5,2,17,2,9,1,1,C03,7,9,1,10,2,11,,7,7,1,12,4,120.67502,24.149051,2
7342,66000,387130000C,(04)23274275,(04)23288582,2025,11,19,11,27,臺中市,南屯區,0,0,0,7,,,40,,,,,,,,,,,,,,13,,,,,C03,,,3,,1,,,7,7,1,12,4,120.635728,24.151222,4
7343,66000,387130000C,(04)23274275,(04)23288582,2025,11,19,11,30,臺中市,北區,0,0,0,7,,,50,,,,,,,,,,,,,,17,,,,,B03,,,1,,1,,,59,59,1,6,4,120.689903,24.161396,3
7344,66000,387130000C,(04)23274275,(04)23288582,2025,11,19,11,33,臺中市,北屯區,0,0,0,6,,,50,,,,,,,,,,,,,,13,,,,,C03,,,1,,2,,,7,7,1,12,4,120.667125,24.178215,4
7345,66000,387130000C,(04)23274275,(04)23288582,2025,11,19,11,34,臺中市,大雅區,0,1,0,6,1,6,50,4,19,1,5,4,6,6,1,1,1,5,5,2,2,3,10,3,1,B03,7,6,1,8,2,1,,10,10,1,12,4,120.648464,24.221203,2
7346,66000,387130000C,(04)23274275,(04)23288582,2025,11,19,11,37,臺中市,烏日區,0,0,0,7,,,50,,,,,,,,,,,,,,14,,,,,B03,,,1,,1,,,49,49,1,13,4,120.639245,24.096283,3
7347,66000,387130000C,(04)23274275,(04)23288582,2025,11,19,11,38,臺中市,西區,0,0,0,7,,,50,,,,,,,,,,,,,,15,,,,,C04,,,1,,1,,,21,21,1,13,4,120.666722,24.141266,3
7348,66000,387130000C,(04)23274275,(04)23288582,2025,11,19,11,40,臺中市,南區,0,0,0,7,1,6,50,13,7,1,5,4,6,6,4,4,1,4,4,2,13,3,10,3,1,B03,7,15,1,8,1,1,,84,84,1,12,4,120.657425,24.113175,3
7349,66000,387130000C,(04)23274275,(04)23288582,2025,11,19,11,40,臺中市,豐原區,0,1,0,7,1,6,50,4,1,1,5,4,6,6,1,1,5,4,4,2,17,3,10,3,1,B03,7,5,1,8,2,2,,11,11,1,6,4,120.719133,24.248088,2
7350,66000,387130000C,(04)23274275,(04)23288582,2025,11,19,11,41,臺中市,豐原區,0,0,0,7,,,50,,,,,,,,,,,,,,12,,,,,B03,,,1,,1,,,8,8,1,12,4,120.728683,24.255159,4
7351,66000,387130000C,(04)23274275,(04)23288582,2025,11,19,11,46,臺中市,北區,0,1,0,7,2,6,50,3,2,1,5,4,6,6,4,4,10,5,5,2,12,3,10,2,1,C03,7,9,1,10,2,14,,84,84,1,13,4,120.686721,24.147858,2
7352,66000,387130000C,(04)23274275,(04)23288582,2025,11,19,11,48,臺中市,北屯區,0,1,0,7,3,6,50,13,7,1,5,4,6,6,4,4,5,5,4,1,13,3,10,3,1,B12,7,9,1,8,2,5,,8,8,1,6,4,120.690579,24.177744,2
7353,66000,387130000C,(04)23274275,(04)23288582,2025,11,19,11,52,臺中市,西屯區,0,0,0,7,,,50,,,,,,,,,,,,,,13,,,,,B03,,,1,,1,,,7,7,1,12,4,120.624557,24.185148,3
7354,66000,387130000C,(04)23274275,(04)23288582,2025,11,19,11,53,臺中市,太平區,0,0,0,7,,,30,,,,,,,,,,,,,,,,,,,B03,,,1,,1,,,49,49,1,12,4,120.712394,24.130802,3
7355,66000,387130000C,(04)23274275,(04)23288582,2025,11,19,11,54,臺中市,霧峰區,0,2,0,6,3,6,50,4,1,1,5,4,6,6,4,4,10,5,5,2,16,2,7,1,1,F03,7,11,7,21,2,13,,26,26,1,13,4,120.698061,24.064452,2
7356,66000,387130000C,(04)23274275,(04)23288582,2025,11,19,11,55,臺中市,西區,0,1,0,7,3,6,50,13,9,1,5,4,6,6,4,4,5,4,5,2,16,2,9,2,1,C03,7,9,1,10,1,14,,84,84,1,12,4,120.667831,24.146621,2
7357,66000,387130000C,(04)23274275,(04)23288582,2025,11,19,11,58,臺中市,豐原區,0,0,0,7,,,60,,,,,,,,,,,,,,13,,,,,B03,,,1,,2,,,7,7,1,13,4,120.722498,24.236557,3
7358,66000,387130000C,(04)23274275,(04)23288582,2025,11,19,12,1,臺中市,大里區,0,2,0,7,2,6,50,3,1,1,5,4,6,6,4,4,10,5,5,2,15,2,9,1,1,C03,7,9,1,10,2,12,,12,12,1,12,4,120.69949,24.109999,2
7359,66000,387130000C,(04)23274275,(04)23288582,2025,11,19,12,2,臺中市,南區,0,0,0,7,,,50,,,,,,,,,,,,,,14,,,,,B03,,,1,,1,,,49,49,1,12,4,120.656037,24.1299,3
7360,66000,387130000C,(04)23274275,(04)23288582,2025,11,19,12,4,臺中市,大肚區,0,0,0,7,,,30,,,,,,,,,,,,,,,,,,,B12,,,1,,2,,,49,49,1,6,4,120.53292,24.173185,3
7361,66000,387130000C,(04)23274275,(04)23288582,2025,11,19,12,5,臺中市,大里區,0,0,0,6,,,50,,,,,,,,,,,,,,17,,,,,B12,,,1,,1,,,7,7,1,12,4,120.700284,24.11846,3
7362,66000,387130000C,(04)23274275,(04)23288582,2025,11,19,12,10,臺中市,大甲區,0,0,0,7,,,50,,,,,,,,,,,,,,,,,,,C03,,,3,,1,,,7,7,1,6,4,120.617501,24.346684,3
7363,66000,387130000C,(04)23274275,(04)23288582,2025,11,19,12,20,臺中市,大里區,0,0,0,6,2,6,50,4,1,1,5,4,6,6,1,1,1,2,1,1,12,,,,,A04,,,1,,2,,,8,8,1,6,4,120.688023,24.094488,4
7364,66000,387130000C,(04)23274275,(04)23288582,2025,11,19,12,22,臺中市,龍井區,0,1,0,7,2,6,30,4,1,1,5,4,6,6,4,4,10,5,5,2,17,3,10,1,1,C03,7,9,1,10,2,14,,12,12,1,6,4,120.58938,24.180919,2
7365,66000,387130000C,(04)23274275,(04)23288582,2025,11,19,12,24,臺中市,西屯區,0,0,0,7,,,50,,,,,,,,,,,,,,16,,,,,B03,,,1,,2,,,51,51,1,12,4,120.65678,24.163441,3
7366,66000,387130000C,(04)23274275,(04)23288582,2025,11,19,12,28,臺中市,南屯區,0,1,0,7,3,6,50,4,1,1,5,4,6,6,1,1,10,5,5,2,16,3,10,3,1,B03,7,5,1,8,2,2,,47,47,1,13,4,120.612647,24.138489,2
7367,66000,387130000C,(04)23274275,(04)23288582,2025,11,19,12,30,臺中市,南屯區,0,0,0,7,,,50,,,,,,,,,,,,,,,,,,,C03,,,1,,1,,,7,7,1,12,4,120.606646,24.136272,3
7368,66000,387130000C,(04)23274275,(04)23288582,2025,11,19,12,30,臺中市,后里區,0,1,0,7,2,6,50,13,12,1,5,4,6,6,4,4,5,4,4,1,16,3,10,3,1,B03,7,5,1,8,2,2,,20,20,1,12,4,120.710041,24.310786,2
7369,66000,387130000C,(04)23274275,(04)23288582,2025,11,19,12,38,臺中市,北區,0,2,0,7,2,6,50,4,1,1,5,4,6,6,4,4,10,5,5,2,15,2,9,5,4,C03,7,9,1,10,2,12,,12,12,1,13,4,120.695978,24.156712,2
7370,66000,387130000C,(04)23274275,(04)23288582,2025,11,19,12,40,臺中市,西屯區,0,0,0,7,,,50,,,,,,,,,,,,,,14,,,,,C03,,,1,,1,,,49,49,1,13,4,120.656623,24.161491,3
7371,66000,387130000C,(04)23274275,(04)23288582,2025,11,19,12,45,臺中市,太平區,0,2,0,7,2,6,30,11,9,1,5,4,6,6,4,4,10,5,5,2,11,2,9,2,1,C03,7,6,1,10,2,11,,58,58,1,13,4,120.731415,24.11252,2
7372,66000,387130000C,(04)23274275,(04)23288582,2025,11,19,12,45,臺中市,沙鹿區,0,0,0,7,2,6,60,13,7,1,5,4,6,6,4,4,1,3,4,2,12,,,,,A12,,,1,,2,,,40,40,1,12,4,120.574546,24.254186,3
7373,66000,387130000C,(04)23274275,(04)23288582,2025,11,19,12,48,臺中市,清水區,0,0,0,7,,,50,,,,,,,,,,,,,,,,,,,B03,,,1,,1,,,50,50,1,12,4,120.574222,24.272468,3
7374,66000,387130000C,(04)23274275,(04)23288582,2025,11,19,12,50,臺中市,西屯區,0,1,0,7,2,6,70,3,1,1,5,4,6,6,2,1,10,5,5,2,16,3,10,5,4,B03,7,5,1,8,2,2,,11,11,1,13,4,120.60281,24.182953,2
7375,66000,387130000C,(04)23274275,(04)23288582,2025,11,19,12,51,臺中市,北屯區,0,0,0,7,,,50,,,,,,,,,,,,,,16,,,,,B03,,,1,,2,,,84,84,1,13,4,120.707057,24.194113,3
7376,66000,387130000C,(04)23274275,(04)23288582,2025,11,19,12,51,臺中市,西屯區,0,0,0,7,,,50,,,,,,,,,,,,,,13,,,,,B03,,,1,,2,,,7,7,1,12,4,120.636245,24.158417,3
7377,66000,387130000C,(04)23274275,(04)23288582,2025,11,19,12,53,臺中市,龍井區,0,0,0,7,,,30,,,,,,,,,,,,,,17,,,,,B03,,,1,,1,,,8,8,1,6,4,120.591815,24.180018,3
7378,66000,387130000C,(04)23274275,(04)23288582,2025,11,19,12,58,臺中市,北區,0,1,0,7,3,6,50,18,24,1,5,4,6,6,2,1,10,5,5,2,9,3,10,5,4,B03,7,9,1,8,2,1,,10,10,1,13,4,120.686048,24.154717,2
7379,66000,387130000C,(04)23274275,(04)23288582,2025,11,19,12,58,臺中市,北區,0,1,0,7,2,6,50,4,19,1,5,4,6,6,1,1,10,5,5,2,3,3,10,5,4,C03,7,6,3,19,2,11,,10,10,1,13,4,120.685603,24.147678,2
7380,66000,387130000C,(04)23274275,(04)23288582,2025,11,19,12,58,臺中市,西屯區,0,1,0,7,2,6,50,4,2,1,5,4,6,6,2,1,1,5,4,2,12,3,10,5,4,B03,7,1,1,8,2,8,,51,51,1,13,4,120.648106,24.169955,2
7381,66000,387130000C,(04)23274275,(04)23288582,2025,11,19,13,0,臺中市,豐原區,0,0,0,7,,,50,,,,,,,,,,,,,,17,,,,,B03,,,1,,1,,,84,84,1,6,4,120.736145,24.25087,3
7382,66000,387130000C,(04)23274275,(04)23288582,2025,11,19,13,3,臺中市,北屯區,0,1,0,7,2,6,50,4,1,1,5,4,6,6,1,1,10,5,5,2,17,3,10,3,1,B03,7,5,1,7,2,6,,47,47,1,6,4,120.685577,24.174551,2
7383,66000,387130000C,(04)23274275,(04)23288582,2025,11,19,13,3,臺中市,大里區,0,0,0,7,,,40,,,,,,,,,,,,,,14,,,,,B03,,,1,,1,,,49,49,1,12,4,120.715912,24.099058,3
7384,66000,387130000C,(04)23274275,(04)23288582,2025,11,19,13,6,臺中市,豐原區,0,1,0,6,2,6,30,4,2,1,5,4,6,6,1,1,5,5,4,2,18,2,9,1,1,C03,7,12,1,10,2,12,,82,82,1,13,4,120.7281,24.252548,2
7385,66000,387130000C,(04)23274275,(04)23288582,2025,11,19,13,7,臺中市,西屯區,0,0,0,7,,,40,,,,,,,,,,,,,,13,,,,,B03,,,1,,1,,,59,59,1,12,4,120.638556,24.169353,3
7386,66000,387130000C,(04)23274275,(04)23288582,2025,11,19,13,7,臺中市,豐原區,0,1,0,7,2,6,50,13,7,1,5,4,6,6,4,4,5,4,4,2,17,3,10,5,4,B03,7,1,1,8,2,1,,51,51,1,12,4,120.726213,24.242561,2
7387,66000,387130000C,(04)23274275,(04)23288582,2025,11,19,13,8,臺中市,北區,0,0,0,7,,,40,,,,,,,,,,,,,,14,,,,,B03,,,1,,1,,,49,49,1,13,4,120.677503,24.153648,3
7388,66000,387130000C,(04)23274275,(04)23288582,2025,11,19,13,10,臺中市,北區,0,0,0,7,,,50,,,,,,,,,,,,,,17,,,,,B03,,,1,,1,,,7,7,1,13,4,120.675156,24.16698,3
7389,66000,387130000C,(04)23274275,(04)23288582,2025,11,19,13,18,臺中市,大安區,0,0,0,7,,,40,,,,,,,,,,,,,,,,,,,A12,,,1,,1,,,49,49,1,12,4,120.610177,24.380814,3
7390,66000,387130000C,(04)23274275,(04)23288582,2025,11,19,13,20,臺中市,北屯區,0,0,0,7,,,50,,,,,,,,,,,,,,13,,,,,B03,,,1,,1,,,84,84,1,12,4,120.732424,24.177087,3
7391,66000,387130000C,(04)23274275,(04)23288582,2025,11,19,13,20,臺中市,西屯區,0,0,0,7,,,70,,,,,,,,,,,,,,13,,,,,B03,,,1,,1,,,78,78,1,12,4,120.5884,24.185229,3
7392,66000,387130000C,(04)23274275,(04)23288582,2025,11,19,13,23,臺中市,西屯區,0,1,0,7,2,6,50,3,1,1,5,4,6,6,4,4,10,5,5,2,12,3,10,5,4,A11,7,9,1,3,2,8,,59,59,1,13,4,120.594902,24.185756,2
7393,66000,387130000C,(04)23274275,(04)23288582,2025,11,19,13,24,臺中市,西區,0,1,0,6,3,6,50,4,1,1,5,4,6,6,4,4,10,5,5,2,15,2,9,1,1,C03,7,9,1,10,2,12,,15,15,1,6,4,120.660184,24.155275,2
7394,66000,387130000C,(04)23274275,(04)23288582,2025,11,19,13,27,臺中市,龍井區,0,0,0,7,,,30,,,,,,,,,,,,,,25,,,,,B12,,,1,,2,,,8,8,1,6,4,120.584762,24.181335,3
7395,66000,387130000C,(04)23274275,(04)23288582,2025,11,19,13,30,臺中市,龍井區,0,2,0,7,2,6,30,4,1,1,5,4,6,6,4,4,10,5,5,2,15,2,9,1,1,C03,7,9,1,10,2,11,,6,6,1,6,4,120.590089,24.188942,2
7396,66000,387130000C,(04)23274275,(04)23288582,2025,11,19,13,34,臺中市,北屯區,0,0,0,6,,,40,,,,,,,,,,,,,,17,,,,,B03,,,3,,2,,,59,59,1,12,4,120.676038,24.19348,3
7397,66000,387130000C,(04)23274275,(04)23288582,2025,11,19,13,38,臺中市,太平區,0,0,0,7,,,50,,,,,,,,,,,,,,,,,,,B03,,,1,,1,,,7,7,1,12,4,120.708949,24.128218,3
7398,66000,387130000C,(04)23274275,(04)23288582,2025,11,19,13,41,臺中市,北屯區,0,0,0,7,,,50,,,,,,,,,,,,,,17,,,,,B03,,,1,,2,,,8,8,1,6,4,120.699089,24.182948,3
7399,66000,387130000C,(04)23274275,(04)23288582,2025,11,19,13,43,臺中市,北區,0,0,0,7,3,6,,18,24,1,5,4,6,6,4,4,10,5,5,2,17,,,,,,,,,,,,,119,119,1,,,120.672413,24.172801,3
7400,66000,387130000C,(04)23274275,(04)23288582,2025,11,19,13,48,臺中市,西屯區,0,0,0,6,,,50,,,,,,,,,,,,,,13,,,,,B02,,,1,,2,,,7,7,1,13,4,120.643907,24.195073,3
7401,66000,387130000C,(04)23274275,(04)23288582,2025,11,19,13,49,臺中市,西區,0,2,0,7,2,6,40,13,8,1,5,4,6,6,4,4,1,4,5,2,17,2,9,1,1,C03,7,9,1,10,2,11,,7,7,1,12,4,120.660833,24.156289,2
7402,66000,387130000C,(04)23274275,(04)23288582,2025,11,19,13,51,臺中市,西屯區,0,1,0,7,2,6,50,4,1,1,5,4,6,6,1,1,10,5,5,2,16,3,10,5,4,B03,7,5,1,8,2,5,,11,11,1,12,4,120.608097,24.158309,2
7403,66000,387130000C,(04)23274275,(04)23288582,2025,11,19,13,56,臺中市,烏日區,0,0,0,7,,,60,,,,,,,,,,,,,,17,,,,,B12,,,1,,2,,,8,8,1,6,4,120.647713,24.07688,3
7404,66000,387130000C,(04)23274275,(04)23288582,2025,11,19,13,59,臺中市,南區,0,0,0,7,,,50,,,,,,,,,,,,,,,,,,,B11,,,1,,2,,,84,84,1,12,4,120.654535,24.114934,3
7405,66000,387130000C,(04)23274275,(04)23288582,2025,11,19,14,0,臺中市,南區,0,1,0,7,3,6,50,13,9,1,5,4,6,6,4,4,1,5,5,2,12,3,10,3,1,B03,7,1,1,8,2,8,,51,51,1,6,4,120.654276,24.119281,2
7406,66000,387130000C,(04)23274275,(04)23288582,2025,11,19,14,5,臺中市,大雅區,0,0,0,7,,,30,,,,,,,,,,,,,,12,,,,,A12,,,1,,2,,,84,84,1,13,4,120.673798,24.21392,3
7407,66000,387130000C,(04)23274275,(04)23288582,2025,11,19,14,7,臺中市,清水區,0,0,1,7,3,6,30,11,9,1,5,4,6,6,4,4,10,5,5,2,27,5,1,5,4,C03,7,9,1,10,2,11,,87,87,1,12,4,120.57237,24.285212,2
7408,66000,387130000C,(04)23274275,(04)23288582,2025,11,19,14,11,臺中市,南屯區,0,0,0,7,,,40,,,,,,,,,,,,,,17,,,,,B03,,,1,,2,,,76,76,1,6,4,120.633911,24.159239,3
7409,66000,387130000C,(04)23274275,(04)23288582,2025,11,19,14,11,臺中市,北屯區,0,0,0,7,,,50,,,,,,,,,,,,,,17,,,,,C03,,,1,,1,,,51,51,1,13,4,120.721332,24.17593,3