序號,縣市別代碼,機關代碼,市話,傳真,年,月,日,時,分,縣市,區,死亡數量,受傷數量,2-30,天候,道路照明設備,道路類別,道路速限,道路型態,事故位置,路面鋪裝,路面狀態,路面缺陷,障礙物,視距,號誌種類,號誌動作,分向設施,快車道或一般車道間,快慢車道間,路面邊線,事故類型及型態,受傷程度,主要傷處,保護裝備,行動電話或功能裝置,當事者區分(類別),車輛用途,當事者行動狀態,駕照狀態,駕照種類,飲酒情形,車輛撞擊部位最初,車輛撞擊部位其他,肇事因素個別,肇事因素主要,肇事逃逸,職業,共享經濟或外送平台,GPS座標X,GPS座標Y,事故類別
7410,66000,387130000C,(04)23274275,(04)23288582,2025,11,19,14,17,臺中市,潭子區,0,0,0,7,,,50,,,,,,,,,,,,,,,,,,,A31,,,1,,2,,,40,40,1,13,4,120.702037,24.200944,3
7411,66000,387130000C,(04)23274275,(04)23288582,2025,11,19,14,25,臺中市,北屯區,0,0,0,7,,,50,,,,,,,,,,,,,,17,,,,,C03,,,1,,2,,,26,26,1,6,4,120.671456,24.17374,3
7412,66000,387130000C,(04)23274275,(04)23288582,2025,11,19,14,27,臺中市,沙鹿區,0,1,0,7,2,6,40,13,8,1,5,4,6,6,4,4,1,5,5,2,13,2,9,2,1,C03,7,9,1,10,2,11,,7,7,1,6,4,120.568511,24.237925,2
7413,66000,387130000C,(04)23274275,(04)23288582,2025,11,19,14,28,臺中市,中區,0,0,0,7,1,6,50,4,1,1,5,4,6,6,1,1,10,3,5,2,16,,,,,C03,,,1,,2,,,47,47,1,13,4,120.682299,24.137278,3
7414,66000,387130000C,(04)23274275,(04)23288582,2025,11,19,14,30,臺中市,烏日區,0,0,0,7,,,50,,,,,,,,,,,,,,12,,,,,B03,,,1,,1,,,56,56,1,12,4,120.614727,24.117925,3
7415,66000,387130000C,(04)23274275,(04)23288582,2025,11,19,14,35,臺中市,沙鹿區,0,0,0,7,,,50,,,,,,,,,,,,,,17,,,,,A11,,,1,,2,,,39,39,1,6,4,120.555309,24.224493,3
7416,66000,387130000C,(04)23274275,(04)23288582,2025,11,19,14,37,臺中市,西區,0,1,0,7,3,6,50,13,9,1,5,4,6,6,4,4,5,4,5,2,12,3,10,3,1,B03,7,14,1,8,2,2,,77,77,1,12,4,120.675568,24.133803,2
7417,66000,387130000C,(04)23274275,(04)23288582,2025,11,19,14,43,臺中市,東勢區,0,0,0,7,,,50,,,,,,,,,,,,,,,,,,,B12,,,1,,1,,,49,49,1,12,4,120.82583,24.260598,3
7418,66000,387130000C,(04)23274275,(04)23288582,2025,11,19,14,45,臺中市,北屯區,0,1,0,7,3,6,30,4,1,1,5,4,6,6,4,4,10,5,5,2,15,2,9,2,1,C03,7,9,1,10,2,11,,12,12,1,12,4,120.72032,24.176699,2
7419,66000,387130000C,(04)23274275,(04)23288582,2025,11,19,14,48,臺中市,西屯區,0,0,0,7,,,50,,,,,,,,,,,,,,13,,,,,B12,,,1,,2,,,7,7,1,12,4,120.63758,24.170457,3
7420,66000,387130000C,(04)23274275,(04)23288582,2025,11,19,14,52,臺中市,北屯區,0,1,0,7,1,6,50,3,2,1,5,4,6,6,4,4,5,4,5,2,17,3,10,3,1,B03,7,6,1,8,2,1,,13,13,1,13,4,120.688099,24.184246,2
7421,66000,387130000C,(04)23274275,(04)23288582,2025,11,19,14,53,臺中市,西區,0,2,0,7,3,6,30,4,1,1,5,4,6,6,4,4,10,5,5,2,15,2,9,1,1,C03,7,9,1,10,2,11,,12,12,1,6,4,120.660333,24.136921,2
7422,66000,387130000C,(04)23274275,(04)23288582,2025,11,19,14,53,臺中市,西屯區,0,0,0,7,,,50,,,,,,,,,,,,,,23,,,,,B03,,,1,,2,,,84,84,1,13,4,120.627079,24.181221,3
7423,66000,387130000C,(04)23274275,(04)23288582,2025,11,19,15,3,臺中市,西區,0,2,0,6,2,6,50,4,1,1,5,4,6,6,1,1,5,4,5,2,17,2,9,2,1,C03,7,9,1,10,2,12,,39,39,1,12,4,120.661694,24.147867,2
7424,66000,387130000C,(04)23274275,(04)23288582,2025,11,19,15,4,臺中市,霧峰區,0,1,0,6,2,6,40,3,1,1,5,4,6,6,4,4,10,5,5,1,17,2,9,1,1,C03,7,9,1,10,2,11,,7,7,1,13,4,120.697059,24.055355,2
7425,66000,387130000C,(04)23274275,(04)23288582,2025,11,19,15,8,臺中市,西區,0,0,0,7,,,50,,,,,,,,,,,,,,17,,,,,C03,,,1,,1,,,84,84,1,12,4,120.658318,24.158217,3
7426,66000,387130000C,(04)23274275,(04)23288582,2025,11,19,15,9,臺中市,梧棲區,0,0,0,7,,,50,,,,,,,,,,,,,,16,,,,,B03,,,1,,2,,,47,47,1,12,4,120.530903,24.253343,3
7427,66000,387130000C,(04)23274275,(04)23288582,2025,11,19,15,10,臺中市,北屯區,0,0,0,7,,3,50,,,,,,,,,,,,,,9,,,,,A04,,,1,,2,,,87,87,1,12,4,120.693347,24.163659,3
7428,66000,387130000C,(04)23274275,(04)23288582,2025,11,19,15,13,臺中市,沙鹿區,0,0,0,7,,,30,,,,,,,,,,,,,,14,,,,,B12,,,2,,2,,,49,49,1,12,4,120.560085,24.241841,3
7429,66000,387130000C,(04)23274275,(04)23288582,2025,11,19,15,17,臺中市,西屯區,0,0,0,7,,,50,,,,,,,,,,,,,,14,,,,,B03,,,1,,1,,,82,82,1,13,4,120.624989,24.182052,3
7430,66000,387130000C,(04)23274275,(04)23288582,2025,11,19,15,20,臺中市,北區,0,1,0,7,3,6,50,13,9,1,5,4,6,6,4,4,1,4,5,2,13,3,10,3,1,B01,7,9,1,4,2,1,,7,7,1,12,4,120.673469,24.166587,2
7431,66000,387130000C,(04)23274275,(04)23288582,2025,11,19,15,35,臺中市,東區,0,0,0,7,,,50,,,,,,,,,,,,,,,,,,,B12,,,1,,1,,,84,84,1,12,4,120.686743,24.140164,3
7432,66000,387130000C,(04)23274275,(04)23288582,2025,11,19,15,40,臺中市,南屯區,0,0,0,7,,,50,,,,,,,,,,,,,,17,,,,,B03,,,1,,9,,,84,84,1,13,4,120.63772,24.132491,3
7433,66000,387130000C,(04)23274275,(04)23288582,2025,11,19,15,41,臺中市,沙鹿區,0,0,0,7,,,50,,,,,,,,,,,,,,14,,,,,C03,,,1,,1,,,49,49,1,6,4,120.560558,24.243052,3
7434,66000,387130000C,(04)23274275,(04)23288582,2025,11,19,15,51,臺中市,太平區,0,0,0,7,,,50,,,,,,,,,,,,,,16,,,,,C03,,,1,,9,,,84,84,2,12,4,120.71126,24.139861,3
7435,66000,387130000C,(04)23274275,(04)23288582,2025,11,19,15,51,臺中市,烏日區,0,1,0,7,3,6,60,4,2,1,5,4,6,6,1,1,1,4,1,1,30,2,9,2,1,C03,7,6,1,10,9,12,,84,84,1,6,4,120.589514,24.113651,2
7436,66000,387130000C,(04)23274275,(04)23288582,2025,11,19,15,53,臺中市,南屯區,0,1,0,7,2,6,50,13,8,1,5,4,6,6,4,4,1,4,4,2,17,3,10,3,1,B03,7,1,1,8,2,4,,51,51,1,12,4,120.636058,24.15141,2
7437,66000,387130000C,(04)23274275,(04)23288582,2025,11,19,15,56,臺中市,西屯區,0,1,0,7,2,6,35,11,9,1,5,4,6,6,4,4,10,5,5,1,19,2,9,2,1,C03,7,9,1,10,2,11,,59,59,1,12,4,120.628432,24.176424,2
7438,66000,387130000C,(04)23274275,(04)23288582,2025,11,19,16,1,臺中市,沙鹿區,0,2,0,6,2,6,30,4,1,1,5,4,6,6,4,4,5,5,5,2,15,2,9,1,1,C03,7,9,3,19,2,11,12,12,12,1,12,4,120.605907,24.244276,2
7439,66000,387130000C,(04)23274275,(04)23288582,2025,11,19,16,1,臺中市,石岡區,0,1,0,7,3,6,70,13,24,1,5,4,6,6,1,1,3,4,3,1,16,3,10,5,4,A12,1,5,1,7,2,6,,84,84,1,12,4,120.782589,24.274514,2
7440,66000,387130000C,(04)23274275,(04)23288582,2025,11,19,16,2,臺中市,潭子區,0,1,0,7,3,6,50,5,2,1,5,4,6,6,1,1,1,4,4,1,17,2,8,2,1,C03,7,9,1,10,2,14,,7,7,1,13,4,120.702994,24.200645,2
7441,66000,387130000C,(04)23274275,(04)23288582,2025,11,19,16,7,臺中市,北屯區,0,2,0,7,3,6,50,3,1,1,5,4,6,6,4,4,1,5,5,2,17,3,10,3,1,B03,7,15,1,8,2,4,,76,76,1,6,4,120.664674,24.184404,2
7442,66000,387130000C,(04)23274275,(04)23288582,2025,11,19,16,8,臺中市,西屯區,0,1,0,7,2,6,50,4,1,1,5,4,6,6,3,1,1,4,5,1,15,2,9,5,4,C04,7,9,1,10,1,11,,20,20,1,13,4,120.643661,24.192041,2
7443,66000,387130000C,(04)23274275,(04)23288582,2025,11,19,16,9,臺中市,霧峰區,0,1,0,7,2,6,50,3,2,1,5,4,6,6,1,1,9,4,4,1,17,3,10,2,1,C03,7,6,1,10,1,14,,48,48,1,13,4,120.696585,24.054649,2
7444,66000,387130000C,(04)23274275,(04)23288582,2025,11,19,16,15,臺中市,西區,0,0,0,7,1,6,50,3,1,1,5,4,6,6,1,1,5,4,5,2,13,,,,,B03,,,1,,2,,,59,59,1,13,4,120.67434,24.137314,3
7445,66000,387130000C,(04)23274275,(04)23288582,2025,11,19,16,16,臺中市,潭子區,0,0,0,7,,,60,,,,,,,,,,,,,,,,,,,C03,,,1,,2,,,7,7,1,12,4,120.705749,24.218166,3
7446,66000,387130000C,(04)23274275,(04)23288582,2025,11,19,16,19,臺中市,西區,0,1,0,7,3,6,50,4,1,1,5,4,6,6,1,1,10,5,5,2,12,2,8,1,1,C03,7,9,1,10,2,11,,87,87,1,6,4,120.659687,24.157317,2
7447,66000,387130000C,(04)23274275,(04)23288582,2025,11,19,16,19,臺中市,西屯區,0,1,0,7,2,6,50,13,9,1,5,4,6,6,4,4,1,4,5,2,12,3,10,5,4,B03,7,1,1,8,2,8,,51,51,1,13,4,120.643972,24.163464,2
7448,66000,387130000C,(04)23274275,(04)23288582,2025,11,19,16,24,臺中市,南區,0,0,0,7,,,50,,,,,,,,,,,,,,11,,,,,B03,,,1,,1,,,48,48,1,12,4,120.662432,24.124235,3
7449,66000,387130000C,(04)23274275,(04)23288582,2025,11,19,16,27,臺中市,北屯區,0,1,0,7,1,6,50,3,2,1,5,4,6,6,4,4,5,4,5,2,12,3,10,3,1,B03,7,5,1,8,1,2,,84,84,1,13,4,120.687797,24.181542,2
7450,66000,387130000C,(04)23274275,(04)23288582,2025,11,19,16,31,臺中市,沙鹿區,0,0,0,7,,,50,,,,,,,,,,,,,,13,,,,,B03,,,1,,2,,,59,59,1,6,4,120.570543,24.214024,3
7451,66000,387130000C,(04)23274275,(04)23288582,2025,11,19,16,32,臺中市,西屯區,0,0,0,7,,,50,,,,,,,,,,,,,,14,,,,,B03,,,1,,1,,,49,49,1,12,4,120.649424,24.162692,3
7452,66000,387130000C,(04)23274275,(04)23288582,2025,11,19,16,33,臺中市,西屯區,0,2,0,7,2,6,50,13,7,1,5,4,6,6,4,4,5,5,5,2,16,2,3,2,1,C03,7,15,1,10,2,14,,39,39,1,12,4,120.656666,24.160669,2
7453,66000,387130000C,(04)23274275,(04)23288582,2025,11,19,16,33,臺中市,太平區,0,1,0,6,2,6,50,4,1,1,5,4,6,6,4,4,10,5,5,2,16,3,10,1,1,C03,7,6,1,10,2,11,,14,14,1,12,4,120.716538,24.132391,2
7454,66000,387130000C,(04)23274275,(04)23288582,2025,11,19,16,35,臺中市,北區,0,0,0,7,,,50,,,,,,,,,,,,,,17,,,,,B03,,,1,,2,,,8,8,1,13,4,120.671862,24.170658,3
7455,66000,387130000C,(04)23274275,(04)23288582,2025,11,19,16,35,臺中市,太平區,0,1,0,7,2,6,50,8,9,1,5,4,6,6,4,4,5,4,5,2,16,3,10,2,1,C03,7,7,1,10,2,12,,42,42,1,13,4,120.70638,24.12954,2
7456,66000,387130000C,(04)23274275,(04)23288582,2025,11,19,16,38,臺中市,豐原區,0,1,0,6,2,6,30,13,9,1,5,4,6,6,4,4,10,5,5,2,12,2,7,3,1,B03,7,9,1,8,2,2,,56,56,1,12,4,120.720055,24.247663,2
7457,66000,387130000C,(04)23274275,(04)23288582,2025,11,19,16,40,臺中市,北屯區,0,1,0,7,3,6,50,4,1,1,5,4,6,6,2,1,10,5,5,2,17,3,10,2,1,C03,7,9,1,10,2,11,,84,84,1,6,4,120.69504,24.177648,2
7458,66000,387130000C,(04)23274275,(04)23288582,2025,11,19,16,45,臺中市,烏日區,0,0,0,7,,,30,,,,,,,,,,,,,,14,,,,,B12,,,1,,1,,,49,49,1,13,4,120.640536,24.058217,3
7459,66000,387130000C,(04)23274275,(04)23288582,2025,11,19,16,47,臺中市,北區,0,2,0,7,2,6,50,3,2,1,5,4,6,6,4,4,10,5,5,2,11,2,9,2,1,C03,7,6,1,10,2,11,,14,14,1,13,4,120.67473,24.159369,2
7460,66000,387130000C,(04)23274275,(04)23288582,2025,11,19,16,47,臺中市,南屯區,0,0,0,7,3,6,50,13,9,1,5,4,6,6,1,1,3,4,5,2,13,,,,,B03,,,1,,1,,,7,7,1,12,4,120.638728,24.14222,3
7461,66000,387130000C,(04)23274275,(04)23288582,2025,11,19,16,49,臺中市,南屯區,0,0,0,7,,,40,,,,,,,,,,,,,,,,,,,C03,,,1,,1,,,84,84,1,13,4,120.637558,24.138731,3
7462,66000,387130000C,(04)23274275,(04)23288582,2025,11,19,16,50,臺中市,西屯區,0,2,0,7,2,6,30,4,1,1,5,4,6,6,4,4,10,5,5,2,15,2,9,5,4,C03,7,9,1,10,2,11,,15,15,1,12,4,120.617143,24.189116,2
7463,66000,387130000C,(04)23274275,(04)23288582,2025,11,19,16,50,臺中市,大里區,0,1,0,7,3,6,60,13,7,1,5,4,6,6,4,4,1,4,4,2,13,2,8,1,1,C03,7,9,1,10,2,11,,84,84,1,13,4,120.663592,24.107909,2
7464,66000,387130000C,(04)23274275,(04)23288582,2025,11,19,16,53,臺中市,豐原區,0,0,0,7,,,50,,,,,,,,,,,,,,,,,,,B03,,,1,,2,,,58,58,1,13,4,120.750398,24.268972,3
7465,66000,387130000C,(04)23274275,(04)23288582,2025,11,19,16,55,臺中市,東勢區,0,0,0,7,,,50,,,,,,,,,,,,,,,,,,,B02,,,1,,2,,,11,11,1,12,4,120.829626,24.253667,3
7466,66000,387130000C,(04)23274275,(04)23288582,2025,11,19,16,56,臺中市,北區,0,1,0,7,3,6,50,3,2,1,5,4,6,6,4,4,7,5,5,2,17,3,10,3,1,B03,7,2,1,8,2,6,,49,49,1,12,4,120.676602,24.160668,2
7467,66000,387130000C,(04)23274275,(04)23288582,2025,11,19,16,56,臺中市,大里區,0,2,0,7,2,6,50,3,9,1,5,4,6,6,4,4,10,4,5,2,17,3,10,2,1,C03,7,1,1,10,2,16,,51,51,1,12,4,120.688183,24.104842,2
7468,66000,387130000C,(04)23274275,(04)23288582,2025,11,19,17,0,臺中市,南屯區,0,0,0,7,,,50,,,,,,,,,,,,,,13,,,,,C03,,,1,,2,,,7,7,1,12,4,120.64844,24.12321,3
7469,66000,387130000C,(04)23274275,(04)23288582,2025,11,19,17,2,臺中市,烏日區,0,1,0,7,1,3,80,13,7,1,5,4,6,6,4,4,1,4,1,1,13,3,10,3,1,B03,7,9,1,8,2,1,,7,7,1,6,4,120.610521,24.099393,2
7470,66000,387130000C,(04)23274275,(04)23288582,2025,11,19,17,4,臺中市,南區,0,0,0,7,,,50,,,,,,,,,,,,,,12,,,,,B12,,,1,,1,,,84,84,1,13,4,120.682506,24.13406,3
7471,66000,387130000C,(04)23274275,(04)23288582,2025,11,19,17,4,臺中市,霧峰區,0,0,0,7,,,50,,,,,,,,,,,,,,9,,,,,B03,,,1,,2,,,20,20,1,13,4,120.697708,24.058459,3
7472,66000,387130000C,(04)23274275,(04)23288582,2025,11,19,17,5,臺中市,北區,0,2,0,7,2,6,50,4,2,1,5,4,6,6,2,1,10,5,5,2,9,3,10,3,1,A04,7,6,1,2,2,16,,87,87,1,13,4,120.68396,24.146313,2
7473,66000,387130000C,(04)23274275,(04)23288582,2025,11,19,17,5,臺中市,大里區,0,0,0,6,,,60,,,,,,,,,,,,,,17,,,,,B11,,,1,,2,,,14,14,1,13,4,120.688774,24.080498,3
7474,66000,387130000C,(04)23274275,(04)23288582,2025,11,19,17,6,臺中市,西區,0,2,0,7,1,6,50,13,9,1,5,4,6,6,4,4,5,4,5,2,13,2,9,5,4,C03,7,9,1,10,2,11,,7,7,1,12,4,120.655606,24.150652,2
7475,66000,387130000C,(04)23274275,(04)23288582,2025,11,19,17,6,臺中市,龍井區,0,0,0,7,,,50,,,,,,,,,,,,,,,,,,,B12,,,1,,1,,,8,8,1,6,4,120.526037,24.215203,3
7476,66000,387130000C,(04)23274275,(04)23288582,2025,11,19,17,8,臺中市,北屯區,0,0,0,7,,,50,,,,,,,,,,,,,,12,,,,,B12,,,1,,1,,,65,65,1,6,4,120.68668,24.188444,3
7477,66000,387130000C,(04)23274275,(04)23288582,2025,11,19,17,9,臺中市,北屯區,0,1,0,7,1,6,50,13,9,1,5,4,6,6,4,4,7,4,4,2,18,2,9,1,1,C03,7,9,1,10,2,11,,87,87,1,13,4,120.675954,24.198841,2
7478,66000,387130000C,(04)23274275,(04)23288582,2025,11,19,17,10,臺中市,北屯區,0,0,0,7,,,50,,,,,,,,,,,,,,2,,,,,C03,,,1,,1,,,84,84,1,8,4,120.693528,24.163579,4
7479,66000,387130000C,(04)23274275,(04)23288582,2025,11,19,17,12,臺中市,南區,0,1,0,7,1,6,40,13,7,1,5,4,6,5,4,4,5,5,4,2,17,2,9,5,4,C03,7,8,1,10,2,14,,40,40,1,13,4,120.675184,24.125242,2
7480,66000,387130000C,(04)23274275,(04)23288582,2025,11,19,17,13,臺中市,南屯區,0,0,0,7,,,50,,,,,,,,,,,,,,13,,,,,B03,,,1,,1,,,56,56,1,13,4,120.649731,24.14509,3
7481,66000,387130000C,(04)23274275,(04)23288582,2025,11,19,17,13,臺中市,大里區,0,0,0,6,,,50,,,,,,,,,,,,,,17,,,,,B02,,,1,,2,,,7,7,1,12,4,120.691171,24.100907,3
7482,66000,387130000C,(04)23274275,(04)23288582,2025,11,19,17,14,臺中市,北區,0,0,0,7,,,50,,,,,,,,,,,,,,17,,,,,B12,,,1,,1,,,49,49,1,12,4,120.667709,24.162636,3
7483,66000,387130000C,(04)23274275,(04)23288582,2025,11,19,17,15,臺中市,大雅區,0,0,0,7,,,50,,,,,,,,,,,,,,,,,,,C03,,,1,,1,,,1,1,1,13,4,120.646429,24.226806,3
7484,66000,387130000C,(04)23274275,(04)23288582,2025,11,19,17,15,臺中市,太平區,0,1,0,7,2,6,50,4,1,1,5,4,6,6,2,1,10,5,5,2,12,2,8,2,1,C03,7,9,1,10,1,12,,7,7,1,12,4,120.710021,24.134954,2
7485,66000,387130000C,(04)23274275,(04)23288582,2025,11,19,17,16,臺中市,西屯區,0,1,0,7,1,6,40,13,8,1,5,4,6,6,4,4,1,4,1,1,13,3,10,2,1,C03,7,9,1,10,9,11,,59,59,1,12,4,120.644759,24.165073,2
7486,66000,387130000C,(04)23274275,(04)23288582,2025,11,19,17,16,臺中市,太平區,0,2,0,7,1,6,50,4,1,1,5,4,6,6,1,1,10,5,5,2,12,3,10,2,1,C03,7,9,1,10,2,11,,1,1,1,13,4,120.703112,24.153455,2
7487,66000,387130000C,(04)23274275,(04)23288582,2025,11,19,17,17,臺中市,太平區,0,3,0,7,1,6,50,4,4,1,5,4,6,6,1,1,5,5,5,1,13,2,8,2,1,C03,7,9,1,10,2,11,,7,7,1,6,4,120.716869,24.131566,2
7488,66000,387130000C,(04)23274275,(04)23288582,2025,11,19,17,18,臺中市,大雅區,0,1,0,7,3,9,50,3,2,1,5,4,6,6,4,4,5,2,5,1,17,2,9,1,1,C03,7,5,1,10,8,14,,47,47,1,12,4,120.648418,24.226241,2
7489,66000,387130000C,(04)23274275,(04)23288582,2025,11,19,17,18,臺中市,東區,0,1,0,7,1,6,50,4,2,1,5,4,6,6,2,1,3,4,4,2,18,2,9,2,1,C03,7,9,1,10,2,14,,84,84,1,12,4,120.691952,24.132488,2
7490,66000,387130000C,(04)23274275,(04)23288582,2025,11,19,17,18,臺中市,西屯區,0,0,0,7,,,50,,,,,,,,,,,,,,17,,,,,B03,,,1,,2,,,50,50,1,12,4,120.598139,24.190297,3
7491,66000,387130000C,(04)23274275,(04)23288582,2025,11,19,17,18,臺中市,西屯區,0,0,0,7,,,40,,,,,,,,,,,,,,13,,,,,C03,,,1,,1,,,7,7,1,13,4,120.644526,24.164305,3
7492,66000,387130000C,(04)23274275,(04)23288582,2025,11,19,17,20,臺中市,太平區,0,0,0,7,,3,80,,,,,,,,,,,,,,13,,,,,B03,,,1,,2,,,84,84,1,13,4,120.714097,24.14843,3
7493,66000,387130000C,(04)23274275,(04)23288582,2025,11,19,17,21,臺中市,西屯區,0,1,0,7,1,6,50,4,1,1,5,4,6,6,2,1,1,3,1,2,16,3,10,5,4,B02,7,6,1,8,2,8,,11,11,1,13,4,120.61978,24.180941,2
7494,66000,387130000C,(04)23274275,(04)23288582,2025,11,19,17,23,臺中市,東區,0,0,0,7,,,50,,,,,,,,,,,,,,16,,,,,B03,,,1,,1,,,47,47,1,6,4,120.687858,24.13653,3
7495,66000,387130000C,(04)23274275,(04)23288582,2025,11,19,17,28,臺中市,南區,0,2,0,7,1,6,50,3,1,1,5,4,6,6,4,4,5,5,5,2,16,2,9,2,1,C03,7,6,1,10,2,11,,14,14,1,13,4,120.663848,24.115298,2
7496,66000,387130000C,(04)23274275,(04)23288582,2025,11,19,17,28,臺中市,大甲區,0,0,0,7,,,50,,,,,,,,,,,,,,,,,,,B03,,,1,,1,,,49,49,1,6,4,120.6414,24.403068,3
7497,66000,387130000C,(04)23274275,(04)23288582,2025,11,19,17,28,臺中市,大甲區,0,1,0,7,1,6,50,13,24,1,5,4,6,6,4,4,5,5,5,1,30,2,9,5,4,C03,7,15,1,10,2,11,,84,84,1,6,4,120.624252,24.346163,2
7498,66000,387130000C,(04)23274275,(04)23288582,2025,11,19,17,29,臺中市,神岡區,0,1,0,7,2,6,50,13,9,1,5,4,6,6,4,4,9,4,4,2,13,2,9,5,4,F03,7,9,7,21,2,11,,59,59,1,13,4,120.656692,24.263206,2
7499,66000,387130000C,(04)23274275,(04)23288582,2025,11,19,17,30,臺中市,南屯區,0,0,0,7,,,50,,,,,,,,,,,,,,16,,,,,B03,,,1,,2,,,85,85,1,12,4,120.611999,24.140269,3
7500,66000,387130000C,(04)23274275,(04)23288582,2025,11,19,17,30,臺中市,南屯區,0,1,0,7,1,6,40,13,8,1,5,4,6,6,4,4,9,5,4,2,13,3,10,2,1,C03,7,9,1,10,2,11,,7,7,1,13,4,120.637032,24.13234,2
7501,66000,387130000C,(04)23274275,(04)23288582,2025,11,19,17,30,臺中市,大里區,0,0,0,7,,,50,,,,,,,,,,,,,,,,,,,C03,,,1,,1,,,7,7,1,12,4,120.68042,24.107672,3
7502,66000,387130000C,(04)23274275,(04)23288582,2025,11,19,17,30,臺中市,大里區,0,2,0,6,1,6,50,5,1,1,5,4,6,6,1,1,10,5,5,2,17,2,9,1,1,C03,7,6,1,10,2,12,,84,84,1,6,4,120.7009,24.102819,2
7503,66000,387130000C,(04)23274275,(04)23288582,2025,11,19,17,32,臺中市,西屯區,0,0,0,7,,3,80,,,,,,,,,,,,,,13,,,,,B03,,,1,,1,,,7,7,1,12,4,120.635732,24.182635,3
7504,66000,387130000C,(04)23274275,(04)23288582,2025,11,19,17,33,臺中市,霧峰區,0,0,0,7,,,40,,,,,,,,,,,,,,12,,,,,B03,,,1,,1,,,7,7,1,13,4,120.662491,24.068735,3
7505,66000,387130000C,(04)23274275,(04)23288582,2025,11,19,17,35,臺中市,大雅區,0,2,0,7,2,6,50,5,2,1,5,4,6,6,2,1,5,5,5,1,13,2,9,2,1,C03,7,9,1,10,2,11,,7,7,1,13,4,120.667568,24.215437,2
7506,66000,387130000C,(04)23274275,(04)23288582,2025,11,19,17,35,臺中市,東區,0,2,0,7,1,6,50,3,2,1,5,4,6,6,4,4,10,5,5,2,17,3,10,5,4,B03,7,5,1,8,2,2,,14,14,1,13,4,120.693364,24.151681,2
7507,66000,387130000C,(04)23274275,(04)23288582,2025,11,19,17,35,臺中市,南屯區,0,0,0,7,,3,50,,,,,,,,,,,,,,,,,,,B03,,,1,,1,,,7,7,1,12,4,120.620528,24.132115,3
7508,66000,387130000C,(04)23274275,(04)23288582,2025,11,19,17,35,臺中市,南屯區,0,2,0,7,1,6,50,4,2,1,5,4,6,6,1,1,5,4,5,2,12,3,10,3,1,B03,7,4,3,19,9,6,,8,8,1,12,4,120.649899,24.140015,2
7509,66000,387130000C,(04)23274275,(04)23288582,2025,11,19,17,36,臺中市,西區,0,0,0,7,1,6,50,5,1,1,5,4,6,6,1,1,5,4,5,2,12,,,,,C03,,,3,,2,,,42,42,1,13,4,120.662547,24.163551,3
7510,66000,387130000C,(04)23274275,(04)23288582,2025,11,19,17,36,臺中市,霧峰區,0,1,0,7,1,6,60,4,1,1,5,4,6,6,1,1,1,4,4,1,3,3,10,3,1,B03,7,9,1,8,2,4,,87,87,1,13,4,120.691938,24.041165,2
7511,66000,387130000C,(04)23274275,(04)23288582,2025,11,19,17,38,臺中市,神岡區,0,1,0,7,1,6,50,13,9,1,5,4,6,6,4,4,5,5,5,1,13,3,10,5,4,B03,7,9,1,8,5,1,,7,7,1,12,4,120.652857,24.280796,2
7512,66000,387130000C,(04)23274275,(04)23288582,2025,11,19,17,40,臺中市,西屯區,0,1,0,7,1,6,40,4,1,1,5,4,6,6,1,1,1,4,1,1,17,2,9,5,4,C03,7,9,1,10,2,14,,42,42,1,13,4,120.643561,24.166169,2
7513,66000,387130000C,(04)23274275,(04)23288582,2025,11,19,17,41,臺中市,龍井區,0,0,0,7,1,6,60,4,1,1,5,4,6,6,2,1,3,4,3,2,12,,,,,B03,,,1,,1,,,40,40,1,6,4,120.581533,24.176285,3
7514,66000,387130000C,(04)23274275,(04)23288582,2025,11,19,17,43,臺中市,南區,0,1,0,7,2,6,50,4,1,1,5,4,6,6,2,1,10,5,5,2,17,2,8,2,1,C03,7,9,1,10,2,14,,84,84,1,12,4,120.650205,24.115866,2
7515,66000,387130000C,(04)23274275,(04)23288582,2025,11,19,17,44,臺中市,清水區,0,0,0,7,,,50,,,,,,,,,,,,,,,,,,,B03,,,1,,2,,,50,50,1,12,4,120.572531,24.264605,3
7516,66000,387130000C,(04)23274275,(04)23288582,2025,11,19,17,45,臺中市,西屯區,0,0,0,7,,,40,,,,,,,,,,,,,,12,,,,,C02,,,1,,1,,,59,59,1,12,4,120.616667,24.182579,3
7517,66000,387130000C,(04)23274275,(04)23288582,2025,11,19,17,45,臺中市,霧峰區,0,0,0,6,,,50,,,,,,,,,,,,,,17,,,,,B03,,,1,,2,,,7,7,1,13,4,120.699112,24.078205,3
7518,66000,387130000C,(04)23274275,(04)23288582,2025,11,19,17,49,臺中市,石岡區,0,0,0,7,,,70,,,,,,,,,,,,,,,,,,,B03,,,1,,1,,,56,56,1,12,4,120.799729,24.269493,3
7519,66000,387130000C,(04)23274275,(04)23288582,2025,11,19,17,51,臺中市,大里區,0,0,0,6,,,50,,,,,,,,,,,,,,17,,,,,B02,,,1,,2,,,7,7,1,12,4,120.672531,24.101863,3
7520,66000,387130000C,(04)23274275,(04)23288582,2025,11,19,17,51,臺中市,后里區,0,1,0,6,2,6,50,4,19,1,5,4,6,6,1,1,3,4,4,1,3,3,10,3,1,B03,7,6,1,8,2,1,,10,10,1,6,4,120.720348,24.32215,2
7521,66000,387130000C,(04)23274275,(04)23288582,2025,11,19,17,52,臺中市,南屯區,0,0,0,7,,,60,,,,,,,,,,,,,,13,,,,,B03,,,1,,1,,,59,59,1,13,4,120.603989,24.151999,3