序號,縣市別代碼,機關代碼,市話,傳真,年,月,日,時,分,縣市,區,死亡數量,受傷數量,2-30,天候,道路照明設備,道路類別,道路速限,道路型態,事故位置,路面鋪裝,路面狀態,路面缺陷,障礙物,視距,號誌種類,號誌動作,分向設施,快車道或一般車道間,快慢車道間,路面邊線,事故類型及型態,受傷程度,主要傷處,保護裝備,行動電話或功能裝置,當事者區分(類別),車輛用途,當事者行動狀態,駕照狀態,駕照種類,飲酒情形,車輛撞擊部位最初,車輛撞擊部位其他,肇事因素個別,肇事因素主要,肇事逃逸,職業,共享經濟或外送平台,GPS座標X,GPS座標Y,事故類別
7522,66000,387130000C,(04)23274275,(04)23288582,2025,11,19,17,52,臺中市,南屯區,0,2,0,7,1,6,40,13,8,1,5,4,6,6,4,4,1,4,1,2,12,2,9,2,1,C03,7,7,1,10,2,12,,85,85,1,13,4,120.594433,24.157213,2
7523,66000,387130000C,(04)23274275,(04)23288582,2025,11,19,17,53,臺中市,南屯區,0,0,0,7,,,50,,,,,,,,,,,,,,13,,,,,C03,,,1,,1,,,7,7,1,13,4,120.653665,24.155847,3
7524,66000,387130000C,(04)23274275,(04)23288582,2025,11,19,17,56,臺中市,東區,0,0,0,7,,,50,,,,,,,,,,,,,,13,,,,,C03,,,1,,2,,,7,7,1,12,4,120.696342,24.147916,3
7525,66000,387130000C,(04)23274275,(04)23288582,2025,11,19,17,56,臺中市,霧峰區,0,0,0,7,,,50,,,,,,,,,,,,,,16,,,,,B03,,,1,,2,,,14,14,1,13,4,120.692235,24.072056,3
7526,66000,387130000C,(04)23274275,(04)23288582,2025,11,19,17,57,臺中市,西屯區,0,1,0,7,1,6,30,3,1,1,5,4,6,6,4,4,10,5,5,2,16,2,9,2,1,C03,7,6,1,10,2,13,,48,48,1,12,4,120.628503,24.172937,2
7527,66000,387130000C,(04)23274275,(04)23288582,2025,11,19,18,0,臺中市,西區,0,0,0,7,,,50,,,,,,,,,,,,,,12,,,,,B03,,,1,,1,,,40,40,1,12,4,120.673885,24.134894,3
7528,66000,387130000C,(04)23274275,(04)23288582,2025,11,19,18,2,臺中市,北區,0,0,0,7,,,50,,,,,,,,,,,,,,,,,,,B01,,,1,,1,,,61,61,1,12,4,120.669955,24.159235,3
7529,66000,387130000C,(04)23274275,(04)23288582,2025,11,19,18,2,臺中市,北屯區,0,0,0,7,1,6,50,13,9,1,5,4,6,6,4,4,5,4,5,2,17,3,10,3,1,B03,7,15,1,8,2,4,,76,76,1,12,4,120.684108,24.174662,3
7530,66000,387130000C,(04)23274275,(04)23288582,2025,11,19,18,5,臺中市,北屯區,0,0,0,7,,,30,,,,,,,,,,,,,,13,,,,,C03,,,1,,1,,,7,7,1,6,4,120.713492,24.18078,4
7531,66000,387130000C,(04)23274275,(04)23288582,2025,11,19,18,7,臺中市,北屯區,0,1,0,7,1,6,50,4,1,1,5,4,6,6,1,1,10,5,5,2,16,3,10,1,1,C03,7,6,1,10,2,12,,11,11,1,6,4,120.733503,24.160481,2
7532,66000,387130000C,(04)23274275,(04)23288582,2025,11,19,18,7,臺中市,北屯區,0,0,0,7,,,50,,,,,,,,,,,,,,,,,,,B03,,,1,,1,,,7,7,1,13,4,120.710695,24.1824,3
7533,66000,387130000C,(04)23274275,(04)23288582,2025,11,19,18,8,臺中市,西屯區,0,0,0,7,,,50,,,,,,,,,,,,,,12,,,,,B03,,,1,,1,,,51,51,1,13,4,120.641943,24.173504,3
7534,66000,387130000C,(04)23274275,(04)23288582,2025,11,19,18,9,臺中市,南屯區,0,1,0,7,1,6,50,13,7,1,5,4,6,6,4,4,9,4,4,2,17,3,10,3,1,B03,7,11,1,8,2,5,,45,45,1,12,4,120.620752,24.130469,2
7535,66000,387130000C,(04)23274275,(04)23288582,2025,11,19,18,11,臺中市,西屯區,0,1,0,7,3,6,50,4,1,1,5,4,6,6,4,4,10,5,5,2,13,2,7,1,1,C03,7,9,1,10,2,11,,7,7,1,12,4,120.655091,24.170364,2
7536,66000,387130000C,(04)23274275,(04)23288582,2025,11,19,18,11,臺中市,新社區,0,1,0,7,1,6,30,13,9,1,5,4,6,6,4,4,10,5,5,2,17,2,9,1,4,C03,7,9,1,10,2,11,,84,84,1,12,4,120.795222,24.232615,2
7537,66000,387130000C,(04)23274275,(04)23288582,2025,11,19,18,11,臺中市,豐原區,0,2,0,7,1,6,50,13,9,1,5,4,6,6,4,4,1,4,5,1,17,2,8,1,1,C03,7,1,1,10,2,16,,51,51,1,12,4,120.727518,24.249607,2
7538,66000,387130000C,(04)23274275,(04)23288582,2025,11,19,18,12,臺中市,豐原區,0,0,0,7,,,50,,,,,,,,,,,,,,12,,,,,B03,,,1,,1,,,35,35,1,13,4,120.705862,24.249837,3
7539,66000,387130000C,(04)23274275,(04)23288582,2025,11,19,18,13,臺中市,烏日區,0,1,0,7,1,6,50,5,19,1,5,4,6,6,2,1,1,4,4,1,3,3,10,3,1,B03,7,5,1,8,2,5,,10,10,1,10,4,120.600401,24.110822,2
7540,66000,387130000C,(04)23274275,(04)23288582,2025,11,19,18,14,臺中市,西屯區,0,0,0,7,,,50,,,,,,,,,,,,,,12,,,,,B03,,,1,,1,,,8,8,1,12,4,120.622897,24.176307,3
7541,66000,387130000C,(04)23274275,(04)23288582,2025,11,19,18,15,臺中市,大安區,0,0,0,7,,,50,,,,,,,,,,,,,,,,,,,B03,,,1,,2,,,84,84,1,6,4,120.575321,24.337424,3
7542,66000,387130000C,(04)23274275,(04)23288582,2025,11,19,18,16,臺中市,南區,0,0,0,7,,,50,,,,,,,,,,,,,,13,,,,,B03,,,1,,1,,,84,84,1,13,4,120.682159,24.128329,3
7543,66000,387130000C,(04)23274275,(04)23288582,2025,11,19,18,17,臺中市,西屯區,0,1,0,7,1,6,50,3,1,1,5,4,6,6,1,1,5,4,5,2,16,3,10,3,1,B03,7,6,1,8,2,6,,11,11,1,12,4,120.610497,24.189233,2
7544,66000,387130000C,(04)23274275,(04)23288582,2025,11,19,18,18,臺中市,沙鹿區,0,0,0,7,,,40,,,,,,,,,,,,,,12,,,,,B02,,,1,,2,,,8,8,1,6,4,120.567527,24.238652,3
7545,66000,387130000C,(04)23274275,(04)23288582,2025,11,19,18,19,臺中市,大里區,0,1,0,7,1,6,50,18,9,1,5,4,6,6,4,4,10,5,5,2,17,3,10,2,1,C03,7,6,3,19,2,14,,20,20,1,13,4,120.702402,24.085681,2
7546,66000,387130000C,(04)23274275,(04)23288582,2025,11,19,18,19,臺中市,大里區,0,1,0,6,2,6,50,4,2,1,5,4,6,6,4,4,5,5,5,1,12,3,10,1,1,C03,7,4,1,10,2,12,,8,8,1,6,4,120.672641,24.104674,2
7547,66000,387130000C,(04)23274275,(04)23288582,2025,11,19,18,24,臺中市,南屯區,0,2,0,7,1,6,50,5,1,1,5,4,6,6,1,1,10,5,5,2,17,2,9,2,1,C03,7,7,1,10,2,12,,42,42,1,13,4,120.637866,24.142313,2
7548,66000,387130000C,(04)23274275,(04)23288582,2025,11,19,18,27,臺中市,西區,0,1,0,7,1,6,50,4,1,1,5,4,6,6,1,1,10,5,5,2,16,3,10,5,4,B03,7,6,1,8,2,5,,11,11,1,12,4,120.658894,24.150852,2
7549,66000,387130000C,(04)23274275,(04)23288582,2025,11,19,18,27,臺中市,南屯區,0,0,0,7,,,50,,,,,,,,,,,,,,,,,,,B03,,,1,,1,,,85,85,1,13,4,120.624517,24.148966,3
7550,66000,387130000C,(04)23274275,(04)23288582,2025,11,19,18,27,臺中市,北屯區,0,2,0,7,1,6,50,13,9,1,5,4,6,6,4,4,5,4,5,2,17,2,8,1,1,C03,7,1,1,10,2,14,,51,51,1,13,4,120.694471,24.1648,2
7551,66000,387130000C,(04)23274275,(04)23288582,2025,11,19,18,28,臺中市,清水區,0,0,0,7,,,40,,,,,,,,,,,,,,,,,,,B03,,,1,,2,,,84,84,1,12,4,120.564199,24.296866,3
7552,66000,387130000C,(04)23274275,(04)23288582,2025,11,19,18,29,臺中市,西區,0,0,0,7,,,50,,,,,,,,,,,,,,,,,,,B03,,,1,8,1,,,84,84,1,13,4,120.65512,24.1488,3
7553,66000,387130000C,(04)23274275,(04)23288582,2025,11,19,18,31,臺中市,潭子區,0,0,0,6,,,50,,,,,,,,,,,,,,,,,,,B03,,,1,,2,,,8,8,1,13,4,120.709819,24.213372,3
7554,66000,387130000C,(04)23274275,(04)23288582,2025,11,19,18,33,臺中市,霧峰區,0,0,0,6,,,50,,,,,,,,,,,,,,17,,,,,C03,,,3,,2,,,48,48,1,13,4,120.714234,24.075684,3
7555,66000,387130000C,(04)23274275,(04)23288582,2025,11,19,18,33,臺中市,太平區,0,0,0,7,,3,40,,,,,,,,,,,,,,13,,,,,B03,,,1,,2,,,7,7,1,6,4,120.714136,24.148356,3
7556,66000,387130000C,(04)23274275,(04)23288582,2025,11,19,18,36,臺中市,西屯區,0,0,0,7,,,50,,,,,,,,,,,,,,12,,,,,B01,,,1,,1,,,40,40,1,12,4,120.619115,24.181337,3
7557,66000,387130000C,(04)23274275,(04)23288582,2025,11,19,18,43,臺中市,南屯區,0,0,0,7,,,50,,,,,,,,,,,,,,16,,,,,B03,,,1,,2,,,39,39,1,13,4,120.633066,24.139279,3
7558,66000,387130000C,(04)23274275,(04)23288582,2025,11,19,18,43,臺中市,西屯區,0,0,0,7,,3,80,,,,,,,,,,,,,,13,,,,,B03,,,2,,1,,,59,59,1,13,4,120.651753,24.198118,3
7559,66000,387130000C,(04)23274275,(04)23288582,2025,11,19,18,45,臺中市,南屯區,0,0,0,7,,3,80,,,,,,,,,,,,,,13,,,,,B03,,,1,,1,,,7,7,1,13,4,120.620512,24.118091,3
7560,66000,387130000C,(04)23274275,(04)23288582,2025,11,19,18,48,臺中市,北區,0,1,0,7,1,6,50,13,7,1,5,4,6,6,4,4,3,4,4,2,13,2,7,1,1,C03,7,9,1,10,2,11,,58,58,1,12,4,120.671851,24.17072,2
7561,66000,387130000C,(04)23274275,(04)23288582,2025,11,19,18,48,臺中市,東區,0,0,0,7,,,50,,,,,,,,,,,,,,,,,,,B03,,,1,,2,,,82,82,1,13,4,120.687323,24.143166,3
7562,66000,387130000C,(04)23274275,(04)23288582,2025,11,19,18,50,臺中市,大雅區,0,0,0,7,,,30,,,,,,,,,,,,,,,,,,,B02,,,1,,2,,,8,8,1,13,4,120.664341,24.237071,3
7563,66000,387130000C,(04)23274275,(04)23288582,2025,11,19,18,50,臺中市,沙鹿區,0,0,0,6,,,50,,,,,,,,,,,,,,17,,,,,B03,,,1,,2,,,7,7,1,12,4,120.580507,24.219743,3
7564,66000,387130000C,(04)23274275,(04)23288582,2025,11,19,19,0,臺中市,西區,0,0,0,7,1,6,50,13,9,1,5,4,6,6,4,4,5,4,5,2,17,,,,,B11,,,1,,1,,,84,84,1,13,4,120.651638,24.146628,3
7565,66000,387130000C,(04)23274275,(04)23288582,2025,11,19,19,8,臺中市,大安區,0,0,0,7,,,50,,,,,,,,,,,,,,,,,,,B03,,,1,,2,,,14,14,1,6,4,120.594716,24.369321,3
7566,66000,387130000C,(04)23274275,(04)23288582,2025,11,19,19,11,臺中市,北屯區,0,0,0,7,,,50,,,,,,,,,,,,,,13,,,,,B03,,,1,,2,,,7,7,1,6,4,120.670646,24.175317,3
7567,66000,387130000C,(04)23274275,(04)23288582,2025,11,19,19,12,臺中市,西屯區,0,0,0,7,,,50,,,,,,,,,,,,,,14,,,,,B02,,,1,,2,,,49,49,1,12,4,120.65335,24.168644,3
7568,66000,387130000C,(04)23274275,(04)23288582,2025,11,19,19,13,臺中市,北屯區,0,0,0,7,,,50,,,,,,,,,,,,,,13,,,,,B12,,,1,,2,,,7,7,1,6,4,120.698283,24.170401,4
7569,66000,387130000C,(04)23274275,(04)23288582,2025,11,19,19,13,臺中市,大肚區,0,0,0,7,,,30,,,,,,,,,,,,,,14,,,,,B03,,,1,,2,,,49,49,1,6,4,120.546372,24.156871,3
7570,66000,387130000C,(04)23274275,(04)23288582,2025,11,19,19,16,臺中市,沙鹿區,0,1,0,7,3,6,50,4,1,1,5,4,6,6,4,4,10,5,5,2,15,3,10,3,1,B03,7,9,1,8,2,1,,15,15,1,6,4,120.558464,24.236745,2
7571,66000,387130000C,(04)23274275,(04)23288582,2025,11,19,19,18,臺中市,北區,0,0,0,7,,,50,,,,,,,,,,,,,,12,,,,,A04,,,1,,1,,,59,59,1,12,4,120.675585,24.150016,4
7572,66000,387130000C,(04)23274275,(04)23288582,2025,11,19,19,18,臺中市,大甲區,0,1,0,7,2,6,50,13,9,1,5,4,6,6,4,4,9,5,4,1,12,3,10,3,1,B03,7,1,1,8,2,4,,51,51,1,6,4,120.624015,24.342,2
7573,66000,387130000C,(04)23274275,(04)23288582,2025,11,19,19,21,臺中市,大里區,0,1,0,6,1,6,50,4,1,1,5,4,6,6,1,1,10,5,5,2,16,3,10,1,1,C03,7,6,1,10,2,11,,11,11,1,13,4,120.692218,24.111118,2
7574,66000,387130000C,(04)23274275,(04)23288582,2025,11,19,19,23,臺中市,豐原區,0,0,0,7,,,50,,,,,,,,,,,,,,16,,,,,B03,,,1,,2,,,39,39,1,13,4,120.716634,24.251793,3
7575,66000,387130000C,(04)23274275,(04)23288582,2025,11,19,19,24,臺中市,北區,0,0,0,7,,,50,,,,,,,,,,,,,,17,,,,,C03,,,1,,1,,,84,84,1,13,4,120.669977,24.159078,3
7576,66000,387130000C,(04)23274275,(04)23288582,2025,11,19,19,24,臺中市,太平區,0,1,0,7,1,6,50,4,1,1,5,4,6,6,1,1,10,5,5,2,13,3,10,2,1,C03,7,9,1,10,2,11,,84,84,1,13,4,120.705068,24.148288,2
7577,66000,387130000C,(04)23274275,(04)23288582,2025,11,19,19,24,臺中市,太平區,0,0,0,7,,,50,,,,,,,,,,,,,,13,,,,,C03,,,1,,1,,,58,58,1,5,1,120.713048,24.149756,3
7578,66000,387130000C,(04)23274275,(04)23288582,2025,11,19,19,25,臺中市,大雅區,0,1,0,7,3,6,40,4,2,1,5,4,6,6,1,1,5,2,3,1,17,3,10,3,1,B03,7,5,1,8,4,2,,47,47,1,12,4,120.629111,24.206194,2
7579,66000,387130000C,(04)23274275,(04)23288582,2025,11,19,19,34,臺中市,烏日區,0,0,0,7,,,70,,,,,,,,,,,,,,12,,,,,B03,,,1,,1,,,40,40,1,6,4,120.606051,24.108915,3
7580,66000,387130000C,(04)23274275,(04)23288582,2025,11,19,19,35,臺中市,霧峰區,0,1,0,7,1,6,30,3,2,1,5,4,6,6,4,4,10,5,5,1,18,2,9,2,1,C03,7,5,1,10,2,12,,87,87,1,13,4,120.670741,24.077945,2
7581,66000,387130000C,(04)23274275,(04)23288582,2025,11,19,19,39,臺中市,太平區,0,2,0,7,1,6,40,4,1,1,5,4,6,6,4,4,10,5,5,2,15,2,9,1,1,C03,7,1,1,10,2,14,,20,20,1,6,4,120.721517,24.118697,2
7582,66000,387130000C,(04)23274275,(04)23288582,2025,11,19,19,41,臺中市,北區,0,0,0,7,,,50,,,,,,,,,,,,,,,,,,,C03,,,1,,1,,,49,49,1,12,4,120.67541,24.155764,3
7583,66000,387130000C,(04)23274275,(04)23288582,2025,11,19,19,43,臺中市,南屯區,0,0,0,7,,,50,,,,,,,,,,,,,,,,,,,C03,,,1,,11,,,87,87,1,12,4,120.649931,24.150713,3
7584,66000,387130000C,(04)23274275,(04)23288582,2025,11,19,19,43,臺中市,大安區,1,1,0,7,3,6,30,11,9,1,5,4,6,6,4,4,10,5,5,2,10,2,9,1,1,C03,7,9,1,10,1,11,,41,41,1,6,4,120.600936,24.352871,1
7585,66000,387130000C,(04)23274275,(04)23288582,2025,11,19,19,45,臺中市,石岡區,0,0,0,7,,,30,,,,,,,,,,,,,,,,,,,B03,,,1,,2,,,24,24,1,12,4,120.778645,24.281039,3
7586,66000,387130000C,(04)23274275,(04)23288582,2025,11,19,19,47,臺中市,南屯區,0,0,0,7,,,50,,,,,,,,,,,,,,,,,,,B03,,,1,,1,,,84,84,1,13,4,120.65291,24.137989,3
7587,66000,387130000C,(04)23274275,(04)23288582,2025,11,19,19,48,臺中市,西屯區,0,0,0,7,,,60,,,,,,,,,,,,,,12,,,,,B03,,,1,,2,,,1,1,1,12,4,120.643341,24.201701,3
7588,66000,387130000C,(04)23274275,(04)23288582,2025,11,19,19,49,臺中市,沙鹿區,0,0,0,7,,,50,,,,,,,,,,,,,,14,,,,,B03,,,1,,2,,,49,49,1,6,4,120.576051,24.224646,3
7589,66000,387130000C,(04)23274275,(04)23288582,2025,11,19,19,56,臺中市,大里區,0,0,0,7,,,50,,,,,,,,,,,,,,,,,,,B03,,,1,,1,,,7,7,1,12,4,120.677657,24.114786,3
7590,66000,387130000C,(04)23274275,(04)23288582,2025,11,19,19,57,臺中市,大甲區,0,1,0,7,1,6,50,4,1,1,5,4,6,6,1,1,10,5,5,2,16,3,10,3,1,B03,7,6,1,8,2,1,,11,11,1,6,4,120.621805,24.353367,2
7591,66000,387130000C,(04)23274275,(04)23288582,2025,11,19,19,59,臺中市,北屯區,0,1,0,7,1,6,50,4,2,1,5,4,6,6,4,4,10,5,5,2,15,3,10,3,1,B01,7,9,1,4,2,2,,15,15,1,13,4,120.662322,24.19256,2
7592,66000,387130000C,(04)23274275,(04)23288582,2025,11,19,20,0,臺中市,南屯區,0,0,0,7,,,50,,,,,,,,,,,,,,12,,,,,B03,,,1,,1,,,42,42,1,13,4,120.640704,24.141561,3
7593,66000,387130000C,(04)23274275,(04)23288582,2025,11,19,20,6,臺中市,北區,0,4,0,7,1,6,50,3,1,1,5,4,6,6,4,4,2,4,5,2,16,2,9,1,1,C04,7,5,1,11,2,14,,14,14,1,12,4,120.685079,24.151991,2
7594,66000,387130000C,(04)23274275,(04)23288582,2025,11,19,20,10,臺中市,北區,0,0,0,7,,,50,,,,,,,,,,,,,,,,,,,B11,,,1,,2,,,84,84,1,12,4,120.678885,24.152674,3
7595,66000,387130000C,(04)23274275,(04)23288582,2025,11,19,20,11,臺中市,烏日區,0,0,0,7,,,50,,,,,,,,,,,,,,16,,,,,B03,,,1,,1,,,45,45,1,12,4,120.610772,24.1138,3
7596,66000,387130000C,(04)23274275,(04)23288582,2025,11,19,20,24,臺中市,西屯區,0,1,0,7,1,6,50,4,2,1,5,4,6,6,1,1,5,5,5,2,13,2,8,1,1,C03,7,9,1,10,2,11,,59,59,1,12,4,120.659405,24.165603,2
7597,66000,387130000C,(04)23274275,(04)23288582,2025,11,19,20,27,臺中市,南區,0,2,0,7,1,6,50,4,1,1,5,4,6,6,2,1,10,5,5,2,16,3,10,2,1,C03,7,6,1,10,2,12,,11,11,1,12,4,120.668584,24.114498,2
7598,66000,387130000C,(04)23274275,(04)23288582,2025,11,19,20,29,臺中市,大甲區,0,1,0,7,2,6,50,4,1,1,5,4,6,6,1,1,10,5,5,2,16,3,10,2,1,C03,7,9,1,10,2,14,,21,21,1,6,4,120.619227,24.348571,2
7599,66000,387130000C,(04)23274275,(04)23288582,2025,11,19,20,32,臺中市,北屯區,0,0,0,7,,,50,,,,,,,,,,,,,,14,,,,,B02,,,1,,1,,,49,49,1,6,4,120.688476,24.171594,3
7600,66000,387130000C,(04)23274275,(04)23288582,2025,11,19,20,35,臺中市,沙鹿區,0,0,0,7,,,50,,,,,,,,,,,,,,17,,,,,B03,,,1,,2,,,8,8,1,6,4,120.557654,24.23481,3
7601,66000,387130000C,(04)23274275,(04)23288582,2025,11,19,20,37,臺中市,西屯區,0,1,0,7,1,6,30,4,1,1,5,4,6,6,4,4,10,5,5,2,30,2,9,5,4,B03,7,6,1,8,2,4,,59,59,1,13,4,120.607257,24.188271,2
7602,66000,387130000C,(04)23274275,(04)23288582,2025,11,19,20,38,臺中市,大里區,0,0,0,7,,,50,,,,,,,,,,,,,,12,,,,,B03,,,1,,2,,,50,50,1,6,4,120.683402,24.115257,3
7603,66000,387130000C,(04)23274275,(04)23288582,2025,11,19,20,39,臺中市,神岡區,0,2,0,6,2,6,50,13,9,1,5,4,6,6,4,4,1,4,5,2,13,2,9,5,4,C03,7,9,1,10,2,11,,7,7,1,13,4,120.697699,24.248589,2
7604,66000,387130000C,(04)23274275,(04)23288582,2025,11,19,20,40,臺中市,北屯區,0,0,0,7,,,30,,,,,,,,,,,,,,17,,,,,B03,,,1,,9,,,49,49,1,12,4,120.674498,24.177685,3
7605,66000,387130000C,(04)23274275,(04)23288582,2025,11,19,20,41,臺中市,新社區,0,1,0,7,2,6,50,13,9,1,5,4,6,6,4,4,8,5,5,1,13,2,9,1,1,C03,7,9,1,10,2,11,,7,7,1,12,4,120.807964,24.240313,2
7606,66000,387130000C,(04)23274275,(04)23288582,2025,11,19,20,43,臺中市,潭子區,0,1,0,7,1,6,50,4,1,1,5,4,6,6,1,1,10,5,5,2,16,3,10,3,1,B03,7,5,1,8,2,2,,11,11,1,12,4,120.69127,24.216,2
7607,66000,387130000C,(04)23274275,(04)23288582,2025,11,19,20,46,臺中市,西屯區,0,2,0,7,1,6,50,4,1,1,5,4,6,6,2,1,4,4,5,2,13,2,8,5,4,C03,7,9,1,10,11,11,,7,7,1,13,4,120.646861,24.174894,2
7608,66000,387130000C,(04)23274275,(04)23288582,2025,11,19,20,49,臺中市,北屯區,0,0,0,7,,,30,,,,,,,,,,,,,,15,,,,,B03,,,1,,2,,,12,12,1,6,4,120.72032,24.176699,3
7609,66000,387130000C,(04)23274275,(04)23288582,2025,11,19,20,50,臺中市,北區,0,0,0,7,,,,,,,,,,,,,,,,,17,,,,,,,,,,,,,84,84,1,,,120.680847,24.149536,3
7610,66000,387130000C,(04)23274275,(04)23288582,2025,11,19,20,51,臺中市,西屯區,0,0,0,7,,,40,,,,,,,,,,,,,,9,,,,,B03,,,1,,2,,,51,51,1,12,4,120.647694,24.159037,3
7611,66000,387130000C,(04)23274275,(04)23288582,2025,11,19,20,52,臺中市,龍井區,0,1,0,7,1,6,50,3,1,1,5,4,6,6,4,4,10,5,5,2,16,2,9,2,1,C03,7,6,1,10,2,14,11,14,14,1,6,4,120.589377,24.180435,2
7612,66000,387130000C,(04)23274275,(04)23288582,2025,11,19,20,54,臺中市,太平區,0,2,0,7,1,6,50,5,1,1,5,4,6,6,1,1,10,5,5,2,17,2,8,5,4,C03,7,9,1,10,2,11,,21,21,1,6,4,120.710061,24.134823,2
7613,66000,387130000C,(04)23274275,(04)23288582,2025,11,19,20,59,臺中市,北屯區,0,0,0,7,,,50,,,,,,,,,,,,,,13,,,,,B03,,,1,,2,,,7,7,1,6,4,120.707401,24.173489,3
7614,66000,387130000C,(04)23274275,(04)23288582,2025,11,19,21,1,臺中市,南區,0,2,0,7,1,6,40,4,1,1,5,4,6,6,1,1,1,2,4,2,16,2,9,2,1,C03,7,5,1,10,2,13,,11,11,1,13,4,120.67777,24.129335,2
7615,66000,387130000C,(04)23274275,(04)23288582,2025,11,19,21,4,臺中市,霧峰區,0,0,0,7,,,30,,,,,,,,,,,,,,12,,,,,C03,,,1,,2,,,71,84,1,13,4,120.71383,24.077107,3
7616,66000,387130000C,(04)23274275,(04)23288582,2025,11,19,21,5,臺中市,梧棲區,0,1,0,7,1,6,50,4,1,1,5,4,6,6,1,1,10,5,5,2,13,3,10,1,1,C03,7,9,1,10,2,11,,7,7,1,6,4,120.537029,24.241973,2
7617,66000,387130000C,(04)23274275,(04)23288582,2025,11,19,21,6,臺中市,西區,0,1,0,7,1,6,50,5,1,1,5,4,6,6,1,1,10,5,5,2,17,3,10,3,1,B03,7,9,1,8,2,1,,84,84,1,12,4,120.663775,24.154648,2
7618,66000,387130000C,(04)23274275,(04)23288582,2025,11,19,21,11,臺中市,太平區,0,1,0,7,1,6,50,4,19,1,5,4,6,6,4,4,10,5,5,2,3,3,10,3,1,B03,7,6,1,8,2,8,,10,10,1,6,4,120.716067,24.133494,2
7619,66000,387130000C,(04)23274275,(04)23288582,2025,11,19,21,16,臺中市,大里區,0,2,0,7,1,6,50,13,9,1,5,4,6,6,1,1,10,5,5,2,13,2,9,2,1,C03,7,9,1,10,2,11,,7,7,1,12,4,120.695096,24.102636,2
7620,66000,387130000C,(04)23274275,(04)23288582,2025,11,19,21,17,臺中市,北區,0,1,0,7,1,6,30,4,2,1,5,4,6,6,4,4,10,5,5,2,17,3,10,2,1,C03,7,9,1,10,2,11,,15,15,1,13,4,120.683701,24.146852,2
7621,66000,387130000C,(04)23274275,(04)23288582,2025,11,19,21,22,臺中市,西屯區,0,1,0,7,1,6,40,13,8,1,5,4,6,6,1,1,1,5,1,2,13,2,9,2,1,C03,7,9,1,10,2,11,,56,56,1,12,4,120.609844,24.184599,2
7622,66000,387130000C,(04)23274275,(04)23288582,2025,11,19,21,28,臺中市,北屯區,0,0,0,7,,,50,,,,,,,,,,,,,,13,,,,,A11,,,1,,1,,,59,59,1,6,4,120.69994,24.182913,3
7623,66000,387130000C,(04)23274275,(04)23288582,2025,11,19,21,30,臺中市,西屯區,0,0,0,7,,,30,,,,,,,,,,,,,,14,,,,,B03,,,1,,1,,,49,49,1,13,4,120.665935,24.17652,3
7624,66000,387130000C,(04)23274275,(04)23288582,2025,11,19,21,35,臺中市,北屯區,0,1,0,7,1,6,50,4,2,1,5,4,6,6,1,1,5,4,5,2,11,3,10,3,1,B01,7,6,1,3,2,1,,11,11,1,13,4,120.680184,24.18898,2
7625,66000,387130000C,(04)23274275,(04)23288582,2025,11,19,21,41,臺中市,西屯區,0,1,0,7,1,6,50,13,9,1,5,4,6,6,4,4,4,4,5,2,13,2,9,5,4,C03,7,9,1,10,2,11,,58,58,1,13,4,120.615383,24.189375,2
7626,66000,387130000C,(04)23274275,(04)23288582,2025,11,19,21,45,臺中市,南屯區,0,0,0,7,,,50,,,,,,,,,,,,,,17,,,,,A12,,,1,,9,,,68,68,1,12,4,120.616959,24.153647,3
7627,66000,387130000C,(04)23274275,(04)23288582,2025,11,19,21,48,臺中市,霧峰區,0,1,0,6,2,6,25,3,1,1,5,4,6,6,4,4,10,5,5,1,17,2,9,1,1,C03,7,9,1,10,2,14,,1,1,1,13,4,120.715893,24.071647,2
7628,66000,387130000C,(04)23274275,(04)23288582,2025,11,19,21,50,臺中市,西屯區,0,0,0,7,,,,,,,,,,,,,,,,,17,,,,,,,,,,,,,30,30,1,,,120.634465,24.160699,3
7629,66000,387130000C,(04)23274275,(04)23288582,2025,11,19,21,55,臺中市,南區,0,1,0,7,1,6,50,4,1,1,5,4,6,6,2,1,10,5,5,2,17,3,10,5,4,B03,7,5,1,8,2,6,,11,11,1,13,4,120.666954,24.114239,2
7630,66000,387130000C,(04)23274275,(04)23288582,2025,11,19,21,57,臺中市,南區,0,1,0,7,1,6,50,3,1,1,5,4,6,6,1,1,10,5,5,2,16,3,10,3,1,B03,7,5,1,8,2,5,,14,14,1,12,4,120.656594,24.123832,2
7631,66000,387130000C,(04)23274275,(04)23288582,2025,11,19,22,10,臺中市,西區,0,1,0,7,1,6,50,13,9,1,5,4,6,6,4,4,8,3,5,2,12,3,10,3,1,B03,7,8,1,8,2,4,,40,40,1,6,4,120.676496,24.139479,2
7632,66000,387130000C,(04)23274275,(04)23288582,2025,11,19,22,10,臺中市,大里區,0,0,0,7,,,50,,,,,,,,,,,,,,12,,,,,C03,,,1,,1,,,8,8,1,13,4,120.693733,24.090023,3
7633,66000,387130000C,(04)23274275,(04)23288582,2025,11,19,22,11,臺中市,大肚區,0,0,0,7,,,60,,,,,,,,,,,,,,13,,,,,B03,,,1,,2,,,78,78,1,12,4,120.582555,24.171598,3