序號,縣市別代碼,機關代碼,市話,傳真,年,月,日,時,分,縣市,區,死亡數量,受傷數量,2-30,天候,道路照明設備,道路類別,道路速限,道路型態,事故位置,路面鋪裝,路面狀態,路面缺陷,障礙物,視距,號誌種類,號誌動作,分向設施,快車道或一般車道間,快慢車道間,路面邊線,事故類型及型態,受傷程度,主要傷處,保護裝備,行動電話或功能裝置,當事者區分(類別),車輛用途,當事者行動狀態,駕照狀態,駕照種類,飲酒情形,車輛撞擊部位最初,車輛撞擊部位其他,肇事因素個別,肇事因素主要,肇事逃逸,職業,共享經濟或外送平台,GPS座標X,GPS座標Y,事故類別
7634,66000,387130000C,(04)23274275,(04)23288582,2025,11,19,22,20,臺中市,西屯區,0,1,0,7,2,6,50,13,9,1,5,4,6,6,4,4,1,4,5,2,12,2,9,2,1,C03,7,9,1,10,2,12,,59,59,1,12,4,120.622616,24.183258,2
7635,66000,387130000C,(04)23274275,(04)23288582,2025,11,19,22,28,臺中市,豐原區,0,1,0,7,2,6,0,13,21,4,5,4,6,6,4,4,10,5,5,2,30,2,8,6,1,F01,7,9,7,21,2,14,,84,84,1,13,1,120.702527,24.249519,2
7636,66000,387130000C,(04)23274275,(04)23288582,2025,11,19,22,32,臺中市,大里區,0,0,0,7,,,50,,,,,,,,,,,,,,13,,,,,B03,,,1,,2,,,7,7,1,13,4,120.67697,24.099284,3
7637,66000,387130000C,(04)23274275,(04)23288582,2025,11,19,22,33,臺中市,清水區,0,1,0,7,1,6,60,4,1,1,5,4,6,6,1,1,8,3,3,1,12,2,7,1,1,C03,7,5,1,10,2,11,,11,11,1,12,4,120.551897,24.293943,2
7638,66000,387130000C,(04)23274275,(04)23288582,2025,11,19,22,36,臺中市,西屯區,0,1,0,7,1,6,50,4,1,1,5,4,6,6,1,1,10,5,5,2,17,2,9,5,1,C03,7,9,1,10,2,12,,59,59,1,12,4,120.665356,24.166801,2
7639,66000,387130000C,(04)23274275,(04)23288582,2025,11,19,22,43,臺中市,西屯區,0,0,0,7,,,50,,,,,,,,,,,,,,17,,,,,C03,,,1,,1,,,40,40,1,13,4,120.650366,24.176174,3
7640,66000,387130000C,(04)23274275,(04)23288582,2025,11,19,23,39,臺中市,西區,0,0,0,7,,,50,,,,,,,,,,,,,,,,,,,B12,,,1,8,1,,,84,84,2,13,4,120.662609,24.155678,3
7641,66000,387130000C,(04)23274275,(04)23288582,2025,11,19,23,40,臺中市,大里區,0,1,0,7,1,6,50,3,1,1,5,4,6,6,4,4,10,5,5,1,17,3,10,2,1,C03,7,6,1,10,2,16,,39,39,1,12,4,120.705401,24.087713,2
7642,66000,387130000C,(04)23274275,(04)23288582,2025,11,19,23,42,臺中市,沙鹿區,0,2,0,6,1,6,50,4,1,1,5,4,6,6,1,1,10,5,5,2,16,2,9,2,1,C03,7,4,1,10,2,14,,39,39,1,6,4,120.576665,24.224408,2
7643,66000,387130000C,(04)23274275,(04)23288582,2025,11,19,23,55,臺中市,太平區,0,0,0,7,,,30,,,,,,,,,,,,,,9,,,,,B03,,,1,,2,,,51,51,1,12,4,120.703416,24.147643,3
7644,66000,387130000C,(04)23274275,(04)23288582,2025,11,19,23,56,臺中市,南區,0,1,0,7,1,6,50,18,24,1,5,4,6,6,4,4,10,5,5,2,18,2,9,5,4,C03,7,9,3,19,2,15,,84,84,1,12,4,120.676168,24.13229,2
7645,66000,387130000C,(04)23274275,(04)23288582,2025,11,19,23,58,臺中市,外埔區,0,1,0,7,1,6,50,3,1,1,5,4,6,6,4,4,10,5,5,2,16,3,10,3,1,B03,7,5,1,8,2,2,,14,14,1,6,4,120.661548,24.323662,2
7646,66000,387130000C,(04)23274275,(04)23288582,2025,11,20,0,5,臺中市,豐原區,0,1,0,7,1,6,50,13,9,1,5,4,6,6,4,4,5,4,5,1,18,2,9,2,1,C03,7,9,1,10,2,16,,84,84,1,12,4,120.71071,24.269894,2
7647,66000,387130000C,(04)23274275,(04)23288582,2025,11,20,0,59,臺中市,后里區,0,1,0,7,1,6,50,3,2,1,5,4,6,6,1,1,1,4,5,1,13,3,10,3,1,B03,7,9,1,8,2,1,,84,84,1,6,4,120.723886,24.306676,2
7648,66000,387130000C,(04)23274275,(04)23288582,2025,11,20,1,16,臺中市,南區,0,0,0,7,,,50,,,,,,,,,,,,,,15,,,,,C03,,,1,,2,,,21,21,1,12,4,120.66857,24.129445,3
7649,66000,387130000C,(04)23274275,(04)23288582,2025,11,20,4,57,臺中市,太平區,0,0,0,7,,,30,,,,,,,,,,,,,,9,,,,,B03,,,1,,9,,,8,,1,12,4,120.721866,24.156966,3
7650,66000,387130000C,(04)23274275,(04)23288582,2025,11,20,5,50,臺中市,北區,0,2,0,7,3,6,50,4,2,1,5,4,6,6,2,1,5,4,5,2,16,2,7,5,4,C03,7,6,1,10,2,12,,11,11,1,13,4,120.678583,24.160392,2
7651,66000,387130000C,(04)23274275,(04)23288582,2025,11,20,5,54,臺中市,西屯區,0,0,0,7,,,30,,,,,,,,,,,,,,14,,,,,B12,,,1,,2,,,49,49,1,12,4,120.643063,24.178399,3
7652,66000,387130000C,(04)23274275,(04)23288582,2025,11,20,5,57,臺中市,西區,0,1,0,7,1,6,50,4,1,1,5,4,6,6,3,1,10,5,5,2,16,2,9,2,1,C03,7,6,1,10,2,14,,48,48,1,12,4,120.667576,24.150863,2
7653,66000,387130000C,(04)23274275,(04)23288582,2025,11,20,6,35,臺中市,北屯區,0,1,0,7,3,6,50,4,2,1,5,4,6,6,4,4,10,5,5,2,16,2,8,1,1,C03,7,5,1,10,2,11,,14,14,1,12,4,120.669985,24.184297,2
7654,66000,387130000C,(04)23274275,(04)23288582,2025,11,20,6,51,臺中市,大肚區,0,1,0,7,3,6,30,13,9,1,5,4,6,6,4,4,10,5,5,2,11,2,9,2,1,C03,7,9,1,10,2,14,,41,41,1,6,4,120.584043,24.116011,2
7655,66000,387130000C,(04)23274275,(04)23288582,2025,11,20,6,53,臺中市,北屯區,0,0,0,7,,,50,,,,,,,,,,,,,,13,,,,,B03,,,1,,1,,,84,84,1,6,4,120.733697,24.159946,3
7656,66000,387130000C,(04)23274275,(04)23288582,2025,11,20,6,54,臺中市,豐原區,0,2,0,7,2,6,50,13,9,1,5,4,6,5,4,4,9,4,5,1,13,3,10,5,4,B03,7,9,1,8,2,1,,83,83,1,12,4,120.721516,24.277848,2
7657,66000,387130000C,(04)23274275,(04)23288582,2025,11,20,6,57,臺中市,神岡區,0,2,0,7,2,6,50,4,1,1,5,4,6,6,1,1,10,5,5,2,17,2,9,2,1,C03,7,9,1,10,2,11,,84,84,1,6,4,120.699064,24.235434,2
7658,66000,387130000C,(04)23274275,(04)23288582,2025,11,20,7,0,臺中市,西區,0,1,0,7,2,6,50,4,2,1,5,4,6,6,2,1,5,5,4,1,17,2,9,2,1,C03,7,6,1,10,2,11,,39,39,1,13,4,120.66387,24.157595,2
7659,66000,387130000C,(04)23274275,(04)23288582,2025,11,20,7,0,臺中市,北屯區,0,1,0,7,2,6,50,4,1,1,5,4,6,6,4,4,10,5,5,2,17,3,10,3,1,B03,7,6,1,7,2,1,,12,12,1,6,4,120.687581,24.171227,2
7660,66000,387130000C,(04)23274275,(04)23288582,2025,11,20,7,5,臺中市,沙鹿區,0,0,0,7,,,60,,,,,,,,,,,,,,,,,,,B03,,,1,,1,,,7,7,1,12,4,120.598862,24.250032,3
7661,66000,387130000C,(04)23274275,(04)23288582,2025,11,20,7,6,臺中市,南屯區,0,2,0,7,3,6,50,3,1,1,5,4,6,6,4,4,10,5,5,2,16,2,8,1,1,C03,7,6,1,10,2,11,,14,14,1,6,4,120.610166,24.13843,2
7662,66000,387130000C,(04)23274275,(04)23288582,2025,11,20,7,6,臺中市,大里區,0,1,0,7,2,6,50,13,9,1,5,4,6,6,4,4,1,4,5,1,17,2,9,1,1,C03,7,9,1,10,2,12,,84,84,1,12,4,120.682417,24.100993,2
7663,66000,387130000C,(04)23274275,(04)23288582,2025,11,20,7,9,臺中市,北屯區,0,0,0,7,,,50,,,,,,,,,,,,,,,,,,,B03,,,1,,1,,,58,58,1,6,4,120.662044,24.187495,3
7664,66000,387130000C,(04)23274275,(04)23288582,2025,11,20,7,10,臺中市,霧峰區,0,0,0,7,2,6,50,13,9,1,5,4,6,6,4,4,9,5,5,1,1,,,,,,,,,,,,,119,119,1,,,120.708893,24.076668,3
7665,66000,387130000C,(04)23274275,(04)23288582,2025,11,20,7,10,臺中市,太平區,0,0,0,7,,,50,,,,,,,,,,,,,,13,,,,,C03,,,1,,1,,,7,7,1,13,4,120.720125,24.120889,3
7666,66000,387130000C,(04)23274275,(04)23288582,2025,11,20,7,11,臺中市,南屯區,0,0,0,7,,,50,,,,,,,,,,,,,,,,,,,B03,,,1,,1,,,59,59,1,13,4,120.650057,24.155581,3
7667,66000,387130000C,(04)23274275,(04)23288582,2025,11,20,7,13,臺中市,北屯區,0,0,0,7,,,50,,,,,,,,,,,,,,12,,,,,C03,,,1,,1,,,59,59,1,12,4,120.694287,24.171214,4
7668,66000,387130000C,(04)23274275,(04)23288582,2025,11,20,7,15,臺中市,西屯區,0,1,0,7,2,6,50,4,1,1,5,4,6,6,4,4,10,5,5,2,18,2,9,2,4,C04,7,9,1,11,2,14,,59,59,1,12,4,120.607302,24.185901,2
7669,66000,387130000C,(04)23274275,(04)23288582,2025,11,20,7,15,臺中市,大甲區,0,1,0,7,2,6,50,4,1,1,5,4,6,6,1,1,10,5,5,2,15,2,9,2,1,C03,7,9,1,10,2,14,,21,21,1,6,4,120.632358,24.345729,2
7670,66000,387130000C,(04)23274275,(04)23288582,2025,11,20,7,18,臺中市,豐原區,0,0,0,7,,,50,,,,,,,,,,,,,,17,,,,,C03,,,1,,2,,,45,45,1,12,4,120.713149,24.254497,4
7671,66000,387130000C,(04)23274275,(04)23288582,2025,11,20,7,22,臺中市,北屯區,0,1,0,7,2,6,30,12,9,1,5,4,6,6,4,4,10,5,5,2,17,2,9,2,1,C03,7,9,1,10,2,12,,82,82,1,12,4,120.663938,24.196105,2
7672,66000,387130000C,(04)23274275,(04)23288582,2025,11,20,7,23,臺中市,烏日區,0,0,0,7,,,50,,,,,,,,,,,,,,13,,,,,B03,,,1,,2,,,39,39,1,6,4,120.612277,24.102922,3
7673,66000,387130000C,(04)23274275,(04)23288582,2025,11,20,7,25,臺中市,西屯區,0,1,0,7,2,6,50,5,1,1,5,4,6,6,2,1,10,5,5,2,15,3,10,5,4,B03,7,9,1,8,2,6,,21,21,1,13,4,120.657489,24.167827,2
7674,66000,387130000C,(04)23274275,(04)23288582,2025,11,20,7,27,臺中市,北屯區,0,2,0,7,2,6,50,4,1,1,5,4,6,6,2,1,10,5,5,2,16,3,10,1,1,C03,7,5,1,10,2,13,,84,84,1,13,4,120.68833,24.182113,2
7675,66000,387130000C,(04)23274275,(04)23288582,2025,11,20,7,28,臺中市,太平區,0,0,0,7,,,50,,,,,,,,,,,,,,,,,,,B03,,,1,,1,,,40,40,1,12,4,120.709448,24.15915,3
7676,66000,387130000C,(04)23274275,(04)23288582,2025,11,20,7,28,臺中市,烏日區,0,0,0,7,,,30,,,,,,,,,,,,,,11,,,,,B03,,,1,,1,,,8,8,1,13,4,120.613285,24.117881,3
7677,66000,387130000C,(04)23274275,(04)23288582,2025,11,20,7,31,臺中市,西區,0,0,0,7,,,50,,,,,,,,,,,,,,17,,,,,B02,,,1,,1,,,84,84,1,12,4,120.66172,24.147996,3
7678,66000,387130000C,(04)23274275,(04)23288582,2025,11,20,7,32,臺中市,南屯區,0,3,0,7,2,6,50,13,9,1,5,4,6,6,4,4,5,4,4,2,17,3,10,3,1,B03,7,1,1,8,2,5,,51,51,1,12,4,120.642955,24.152383,2
7679,66000,387130000C,(04)23274275,(04)23288582,2025,11,20,7,32,臺中市,北屯區,0,1,0,7,2,6,50,4,1,1,5,4,6,6,1,1,10,5,5,2,17,2,9,1,1,C03,7,9,1,10,2,11,,21,21,1,6,4,120.711355,24.1722,2
7680,66000,387130000C,(04)23274275,(04)23288582,2025,11,20,7,33,臺中市,北區,0,1,0,7,2,6,50,13,9,1,5,4,6,6,4,4,9,5,5,2,17,2,9,5,1,C03,7,9,1,10,2,11,,84,84,1,13,4,120.696028,24.160135,2
7681,66000,387130000C,(04)23274275,(04)23288582,2025,11,20,7,33,臺中市,南屯區,0,0,0,7,,,50,,,,,,,,,,,,,,17,,,,,B03,,,1,,1,,,40,40,1,12,4,120.627646,24.148104,3
7682,66000,387130000C,(04)23274275,(04)23288582,2025,11,20,7,33,臺中市,南屯區,0,0,0,7,,,50,,,,,,,,,,,,,,,,,,,B03,,,1,,1,,,84,84,1,12,4,120.588346,24.13909,3
7683,66000,387130000C,(04)23274275,(04)23288582,2025,11,20,7,33,臺中市,南屯區,0,2,0,7,2,6,50,4,1,1,5,4,6,6,1,1,9,4,5,2,12,2,9,3,1,B03,7,8,1,8,9,7,,40,40,1,12,4,120.634223,24.146265,2
7684,66000,387130000C,(04)23274275,(04)23288582,2025,11,20,7,33,臺中市,龍井區,0,0,0,7,,,50,,,,,,,,,,,,,,,,,,,C03,,,1,,2,,,40,40,1,6,4,120.523789,24.208283,3
7685,66000,387130000C,(04)23274275,(04)23288582,2025,11,20,7,34,臺中市,西屯區,0,1,0,7,1,6,50,4,9,1,5,4,6,6,2,1,1,4,5,2,13,3,10,5,4,B03,7,9,1,8,2,8,,7,7,1,12,4,120.651816,24.165933,2
7686,66000,387130000C,(04)23274275,(04)23288582,2025,11,20,7,35,臺中市,南屯區,0,0,0,7,,,50,,,,,,,,,,,,,,,,,,,C03,,,1,,1,,,7,7,1,12,4,120.628928,24.145016,3
7687,66000,387130000C,(04)23274275,(04)23288582,2025,11,20,7,35,臺中市,豐原區,0,1,0,7,1,6,50,3,1,1,5,4,6,6,1,1,5,4,5,1,17,3,10,1,1,C03,7,9,1,10,9,12,,8,8,2,6,4,120.717024,24.24943,2
7688,66000,387130000C,(04)23274275,(04)23288582,2025,11,20,7,36,臺中市,烏日區,0,2,0,7,2,6,50,3,2,1,5,4,6,6,1,1,10,5,5,2,13,2,9,1,1,C03,7,9,1,10,2,11,,7,7,1,6,4,120.638883,24.096085,2
7689,66000,387130000C,(04)23274275,(04)23288582,2025,11,20,7,36,臺中市,大甲區,0,0,0,7,,,40,,,,,,,,,,,,,,,,,,,B03,,,1,,1,,,84,84,1,12,4,120.62065,24.35479,3
7690,66000,387130000C,(04)23274275,(04)23288582,2025,11,20,7,37,臺中市,西屯區,0,0,0,7,2,6,50,13,9,1,5,4,6,6,4,4,10,5,5,2,14,,,,,B03,,,1,,1,,,49,49,1,13,4,120.593199,24.176873,3
7691,66000,387130000C,(04)23274275,(04)23288582,2025,11,20,7,38,臺中市,沙鹿區,0,1,0,7,2,6,30,5,1,1,5,4,6,6,1,1,10,5,5,2,17,3,10,1,1,C03,7,6,1,10,2,13,,48,48,1,12,4,120.574342,24.230012,2
7692,66000,387130000C,(04)23274275,(04)23288582,2025,11,20,7,39,臺中市,西屯區,0,0,0,7,,,50,,,,,,,,,,,,,,13,,,,,B03,,,1,,1,,,7,7,1,12,4,120.653018,24.195907,3
7693,66000,387130000C,(04)23274275,(04)23288582,2025,11,20,7,41,臺中市,南屯區,0,1,0,7,3,6,50,13,9,1,5,4,6,6,4,4,1,4,5,2,17,3,10,3,1,B03,7,1,1,8,2,4,,51,51,1,6,4,120.607877,24.145185,2
7694,66000,387130000C,(04)23274275,(04)23288582,2025,11,20,7,41,臺中市,大里區,0,2,0,7,2,6,50,4,2,1,5,4,6,6,1,1,10,5,5,1,16,2,9,1,1,C03,7,6,1,10,2,11,,11,11,1,12,4,120.671641,24.085668,2
7695,66000,387130000C,(04)23274275,(04)23288582,2025,11,20,7,41,臺中市,大里區,0,1,0,7,2,6,40,3,1,1,5,4,6,6,4,4,1,5,1,1,17,3,10,3,1,B03,7,5,1,8,2,2,,47,47,1,13,4,120.655241,24.088546,2
7696,66000,387130000C,(04)23274275,(04)23288582,2025,11,20,7,42,臺中市,南區,0,2,0,7,3,6,50,4,9,1,5,4,6,6,1,1,5,5,5,2,17,2,9,5,4,C03,7,9,1,10,2,11,,7,7,1,6,4,120.666256,24.12295,2
7697,66000,387130000C,(04)23274275,(04)23288582,2025,11,20,7,43,臺中市,南屯區,0,1,0,7,2,6,50,13,9,1,5,4,6,6,1,1,9,5,5,2,17,2,8,2,1,C03,7,9,1,10,2,11,,7,7,1,13,4,120.646789,24.146405,2
7698,66000,387130000C,(04)23274275,(04)23288582,2025,11,20,7,44,臺中市,北區,0,0,0,7,,,50,,,,,,,,,,,,,,17,,,,,C03,,,1,,2,,,40,40,1,13,4,120.672158,24.171061,3
7699,66000,387130000C,(04)23274275,(04)23288582,2025,11,20,7,45,臺中市,西屯區,0,0,0,7,,,50,,,,,,,,,,,,,,13,,,,,C03,,,1,,1,,,7,7,1,13,4,120.603148,24.192626,3
7700,66000,387130000C,(04)23274275,(04)23288582,2025,11,20,7,45,臺中市,沙鹿區,0,1,0,7,2,6,50,11,9,1,5,4,6,6,4,4,4,3,4,2,18,2,9,2,1,C03,7,9,1,10,2,12,,59,59,1,12,4,120.579832,24.242648,2
7701,66000,387130000C,(04)23274275,(04)23288582,2025,11,20,7,46,臺中市,潭子區,0,0,0,7,,,60,,,,,,,,,,,,,,13,,,,,B03,,,1,,2,,,84,84,1,13,4,120.702762,24.197049,3
7702,66000,387130000C,(04)23274275,(04)23288582,2025,11,20,7,47,臺中市,北屯區,0,1,0,7,2,6,50,4,1,1,5,4,6,6,1,1,10,5,5,2,12,2,9,2,1,C03,7,15,1,10,2,11,,42,42,1,13,4,120.714983,24.164043,2
7703,66000,387130000C,(04)23274275,(04)23288582,2025,11,20,7,48,臺中市,西屯區,0,0,0,7,,,50,,,,,,,,,,,,,,13,,,,,C03,,,1,,1,,,59,59,1,12,4,120.619393,24.175196,3
7704,66000,387130000C,(04)23274275,(04)23288582,2025,11,20,7,49,臺中市,太平區,0,1,0,7,2,6,50,13,9,1,5,4,6,6,2,1,5,5,5,2,17,3,10,5,4,B03,7,15,1,8,2,2,,76,76,1,13,4,120.713689,24.151718,2
7705,66000,387130000C,(04)23274275,(04)23288582,2025,11,20,7,50,臺中市,神岡區,0,1,0,7,3,6,50,13,9,1,5,4,6,6,4,4,9,5,5,2,12,2,8,1,1,C03,7,9,1,10,2,11,,7,7,1,13,4,120.694012,24.231394,2
7706,66000,387130000C,(04)23274275,(04)23288582,2025,11,20,7,51,臺中市,南區,0,2,0,7,2,6,50,4,1,1,5,4,6,6,4,4,10,5,5,2,16,2,9,1,1,C03,7,6,1,10,2,11,,14,14,1,12,4,120.673018,24.1306,2
7707,66000,387130000C,(04)23274275,(04)23288582,2025,11,20,7,51,臺中市,西屯區,0,0,0,7,,,50,,,,,,,,,,,,,,13,,,,,C02,,,3,,1,,,7,7,1,13,4,120.628057,24.183525,3
7708,66000,387130000C,(04)23274275,(04)23288582,2025,11,20,7,51,臺中市,沙鹿區,0,0,0,7,,,60,,,,,,,,,,,,,,,,,,,A12,,,1,,2,,,59,59,1,12,4,120.599313,24.248937,3
7709,66000,387130000C,(04)23274275,(04)23288582,2025,11,20,7,52,臺中市,西屯區,0,0,0,7,,,30,,,,,,,,,,,,,,14,,,,,C03,,,1,,1,,,49,49,1,12,4,120.661436,24.167932,3
7710,66000,387130000C,(04)23274275,(04)23288582,2025,11,20,7,52,臺中市,大甲區,0,2,0,7,2,6,50,4,9,1,5,4,6,6,4,4,6,3,5,1,11,2,9,1,1,F03,7,6,7,21,2,12,,14,14,1,12,4,120.648399,24.403261,2
7711,66000,387130000C,(04)23274275,(04)23288582,2025,11,20,7,53,臺中市,大里區,0,1,0,7,2,6,50,4,2,1,5,4,6,6,3,1,5,5,4,2,12,3,10,3,1,B03,7,9,1,8,2,5,,8,8,1,13,4,120.677181,24.097543,2
7712,66000,387130000C,(04)23274275,(04)23288582,2025,11,20,7,53,臺中市,梧棲區,0,1,0,7,2,6,50,4,1,1,5,4,6,6,4,4,10,5,5,2,16,4,11,1,1,C03,7,1,3,19,2,14,,51,51,1,12,4,120.538389,24.248172,2
7713,66000,387130000C,(04)23274275,(04)23288582,2025,11,20,7,53,臺中市,豐原區,0,0,0,7,,,50,,,,,,,,,,,,,,13,,,,,B03,,,5,,2,,,84,84,1,12,4,120.749112,24.267987,3
7714,66000,387130000C,(04)23274275,(04)23288582,2025,11,20,7,54,臺中市,北屯區,0,0,0,7,,,50,,,,,,,,,,,,,,17,,,,,B12,,,1,,1,,,50,50,1,12,4,120.703348,24.171211,3
7715,66000,387130000C,(04)23274275,(04)23288582,2025,11,20,7,55,臺中市,北屯區,0,1,0,7,3,6,50,13,9,1,5,4,6,6,4,4,5,5,5,2,17,2,9,2,1,C03,7,9,1,10,2,12,,84,84,1,6,4,120.704483,24.170833,2
7716,66000,387130000C,(04)23274275,(04)23288582,2025,11,20,7,55,臺中市,西屯區,0,1,0,7,2,6,30,13,9,1,5,4,6,6,4,4,10,5,5,2,11,3,10,5,4,B03,7,6,1,8,2,8,,48,48,1,13,4,120.614403,24.194662,2
7717,66000,387130000C,(04)23274275,(04)23288582,2025,11,20,7,55,臺中市,大里區,0,2,0,7,2,6,50,13,9,1,5,4,6,6,4,4,5,5,5,1,16,2,9,5,4,C03,7,21,1,10,2,11,,84,84,1,12,4,120.727587,24.088687,2
7718,66000,387130000C,(04)23274275,(04)23288582,2025,11,20,7,57,臺中市,豐原區,0,1,0,7,2,6,50,4,3,1,5,4,6,6,2,1,5,5,5,1,16,2,7,1,1,C03,7,9,1,10,2,14,,39,39,1,12,4,120.71289,24.262037,2
7719,66000,387130000C,(04)23274275,(04)23288582,2025,11,20,7,58,臺中市,西區,0,1,0,7,2,6,40,13,8,1,5,4,6,6,4,4,1,4,4,2,18,2,9,2,1,C03,7,9,1,10,2,12,,84,84,1,12,4,120.657557,24.15323,2
7720,66000,387130000C,(04)23274275,(04)23288582,2025,11,20,7,58,臺中市,北區,0,0,0,7,3,6,50,18,24,5,5,4,6,6,4,4,5,5,5,2,17,,,,,B03,,,1,,2,,,59,59,1,13,4,120.66923,24.159247,3
7721,66000,387130000C,(04)23274275,(04)23288582,2025,11,20,7,58,臺中市,烏日區,0,0,0,7,,3,80,,,,,,,,,,,,,,13,,,,,B03,,,1,,2,,,7,7,1,13,4,120.616521,24.107356,3
7722,66000,387130000C,(04)23274275,(04)23288582,2025,11,20,8,0,臺中市,北屯區,0,1,0,7,2,6,50,13,9,1,5,4,6,6,4,4,1,4,5,2,13,3,10,1,1,C03,7,9,1,10,2,13,,7,7,1,6,4,120.670532,24.201526,2
7723,66000,387130000C,(04)23274275,(04)23288582,2025,11,20,8,0,臺中市,大甲區,0,2,0,7,2,6,50,13,9,1,5,4,6,6,4,4,5,5,5,1,11,2,7,2,1,C03,7,6,1,10,2,14,,39,39,1,6,4,120.620642,24.342237,2
7724,66000,387130000C,(04)23274275,(04)23288582,2025,11,20,8,0,臺中市,石岡區,0,0,0,7,,,70,,,,,,,,,,,,,,13,,,,,B03,,,1,,1,,,7,7,1,13,4,120.772041,24.274915,3
7725,66000,387130000C,(04)23274275,(04)23288582,2025,11,20,8,3,臺中市,北屯區,0,2,0,7,2,6,50,13,9,1,5,4,6,6,4,4,1,4,4,2,13,2,9,1,1,C03,7,9,1,10,2,11,,7,7,1,6,4,120.710845,24.164796,2
7726,66000,387130000C,(04)23274275,(04)23288582,2025,11,20,8,3,臺中市,霧峰區,0,1,0,7,3,6,50,4,1,1,5,4,6,6,4,4,3,4,4,1,16,2,9,1,1,C03,7,9,1,10,2,14,,37,37,1,12,4,120.69639,24.06864,2
7727,66000,387130000C,(04)23274275,(04)23288582,2025,11,20,8,5,臺中市,神岡區,0,0,0,7,,,50,,,,,,,,,,,,,,17,,,,,B03,,,1,,2,,,84,84,1,6,4,120.686823,24.247206,3
7728,66000,387130000C,(04)23274275,(04)23288582,2025,11,20,8,6,臺中市,北區,0,2,0,7,2,6,30,4,1,1,5,4,6,6,4,4,10,5,5,2,15,2,9,5,4,C03,7,9,1,10,2,14,,20,20,1,13,4,120.678098,24.170544,2
7729,66000,387130000C,(04)23274275,(04)23288582,2025,11,20,8,6,臺中市,沙鹿區,0,0,0,7,,,50,,,,,,,,,,,,,,,,,,,B03,,,1,,2,,,7,7,1,13,4,120.575195,24.260842,3
7730,66000,387130000C,(04)23274275,(04)23288582,2025,11,20,8,9,臺中市,太平區,0,1,0,7,2,6,30,4,2,1,5,4,6,6,3,1,10,5,5,2,12,3,10,3,1,B03,7,5,1,8,2,5,,84,84,1,12,4,120.724006,24.142167,2
7731,66000,387130000C,(04)23274275,(04)23288582,2025,11,20,8,11,臺中市,西區,0,1,0,7,2,6,50,4,2,1,5,4,6,6,2,1,5,4,5,1,17,3,10,2,1,C03,7,9,1,10,2,11,,84,84,1,13,4,120.668202,24.14786,2
7732,66000,387130000C,(04)23274275,(04)23288582,2025,11,20,8,12,臺中市,西區,0,0,0,7,,,50,,,,,,,,,,,,,,12,,,,,B03,,,1,,2,,,84,84,1,12,4,120.66575,24.136558,3
7733,66000,387130000C,(04)23274275,(04)23288582,2025,11,20,8,12,臺中市,南屯區,0,1,0,7,3,6,50,4,2,1,5,4,6,6,2,1,5,5,5,2,13,2,8,1,1,C03,7,9,1,10,2,11,,7,7,1,6,4,120.612305,24.138412,2
7734,66000,387130000C,(04)23274275,(04)23288582,2025,11,20,8,15,臺中市,潭子區,0,0,0,7,,,50,,,,,,,,,,,,,,,,,,,B02,,,1,,2,,,8,8,1,13,4,120.708215,24.20691,3
7735,66000,387130000C,(04)23274275,(04)23288582,2025,11,20,8,15,臺中市,太平區,0,0,0,7,,,50,,,,,,,,,,,,,,,,,,,A11,,,1,,1,,,8,8,1,13,4,120.712709,24.145422,3
7736,66000,387130000C,(04)23274275,(04)23288582,2025,11,20,8,16,臺中市,南屯區,0,1,0,7,2,6,50,4,1,1,5,4,6,6,4,4,9,5,5,2,17,3,10,3,1,B03,7,11,1,8,2,2,,45,45,1,13,4,120.64383,24.13775,2
7737,66000,387130000C,(04)23274275,(04)23288582,2025,11,20,8,18,臺中市,北區,0,1,0,7,2,6,50,3,1,1,5,4,6,6,1,1,5,4,5,2,17,3,10,5,1,B01,7,11,1,4,2,8,,45,45,1,13,4,120.681097,24.157585,2
7738,66000,387130000C,(04)23274275,(04)23288582,2025,11,20,8,20,臺中市,沙鹿區,0,2,0,7,2,6,40,13,8,1,5,4,6,6,1,1,1,3,1,2,12,2,9,2,1,C03,7,7,1,10,2,12,,40,40,1,12,4,120.580123,24.217178,2
7739,66000,387130000C,(04)23274275,(04)23288582,2025,11,20,8,20,臺中市,大甲區,0,1,0,7,2,6,50,4,1,1,5,4,6,6,4,4,10,5,5,2,16,3,10,3,1,B12,7,6,1,8,2,2,,20,20,1,6,4,120.61816,24.351399,2
7740,66000,387130000C,(04)23274275,(04)23288582,2025,11,20,8,21,臺中市,大雅區,0,1,0,7,2,6,30,3,1,1,5,4,6,6,4,4,10,5,5,1,16,3,10,3,1,B03,7,6,1,8,2,1,,14,14,1,13,4,120.651129,24.218693,2
7741,66000,387130000C,(04)23274275,(04)23288582,2025,11,20,8,22,臺中市,西屯區,0,2,0,7,2,6,40,4,8,1,5,4,6,6,2,1,5,5,4,2,13,2,9,1,1,C03,7,9,1,10,2,11,,7,7,1,13,4,120.662936,24.16354,2
7742,66000,387130000C,(04)23274275,(04)23288582,2025,11,20,8,27,臺中市,北屯區,0,0,0,7,,,50,,,,,,,,,,,,,,,,,,,C03,,,1,,1,,,83,83,1,6,4,120.67508,24.202509,3
7743,66000,387130000C,(04)23274275,(04)23288582,2025,11,20,8,29,臺中市,東區,0,0,0,7,,,50,,,,,,,,,,,,,,,,,,,A12,,,1,,1,,,43,43,1,12,4,120.69226,24.129749,3
7744,66000,387130000C,(04)23274275,(04)23288582,2025,11,20,8,31,臺中市,梧棲區,0,1,0,7,3,6,30,3,9,1,5,4,6,6,4,4,10,5,5,2,16,3,10,3,1,B03,7,5,1,8,2,1,,14,14,1,6,4,120.538413,24.244334,2