序號,縣市別代碼,機關代碼,市話,傳真,年,月,日,時,分,縣市,區,死亡數量,受傷數量,2-30,天候,道路照明設備,道路類別,道路速限,道路型態,事故位置,路面鋪裝,路面狀態,路面缺陷,障礙物,視距,號誌種類,號誌動作,分向設施,快車道或一般車道間,快慢車道間,路面邊線,事故類型及型態,受傷程度,主要傷處,保護裝備,行動電話或功能裝置,當事者區分(類別),車輛用途,當事者行動狀態,駕照狀態,駕照種類,飲酒情形,車輛撞擊部位最初,車輛撞擊部位其他,肇事因素個別,肇事因素主要,肇事逃逸,職業,共享經濟或外送平台,GPS座標X,GPS座標Y,事故類別
7745,66000,387130000C,(04)23274275,(04)23288582,2025,11,20,8,40,臺中市,太平區,0,1,0,7,2,6,50,4,1,1,5,4,6,6,1,1,5,4,4,2,17,3,10,3,1,B12,7,5,1,7,2,5,,11,11,1,12,4,120.734236,24.148395,2
7746,66000,387130000C,(04)23274275,(04)23288582,2025,11,20,8,42,臺中市,霧峰區,0,2,0,7,2,6,30,4,1,1,5,4,6,6,1,1,5,5,5,2,16,2,9,1,1,C03,7,6,1,10,2,11,,11,11,1,6,4,120.66449,24.047929,2
7747,66000,387130000C,(04)23274275,(04)23288582,2025,11,20,8,43,臺中市,南屯區,0,1,0,7,2,6,50,4,2,1,5,4,6,6,3,1,5,4,4,2,17,2,9,2,1,C03,7,9,1,10,2,11,,7,7,1,12,4,120.648723,24.146782,2
7748,66000,387130000C,(04)23274275,(04)23288582,2025,11,20,8,45,臺中市,西區,0,2,0,7,2,6,50,4,9,1,5,4,6,6,4,4,5,4,5,2,17,2,9,2,1,C03,7,9,1,10,2,11,,84,84,1,12,4,120.668198,24.147337,2
7749,66000,387130000C,(04)23274275,(04)23288582,2025,11,20,8,46,臺中市,潭子區,0,1,0,7,2,6,60,13,14,1,5,4,6,6,4,4,1,4,4,1,17,2,9,1,1,C03,7,9,1,10,2,11,,59,59,1,13,4,120.687975,24.215617,2
7750,66000,387130000C,(04)23274275,(04)23288582,2025,11,20,8,46,臺中市,霧峰區,0,0,0,7,,,30,,,,,,,,,,,,,,14,,,,,B03,,,1,,2,,,49,49,1,12,4,120.700985,24.069632,3
7751,66000,387130000C,(04)23274275,(04)23288582,2025,11,20,8,46,臺中市,烏日區,0,1,0,7,2,6,30,3,1,1,5,4,6,6,4,4,10,5,5,2,13,2,8,1,1,C03,7,9,1,10,2,11,12,84,84,1,6,2,120.605806,24.118333,2
7752,66000,387130000C,(04)23274275,(04)23288582,2025,11,20,8,47,臺中市,西區,0,1,0,7,2,6,40,13,8,1,5,4,6,6,4,4,1,4,3,2,13,3,10,2,1,C03,7,9,1,10,2,11,,84,84,1,12,4,120.657928,24.157685,2
7753,66000,387130000C,(04)23274275,(04)23288582,2025,11,20,8,55,臺中市,西區,0,1,0,7,2,6,50,4,1,1,5,4,6,6,1,1,10,5,5,2,17,2,9,5,4,C03,7,1,1,10,2,15,,51,51,1,12,4,120.672721,24.1359,2
7754,66000,387130000C,(04)23274275,(04)23288582,2025,11,20,8,57,臺中市,北區,0,1,0,7,2,6,50,3,9,1,5,4,6,6,4,4,5,5,5,2,17,3,10,5,4,B03,7,11,1,8,2,7,,39,39,1,13,4,120.698461,24.157115,2
7755,66000,387130000C,(04)23274275,(04)23288582,2025,11,20,9,3,臺中市,西屯區,0,0,0,7,,,30,,,,,,,,,,,,,,12,,,,,B12,,,1,,2,,,8,8,1,13,4,120.644775,24.181947,3
7756,66000,387130000C,(04)23274275,(04)23288582,2025,11,20,9,7,臺中市,西屯區,0,0,0,7,,,50,,,,,,,,,,,,,,13,,,,,A04,,,1,,1,,,59,59,1,12,4,120.635989,24.169183,3
7757,66000,387130000C,(04)23274275,(04)23288582,2025,11,20,9,9,臺中市,南屯區,0,1,0,7,3,6,50,13,8,1,5,4,6,6,2,1,1,2,1,2,18,2,9,1,1,C03,7,12,1,10,2,14,,59,59,1,6,4,120.623227,24.140194,2
7758,66000,387130000C,(04)23274275,(04)23288582,2025,11,20,9,10,臺中市,北區,0,1,0,7,3,6,50,3,1,1,5,4,6,6,4,4,10,5,5,2,17,2,8,5,4,C03,7,9,1,10,2,11,,7,7,1,13,4,120.68152,24.150844,2
7759,66000,387130000C,(04)23274275,(04)23288582,2025,11,20,9,14,臺中市,北區,0,0,0,7,,,50,,,,,,,,,,,,,,16,,,,,C03,,,1,,2,,,47,47,1,13,4,120.685211,24.152953,3
7760,66000,387130000C,(04)23274275,(04)23288582,2025,11,20,9,14,臺中市,南區,0,0,0,7,,,50,,,,,,,,,,,,,,,,,,,B01,,,1,,1,,,7,7,1,6,4,120.650059,24.120652,3
7761,66000,387130000C,(04)23274275,(04)23288582,2025,11,20,9,14,臺中市,沙鹿區,0,0,0,7,,,40,,,,,,,,,,,,,,,,,,,A41,,,1,,2,,,7,7,1,12,4,120.569122,24.238527,3
7762,66000,387130000C,(04)23274275,(04)23288582,2025,11,20,9,15,臺中市,北區,0,1,0,7,2,6,50,13,9,1,5,4,6,6,4,4,5,4,5,2,17,2,9,5,1,C04,7,9,1,10,2,14,,7,7,1,13,4,120.669602,24.16714,2
7763,66000,387130000C,(04)23274275,(04)23288582,2025,11,20,9,15,臺中市,南屯區,0,1,0,7,2,6,50,13,9,1,5,4,6,6,4,4,9,5,5,2,9,3,10,3,1,B03,7,9,1,8,2,1,,59,59,1,13,4,120.643954,24.130784,2
7764,66000,387130000C,(04)23274275,(04)23288582,2025,11,20,9,16,臺中市,西屯區,0,0,0,7,,,60,,,,,,,,,,,,,,13,,,,,B03,,,1,,1,,,7,7,1,12,4,120.648017,24.163534,3
7765,66000,387130000C,(04)23274275,(04)23288582,2025,11,20,9,16,臺中市,大肚區,0,1,0,7,2,6,50,3,1,1,5,4,6,6,4,4,10,5,5,2,16,3,10,3,1,B03,7,6,1,8,2,1,,84,84,1,12,4,120.537402,24.160322,2
7766,66000,387130000C,(04)23274275,(04)23288582,2025,11,20,9,17,臺中市,北屯區,0,0,0,7,,,50,,,,,,,,,,,,,,17,,,,,,,,,,,,,86,86,2,,,120.677598,24.173481,3
7767,66000,387130000C,(04)23274275,(04)23288582,2025,11,20,9,24,臺中市,龍井區,0,1,0,7,2,6,30,3,1,1,5,4,6,6,4,4,10,5,5,2,16,2,9,1,1,C03,7,6,1,10,2,12,,14,14,1,6,4,120.575909,24.183255,2
7768,66000,387130000C,(04)23274275,(04)23288582,2025,11,20,9,25,臺中市,南屯區,0,0,0,7,,,50,,,,,,,,,,,,,,,,,,,B03,,,1,,1,,,7,7,1,12,4,120.623399,24.135649,3
7769,66000,387130000C,(04)23274275,(04)23288582,2025,11,20,9,32,臺中市,南區,0,1,0,7,3,6,30,13,9,1,5,4,6,6,4,4,10,5,5,2,17,2,9,5,4,C03,7,9,1,10,2,11,,84,84,1,6,4,120.654339,24.124266,2
7770,66000,387130000C,(04)23274275,(04)23288582,2025,11,20,9,32,臺中市,南屯區,0,0,0,7,,,50,,,,,,,,,,,,,,17,,,,,B12,,,1,,2,,,40,40,1,6,4,120.639849,24.151299,3
7771,66000,387130000C,(04)23274275,(04)23288582,2025,11,20,9,36,臺中市,沙鹿區,0,0,0,7,,,40,,,,,,,,,,,,,,,,,,,B03,,,1,,2,,,47,47,1,13,4,120.571274,24.23617,3
7772,66000,387130000C,(04)23274275,(04)23288582,2025,11,20,9,40,臺中市,神岡區,0,1,0,7,2,6,50,4,19,1,5,4,6,6,1,1,10,5,5,2,3,3,10,5,4,B03,7,6,1,8,9,1,,10,10,1,12,4,120.681805,24.249906,2
7773,66000,387130000C,(04)23274275,(04)23288582,2025,11,20,9,41,臺中市,北屯區,0,0,0,7,,,50,,,,,,,,,,,,,,17,,,,,B01,,,1,,2,,,59,59,1,6,4,120.69436,24.170521,3
7774,66000,387130000C,(04)23274275,(04)23288582,2025,11,20,9,41,臺中市,大里區,0,2,0,7,2,6,50,13,9,1,5,4,6,6,4,4,5,4,5,1,17,2,9,1,1,C03,7,5,1,10,2,12,,84,84,1,12,4,120.687691,24.120728,2
7775,66000,387130000C,(04)23274275,(04)23288582,2025,11,20,9,41,臺中市,太平區,0,1,0,7,2,6,50,3,1,1,5,4,6,6,4,4,10,5,5,2,16,2,9,1,4,C03,7,6,1,10,2,12,,14,14,1,13,4,120.715604,24.141683,2
7776,66000,387130000C,(04)23274275,(04)23288582,2025,11,20,9,51,臺中市,南區,0,3,0,7,2,6,50,13,9,1,5,4,6,6,4,4,9,5,5,2,17,2,9,1,1,C03,7,15,1,10,2,11,,42,42,1,12,4,120.657944,24.116823,2
7777,66000,387130000C,(04)23274275,(04)23288582,2025,11,20,9,54,臺中市,西屯區,0,1,0,7,2,6,50,4,2,1,5,4,6,6,2,1,1,4,5,2,13,3,10,5,4,B12,7,9,1,8,2,1,,7,7,1,13,4,120.635879,24.181852,2
7778,66000,387130000C,(04)23274275,(04)23288582,2025,11,20,9,55,臺中市,南區,0,0,0,7,,,50,,,,,,,,,,,,,,,,,,,F03,,,1,,2,,,84,84,1,12,4,120.682846,24.13453,3
7779,66000,387130000C,(04)23274275,(04)23288582,2025,11,20,9,55,臺中市,西屯區,0,1,0,7,2,6,50,4,1,1,5,4,6,6,1,1,10,5,5,2,16,2,9,1,1,C03,7,6,1,10,2,14,,48,48,1,13,4,120.638376,24.177292,2
7780,66000,387130000C,(04)23274275,(04)23288582,2025,11,20,9,56,臺中市,西屯區,0,0,0,7,,,50,,,,,,,,,,,,,,13,,,,,C03,,,1,,1,,,7,7,1,12,2,120.649131,24.193699,3
7781,66000,387130000C,(04)23274275,(04)23288582,2025,11,20,9,56,臺中市,西屯區,0,0,0,7,,,40,,,,,,,,,,,,,,13,,,,,C03,,,1,,2,,,7,7,1,13,4,120.650633,24.164377,3
7782,66000,387130000C,(04)23274275,(04)23288582,2025,11,20,9,56,臺中市,豐原區,0,1,0,7,2,6,60,4,2,1,5,4,6,6,1,1,1,4,4,1,13,2,9,5,4,C03,7,9,1,10,2,11,,7,7,1,12,4,120.703167,24.241123,2
7783,66000,387130000C,(04)23274275,(04)23288582,2025,11,20,10,0,臺中市,豐原區,0,0,0,7,,,50,,,,,,,,,,,,,,17,,,,,A32,,,1,,1,,,84,84,1,6,4,120.72241,24.277861,3
7784,66000,387130000C,(04)23274275,(04)23288582,2025,11,20,10,1,臺中市,大里區,0,1,0,7,2,6,30,4,1,1,5,4,6,6,4,4,10,5,5,2,17,3,10,5,4,C03,7,9,1,10,2,12,,15,15,1,12,4,120.70891,24.084845,2
7785,66000,387130000C,(04)23274275,(04)23288582,2025,11,20,10,4,臺中市,西區,0,1,0,7,2,6,50,13,9,1,5,4,6,6,4,4,10,5,5,1,17,3,10,3,1,B12,7,9,1,8,2,1,,84,84,1,13,4,120.65585,24.143087,2
7786,66000,387130000C,(04)23274275,(04)23288582,2025,11,20,10,5,臺中市,烏日區,0,1,0,7,2,6,50,3,2,1,5,4,6,6,4,4,1,4,4,2,16,3,10,5,4,B02,7,5,1,8,2,6,,20,20,1,13,4,120.649003,24.111127,2
7787,66000,387130000C,(04)23274275,(04)23288582,2025,11,20,10,6,臺中市,東區,0,0,0,7,,,50,,,,,,,,,,,,,,,,,,,A12,,,1,,2,,,11,11,1,6,4,120.701029,24.144602,3
7788,66000,387130000C,(04)23274275,(04)23288582,2025,11,20,10,7,臺中市,大雅區,0,1,0,7,2,6,50,4,1,1,5,4,6,6,1,1,5,5,5,1,12,3,10,3,1,B03,7,5,1,8,2,2,,84,84,1,13,4,120.660905,24.215506,2
7789,66000,387130000C,(04)23274275,(04)23288582,2025,11,20,10,8,臺中市,大雅區,0,0,0,7,,,50,,,,,,,,,,,,,,,,,,,B02,,,1,,2,,,14,14,1,12,4,120.64547,24.236995,3
7790,66000,387130000C,(04)23274275,(04)23288582,2025,11,20,10,9,臺中市,北屯區,0,0,0,7,,,50,,,,,,,,,,,,,,17,,,,,B03,,,3,,2,,,84,84,1,13,4,120.685344,24.175852,3
7791,66000,387130000C,(04)23274275,(04)23288582,2025,11,20,10,9,臺中市,烏日區,0,0,0,7,,,30,,,,,,,,,,,,,,17,,,,,B03,,,1,,2,,,49,49,1,6,4,120.627809,24.078246,3
7792,66000,387130000C,(04)23274275,(04)23288582,2025,11,20,10,10,臺中市,北屯區,0,0,0,7,,,50,,,,,,,,,,,,,,13,,,,,B12,,,1,,2,,,59,59,1,6,4,120.723773,24.165195,3
7793,66000,387130000C,(04)23274275,(04)23288582,2025,11,20,10,10,臺中市,太平區,0,0,0,7,,,30,,,,,,,,,,,,,,11,,,,,B03,,,1,,2,,,8,8,1,12,4,120.711637,24.125786,3
7794,66000,387130000C,(04)23274275,(04)23288582,2025,11,20,10,14,臺中市,北屯區,0,2,0,7,2,6,30,4,1,1,5,4,6,6,4,4,10,5,5,2,15,2,9,1,1,C03,7,9,1,10,2,11,,15,15,1,6,4,120.669386,24.174784,2
7795,66000,387130000C,(04)23274275,(04)23288582,2025,11,20,10,17,臺中市,北屯區,0,0,0,7,,3,40,,,,,,,,,,,,,,,,,,,A12,,,1,,9,,,8,8,2,6,4,120.687376,24.201224,3
7796,66000,387130000C,(04)23274275,(04)23288582,2025,11,20,10,17,臺中市,東勢區,0,0,0,7,,,50,,,,,,,,,,,,,,13,,,,,B03,,,1,,1,,,7,7,1,13,4,120.826335,24.260519,3
7797,66000,387130000C,(04)23274275,(04)23288582,2025,11,20,10,19,臺中市,東區,0,2,0,7,3,6,50,4,9,1,5,4,6,6,2,1,5,5,5,2,16,2,9,5,4,C03,7,5,1,10,2,12,,20,20,1,6,4,120.685536,24.129767,2
7798,66000,387130000C,(04)23274275,(04)23288582,2025,11,20,10,20,臺中市,北區,0,0,0,7,,,50,,,,,,,,,,,,,,13,,,,,C03,,,1,,1,,,7,7,1,13,4,120.683615,24.15022,3
7799,66000,387130000C,(04)23274275,(04)23288582,2025,11,20,10,20,臺中市,神岡區,0,0,0,7,,,30,,,,,,,,,,,,,,12,,,,,B03,,,1,,1,,,8,8,1,13,4,120.695565,24.245752,3
7800,66000,387130000C,(04)23274275,(04)23288582,2025,11,20,10,21,臺中市,潭子區,0,1,0,7,2,6,30,4,1,1,5,4,6,6,4,4,10,5,5,2,15,2,9,1,1,C03,7,9,1,10,2,11,,12,12,1,13,4,120.693297,24.217651,2
7801,66000,387130000C,(04)23274275,(04)23288582,2025,11,20,10,25,臺中市,北區,0,0,0,7,3,9,50,18,24,1,5,4,6,6,4,4,10,5,5,2,17,,,,,B03,,,1,,1,,,8,8,1,13,4,120.670645,24.156351,3
7802,66000,387130000C,(04)23274275,(04)23288582,2025,11,20,10,27,臺中市,南區,0,1,0,7,2,6,30,13,9,1,5,4,6,6,4,4,10,5,5,2,17,3,10,3,1,B03,7,15,1,8,2,5,,42,42,1,12,4,120.667477,24.123808,2
7803,66000,387130000C,(04)23274275,(04)23288582,2025,11,20,10,30,臺中市,西屯區,0,1,0,7,1,6,50,4,2,1,5,4,6,6,2,1,4,1,5,1,12,2,9,2,1,C03,7,9,1,10,2,14,,59,59,1,12,4,120.613216,24.171574,2
7804,66000,387130000C,(04)23274275,(04)23288582,2025,11,20,10,34,臺中市,霧峰區,0,0,0,7,,,30,,,,,,,,,,,,,,,,,,,C03,,,1,,1,,,41,41,1,13,4,120.713376,24.071649,3
7805,66000,387130000C,(04)23274275,(04)23288582,2025,11,20,10,35,臺中市,東區,0,0,0,7,,,50,,,,,,,,,,,,,,,,,,,B03,,,1,,2,,,50,50,1,12,4,120.698606,24.133711,3
7806,66000,387130000C,(04)23274275,(04)23288582,2025,11,20,10,35,臺中市,豐原區,0,1,0,7,1,6,50,4,1,1,5,4,6,6,4,4,5,5,5,2,17,2,9,1,1,C03,7,9,1,10,2,11,,13,13,1,6,4,120.73382,24.247705,2
7807,66000,387130000C,(04)23274275,(04)23288582,2025,11,20,10,36,臺中市,東區,0,1,0,7,3,6,50,3,1,1,5,4,6,6,4,4,9,5,5,2,16,2,9,2,1,C03,7,1,1,10,2,11,,51,51,1,12,4,120.698205,24.140247,2
7808,66000,387130000C,(04)23274275,(04)23288582,2025,11,20,10,40,臺中市,太平區,0,0,0,7,,,30,,,,,,,,,,,,,,,,,,,C03,,,1,,2,,,49,49,1,13,4,120.748556,24.124814,3
7809,66000,387130000C,(04)23274275,(04)23288582,2025,11,20,10,43,臺中市,北屯區,0,0,0,7,,,60,,,,,,,,,,,,,,13,,,,,B03,,,1,,1,,,59,59,1,12,4,120.720649,24.162726,3
7810,66000,387130000C,(04)23274275,(04)23288582,2025,11,20,10,45,臺中市,北區,0,1,0,7,2,6,50,4,1,1,5,4,6,6,3,1,1,4,5,2,17,3,10,5,1,B03,7,9,1,8,2,5,,7,7,1,13,4,120.697351,24.155613,2
7811,66000,387130000C,(04)23274275,(04)23288582,2025,11,20,10,45,臺中市,東區,0,0,0,7,,,50,,,,,,,,,,,,,,,,,,,B03,,,1,,1,,,50,50,1,6,4,120.698444,24.127128,3
7812,66000,387130000C,(04)23274275,(04)23288582,2025,11,20,10,46,臺中市,西區,0,0,0,7,,,50,,,,,,,,,,,,,,12,,,,,B12,,,1,,9,,,84,84,1,12,4,120.654773,24.152834,3
7813,66000,387130000C,(04)23274275,(04)23288582,2025,11,20,10,50,臺中市,東區,0,0,0,7,,,50,,,,,,,,,,,,,,13,,,,,C03,,,1,,1,,,7,7,1,12,4,120.693171,24.140533,3
7814,66000,387130000C,(04)23274275,(04)23288582,2025,11,20,10,50,臺中市,霧峰區,0,2,0,7,2,6,50,4,1,1,5,4,6,6,1,1,10,5,5,2,3,3,10,3,1,B03,7,5,5,19,2,1,,10,10,1,12,4,120.700487,24.061381,2
7815,66000,387130000C,(04)23274275,(04)23288582,2025,11,20,10,51,臺中市,東區,0,1,0,7,2,6,50,3,2,1,5,4,6,6,4,4,9,5,5,2,17,2,9,6,1,F01,7,9,7,21,2,14,,84,84,1,12,4,120.689656,24.134014,2
7816,66000,387130000C,(04)23274275,(04)23288582,2025,11,20,10,55,臺中市,烏日區,0,0,0,7,,,30,,,,,,,,,,,,,,22,,,,,B03,,,1,,2,,,59,59,1,13,4,120.638492,24.070792,3
7817,66000,387130000C,(04)23274275,(04)23288582,2025,11,20,10,56,臺中市,西區,0,1,0,7,2,6,50,4,2,1,5,4,6,6,3,1,5,4,4,2,9,3,10,5,4,A04,7,15,1,2,2,15,,85,85,1,12,4,120.664929,24.132027,2
7818,66000,387130000C,(04)23274275,(04)23288582,2025,11,20,10,58,臺中市,北區,0,2,0,7,2,6,50,3,1,1,5,4,6,6,1,1,10,5,5,2,16,2,9,5,4,C03,7,11,1,10,2,14,,39,39,1,13,4,120.688367,24.156786,2
7819,66000,387130000C,(04)23274275,(04)23288582,2025,11,20,10,58,臺中市,烏日區,0,1,0,7,2,6,50,4,1,1,5,4,6,6,2,1,10,5,5,2,12,2,8,1,1,C03,7,5,1,10,2,12,,47,47,1,6,4,120.622068,24.10642,2
7820,66000,387130000C,(04)23274275,(04)23288582,2025,11,20,11,0,臺中市,西區,0,1,0,7,2,6,30,13,9,1,5,4,6,6,4,4,10,5,5,2,18,2,9,2,1,C03,7,11,1,10,2,11,,45,45,1,12,4,120.661522,24.147282,2
7821,66000,387130000C,(04)23274275,(04)23288582,2025,11,20,11,5,臺中市,梧棲區,0,0,0,7,,,40,,,,,,,,,,,,,,12,,,,,B03,,,1,,1,,,40,40,1,12,4,120.551732,24.244463,3
7822,66000,387130000C,(04)23274275,(04)23288582,2025,11,20,11,9,臺中市,清水區,0,1,0,7,3,6,60,13,9,1,5,4,6,6,4,4,1,5,5,1,12,3,10,1,1,C03,7,9,1,10,2,14,,59,59,1,12,4,120.549731,24.284132,2
7823,66000,387130000C,(04)23274275,(04)23288582,2025,11,20,11,10,臺中市,北區,0,1,0,7,3,6,50,18,24,1,5,4,6,6,2,1,10,5,5,2,18,2,9,5,4,C03,7,14,1,10,2,12,,54,54,1,13,4,120.676899,24.165093,2
7824,66000,387130000C,(04)23274275,(04)23288582,2025,11,20,11,10,臺中市,清水區,0,0,0,7,,,30,,,,,,,,,,,,,,17,,,,,B03,,,1,,1,,,8,8,1,12,4,120.60822,24.305144,3
7825,66000,387130000C,(04)23274275,(04)23288582,2025,11,20,11,11,臺中市,龍井區,0,0,0,7,,,50,,,,,,,,,,,,,,14,,,,,B03,,,1,,1,,,49,49,1,6,4,120.583352,24.179648,3
7826,66000,387130000C,(04)23274275,(04)23288582,2025,11,20,11,16,臺中市,北屯區,0,0,0,7,,,30,,,,,,,,,,,,,,17,,,,,G07,,,1,,2,,,84,84,1,6,4,120.67052,24.176043,3
7827,66000,387130000C,(04)23274275,(04)23288582,2025,11,20,11,18,臺中市,西屯區,0,2,0,7,2,6,50,3,19,1,5,4,6,6,2,1,10,5,5,2,3,3,10,5,4,B03,7,6,5,19,2,1,,10,10,1,13,4,120.649216,24.164457,2
7828,66000,387130000C,(04)23274275,(04)23288582,2025,11,20,11,18,臺中市,西屯區,0,1,0,7,2,6,50,4,1,1,5,4,6,6,1,1,10,5,5,2,18,2,9,5,4,C03,7,9,1,10,2,16,,84,84,1,12,4,120.658812,24.176261,2
7829,66000,387130000C,(04)23274275,(04)23288582,2025,11,20,11,21,臺中市,北區,0,2,0,7,2,6,50,4,9,1,5,4,6,6,1,1,1,4,5,2,13,2,9,5,4,C03,7,12,1,10,1,11,,7,7,1,13,4,120.690787,24.159115,2
7830,66000,387130000C,(04)23274275,(04)23288582,2025,11,20,11,24,臺中市,大里區,0,1,0,7,3,6,40,13,7,1,5,4,6,6,4,4,5,5,4,1,17,2,9,1,1,C04,7,15,1,10,2,14,,84,84,1,12,4,120.686038,24.110416,2
7831,66000,387130000C,(04)23274275,(04)23288582,2025,11,20,11,25,臺中市,西區,0,0,0,7,,,50,,,,,,,,,,,,,,12,,,,,C03,,,1,,1,,,8,8,1,13,4,120.667365,24.131657,3
7832,66000,387130000C,(04)23274275,(04)23288582,2025,11,20,11,27,臺中市,大雅區,0,0,0,7,,,30,,,,,,,,,,,,,,,,,,,B03,,,1,,1,,,14,14,1,13,4,120.671587,24.221869,3
7833,66000,387130000C,(04)23274275,(04)23288582,2025,11,20,11,29,臺中市,霧峰區,0,1,0,7,2,6,30,5,2,1,5,4,6,6,1,1,5,5,5,1,18,2,9,5,4,C03,7,5,1,10,2,16,,84,84,1,12,4,120.715353,24.07344,2
7834,66000,387130000C,(04)23274275,(04)23288582,2025,11,20,11,30,臺中市,南屯區,0,0,0,7,,,50,,,,,,,,,,,,,,,,,,,B02,,,1,,2,,,59,59,1,12,4,120.623241,24.137107,3
7835,66000,387130000C,(04)23274275,(04)23288582,2025,11,20,11,30,臺中市,清水區,0,0,0,7,,,60,,,,,,,,,,,,,,,,,,,A41,,,1,,2,,,76,76,1,12,4,120.548362,24.279613,3
7836,66000,387130000C,(04)23274275,(04)23288582,2025,11,20,11,39,臺中市,西區,0,1,0,7,2,6,40,13,8,1,5,4,6,6,4,4,1,5,3,2,12,3,10,5,4,B03,7,9,1,8,2,2,,84,84,1,12,4,120.673257,24.148102,2
7837,66000,387130000C,(04)23274275,(04)23288582,2025,11,20,11,40,臺中市,中區,0,0,0,7,,,50,,,,,,,,,,,,,,17,,,,,C03,,,1,,1,,,59,59,1,12,4,120.684574,24.139048,3
7838,66000,387130000C,(04)23274275,(04)23288582,2025,11,20,11,40,臺中市,后里區,0,0,0,6,2,6,50,13,2,1,5,4,6,6,4,4,1,2,5,1,12,3,10,3,1,B03,7,7,1,8,2,6,,40,40,1,12,4,120.722685,24.284628,3
7839,66000,387130000C,(04)23274275,(04)23288582,2025,11,20,11,45,臺中市,北區,0,2,0,7,2,6,50,4,2,1,5,4,6,6,1,1,5,5,5,2,17,2,9,5,1,C03,7,1,1,10,2,11,,51,51,1,13,4,120.682679,24.16704,2
7840,66000,387130000C,(04)23274275,(04)23288582,2025,11,20,11,46,臺中市,南屯區,0,1,0,7,3,6,50,13,9,1,5,4,6,6,4,4,5,4,5,2,13,3,10,3,1,B12,7,9,1,8,1,5,,7,7,1,6,4,120.652937,24.140786,2
7841,66000,387130000C,(04)23274275,(04)23288582,2025,11,20,11,46,臺中市,北屯區,0,1,0,7,2,6,50,4,1,1,5,4,6,6,1,1,10,5,5,2,16,3,10,3,1,B12,7,6,1,8,1,8,,11,11,1,13,4,120.72448,24.16952,2
7842,66000,387130000C,(04)23274275,(04)23288582,2025,11,20,11,46,臺中市,烏日區,0,1,0,7,2,6,50,3,1,1,5,4,6,6,2,1,10,5,5,2,16,3,10,5,4,A31,7,5,1,1,2,2,,11,11,1,13,4,120.598204,24.111264,2
7843,66000,387130000C,(04)23274275,(04)23288582,2025,11,20,11,48,臺中市,西區,0,1,0,7,3,6,50,4,1,1,5,4,6,6,4,4,10,5,5,2,17,3,10,3,1,B03,7,6,1,8,2,8,,58,58,1,12,4,120.66097,24.154839,2
7844,66000,387130000C,(04)23274275,(04)23288582,2025,11,20,11,50,臺中市,南屯區,0,0,0,7,,,50,,,,,,,,,,,,,,,,,,,C03,,,1,,1,,,49,49,1,13,4,120.613127,24.139041,3
7845,66000,387130000C,(04)23274275,(04)23288582,2025,11,20,11,52,臺中市,大雅區,0,0,0,7,,,30,,,,,,,,,,,,,,11,,,,,B11,,,1,,2,,,84,84,1,13,4,120.661039,24.217124,3
7846,66000,387130000C,(04)23274275,(04)23288582,2025,11,20,11,52,臺中市,龍井區,0,0,0,7,,,40,,,,,,,,,,,,,,12,,,,,B03,,,1,,1,,,20,20,1,6,4,120.592862,24.182846,3
7847,66000,387130000C,(04)23274275,(04)23288582,2025,11,20,11,52,臺中市,烏日區,0,0,0,7,,,50,,,,,,,,,,,,,,17,,,,,C03,,,1,,1,,,87,87,1,6,4,120.626463,24.10588,3
7848,66000,387130000C,(04)23274275,(04)23288582,2025,11,20,11,53,臺中市,東勢區,0,1,0,7,2,6,50,13,9,1,5,4,6,6,4,4,5,5,5,1,12,3,10,5,4,C03,7,5,1,10,2,13,,47,47,1,13,4,120.829194,24.255162,2
7849,66000,387130000C,(04)23274275,(04)23288582,2025,11,20,11,55,臺中市,西區,0,1,0,7,2,6,50,3,2,1,5,4,6,6,4,4,5,4,5,1,17,2,9,2,1,C01,7,9,1,9,2,16,,85,85,1,13,4,120.667118,24.130937,2
7850,66000,387130000C,(04)23274275,(04)23288582,2025,11,20,11,56,臺中市,潭子區,0,0,0,7,,,50,,,,,,,,,,,,,,17,,,,,B03,,,1,,1,,,51,51,1,13,4,120.70608,24.203399,3
7851,66000,387130000C,(04)23274275,(04)23288582,2025,11,20,11,59,臺中市,外埔區,0,1,0,6,2,6,50,4,1,1,5,4,6,6,1,1,4,4,4,1,16,3,10,3,1,B12,7,5,1,8,2,5,,11,11,1,12,4,120.635468,24.34386,2
7852,66000,387130000C,(04)23274275,(04)23288582,2025,11,20,12,1,臺中市,大里區,0,0,0,7,2,6,40,3,2,1,5,4,6,6,1,1,5,2,5,1,13,,,,,B03,,,1,,2,,,7,7,1,13,4,120.689577,24.116326,3
7853,66000,387130000C,(04)23274275,(04)23288582,2025,11,20,12,3,臺中市,沙鹿區,0,1,0,7,2,6,40,13,9,1,5,4,6,6,4,4,10,4,5,2,18,2,9,1,1,C03,7,9,1,10,2,15,,84,84,1,13,4,120.558601,24.242088,2
7854,66000,387130000C,(04)23274275,(04)23288582,2025,11,20,12,4,臺中市,西區,0,0,0,7,,,50,,,,,,,,,,,,,,17,,,,,B03,,,1,,2,,,59,59,1,12,4,120.660505,24.149002,3
7855,66000,387130000C,(04)23274275,(04)23288582,2025,11,20,12,5,臺中市,南區,0,2,0,7,1,6,50,3,1,1,5,4,6,6,4,4,10,4,5,2,17,2,9,1,1,C03,7,15,1,10,2,11,,7,7,1,12,4,120.660507,24.115463,2