序號,縣市別代碼,機關代碼,市話,傳真,年,月,日,時,分,縣市,區,死亡數量,受傷數量,2-30,天候,道路照明設備,道路類別,道路速限,道路型態,事故位置,路面鋪裝,路面狀態,路面缺陷,障礙物,視距,號誌種類,號誌動作,分向設施,快車道或一般車道間,快慢車道間,路面邊線,事故類型及型態,受傷程度,主要傷處,保護裝備,行動電話或功能裝置,當事者區分(類別),車輛用途,當事者行動狀態,駕照狀態,駕照種類,飲酒情形,車輛撞擊部位最初,車輛撞擊部位其他,肇事因素個別,肇事因素主要,肇事逃逸,職業,共享經濟或外送平台,GPS座標X,GPS座標Y,事故類別
7856,66000,387130000C,(04)23274275,(04)23288582,2025,11,20,12,8,臺中市,霧峰區,0,0,0,7,,,50,,,,,,,,,,,,,,17,,,,,C03,,,1,,2,,,51,51,1,12,4,120.697314,24.060816,3
7857,66000,387130000C,(04)23274275,(04)23288582,2025,11,20,12,10,臺中市,南屯區,0,1,0,7,2,6,50,13,8,1,5,4,6,6,4,4,5,4,4,2,17,3,10,3,1,B03,7,1,1,8,2,3,,51,51,1,12,4,120.642797,24.150891,2
7858,66000,387130000C,(04)23274275,(04)23288582,2025,11,20,12,10,臺中市,北屯區,0,2,0,7,3,6,50,3,1,1,5,4,6,6,4,4,10,5,5,2,12,2,9,2,1,C03,7,1,1,10,2,12,,51,51,1,12,4,120.662027,24.177471,2
7859,66000,387130000C,(04)23274275,(04)23288582,2025,11,20,12,11,臺中市,南屯區,0,0,0,7,,,50,,,,,,,,,,,,,,16,,,,,C03,,,1,,1,,,11,11,1,6,4,120.652955,24.135077,3
7860,66000,387130000C,(04)23274275,(04)23288582,2025,11,20,12,13,臺中市,太平區,0,1,0,7,3,6,50,13,9,1,5,4,6,6,1,1,5,5,4,1,16,2,9,2,1,C04,7,1,3,19,2,12,,39,39,1,12,4,120.733479,24.142645,2
7861,66000,387130000C,(04)23274275,(04)23288582,2025,11,20,12,15,臺中市,沙鹿區,0,0,0,7,2,6,50,3,9,1,5,4,6,6,4,4,4,4,4,2,12,,,,,B03,,,1,,2,,,8,8,1,12,4,120.560559,24.243828,3
7862,66000,387130000C,(04)23274275,(04)23288582,2025,11,20,12,15,臺中市,大甲區,0,0,0,7,,,50,,,,,,,,,,,,,,12,,,,,B03,,,1,,1,,,8,8,1,6,4,120.621792,24.343996,3
7863,66000,387130000C,(04)23274275,(04)23288582,2025,11,20,12,19,臺中市,西屯區,0,0,0,7,2,6,50,4,2,1,5,4,6,6,2,1,5,3,5,2,13,,,,,B03,,,1,,1,,,7,7,1,13,4,120.645006,24.18063,3
7864,66000,387130000C,(04)23274275,(04)23288582,2025,11,20,12,23,臺中市,大里區,0,1,0,7,2,6,50,4,1,1,5,4,6,6,1,1,10,5,5,2,16,3,10,3,1,A11,7,5,1,1,2,2,,11,11,1,6,4,120.715748,24.099258,2
7865,66000,387130000C,(04)23274275,(04)23288582,2025,11,20,12,23,臺中市,太平區,0,1,0,7,3,6,30,3,1,1,5,4,6,6,4,4,10,5,5,2,16,3,10,2,1,C03,7,6,1,10,2,13,,12,12,1,12,4,120.704241,24.153085,2
7866,66000,387130000C,(04)23274275,(04)23288582,2025,11,20,12,23,臺中市,太平區,0,1,0,7,2,6,50,3,1,1,5,4,6,6,4,4,10,5,5,2,16,2,9,1,4,C03,7,6,1,10,2,14,,44,44,1,13,4,120.717135,24.148687,2
7867,66000,387130000C,(04)23274275,(04)23288582,2025,11,20,12,27,臺中市,北區,0,0,0,7,,,50,,,,,,,,,,,,,,15,,,,,B01,,,1,,1,,,21,21,1,13,4,120.664967,24.164693,3
7868,66000,387130000C,(04)23274275,(04)23288582,2025,11,20,12,27,臺中市,霧峰區,0,1,0,7,2,6,50,3,2,1,5,4,6,6,4,4,5,5,5,2,17,2,9,5,4,C03,7,9,1,10,2,16,,84,84,1,12,4,120.700168,24.068425,2
7869,66000,387130000C,(04)23274275,(04)23288582,2025,11,20,12,28,臺中市,西屯區,0,0,0,7,,,50,,,,,,,,,,,,,,13,,,,,B02,,,1,,1,,,78,78,1,12,4,120.609136,24.184372,3
7870,66000,387130000C,(04)23274275,(04)23288582,2025,11,20,12,33,臺中市,東勢區,0,0,0,7,,,60,,,,,,,,,,,,,,,,,,,A42,,,1,,2,,,11,11,1,12,4,120.811647,24.303942,3
7871,66000,387130000C,(04)23274275,(04)23288582,2025,11,20,12,35,臺中市,豐原區,0,2,0,7,3,6,30,4,1,1,5,4,6,6,4,4,10,5,5,2,17,3,10,1,1,C03,7,9,1,10,2,12,,84,84,1,13,4,120.717498,24.250506,2
7872,66000,387130000C,(04)23274275,(04)23288582,2025,11,20,12,38,臺中市,西屯區,0,1,0,7,2,6,50,13,9,1,5,4,6,6,4,4,1,5,5,2,16,3,10,5,4,B03,7,9,1,8,2,5,,42,42,1,13,4,120.625955,24.181809,2
7873,66000,387130000C,(04)23274275,(04)23288582,2025,11,20,12,42,臺中市,沙鹿區,0,3,0,7,2,6,50,4,1,1,5,4,6,6,4,4,10,5,5,2,17,2,8,1,1,C03,7,15,3,19,2,12,13,85,85,1,12,4,120.578572,24.214787,2
7874,66000,387130000C,(04)23274275,(04)23288582,2025,11,20,12,44,臺中市,神岡區,0,2,0,7,2,6,50,4,1,1,5,4,6,6,1,1,10,5,5,2,17,3,10,3,1,B03,7,6,1,8,2,6,,20,20,1,6,4,120.696212,24.248251,2
7875,66000,387130000C,(04)23274275,(04)23288582,2025,11,20,12,50,臺中市,西屯區,0,1,0,7,2,6,40,3,1,1,5,4,6,6,4,4,10,5,5,2,11,3,10,3,4,B03,7,6,1,8,2,8,,14,14,1,12,4,120.620308,24.186006,2
7876,66000,387130000C,(04)23274275,(04)23288582,2025,11,20,12,55,臺中市,大里區,0,1,0,7,3,6,50,4,1,1,5,4,6,6,1,1,10,5,5,2,16,3,10,3,1,B03,7,5,1,8,2,2,,20,20,1,12,4,120.697147,24.084343,2
7877,66000,387130000C,(04)23274275,(04)23288582,2025,11,20,12,55,臺中市,大肚區,0,0,0,7,,,30,,,,,,,,,,,,,,14,,,,,B03,,,1,,1,,,49,49,1,6,4,120.570083,24.120667,4
7878,66000,387130000C,(04)23274275,(04)23288582,2025,11,20,12,56,臺中市,太平區,0,0,0,7,,,30,,,,,,,,,,,,,,13,,,,,C03,,,1,,2,,,7,7,1,12,4,120.712997,24.124705,3
7879,66000,387130000C,(04)23274275,(04)23288582,2025,11,20,12,56,臺中市,沙鹿區,0,0,0,7,,,40,,,,,,,,,,,,,,,,,,,A05,,,1,,2,,,8,8,1,12,4,120.578881,24.221807,3
7880,66000,387130000C,(04)23274275,(04)23288582,2025,11,20,13,0,臺中市,南屯區,0,2,0,7,2,6,50,13,9,1,5,4,6,6,4,4,5,4,4,2,13,2,9,2,1,C03,7,9,1,10,2,11,,84,84,1,12,4,120.634718,24.154443,2
7881,66000,387130000C,(04)23274275,(04)23288582,2025,11,20,13,3,臺中市,后里區,0,0,0,7,2,6,60,13,2,1,5,4,6,6,1,1,1,3,4,1,13,3,10,3,1,B01,7,9,1,4,1,1,,84,84,1,6,4,120.713484,24.320136,3
7882,66000,387130000C,(04)23274275,(04)23288582,2025,11,20,13,4,臺中市,東勢區,0,0,0,7,,,60,,,,,,,,,,,,,,,,,,,B03,,,1,,1,,,84,84,1,12,4,120.822911,24.261678,3
7883,66000,387130000C,(04)23274275,(04)23288582,2025,11,20,13,6,臺中市,西區,0,0,0,7,,,50,,,,,,,,,,,,,,,,,,,B02,,,1,6,2,,,84,84,1,13,4,120.664014,24.155183,3
7884,66000,387130000C,(04)23274275,(04)23288582,2025,11,20,13,10,臺中市,南屯區,0,1,0,7,2,6,50,4,1,2,5,4,6,6,1,1,10,5,5,2,18,2,9,2,1,C03,7,9,1,10,2,12,,59,59,1,12,4,120.632896,24.127679,2
7885,66000,387130000C,(04)23274275,(04)23288582,2025,11,20,13,15,臺中市,大里區,0,0,0,7,,,50,,,,,,,,,,,,,,,,,,,B02,,,1,,2,,,84,84,1,12,4,120.701032,24.102131,3
7886,66000,387130000C,(04)23274275,(04)23288582,2025,11,20,13,17,臺中市,潭子區,0,1,0,7,3,6,30,3,1,1,5,4,6,6,4,4,10,5,5,2,17,3,10,3,1,B03,7,5,1,8,2,1,,84,84,1,13,4,120.705058,24.215066,2
7887,66000,387130000C,(04)23274275,(04)23288582,2025,11,20,13,17,臺中市,大甲區,0,1,0,6,2,6,50,3,2,1,5,4,6,6,4,4,5,5,5,1,16,2,9,2,1,C03,7,6,1,10,2,12,,48,48,1,12,4,120.631126,24.343001,2
7888,66000,387130000C,(04)23274275,(04)23288582,2025,11,20,13,21,臺中市,神岡區,0,1,0,7,2,6,50,4,1,1,5,4,6,6,4,4,10,5,5,2,17,2,9,5,4,C03,7,5,1,10,2,12,,84,84,1,13,4,120.702393,24.262593,2
7889,66000,387130000C,(04)23274275,(04)23288582,2025,11,20,13,23,臺中市,西屯區,0,2,0,7,2,6,50,5,1,1,5,4,6,6,1,1,10,5,5,2,16,2,9,5,4,C03,7,6,1,10,2,12,,11,11,1,12,4,120.645995,24.171899,2
7890,66000,387130000C,(04)23274275,(04)23288582,2025,11,20,13,26,臺中市,西區,0,1,0,7,1,6,50,3,1,1,5,4,6,6,4,4,5,4,5,2,16,2,9,1,1,C03,7,6,1,10,2,11,,14,14,1,13,2,120.67408,24.138884,2
7891,66000,387130000C,(04)23274275,(04)23288582,2025,11,20,13,27,臺中市,南屯區,0,0,0,7,,,50,,,,,,,,,,,,,,17,,,,,C03,,,1,,2,,,84,84,1,13,4,120.609913,24.13989,3
7892,66000,387130000C,(04)23274275,(04)23288582,2025,11,20,13,36,臺中市,沙鹿區,0,2,0,7,1,6,50,4,1,1,5,4,6,6,1,1,10,5,5,2,16,2,9,2,1,C03,7,6,1,10,2,14,,87,87,1,6,4,120.560388,24.240124,2
7893,66000,387130000C,(04)23274275,(04)23288582,2025,11,20,13,36,臺中市,大甲區,0,1,0,7,2,6,50,13,8,1,5,4,6,6,4,4,5,5,4,1,12,3,10,3,1,B03,7,1,1,8,2,8,,51,51,1,6,4,120.635312,24.357744,2
7894,66000,387130000C,(04)23274275,(04)23288582,2025,11,20,13,38,臺中市,北區,0,1,0,7,3,6,50,3,1,1,5,4,6,6,2,1,10,5,5,2,17,3,10,5,4,B03,7,5,1,8,2,2,,47,47,1,13,4,120.668126,24.173195,2
7895,66000,387130000C,(04)23274275,(04)23288582,2025,11,20,13,40,臺中市,中區,0,0,0,7,,,50,,,,,,,,,,,,,,14,,,,,B03,,,1,,1,,,50,50,1,12,4,120.67916,24.142061,3
7896,66000,387130000C,(04)23274275,(04)23288582,2025,11,20,13,40,臺中市,北區,0,0,0,7,,,,,,,,,,,,,,,,,17,,,,,,,,,,,,,119,119,1,,,120.681038,24.158678,3
7897,66000,387130000C,(04)23274275,(04)23288582,2025,11,20,13,51,臺中市,烏日區,0,0,0,7,,,50,,,,,,,,,,,,,,11,,,,,B03,,,1,,1,,,40,40,1,13,4,120.628826,24.095741,3
7898,66000,387130000C,(04)23274275,(04)23288582,2025,11,20,13,58,臺中市,大甲區,0,1,0,6,2,6,50,4,2,1,5,4,6,6,1,1,10,5,5,2,17,3,10,3,1,B12,7,11,1,8,2,7,,45,45,1,6,4,120.620464,24.34815,2
7899,66000,387130000C,(04)23274275,(04)23288582,2025,11,20,14,4,臺中市,大里區,0,0,0,7,,6,50,4,1,1,5,4,6,6,4,4,5,5,5,2,15,,,,,F02,,,7,,1,,,15,15,1,13,4,120.682613,24.114712,3
7900,66000,387130000C,(04)23274275,(04)23288582,2025,11,20,14,8,臺中市,潭子區,0,1,0,6,2,6,60,4,2,1,5,4,6,6,1,1,1,2,5,1,16,2,8,3,1,B03,7,8,1,8,2,8,,35,35,1,12,4,120.702335,24.191032,2
7901,66000,387130000C,(04)23274275,(04)23288582,2025,11,20,14,10,臺中市,大雅區,0,0,0,7,,,50,,,,,,,,,,,,,,,,,,,C03,,,1,,1,,,50,50,1,12,4,120.64751,24.224051,3
7902,66000,387130000C,(04)23274275,(04)23288582,2025,11,20,14,13,臺中市,西屯區,0,0,0,7,2,6,50,3,2,1,5,4,6,6,1,1,5,4,5,2,13,,,,,B03,,,1,,1,,,7,7,1,13,4,120.61999,24.167845,3
7903,66000,387130000C,(04)23274275,(04)23288582,2025,11,20,14,16,臺中市,中區,0,0,0,7,,,50,,,,,,,,,,,,,,17,,,,,B03,,,1,,2,,,59,59,1,12,4,120.683526,24.140265,3
7904,66000,387130000C,(04)23274275,(04)23288582,2025,11,20,14,18,臺中市,南屯區,0,1,0,7,2,6,50,3,1,1,5,4,6,6,4,4,1,5,5,2,13,3,10,2,1,C03,7,9,3,19,2,11,,7,7,1,13,4,120.638724,24.145843,2
7905,66000,387130000C,(04)23274275,(04)23288582,2025,11,20,14,19,臺中市,北區,0,0,0,7,,,50,,,,,,,,,,,,,,14,,,,,B03,,,1,,1,,,49,49,1,12,4,120.681092,24.152952,3
7906,66000,387130000C,(04)23274275,(04)23288582,2025,11,20,14,23,臺中市,西區,0,0,0,7,,,50,,,,,,,,,,,,,,,,,,,B03,,,1,,1,,,85,85,1,13,4,120.660187,24.140158,4
7907,66000,387130000C,(04)23274275,(04)23288582,2025,11,20,14,25,臺中市,烏日區,0,0,0,7,,,30,,,,,,,,,,,,,,,,,,,B12,,,1,,2,,,49,49,1,6,4,120.658286,24.056094,3
7908,66000,387130000C,(04)23274275,(04)23288582,2025,11,20,14,25,臺中市,清水區,0,1,0,7,3,6,30,4,1,1,5,4,6,1,4,4,10,5,5,2,15,2,9,2,1,C03,7,9,1,10,2,11,,15,15,1,12,4,120.555604,24.282429,2
7909,66000,387130000C,(04)23274275,(04)23288582,2025,11,20,14,30,臺中市,南屯區,0,1,0,7,2,6,50,13,9,1,5,4,6,6,4,4,5,4,4,2,17,2,7,3,1,B03,7,9,1,8,1,1,,7,7,1,12,4,120.633966,24.144789,2
7910,66000,387130000C,(04)23274275,(04)23288582,2025,11,20,14,33,臺中市,南屯區,0,0,0,7,,,40,,,,,,,,,,,,,,17,,,,,A12,,,1,,1,,,8,8,1,6,4,120.641525,24.153712,3
7911,66000,387130000C,(04)23274275,(04)23288582,2025,11,20,14,35,臺中市,清水區,0,0,0,7,,,50,,,,,,,,,,,,,,,,,,,,,,,,,,,119,119,1,,,120.57315,24.263059,3
7912,66000,387130000C,(04)23274275,(04)23288582,2025,11,20,14,41,臺中市,沙鹿區,0,1,0,7,2,6,30,5,1,1,5,4,6,6,2,1,10,5,5,2,17,2,9,1,1,C03,7,6,1,10,2,11,,59,59,1,5,4,120.579565,24.221673,2
7913,66000,387130000C,(04)23274275,(04)23288582,2025,11,20,14,45,臺中市,豐原區,0,0,0,7,,,50,,,,,,,,,,,,,,13,,,,,B03,,,1,,2,,,7,7,1,12,4,120.74969,24.26848,3
7914,66000,387130000C,(04)23274275,(04)23288582,2025,11,20,14,48,臺中市,大里區,0,0,0,7,,,50,,,,,,,,,,,,,,17,,,,,B03,,,3,,11,,,58,58,1,12,4,120.698297,24.096653,3
7915,66000,387130000C,(04)23274275,(04)23288582,2025,11,20,14,50,臺中市,西區,0,0,0,7,1,6,50,13,9,1,5,4,6,6,4,4,5,4,5,2,12,,,,,B01,,,1,,1,,,40,40,1,13,4,120.676185,24.134312,3
7916,66000,387130000C,(04)23274275,(04)23288582,2025,11,20,14,53,臺中市,太平區,0,0,0,7,,,50,,,,,,,,,,,,,,,,,,,B03,,,1,,2,,,49,49,1,12,4,120.724375,24.13405,3
7917,66000,387130000C,(04)23274275,(04)23288582,2025,11,20,14,55,臺中市,龍井區,0,0,0,7,,,50,,,,,,,,,,,,,,,,,,,B03,,,1,,1,,,7,7,1,12,4,120.550473,24.213474,3
7918,66000,387130000C,(04)23274275,(04)23288582,2025,11,20,14,56,臺中市,西屯區,0,0,0,7,,,50,,,,,,,,,,,,,,17,,,,,B03,,,1,,2,,,59,59,1,12,4,120.60407,24.186552,3
7919,66000,387130000C,(04)23274275,(04)23288582,2025,11,20,14,57,臺中市,南屯區,0,1,0,7,2,6,50,4,1,1,5,4,6,6,2,1,9,4,5,2,16,2,9,2,1,C03,7,6,1,10,2,14,,48,48,1,12,4,120.634956,24.146354,2
7920,66000,387130000C,(04)23274275,(04)23288582,2025,11,20,14,57,臺中市,西屯區,0,1,0,7,2,6,50,3,1,1,5,4,6,6,4,4,1,5,5,2,16,3,10,5,4,B03,7,5,1,8,2,5,,47,47,1,13,4,120.642238,24.159528,2
7921,66000,387130000C,(04)23274275,(04)23288582,2025,11,20,14,59,臺中市,南屯區,0,0,0,7,,,50,,,,,,,,,,,,,,,,,,,B03,,,1,,1,,,59,59,1,12,4,120.645516,24.137935,3
7922,66000,387130000C,(04)23274275,(04)23288582,2025,11,20,15,13,臺中市,梧棲區,0,0,0,7,,,50,,,,,,,,,,,,,,17,,,,,C03,,,1,,1,,,85,85,1,12,4,120.534128,24.253644,3
7923,66000,387130000C,(04)23274275,(04)23288582,2025,11,20,15,14,臺中市,西屯區,0,0,0,7,,,30,,,,,,,,,,,,,,12,,,,,B12,,,1,,1,,,49,49,1,12,4,120.646569,24.176537,3
7924,66000,387130000C,(04)23274275,(04)23288582,2025,11,20,15,15,臺中市,南屯區,0,0,0,7,,,50,,,,,,,,,,,,,,14,,,,,B12,,,1,,1,,,49,49,1,13,4,120.608116,24.135813,3
7925,66000,387130000C,(04)23274275,(04)23288582,2025,11,20,15,36,臺中市,南屯區,0,0,0,7,,,50,,,,,,,,,,,,,,,,,,,B01,,,1,,1,,,85,85,1,12,4,120.64304,24.144631,3
7926,66000,387130000C,(04)23274275,(04)23288582,2025,11,20,15,37,臺中市,清水區,0,0,0,7,,,50,,,,,,,,,,,,,,,,,,,B03,,,1,,1,,,50,50,1,12,4,120.563518,24.260267,3
7927,66000,387130000C,(04)23274275,(04)23288582,2025,11,20,15,45,臺中市,大里區,0,0,0,7,,,50,,,,,,,,,,,,,,,,,,,B03,,,1,,2,,,40,40,1,12,4,120.667416,24.10534,3
7928,66000,387130000C,(04)23274275,(04)23288582,2025,11,20,15,55,臺中市,大雅區,0,0,0,7,,,40,,,,,,,,,,,,,,,,,,,B12,,,1,,2,,,49,49,1,13,4,120.635327,24.234096,3
7929,66000,387130000C,(04)23274275,(04)23288582,2025,11,20,15,56,臺中市,豐原區,0,1,0,7,2,6,50,4,1,1,5,4,6,6,2,1,5,5,4,2,17,3,10,5,4,B03,7,6,1,8,2,8,,48,48,1,12,4,120.722179,24.248546,2
7930,66000,387130000C,(04)23274275,(04)23288582,2025,11,20,15,57,臺中市,北屯區,0,0,0,7,,,50,,,,,,,,,,,,,,17,,,,,B03,,,1,,2,,,14,14,1,6,4,120.696498,24.170759,3
7931,66000,387130000C,(04)23274275,(04)23288582,2025,11,20,15,59,臺中市,南區,0,0,0,7,,,50,,,,,,,,,,,,,,12,,,,,C03,,,1,,1,,,1,1,1,13,4,120.655188,24.113708,3
7932,66000,387130000C,(04)23274275,(04)23288582,2025,11,20,16,0,臺中市,北區,0,2,0,7,2,6,50,3,1,1,5,4,6,6,4,4,10,5,5,2,16,2,9,1,1,C03,7,6,1,10,2,14,,48,48,1,12,4,120.693686,24.156392,2
7933,66000,387130000C,(04)23274275,(04)23288582,2025,11,20,16,0,臺中市,太平區,0,0,0,7,,,50,,,,,,,,,,,,,,,,,,,C03,,,1,,1,,,7,7,1,13,4,120.733527,24.146122,3
7934,66000,387130000C,(04)23274275,(04)23288582,2025,11,20,16,3,臺中市,大里區,0,0,0,7,,,30,,,,,,,,,,,,,,15,,,,,C03,,,3,,2,,,24,24,1,13,4,120.67712,24.094427,3
7935,66000,387130000C,(04)23274275,(04)23288582,2025,11,20,16,5,臺中市,大雅區,0,0,0,7,,,0,,,,,,,,,,,,,,,,,,,B03,,,1,,1,,,76,76,1,12,4,120.666134,24.236814,3
7936,66000,387130000C,(04)23274275,(04)23288582,2025,11,20,16,5,臺中市,南屯區,0,1,0,7,2,6,50,3,1,1,5,4,6,6,4,4,5,4,4,2,15,3,10,3,1,B12,7,1,1,8,2,7,,51,51,1,12,4,120.629794,24.122325,2
7937,66000,387130000C,(04)23274275,(04)23288582,2025,11,20,16,7,臺中市,豐原區,0,0,0,7,2,6,50,4,9,1,5,4,6,6,2,1,1,2,5,2,13,3,10,3,1,B02,7,6,1,8,2,,,7,7,1,12,4,120.703146,24.249488,3
7938,66000,387130000C,(04)23274275,(04)23288582,2025,11,20,16,13,臺中市,西屯區,0,0,0,7,,,50,,,,,,,,,,,,,,12,,,,,B03,,,1,,1,,,8,8,1,13,4,120.632251,24.183029,3
7939,66000,387130000C,(04)23274275,(04)23288582,2025,11,20,16,15,臺中市,中區,0,0,0,7,,,50,,,,,,,,,,,,,,17,,,,,B03,,,1,,2,,,50,50,1,13,4,120.681793,24.137809,3
7940,66000,387130000C,(04)23274275,(04)23288582,2025,11,20,16,18,臺中市,北區,0,0,0,7,,,50,,,,,,,,,,,,,,17,,,,,B03,,,1,,1,,,59,59,1,12,4,120.68039,24.155273,3
7941,66000,387130000C,(04)23274275,(04)23288582,2025,11,20,16,19,臺中市,北屯區,0,1,0,7,3,6,50,13,9,1,5,4,6,6,4,4,9,5,5,2,17,3,10,1,1,C03,7,1,3,19,2,11,,51,51,1,6,4,120.705977,24.19335,2
7942,66000,387130000C,(04)23274275,(04)23288582,2025,11,20,16,22,臺中市,新社區,0,1,0,7,2,6,50,13,9,1,5,4,6,6,4,4,5,5,5,1,27,2,9,5,4,B03,7,9,1,8,2,5,,57,57,1,13,4,120.811825,24.237962,2
7943,66000,387130000C,(04)23274275,(04)23288582,2025,11,20,16,29,臺中市,后里區,0,3,0,7,2,6,50,4,2,1,5,4,6,6,1,1,5,5,5,1,17,2,9,2,1,C03,7,6,1,10,2,14,,39,39,1,12,4,120.694418,24.303435,2
7944,66000,387130000C,(04)23274275,(04)23288582,2025,11,20,16,34,臺中市,神岡區,0,2,0,7,3,6,50,13,9,1,5,4,6,6,4,4,9,5,5,2,3,2,9,1,1,C03,7,9,1,10,2,12,,84,84,1,13,4,120.660314,24.257541,2
7945,66000,387130000C,(04)23274275,(04)23288582,2025,11,20,16,36,臺中市,西屯區,0,1,0,7,1,6,50,4,1,1,5,4,6,6,2,1,10,5,5,2,16,3,10,3,1,B03,7,6,1,8,2,8,,11,11,1,12,4,120.66271,24.163642,2
7946,66000,387130000C,(04)23274275,(04)23288582,2025,11,20,16,37,臺中市,東區,0,1,0,7,2,6,50,3,1,1,5,4,6,6,1,1,10,5,5,2,16,3,10,3,1,B01,7,5,1,4,2,5,,11,11,1,12,4,120.684983,24.126359,2
7947,66000,387130000C,(04)23274275,(04)23288582,2025,11,20,16,40,臺中市,太平區,0,1,0,7,1,6,50,4,1,1,5,4,6,6,1,1,10,5,5,2,17,3,10,3,1,B03,7,6,1,8,2,2,,48,48,1,12,4,120.701865,24.153694,2
7948,66000,387130000C,(04)23274275,(04)23288582,2025,11,20,16,40,臺中市,后里區,0,2,0,7,2,6,30,4,1,1,5,4,6,6,4,4,10,5,5,2,15,2,9,1,1,F03,7,9,7,21,2,11,,6,6,1,12,4,120.726864,24.308204,2
7949,66000,387130000C,(04)23274275,(04)23288582,2025,11,20,16,41,臺中市,北屯區,0,0,0,7,,,50,,,,,,,,,,,,,,,,,,,C03,,,1,,2,,,7,7,1,13,4,120.667969,24.178751,3
7950,66000,387130000C,(04)23274275,(04)23288582,2025,11,20,16,41,臺中市,龍井區,0,2,0,7,2,6,50,3,2,1,5,4,6,6,4,4,5,5,5,1,3,2,9,2,1,C03,7,9,1,10,2,11,,87,87,1,6,4,120.58815,24.181087,2
7951,66000,387130000C,(04)23274275,(04)23288582,2025,11,20,16,42,臺中市,沙鹿區,0,0,0,7,,,50,,,,,,,,,,,,,,,,,,,A12,,,1,,2,,,8,8,1,13,4,120.579931,24.221649,3
7952,66000,387130000C,(04)23274275,(04)23288582,2025,11,20,16,45,臺中市,南屯區,0,0,0,7,,,50,,,,,,,,,,,,,,,,,,,B03,,,1,,1,,,40,40,1,12,4,120.637894,24.147128,3
7953,66000,387130000C,(04)23274275,(04)23288582,2025,11,20,16,45,臺中市,梧棲區,0,1,0,7,2,6,50,4,1,1,5,4,6,6,4,4,10,5,5,2,15,2,9,1,1,C03,7,9,1,10,2,11,,15,15,1,12,4,120.539841,24.226521,2
7954,66000,387130000C,(04)23274275,(04)23288582,2025,11,20,16,50,臺中市,南屯區,0,0,0,7,,,50,,,,,,,,,,,,,,13,,,,,B03,,,1,,1,,,84,84,1,13,4,120.634068,24.146341,3
7955,66000,387130000C,(04)23274275,(04)23288582,2025,11,20,16,58,臺中市,東區,0,0,0,7,,,30,,,,,,,,,,,,,,14,,,,,B03,,,1,,2,,,49,49,1,6,4,120.69479,24.143431,3
7956,66000,387130000C,(04)23274275,(04)23288582,2025,11,20,16,59,臺中市,北區,0,0,0,7,,,30,,,,,,,,,,,,,,15,,,,,B03,,,1,,2,,,15,15,1,13,4,120.695702,24.152761,3
7957,66000,387130000C,(04)23274275,(04)23288582,2025,11,20,17,3,臺中市,潭子區,0,1,0,7,2,6,40,3,9,1,5,4,6,6,4,4,9,4,5,1,13,2,8,2,1,C03,7,9,1,10,2,11,,7,7,1,12,4,120.701604,24.223068,2
7958,66000,387130000C,(04)23274275,(04)23288582,2025,11,20,17,3,臺中市,北屯區,0,0,0,7,,,50,,,,,,,,,,,,,,12,,,,,B11,,,1,,1,,,40,40,1,6,4,120.687099,24.185553,3
7959,66000,387130000C,(04)23274275,(04)23288582,2025,11,20,17,5,臺中市,西屯區,0,0,0,7,,,50,,,,,,,,,,,,,,,,,,,B03,,,1,,1,,,7,7,1,13,4,120.627645,24.161665,3
7960,66000,387130000C,(04)23274275,(04)23288582,2025,11,20,17,10,臺中市,清水區,0,0,0,7,,,60,,,,,,,,,,,,,,,,,,,B12,,,1,,2,,,40,40,1,12,4,120.600134,24.309594,3
7961,66000,387130000C,(04)23274275,(04)23288582,2025,11,20,17,20,臺中市,北屯區,0,1,0,7,1,6,50,4,1,1,5,4,6,6,2,1,10,5,4,2,17,2,9,2,1,C03,7,15,1,10,2,12,,43,43,1,6,4,120.726945,24.17173,2
7962,66000,387130000C,(04)23274275,(04)23288582,2025,11,20,17,20,臺中市,太平區,0,1,0,7,1,6,50,3,1,1,5,4,6,6,1,1,10,5,5,2,12,2,9,2,1,C03,7,5,1,10,2,14,,84,84,1,12,4,120.71342,24.144465,2
7963,66000,387130000C,(04)23274275,(04)23288582,2025,11,20,17,23,臺中市,西區,0,1,0,7,1,6,50,4,1,1,5,4,6,6,1,1,10,5,5,2,16,3,10,5,4,B03,7,5,1,8,1,6,,85,85,1,13,4,120.666356,24.152919,2
7964,66000,387130000C,(04)23274275,(04)23288582,2025,11,20,17,24,臺中市,大雅區,0,1,0,7,3,6,70,5,2,1,5,4,6,6,1,1,5,2,4,1,17,3,10,3,1,B03,7,6,1,8,2,8,,25,25,1,12,4,120.629956,24.24123,2
7965,66000,387130000C,(04)23274275,(04)23288582,2025,11,20,17,24,臺中市,太平區,0,0,0,7,,,50,,,,,,,,,,,,,,9,,,,,B12,,,1,,2,,,50,50,1,6,4,120.720073,24.133565,3
7966,66000,387130000C,(04)23274275,(04)23288582,2025,11,20,17,25,臺中市,西區,0,1,0,7,1,6,50,3,1,1,5,4,6,6,1,1,5,4,4,2,12,2,7,1,1,C03,7,9,1,10,2,12,,59,59,1,13,4,120.665202,24.145572,2
7967,66000,387130000C,(04)23274275,(04)23288582,2025,11,20,17,25,臺中市,清水區,0,1,0,7,2,6,50,4,1,1,5,4,6,6,4,4,8,3,5,1,17,3,10,3,1,B03,7,5,1,8,1,5,,20,20,1,12,4,120.562268,24.287253,2