序號,縣市別代碼,機關代碼,市話,傳真,年,月,日,時,分,縣市,區,死亡數量,受傷數量,2-30,天候,道路照明設備,道路類別,道路速限,道路型態,事故位置,路面鋪裝,路面狀態,路面缺陷,障礙物,視距,號誌種類,號誌動作,分向設施,快車道或一般車道間,快慢車道間,路面邊線,事故類型及型態,受傷程度,主要傷處,保護裝備,行動電話或功能裝置,當事者區分(類別),車輛用途,當事者行動狀態,駕照狀態,駕照種類,飲酒情形,車輛撞擊部位最初,車輛撞擊部位其他,肇事因素個別,肇事因素主要,肇事逃逸,職業,共享經濟或外送平台,GPS座標X,GPS座標Y,事故類別
7968,66000,387130000C,(04)23274275,(04)23288582,2025,11,20,17,26,臺中市,沙鹿區,0,1,0,7,2,6,40,3,1,1,5,4,6,6,4,4,5,5,5,2,17,2,9,1,1,C03,7,6,1,10,2,12,,12,12,1,13,4,120.562324,24.239866,2
7969,66000,387130000C,(04)23274275,(04)23288582,2025,11,20,17,27,臺中市,西屯區,0,1,0,7,1,6,50,4,1,1,5,4,6,6,2,1,1,4,5,2,16,3,10,5,4,B03,7,6,1,8,2,1,,11,11,1,13,4,120.616377,24.185836,2
7970,66000,387130000C,(04)23274275,(04)23288582,2025,11,20,17,27,臺中市,大里區,0,0,0,7,,,50,,,,,,,,,,,,,,,,,,,B03,,,1,,2,,,7,7,1,12,4,120.672531,24.101863,3
7971,66000,387130000C,(04)23274275,(04)23288582,2025,11,20,17,27,臺中市,沙鹿區,0,1,0,6,1,6,50,4,1,1,5,4,6,6,4,4,10,5,5,2,15,2,9,2,1,C03,7,9,3,19,2,12,,12,12,1,6,4,120.570885,24.229705,2
7972,66000,387130000C,(04)23274275,(04)23288582,2025,11,20,17,28,臺中市,北屯區,0,0,0,7,,,50,,,,,,,,,,,,,,17,,,,,B03,,,1,,2,,,59,59,1,6,4,120.688874,24.172962,3
7973,66000,387130000C,(04)23274275,(04)23288582,2025,11,20,17,29,臺中市,西屯區,0,0,0,7,,,30,,,,,,,,,,,,,,14,,,,,B03,,,1,,1,,,49,49,1,13,4,120.664423,24.169423,3
7974,66000,387130000C,(04)23274275,(04)23288582,2025,11,20,17,29,臺中市,大里區,0,1,0,7,1,6,40,4,2,1,5,4,6,6,1,1,1,2,4,2,17,,,,,,,12,,,,,,86,86,2,,,120.666818,24.105354,2
7975,66000,387130000C,(04)23274275,(04)23288582,2025,11,20,17,30,臺中市,西區,0,1,0,7,1,6,30,3,2,1,5,4,6,6,4,4,3,4,5,2,17,2,9,1,1,C03,7,5,1,10,2,14,,13,13,1,12,4,120.665634,24.139322,2
7976,66000,387130000C,(04)23274275,(04)23288582,2025,11,20,17,34,臺中市,霧峰區,0,2,0,7,1,3,50,13,9,1,5,4,6,6,4,4,1,3,5,1,17,2,9,1,1,C03,7,6,1,10,2,11,,7,7,1,12,4,120.684645,24.055185,2
7977,66000,387130000C,(04)23274275,(04)23288582,2025,11,20,17,34,臺中市,后里區,0,1,0,7,1,6,60,3,2,1,5,4,6,6,1,1,1,4,4,1,18,2,9,2,1,C03,7,9,1,10,2,14,,84,84,1,12,4,120.722616,24.284,2
7978,66000,387130000C,(04)23274275,(04)23288582,2025,11,20,17,35,臺中市,龍井區,0,1,0,6,1,6,30,4,1,1,5,4,6,6,4,4,10,5,5,2,15,2,9,1,1,C03,7,9,1,10,2,11,,12,12,1,6,4,120.589213,24.189266,2
7979,66000,387130000C,(04)23274275,(04)23288582,2025,11,20,17,37,臺中市,西屯區,0,0,0,7,,,50,,,,,,,,,,,,,,16,,,,,B03,,,1,,1,,,40,40,1,12,4,120.621189,24.186731,3
7980,66000,387130000C,(04)23274275,(04)23288582,2025,11,20,17,38,臺中市,北區,0,0,0,7,,,30,,,,,,,,,,,,,,,,,,,B03,,,1,,1,,,7,7,1,12,4,120.667918,24.163016,3
7981,66000,387130000C,(04)23274275,(04)23288582,2025,11,20,17,39,臺中市,太平區,0,1,0,7,1,6,50,3,1,1,5,4,6,6,1,1,10,5,5,2,12,2,9,2,1,C03,7,6,1,9,2,12,,39,39,1,12,4,120.73317,24.150621,2
7982,66000,387130000C,(04)23274275,(04)23288582,2025,11,20,17,39,臺中市,太平區,0,2,0,7,1,6,50,13,9,1,5,4,6,6,4,4,5,5,5,1,16,2,8,2,1,C03,7,11,1,10,2,14,,45,45,1,6,4,120.714988,24.139157,2
7983,66000,387130000C,(04)23274275,(04)23288582,2025,11,20,17,40,臺中市,潭子區,0,0,0,6,,,50,,,,,,,,,,,,,,,,,,,B03,,,1,,2,,,50,50,1,13,4,120.698133,24.195842,3
7984,66000,387130000C,(04)23274275,(04)23288582,2025,11,20,17,40,臺中市,北區,0,1,0,7,1,6,50,4,1,1,5,4,6,6,2,1,10,5,5,2,17,3,10,1,1,C03,7,11,1,10,2,11,,45,45,1,12,4,120.686354,24.152437,2
7985,66000,387130000C,(04)23274275,(04)23288582,2025,11,20,17,40,臺中市,外埔區,0,0,0,7,3,5,40,13,9,1,5,4,6,6,4,4,10,5,5,1,11,3,10,3,1,B03,8,9,1,8,1,4,4,87,87,1,13,4,120.669783,24.319876,3
7986,66000,387130000C,(04)23274275,(04)23288582,2025,11,20,17,42,臺中市,北屯區,0,1,0,7,1,6,50,13,9,1,5,4,6,6,1,1,3,4,5,2,13,2,8,1,1,C03,7,9,1,10,2,11,,7,7,1,13,4,120.694155,24.164723,2
7987,66000,387130000C,(04)23274275,(04)23288582,2025,11,20,17,43,臺中市,西屯區,0,1,0,7,1,6,50,3,1,1,5,4,6,6,4,4,5,5,5,2,16,3,10,2,1,C03,7,6,1,10,2,11,,11,11,1,5,4,120.639847,24.187392,2
7988,66000,387130000C,(04)23274275,(04)23288582,2025,11,20,17,43,臺中市,清水區,0,1,0,7,3,6,50,13,9,1,5,4,6,6,2,1,1,5,5,2,16,3,10,3,1,B03,7,5,1,8,2,6,,20,20,1,12,4,120.558687,24.273664,2
7989,66000,387130000C,(04)23274275,(04)23288582,2025,11,20,17,43,臺中市,豐原區,0,0,0,7,,,50,,,,,,,,,,,,,,16,,,,,B03,,,1,,2,,,11,11,1,6,4,120.711277,24.239442,3
7990,66000,387130000C,(04)23274275,(04)23288582,2025,11,20,17,45,臺中市,北屯區,0,0,0,7,,,50,,,,,,,,,,,,,,13,,,,,C03,,,1,,1,,,7,7,1,12,4,120.678401,24.202849,4
7991,66000,387130000C,(04)23274275,(04)23288582,2025,11,20,17,45,臺中市,北屯區,0,2,0,7,3,6,30,3,1,1,5,4,6,6,4,4,10,5,5,2,17,2,9,2,1,C03,7,6,1,8,2,12,,12,12,1,6,4,120.699374,24.178929,2
7992,66000,387130000C,(04)23274275,(04)23288582,2025,11,20,17,45,臺中市,西屯區,0,1,0,7,1,6,40,3,1,1,5,4,6,6,1,1,10,5,5,1,18,2,9,1,1,C03,7,9,1,10,2,14,,7,7,1,13,4,120.632971,24.204657,2
7993,66000,387130000C,(04)23274275,(04)23288582,2025,11,20,17,47,臺中市,大里區,0,0,0,7,,,40,,,,,,,,,,,,,,,,,,,C03,,,1,,1,,,42,42,1,13,4,120.701977,24.099382,3
7994,66000,387130000C,(04)23274275,(04)23288582,2025,11,20,17,48,臺中市,南區,0,1,0,7,3,6,50,13,9,1,5,4,6,6,4,4,5,4,5,2,13,2,9,5,4,C03,7,9,1,10,2,11,,84,84,1,12,4,120.666684,24.11804,2
7995,66000,387130000C,(04)23274275,(04)23288582,2025,11,20,17,48,臺中市,烏日區,0,0,0,7,,,50,,,,,,,,,,,,,,13,,,,,B03,,,1,,1,,,59,59,1,13,4,120.644383,24.112518,3
7996,66000,387130000C,(04)23274275,(04)23288582,2025,11,20,17,48,臺中市,外埔區,0,0,0,7,1,6,50,13,14,1,5,4,6,6,4,4,5,5,4,1,17,3,10,3,1,B03,7,3,1,7,1,2,6,50,50,1,12,4,120.654395,24.330778,3
7997,66000,387130000C,(04)23274275,(04)23288582,2025,11,20,17,49,臺中市,北屯區,0,0,0,7,,,50,,,,,,,,,,,,,,17,,,,,,,,,,,,,119,119,1,,,120.723183,24.181487,3
7998,66000,387130000C,(04)23274275,(04)23288582,2025,11,20,17,52,臺中市,西區,0,0,0,7,,,50,,,,,,,,,,,,,,,,,,,B03,,,1,,1,,,51,51,1,6,4,120.665297,24.144625,3
7999,66000,387130000C,(04)23274275,(04)23288582,2025,11,20,17,53,臺中市,北屯區,0,1,0,7,1,6,50,4,1,1,5,4,6,6,2,1,10,5,5,2,17,2,7,2,1,C03,7,9,1,10,2,14,,84,84,1,6,4,120.663421,24.185245,2
8000,66000,387130000C,(04)23274275,(04)23288582,2025,11,20,17,54,臺中市,潭子區,0,0,0,6,,,50,,,,,,,,,,,,,,,,,,,B03,,,1,,2,,,84,84,1,13,4,120.719609,24.229086,3
8001,66000,387130000C,(04)23274275,(04)23288582,2025,11,20,17,55,臺中市,大里區,0,1,0,7,1,6,50,3,1,1,5,4,6,6,4,4,9,4,4,2,13,2,9,2,1,C03,7,5,1,8,2,11,,7,7,1,12,4,120.67945,24.11744,2
8002,66000,387130000C,(04)23274275,(04)23288582,2025,11,20,17,55,臺中市,梧棲區,0,1,0,7,2,6,50,4,1,1,5,4,6,6,1,1,10,5,5,2,16,3,10,3,1,B03,7,6,1,8,2,1,,11,11,1,12,4,120.53673,24.260517,2
8003,66000,387130000C,(04)23274275,(04)23288582,2025,11,20,17,56,臺中市,潭子區,0,2,0,7,1,6,50,3,1,1,5,4,6,6,4,4,1,4,4,2,16,2,7,3,1,B03,7,5,1,8,2,6,,14,14,1,12,4,120.709197,24.200796,2
8004,66000,387130000C,(04)23274275,(04)23288582,2025,11,20,17,56,臺中市,北屯區,0,1,0,7,1,6,50,13,9,1,5,4,6,6,4,4,5,4,5,2,17,3,10,3,1,B03,7,1,1,8,2,8,,51,51,1,6,4,120.665849,24.184375,2
8005,66000,387130000C,(04)23274275,(04)23288582,2025,11,20,17,57,臺中市,南區,0,2,0,7,1,6,50,4,1,1,5,4,6,6,4,4,10,5,5,2,16,2,9,2,1,C03,7,6,1,10,2,12,,48,48,1,13,4,120.681818,24.126433,2
8006,66000,387130000C,(04)23274275,(04)23288582,2025,11,20,17,58,臺中市,南區,0,2,0,7,1,6,50,3,1,1,5,4,6,6,4,4,10,5,5,2,17,3,10,3,1,B01,7,15,1,4,2,2,,84,84,1,12,4,120.667262,24.128477,2
8007,66000,387130000C,(04)23274275,(04)23288582,2025,11,20,17,58,臺中市,西屯區,0,0,0,7,,,50,,,,,,,,,,,,,,,,,,,B03,,,1,,2,,,47,47,1,13,4,120.643913,24.156379,3
8008,66000,387130000C,(04)23274275,(04)23288582,2025,11,20,17,59,臺中市,西區,0,0,0,7,,,40,,,,,,,,,,,,,,13,,,,,C03,,,1,,1,,,7,7,1,12,4,120.659687,24.157317,3
8009,66000,387130000C,(04)23274275,(04)23288582,2025,11,20,18,0,臺中市,北區,0,1,0,7,1,6,50,13,9,1,5,4,6,6,4,4,5,4,5,2,17,2,9,1,1,C03,7,7,1,10,2,13,,40,40,1,12,4,120.681138,24.157258,2
8010,66000,387130000C,(04)23274275,(04)23288582,2025,11,20,18,0,臺中市,南區,0,1,0,7,1,6,50,13,7,1,5,4,6,6,2,1,5,4,4,2,13,2,7,2,1,C03,7,9,1,10,2,11,,84,84,1,12,4,120.669783,24.114823,2
8011,66000,387130000C,(04)23274275,(04)23288582,2025,11,20,18,0,臺中市,南屯區,0,1,0,7,1,6,50,13,9,1,5,4,6,6,4,4,9,5,5,2,16,2,9,2,1,C03,7,4,1,10,2,12,,1,1,1,12,4,120.644893,24.135979,2
8012,66000,387130000C,(04)23274275,(04)23288582,2025,11,20,18,1,臺中市,西區,0,0,0,7,,,50,,,,,,,,,,,,,,,,,,,B12,,,3,19,1,,,84,84,1,13,4,120.65703,24.137342,3
8013,66000,387130000C,(04)23274275,(04)23288582,2025,11,20,18,3,臺中市,西屯區,0,1,0,7,1,6,40,4,2,1,5,4,6,6,1,1,3,5,3,2,13,2,9,5,4,C03,7,9,1,10,2,11,,7,7,1,13,4,120.629003,24.20581,2
8014,66000,387130000C,(04)23274275,(04)23288582,2025,11,20,18,4,臺中市,太平區,0,0,0,7,,,30,,,,,,,,,,,,,,17,,,,,C03,,,1,,2,,,84,84,1,12,4,120.717127,24.152045,3
8015,66000,387130000C,(04)23274275,(04)23288582,2025,11,20,18,4,臺中市,豐原區,0,0,0,7,,,50,,,,,,,,,,,,,,13,,,,,B03,,,1,,1,,,7,7,1,12,4,120.72029,24.264853,3
8016,66000,387130000C,(04)23274275,(04)23288582,2025,11,20,18,5,臺中市,神岡區,0,2,0,7,3,6,50,13,9,1,5,4,6,6,4,4,5,4,5,2,2,2,9,5,4,F02,7,9,7,21,2,11,,59,59,1,12,4,120.699167,24.251145,2
8017,66000,387130000C,(04)23274275,(04)23288582,2025,11,20,18,6,臺中市,大里區,0,0,0,7,,,40,,,,,,,,,,,,,,13,,,,,C03,,,1,,2,,,7,7,1,6,4,120.680865,24.104523,3
8018,66000,387130000C,(04)23274275,(04)23288582,2025,11,20,18,7,臺中市,南區,0,0,0,7,,,50,,,,,,,,,,,,,,14,,,,,B03,,,1,,2,,,49,49,1,6,4,120.666711,24.114979,3
8019,66000,387130000C,(04)23274275,(04)23288582,2025,11,20,18,7,臺中市,南區,0,0,0,7,3,6,50,13,9,1,5,4,6,6,4,4,9,5,5,2,13,3,10,5,4,B03,7,9,1,8,5,1,,84,84,1,12,4,120.658894,24.10907,3
8020,66000,387130000C,(04)23274275,(04)23288582,2025,11,20,18,10,臺中市,烏日區,0,0,0,7,,,50,,,,,,,,,,,,,,13,,,,,B03,,,1,,2,,,7,7,1,6,4,120.646528,24.110521,3
8021,66000,387130000C,(04)23274275,(04)23288582,2025,11,20,18,12,臺中市,西區,0,1,0,7,1,6,50,13,9,1,5,4,6,6,4,4,5,4,5,2,17,3,10,3,1,B03,7,13,1,8,2,4,,76,76,1,13,4,120.67962,24.142156,2
8022,66000,387130000C,(04)23274275,(04)23288582,2025,11,20,18,16,臺中市,霧峰區,0,0,0,7,,,50,,,,,,,,,,,,,,,,,,,B03,,,1,,2,,,8,8,1,12,4,120.697161,24.066096,3
8023,66000,387130000C,(04)23274275,(04)23288582,2025,11,20,18,19,臺中市,南區,0,1,0,7,1,6,50,13,9,1,5,4,6,6,4,4,3,4,5,2,12,3,10,2,1,C03,7,8,1,10,2,14,13,84,84,1,13,4,120.678646,24.128012,2
8024,66000,387130000C,(04)23274275,(04)23288582,2025,11,20,18,20,臺中市,太平區,0,0,0,7,,,30,,,,,,,,,,,,,,16,,,,,B03,,,1,,2,,,14,14,1,6,4,120.720455,24.118335,3
8025,66000,387130000C,(04)23274275,(04)23288582,2025,11,20,18,21,臺中市,西屯區,0,0,0,7,,,60,,,,,,,,,,,,,,16,,,,,B03,,,1,,1,,,59,,1,12,4,120.639088,24.169221,3
8026,66000,387130000C,(04)23274275,(04)23288582,2025,11,20,18,22,臺中市,北屯區,0,0,0,7,,,,,,,,,,,,,,,,,,,,,,,,,,,,,,119,119,1,,,120.688303,24.173164,4
8027,66000,387130000C,(04)23274275,(04)23288582,2025,11,20,18,22,臺中市,西屯區,0,0,0,7,,,50,,,,,,,,,,,,,,17,,,,,B03,,,1,,1,,,47,47,1,13,4,120.621068,24.18719,3
8028,66000,387130000C,(04)23274275,(04)23288582,2025,11,20,18,22,臺中市,西屯區,0,0,0,7,,,50,,,,,,,,,,,,,,12,,,,,B03,,,1,,1,,,20,20,1,13,4,120.648506,24.174778,3
8029,66000,387130000C,(04)23274275,(04)23288582,2025,11,20,18,23,臺中市,清水區,0,0,0,7,,,70,,,,,,,,,,,,,,,,,,,B03,,,1,,1,,,58,58,1,12,4,120.585567,24.287983,3
8030,66000,387130000C,(04)23274275,(04)23288582,2025,11,20,18,24,臺中市,大里區,0,0,0,7,,,50,,,,,,,,,,,,,,17,,,,,B03,,,1,,2,,,7,7,1,12,4,120.687276,24.093707,3
8031,66000,387130000C,(04)23274275,(04)23288582,2025,11,20,18,24,臺中市,大里區,0,1,0,6,1,6,50,13,7,1,5,4,6,6,4,4,9,5,4,2,17,3,10,1,1,C03,7,9,1,10,2,11,,7,7,1,12,4,120.679057,24.098623,2
8032,66000,387130000C,(04)23274275,(04)23288582,2025,11,20,18,25,臺中市,南屯區,0,0,0,7,,,50,,,,,,,,,,,,,,,,,,,C03,,,1,,1,,,59,59,1,12,4,120.638566,24.147233,3
8033,66000,387130000C,(04)23274275,(04)23288582,2025,11,20,18,25,臺中市,南屯區,0,0,0,7,,,50,,,,,,,,,,,,,,13,,,,,B03,,,1,,1,,,7,7,1,12,4,120.634173,24.148224,3
8034,66000,387130000C,(04)23274275,(04)23288582,2025,11,20,18,26,臺中市,太平區,0,1,0,7,1,6,50,13,9,1,5,4,6,6,4,4,5,5,4,1,17,2,9,2,1,C03,7,15,1,10,1,14,,94,94,1,12,4,120.71781,24.148528,2
8035,66000,387130000C,(04)23274275,(04)23288582,2025,11,20,18,27,臺中市,北屯區,0,0,0,7,,,50,,,,,,,,,,,,,,17,,,,,B03,,,1,,9,,,59,59,1,12,4,120.70278,24.175383,3
8036,66000,387130000C,(04)23274275,(04)23288582,2025,11,20,18,27,臺中市,外埔區,0,0,0,7,1,6,50,4,9,1,5,4,6,6,1,1,10,5,5,1,10,,,,,B03,,,1,,2,,,87,87,1,12,4,120.665166,24.334308,3
8037,66000,387130000C,(04)23274275,(04)23288582,2025,11,20,18,29,臺中市,太平區,0,1,0,7,1,6,50,3,1,1,5,4,6,6,4,4,5,5,5,1,16,2,8,2,1,C03,7,11,1,10,2,13,,45,45,1,12,4,120.721062,24.120234,2
8038,66000,387130000C,(04)23274275,(04)23288582,2025,11,20,18,29,臺中市,后里區,0,1,0,7,1,6,40,8,8,1,5,4,6,6,4,4,1,4,3,1,12,3,10,2,1,C03,7,4,1,10,2,12,,1,1,1,12,4,120.729455,24.284005,2
8039,66000,387130000C,(04)23274275,(04)23288582,2025,11,20,18,30,臺中市,大雅區,0,0,0,7,,,30,,,,,,,,,,,,,,,,,,,B03,,,1,,1,,,84,84,1,13,4,120.666613,24.238612,3
8040,66000,387130000C,(04)23274275,(04)23288582,2025,11,20,18,31,臺中市,西屯區,0,2,0,7,2,6,50,13,9,1,5,4,6,6,4,4,5,4,5,2,17,2,7,2,1,C03,7,1,1,10,2,14,,51,51,1,12,4,120.645093,24.178182,2
8041,66000,387130000C,(04)23274275,(04)23288582,2025,11,20,18,32,臺中市,外埔區,0,2,0,7,1,6,50,3,19,1,5,4,6,6,4,4,4,4,4,1,3,2,9,2,1,C03,7,9,1,10,2,14,,10,10,1,12,4,120.638764,24.341779,2
8042,66000,387130000C,(04)23274275,(04)23288582,2025,11,20,18,33,臺中市,西區,0,0,0,7,,,50,,,,,,,,,,,,,,,,,,,B03,,,1,,1,,,84,84,1,6,4,120.657307,24.157349,3
8043,66000,387130000C,(04)23274275,(04)23288582,2025,11,20,18,34,臺中市,南區,0,0,0,7,,,30,,,,,,,,,,,,,,,,,,,C03,,,1,,9,,,86,86,1,12,4,120.670516,24.123553,3
8044,66000,387130000C,(04)23274275,(04)23288582,2025,11,20,18,35,臺中市,西屯區,0,1,0,6,1,6,40,13,8,1,5,4,6,6,4,4,10,5,5,2,2,3,10,3,1,A04,7,9,1,2,2,5,,8,8,1,13,4,120.644742,24.183995,2
8045,66000,387130000C,(04)23274275,(04)23288582,2025,11,20,18,35,臺中市,沙鹿區,0,0,0,7,,,1,,,,,,,,,,,,,,17,,,,,C03,,,1,,2,,,8,8,1,6,4,120.575267,24.226405,3
8046,66000,387130000C,(04)23274275,(04)23288582,2025,11,20,18,37,臺中市,太平區,0,0,0,7,,,30,,,,,,,,,,,,,,17,,,,,B12,,,1,,1,,,84,84,1,12,4,120.715156,24.146033,3
8047,66000,387130000C,(04)23274275,(04)23288582,2025,11,20,18,38,臺中市,沙鹿區,0,0,0,7,,,30,,,,,,,,,,,,,,,,,,,B03,,,1,,2,,,49,49,1,6,4,120.558487,24.216235,3
8048,66000,387130000C,(04)23274275,(04)23288582,2025,11,20,18,39,臺中市,梧棲區,0,0,0,7,,,50,,,,,,,,,,,,,,13,,,,,B03,,,1,,1,,,84,84,1,12,4,120.53714,24.245342,3
8049,66000,387130000C,(04)23274275,(04)23288582,2025,11,20,18,40,臺中市,西屯區,0,0,0,7,,,60,,,,,,,,,,,,,,13,,,,,B03,,,1,,1,,,87,87,1,13,4,120.652735,24.160842,3
8050,66000,387130000C,(04)23274275,(04)23288582,2025,11,20,18,42,臺中市,西屯區,0,2,0,7,2,6,50,13,9,1,5,4,6,6,4,4,5,4,5,1,13,2,9,1,1,C03,7,9,1,10,2,11,,59,59,1,13,4,120.64607,24.175341,2
8051,66000,387130000C,(04)23274275,(04)23288582,2025,11,20,18,44,臺中市,西區,0,0,0,7,,,50,,,,,,,,,,,,,,13,,,,,B02,,,1,,1,,,84,84,1,6,4,120.667532,24.141802,3
8052,66000,387130000C,(04)23274275,(04)23288582,2025,11,20,18,45,臺中市,西區,0,1,0,7,1,6,50,5,1,1,5,4,6,6,1,1,1,4,4,2,17,3,10,3,1,B03,7,6,1,8,2,8,,11,11,1,12,4,120.670177,24.133777,2
8053,66000,387130000C,(04)23274275,(04)23288582,2025,11,20,18,45,臺中市,北屯區,0,2,0,7,2,6,50,13,9,1,5,4,6,6,4,4,1,4,5,2,12,2,9,3,3,B03,7,7,1,8,2,5,8,40,40,1,12,4,120.703566,24.182189,2
8054,66000,387130000C,(04)23274275,(04)23288582,2025,11,20,18,45,臺中市,烏日區,0,0,0,7,,,50,,,,,,,,,,,,,,17,,,,,B03,,,1,,2,,,59,59,1,6,4,120.642379,24.105809,3
8055,66000,387130000C,(04)23274275,(04)23288582,2025,11,20,18,50,臺中市,沙鹿區,0,1,0,7,3,6,50,4,2,1,5,4,6,6,2,1,10,5,5,2,17,2,7,2,1,C03,7,9,1,10,2,12,,2,2,1,5,4,120.565097,24.242946,2
8056,66000,387130000C,(04)23274275,(04)23288582,2025,11,20,18,53,臺中市,北區,0,0,0,7,,,50,,,,,,,,,,,,,,13,,,,,B03,,,1,,1,,,7,7,1,13,4,120.674375,24.16409,3
8057,66000,387130000C,(04)23274275,(04)23288582,2025,11,20,18,53,臺中市,沙鹿區,0,0,0,7,,,50,,,,,,,,,,,,,,,,,,,B03,,,1,,1,,,49,49,1,13,4,120.568524,24.229692,3
8058,66000,387130000C,(04)23274275,(04)23288582,2025,11,20,18,56,臺中市,沙鹿區,0,1,0,7,1,6,40,13,8,1,5,4,6,6,4,4,1,5,5,2,17,2,9,2,1,C03,7,9,3,19,2,11,,59,59,1,6,4,120.570129,24.235884,2
8059,66000,387130000C,(04)23274275,(04)23288582,2025,11,20,19,1,臺中市,龍井區,0,0,0,7,,,40,,,,,,,,,,,,,,17,,,,,B03,,,1,,9,,,87,87,1,6,4,120.543477,24.173848,3
8060,66000,387130000C,(04)23274275,(04)23288582,2025,11,20,19,1,臺中市,沙鹿區,0,0,0,7,,,50,,,,,,,,,,,,,,,,,,,B03,,,1,,2,,,59,59,1,6,4,120.615618,24.242745,3
8061,66000,387130000C,(04)23274275,(04)23288582,2025,11,20,19,5,臺中市,大里區,0,1,0,7,3,6,50,3,1,1,5,4,6,6,4,4,10,5,5,2,16,3,10,1,1,C03,7,1,1,10,2,11,,51,51,1,13,4,120.703649,24.093853,2
8062,66000,387130000C,(04)23274275,(04)23288582,2025,11,20,19,9,臺中市,南屯區,0,2,0,7,1,6,50,4,1,1,5,4,6,6,1,1,10,5,5,2,13,2,9,2,1,C03,7,9,1,10,2,11,,7,7,1,13,4,120.623785,24.145218,2
8063,66000,387130000C,(04)23274275,(04)23288582,2025,11,20,19,11,臺中市,西屯區,0,0,0,7,,,50,,,,,,,,,,,,,,13,,,,,B03,,,1,,1,,,7,7,1,12,4,120.639257,24.168958,3
8064,66000,387130000C,(04)23274275,(04)23288582,2025,11,20,19,15,臺中市,潭子區,0,2,0,7,1,6,50,13,7,1,5,4,6,6,4,4,9,5,4,2,13,3,10,3,1,B03,7,9,1,8,2,1,,84,84,1,12,4,120.703862,24.207184,2
8065,66000,387130000C,(04)23274275,(04)23288582,2025,11,20,19,17,臺中市,清水區,0,1,0,7,2,6,50,4,2,1,5,4,6,6,4,4,9,3,4,1,17,3,10,3,1,B03,7,9,1,8,2,8,,84,84,1,12,4,120.558599,24.26076,2
8066,66000,387130000C,(04)23274275,(04)23288582,2025,11,20,19,18,臺中市,太平區,0,1,0,7,1,6,50,11,14,1,5,4,6,6,4,4,5,4,5,1,17,2,9,2,1,C03,7,9,1,10,2,12,,84,84,1,10,4,120.73496,24.134179,2
8067,66000,387130000C,(04)23274275,(04)23288582,2025,11,20,19,29,臺中市,大肚區,0,1,0,7,1,6,50,11,9,1,5,4,6,6,4,4,5,5,5,1,18,2,9,2,1,C03,7,9,1,10,2,12,,59,59,1,5,4,120.5741,24.151902,2
8068,66000,387130000C,(04)23274275,(04)23288582,2025,11,20,19,31,臺中市,西屯區,0,1,0,7,1,6,50,13,9,1,5,4,6,6,4,4,5,5,5,2,17,3,10,3,1,B03,7,11,1,8,2,3,,45,45,1,12,4,120.647184,24.170922,2
8069,66000,387130000C,(04)23274275,(04)23288582,2025,11,20,19,34,臺中市,西區,0,0,0,7,,,50,,,,,,,,,,,,,,,,,,,B12,,,1,8,2,,,49,49,1,13,4,120.656389,24.154441,3
8070,66000,387130000C,(04)23274275,(04)23288582,2025,11,20,19,34,臺中市,大里區,0,1,0,6,2,6,40,13,9,1,5,4,6,6,4,4,5,4,5,1,17,3,10,3,1,B03,7,15,1,8,2,2,,84,84,1,13,4,120.712598,24.085864,2
8071,66000,387130000C,(04)23274275,(04)23288582,2025,11,20,19,34,臺中市,清水區,0,1,0,7,2,6,50,4,1,1,5,4,6,6,4,4,9,3,4,1,17,3,10,3,1,B03,7,11,1,8,2,8,,45,45,1,12,4,120.555226,24.281707,2
8072,66000,387130000C,(04)23274275,(04)23288582,2025,11,20,19,42,臺中市,霧峰區,0,2,0,7,1,6,50,13,9,1,5,4,6,6,4,4,9,5,5,1,3,2,9,6,5,H04,8,20,7,21,2,17,,98,98,1,12,5,120.711669,24.077008,2
8073,66000,387130000C,(04)23274275,(04)23288582,2025,11,20,19,57,臺中市,豐原區,0,1,0,7,1,6,50,3,1,1,5,4,6,6,1,1,10,5,5,2,17,3,10,3,1,B03,7,6,1,8,2,2,,11,11,1,13,4,120.715341,24.263247,2
8074,66000,387130000C,(04)23274275,(04)23288582,2025,11,20,19,59,臺中市,西屯區,0,1,0,7,1,6,40,13,8,1,5,4,6,6,4,4,1,4,1,1,13,2,9,5,4,C03,7,9,1,10,1,11,,7,7,1,13,4,120.644968,24.194612,2
8075,66000,387130000C,(04)23274275,(04)23288582,2025,11,20,20,0,臺中市,烏日區,0,1,0,7,1,6,50,3,1,1,5,4,6,6,1,1,10,5,5,2,17,2,9,2,1,C03,7,6,1,10,2,11,,84,84,1,6,4,120.586563,24.113185,2
8076,66000,387130000C,(04)23274275,(04)23288582,2025,11,20,20,3,臺中市,西屯區,0,1,0,7,1,6,40,3,1,1,5,4,6,6,4,4,10,5,5,2,18,2,9,1,1,C03,7,9,1,10,2,16,,7,7,1,13,4,120.617356,24.182208,2
8077,66000,387130000C,(04)23274275,(04)23288582,2025,11,20,20,4,臺中市,西區,0,0,0,7,,,30,,,,,,,,,,,,,,30,,,,,B03,,,1,,1,,,84,84,1,12,4,120.662239,24.154744,3
8078,66000,387130000C,(04)23274275,(04)23288582,2025,11,20,20,8,臺中市,西屯區,0,0,0,7,,,50,,,,,,,,,,,,,,17,,,,,B03,,,1,,1,,,56,56,1,13,4,120.63528,24.176529,3