序號,縣市別代碼,機關代碼,市話,傳真,年,月,日,時,分,縣市,區,死亡數量,受傷數量,2-30,天候,道路照明設備,道路類別,道路速限,道路型態,事故位置,路面鋪裝,路面狀態,路面缺陷,障礙物,視距,號誌種類,號誌動作,分向設施,快車道或一般車道間,快慢車道間,路面邊線,事故類型及型態,受傷程度,主要傷處,保護裝備,行動電話或功能裝置,當事者區分(類別),車輛用途,當事者行動狀態,駕照狀態,駕照種類,飲酒情形,車輛撞擊部位最初,車輛撞擊部位其他,肇事因素個別,肇事因素主要,肇事逃逸,職業,共享經濟或外送平台,GPS座標X,GPS座標Y,事故類別
8079,66000,387130000C,(04)23274275,(04)23288582,2025,11,20,20,20,臺中市,南屯區,0,1,0,7,2,6,50,13,9,1,5,4,6,6,4,4,9,4,5,2,17,3,10,3,1,B03,7,1,1,8,2,1,,51,51,1,12,4,120.648807,24.151349,2
8080,66000,387130000C,(04)23274275,(04)23288582,2025,11,20,20,20,臺中市,烏日區,0,1,0,7,1,6,50,3,1,1,5,4,6,6,4,4,10,5,5,2,18,2,9,2,1,C03,7,9,1,10,2,16,,84,84,1,6,4,120.600524,24.109558,2
8081,66000,387130000C,(04)23274275,(04)23288582,2025,11,20,20,20,臺中市,清水區,0,0,0,7,,,60,,,,,,,,,,,,,,,,,,,B03,,,1,,1,,,7,7,1,12,4,120.548952,24.280907,3
8082,66000,387130000C,(04)23274275,(04)23288582,2025,11,20,20,33,臺中市,西屯區,0,1,0,7,1,6,40,4,1,1,5,4,6,6,2,1,1,4,1,2,13,2,9,5,4,C03,7,9,1,10,2,11,,7,7,1,13,4,120.616508,24.182689,2
8083,66000,387130000C,(04)23274275,(04)23288582,2025,11,20,20,38,臺中市,北屯區,0,1,0,7,1,6,50,4,2,1,5,4,6,6,1,1,5,4,5,2,17,3,10,1,1,F01,7,1,7,21,2,16,,85,85,1,3,4,120.674953,24.177027,2
8084,66000,387130000C,(04)23274275,(04)23288582,2025,11,20,20,38,臺中市,豐原區,0,1,0,7,1,6,50,3,1,1,5,4,6,6,4,4,10,5,5,2,17,,,,,,,9,,,,,,86,86,2,,,120.717835,24.249578,2
8085,66000,387130000C,(04)23274275,(04)23288582,2025,11,20,20,44,臺中市,北區,0,0,0,7,,,50,,,,,,,,,,,,,,17,,,,,B03,,,1,,1,,,84,84,1,13,4,120.682657,24.152999,3
8086,66000,387130000C,(04)23274275,(04)23288582,2025,11,20,20,47,臺中市,大里區,0,1,0,7,3,6,50,13,9,1,5,4,6,6,4,4,9,5,5,1,17,3,10,5,4,B03,7,13,1,8,2,4,,76,76,1,13,4,120.699967,24.089063,2
8087,66000,387130000C,(04)23274275,(04)23288582,2025,11,20,20,48,臺中市,南屯區,0,0,0,7,,,50,,,,,,,,,,,,,,12,,,,,C03,,,1,,2,,,50,50,1,12,4,120.63328,24.152481,3
8088,66000,387130000C,(04)23274275,(04)23288582,2025,11,20,20,48,臺中市,大肚區,0,1,0,7,1,6,50,3,1,1,5,4,6,6,4,4,9,5,5,2,16,3,10,3,1,B03,7,5,1,8,2,1,,11,11,1,6,4,120.573464,24.164837,2
8089,66000,387130000C,(04)23274275,(04)23288582,2025,11,20,20,53,臺中市,西屯區,0,2,0,7,3,6,50,13,9,1,5,4,6,6,4,4,1,4,5,2,13,3,10,1,1,C03,7,9,3,19,2,11,,7,7,1,12,4,120.636381,24.171439,2
8090,66000,387130000C,(04)23274275,(04)23288582,2025,11,20,20,58,臺中市,北區,0,1,0,7,2,6,50,13,9,1,5,4,6,6,1,1,1,4,5,2,17,3,10,3,1,B03,7,9,1,8,1,6,,42,42,1,12,4,120.672692,24.167906,2
8091,66000,387130000C,(04)23274275,(04)23288582,2025,11,20,20,59,臺中市,北區,0,0,0,7,,,50,,,,,,,,,,,,,,17,,,,,C03,,,1,,2,,,45,45,1,13,4,120.688167,24.152628,3
8092,66000,387130000C,(04)23274275,(04)23288582,2025,11,20,21,2,臺中市,北區,0,1,0,7,1,6,50,13,9,1,5,4,6,6,4,4,1,4,4,2,18,2,9,1,1,C03,7,9,1,10,2,15,,84,84,1,12,4,120.675248,24.161045,2
8093,66000,387130000C,(04)23274275,(04)23288582,2025,11,20,21,6,臺中市,霧峰區,0,2,0,6,2,6,50,13,9,1,5,4,6,6,4,4,10,4,5,1,17,2,9,1,1,C03,7,8,1,10,2,14,,40,40,1,13,4,120.698658,24.064098,2
8094,66000,387130000C,(04)23274275,(04)23288582,2025,11,20,21,14,臺中市,潭子區,0,1,0,7,1,6,50,3,1,1,5,4,6,6,4,4,10,5,5,2,12,3,10,3,1,B03,7,4,1,8,2,2,,34,34,1,12,4,120.697868,24.223456,2
8095,66000,387130000C,(04)23274275,(04)23288582,2025,11,20,21,16,臺中市,北屯區,0,1,0,7,1,6,50,4,2,1,5,4,6,6,1,1,3,4,5,2,18,2,8,1,1,C03,7,9,1,10,2,14,,84,84,1,13,4,120.685081,24.171975,2
8096,66000,387130000C,(04)23274275,(04)23288582,2025,11,20,21,17,臺中市,大里區,0,0,0,7,,,50,,,,,,,,,,,,,,,,,,,B03,,,3,,11,,,49,49,1,12,4,120.714251,24.095707,3
8097,66000,387130000C,(04)23274275,(04)23288582,2025,11,20,21,20,臺中市,梧棲區,0,1,0,7,1,6,60,3,9,1,5,4,6,6,4,4,10,5,5,1,16,2,9,1,1,F03,7,9,7,21,2,14,,26,26,1,12,4,120.525362,24.225013,2
8098,66000,387130000C,(04)23274275,(04)23288582,2025,11,20,21,29,臺中市,西屯區,0,2,0,6,1,6,50,3,1,1,5,4,6,6,2,1,10,5,5,2,16,2,9,1,1,F03,7,6,7,21,2,12,,48,48,1,13,4,120.650041,24.182029,2
8099,66000,387130000C,(04)23274275,(04)23288582,2025,11,20,21,29,臺中市,太平區,0,1,0,7,1,6,50,5,2,1,5,4,6,6,1,1,5,2,5,1,12,3,10,3,1,B03,7,6,1,8,2,5,,39,39,1,12,4,120.718262,24.126045,2
8100,66000,387130000C,(04)23274275,(04)23288582,2025,11,20,21,32,臺中市,北區,0,1,0,7,1,6,50,4,1,1,5,4,6,6,1,1,10,5,5,2,17,3,10,5,4,B03,7,1,1,8,1,8,,51,51,1,13,4,120.673447,24.171794,2
8101,66000,387130000C,(04)23274275,(04)23288582,2025,11,20,21,37,臺中市,霧峰區,0,1,0,7,3,6,50,3,1,1,5,4,6,6,1,1,10,5,5,2,16,3,10,1,1,C03,7,6,1,10,2,16,,48,48,1,13,4,120.713599,24.07537,2
8102,66000,387130000C,(04)23274275,(04)23288582,2025,11,20,21,40,臺中市,北區,0,2,0,7,1,6,50,4,1,1,5,4,6,6,2,1,5,5,5,2,15,2,9,3,1,B03,7,9,1,8,2,1,,84,84,1,12,4,120.67817,24.151537,2
8103,66000,387130000C,(04)23274275,(04)23288582,2025,11,20,21,41,臺中市,霧峰區,0,2,0,6,2,6,50,3,1,1,5,4,6,6,4,4,10,5,5,1,17,2,9,1,1,C03,7,11,1,10,2,12,,45,45,1,13,4,120.694612,24.072526,2
8104,66000,387130000C,(04)23274275,(04)23288582,2025,11,20,21,59,臺中市,南屯區,0,3,0,7,1,6,50,13,9,1,5,4,6,6,4,4,1,4,5,2,13,2,9,2,1,C03,7,9,1,10,2,11,,7,7,1,12,4,120.646334,24.131555,2
8105,66000,387130000C,(04)23274275,(04)23288582,2025,11,20,22,0,臺中市,北屯區,0,2,0,7,2,6,50,3,1,1,5,4,6,6,4,4,10,5,5,2,2,2,8,1,1,C03,7,6,1,10,2,11,,10,10,1,12,4,120.684408,24.193538,2
8106,66000,387130000C,(04)23274275,(04)23288582,2025,11,20,22,18,臺中市,北屯區,0,1,0,7,1,6,50,13,9,1,5,4,6,6,4,4,1,4,5,2,13,2,9,1,1,C03,7,9,1,11,2,11,,84,84,1,6,4,120.693472,24.163473,2
8107,66000,387130000C,(04)23274275,(04)23288582,2025,11,20,22,18,臺中市,西屯區,0,0,0,7,,,50,,,,,,,,,,,,,,13,,,,,B03,,,1,,2,,,56,56,1,12,4,120.649497,24.162353,3
8108,66000,387130000C,(04)23274275,(04)23288582,2025,11,20,22,19,臺中市,西屯區,0,0,0,7,,,50,,,,,,,,,,,,,,13,,,,,B03,,,1,,1,,,84,84,1,13,4,120.64514,24.177648,3
8109,66000,387130000C,(04)23274275,(04)23288582,2025,11,20,22,26,臺中市,北屯區,0,0,0,7,,,50,,,,,,,,,,,,,,17,,,,,B02,,,1,,1,,,84,84,1,6,4,120.664063,24.185579,3
8110,66000,387130000C,(04)23274275,(04)23288582,2025,11,20,22,39,臺中市,北區,0,1,0,7,1,6,50,3,2,1,5,4,6,6,4,4,9,5,5,2,16,3,10,3,1,B03,7,5,1,8,2,2,,8,8,1,12,4,120.687847,24.158663,2
8111,66000,387130000C,(04)23274275,(04)23288582,2025,11,20,22,44,臺中市,沙鹿區,0,0,0,7,,,60,,,,,,,,,,,,,,,,,,,B03,,,1,,2,,,40,40,1,6,4,120.55679,24.212767,3
8112,66000,387130000C,(04)23274275,(04)23288582,2025,11,20,22,55,臺中市,龍井區,0,1,0,6,1,6,50,11,9,1,5,4,6,6,4,4,9,5,5,1,18,2,9,2,1,C03,7,9,1,10,2,12,,94,94,1,6,4,120.568844,24.178488,2
8113,66000,387130000C,(04)23274275,(04)23288582,2025,11,20,22,57,臺中市,北屯區,0,1,0,7,1,6,50,4,2,1,5,4,6,6,1,1,3,4,5,2,18,2,9,1,1,C03,7,9,1,10,2,12,,84,84,1,13,4,120.727761,24.160792,2
8114,66000,387130000C,(04)23274275,(04)23288582,2025,11,20,23,0,臺中市,中區,0,1,0,7,1,6,50,13,9,1,5,4,6,6,4,4,5,4,5,2,12,3,10,3,1,B03,7,13,1,8,1,4,,76,76,1,12,4,120.683188,24.139178,2
8115,66000,387130000C,(04)23274275,(04)23288582,2025,11,20,23,13,臺中市,北區,0,2,0,7,1,6,50,4,1,1,5,4,6,6,2,1,5,4,4,2,13,2,9,1,1,C03,7,9,1,10,2,11,,84,84,1,13,4,120.673776,24.165143,2
8116,66000,387130000C,(04)23274275,(04)23288582,2025,11,20,23,14,臺中市,西屯區,0,1,0,7,1,6,50,13,9,1,5,4,6,6,4,4,1,4,5,1,17,2,9,2,1,C03,7,9,1,10,2,11,,59,59,1,12,4,120.613498,24.187013,2
8117,66000,387130000C,(04)23274275,(04)23288582,2025,11,20,23,21,臺中市,豐原區,0,1,0,7,1,6,60,13,9,1,5,4,6,6,4,4,1,3,5,2,21,2,1,3,1,B03,7,5,1,8,2,1,,7,7,1,12,4,120.703239,24.238543,2
8118,66000,387130000C,(04)23274275,(04)23288582,2025,11,20,23,23,臺中市,西區,0,2,0,7,1,6,50,4,1,1,5,4,6,6,1,1,10,5,5,2,15,2,9,1,1,C03,7,9,1,10,2,11,,21,21,1,12,4,120.653004,24.152332,2
8119,66000,387130000C,(04)23274275,(04)23288582,2025,11,20,23,33,臺中市,太平區,0,1,0,7,1,6,40,5,8,1,5,4,6,6,1,1,5,2,4,2,28,2,9,1,1,C03,7,9,1,10,2,11,14,84,84,1,12,4,120.733458,24.155812,2
8120,66000,387130000C,(04)23274275,(04)23288582,2025,11,20,23,41,臺中市,北區,0,2,0,7,1,6,50,4,2,1,5,4,6,6,2,1,10,5,5,2,11,3,10,3,1,B03,7,6,1,8,2,1,,20,20,1,13,4,120.676738,24.165089,2
8121,66000,387130000C,(04)23274275,(04)23288582,2025,11,20,23,50,臺中市,龍井區,0,1,0,7,1,6,40,4,1,1,5,4,6,6,3,1,10,5,5,2,18,2,9,2,1,C03,7,5,1,10,2,12,,6,6,1,6,4,120.509249,24.200586,2
8122,66000,387130000C,(04)23274275,(04)23288582,2025,11,20,23,57,臺中市,南屯區,0,1,0,7,1,6,50,4,9,1,5,4,6,6,2,1,5,2,5,2,17,2,9,1,1,C03,7,9,1,10,2,12,,4,4,1,6,4,120.610353,24.135562,2
8123,66000,387130000C,(04)23274275,(04)23288582,2025,11,21,0,5,臺中市,沙鹿區,0,0,0,7,,,0,,,,,,,,,,,,,,14,,,,,C03,,,1,,2,,,49,49,1,12,2,120.558732,24.235018,3
8124,66000,387130000C,(04)23274275,(04)23288582,2025,11,21,0,15,臺中市,沙鹿區,0,0,0,7,,,50,,,,,,,,,,,,,,17,3,10,4,4,B03,7,9,1,8,9,5,,56,56,1,6,4,120.566653,24.219707,3
8125,66000,387130000C,(04)23274275,(04)23288582,2025,11,21,0,25,臺中市,烏日區,0,0,0,7,,,40,,,,,,,,,,,,,,14,,,,,B12,,,1,,9,,,49,49,1,6,4,120.647962,24.085722,3
8126,66000,387130000C,(04)23274275,(04)23288582,2025,11,21,0,34,臺中市,南屯區,0,1,0,7,1,6,50,4,1,1,5,4,6,6,2,1,5,4,5,2,16,3,10,3,1,B03,7,5,1,8,2,6,,47,47,1,12,4,120.652983,24.138963,2
8127,66000,387130000C,(04)23274275,(04)23288582,2025,11,21,1,16,臺中市,北區,0,3,0,7,1,6,50,4,2,1,5,4,6,6,4,4,10,5,5,2,12,2,9,2,1,C03,7,9,1,10,2,14,,7,7,1,13,4,120.683007,24.159315,2
8128,66000,387130000C,(04)23274275,(04)23288582,2025,11,21,1,41,臺中市,北區,0,0,0,7,1,6,50,13,9,1,5,4,6,6,4,4,5,4,5,2,12,3,10,3,1,B03,7,1,1,8,1,8,,51,51,1,12,4,120.677409,24.151062,3
8129,66000,387130000C,(04)23274275,(04)23288582,2025,11,21,2,27,臺中市,北屯區,0,1,0,7,1,6,50,13,9,1,5,4,6,6,4,4,5,5,5,2,13,2,8,1,1,C03,7,9,1,10,2,11,,59,59,1,5,4,120.731256,24.169677,2
8130,66000,387130000C,(04)23274275,(04)23288582,2025,11,21,4,43,臺中市,東區,0,0,0,7,,,50,,,,,,,,,,,,,,,,,,,C03,,,1,,9,,,84,84,2,6,4,120.702425,24.138661,3
8131,66000,387130000C,(04)23274275,(04)23288582,2025,11,21,5,40,臺中市,西屯區,0,1,0,7,1,6,50,13,7,1,5,4,6,6,4,4,5,4,4,1,11,2,1,3,1,B03,7,9,3,19,2,8,,4,4,1,12,4,120.654097,24.16276,2
8132,66000,387130000C,(04)23274275,(04)23288582,2025,11,21,5,55,臺中市,大里區,0,0,0,6,,,50,,,,,,,,,,,,,,13,,,,,B03,,,1,,2,,,59,59,1,12,4,120.687441,24.102078,3
8133,66000,387130000C,(04)23274275,(04)23288582,2025,11,21,6,23,臺中市,西屯區,0,1,0,6,2,6,50,13,9,1,4,4,6,6,4,4,1,4,5,2,17,3,10,5,4,G03,7,14,7,21,2,17,,72,72,1,12,4,120.657938,24.199212,2
8134,66000,387130000C,(04)23274275,(04)23288582,2025,11,21,6,25,臺中市,沙鹿區,0,1,0,6,2,6,30,3,1,1,5,4,6,6,1,1,10,5,5,2,3,3,10,6,5,H01,8,16,7,21,10,17,,95,95,1,4,5,120.580386,24.21608,2
8135,66000,387130000C,(04)23274275,(04)23288582,2025,11,21,6,45,臺中市,潭子區,0,1,0,7,3,6,50,3,1,1,4,4,6,6,1,1,10,5,5,2,18,2,9,2,1,C03,7,5,1,10,9,12,,59,59,1,12,4,120.693157,24.216028,2
8136,66000,387130000C,(04)23274275,(04)23288582,2025,11,21,6,53,臺中市,北屯區,0,0,0,6,,,50,,,,,,,,,,,,,,12,,,,,B03,,,1,,1,,,1,1,1,6,4,120.72147,24.162428,3
8137,66000,387130000C,(04)23274275,(04)23288582,2025,11,21,6,55,臺中市,大雅區,0,1,0,7,1,6,30,3,1,1,5,4,6,6,4,4,10,5,5,1,17,2,9,1,1,C03,7,9,1,10,2,12,,82,82,1,13,4,120.637507,24.210762,2
8138,66000,387130000C,(04)23274275,(04)23288582,2025,11,21,6,59,臺中市,南屯區,0,0,0,7,,,50,,,,,,,,,,,,,,17,,,,,C03,,,1,,2,,,7,7,1,12,4,120.60997,24.138511,3
8139,66000,387130000C,(04)23274275,(04)23288582,2025,11,21,7,0,臺中市,梧棲區,0,1,0,6,2,6,30,4,1,1,5,4,6,6,4,4,10,5,5,2,17,3,10,3,1,B12,7,6,1,8,2,4,,85,85,1,6,4,120.544743,24.240936,2
8140,66000,387130000C,(04)23274275,(04)23288582,2025,11,21,7,3,臺中市,東區,0,1,0,7,2,6,50,4,2,1,5,4,6,6,2,1,5,4,4,2,18,2,9,6,1,F01,7,9,7,21,2,14,,84,84,1,12,4,120.688642,24.126392,2
8141,66000,387130000C,(04)23274275,(04)23288582,2025,11,21,7,5,臺中市,北區,0,1,0,7,2,6,50,13,9,1,5,4,6,6,4,4,1,4,5,2,12,3,10,3,1,B03,7,9,1,8,2,5,,84,84,1,12,4,120.691077,24.159519,2
8142,66000,387130000C,(04)23274275,(04)23288582,2025,11,21,7,11,臺中市,后里區,0,1,0,6,2,6,50,13,9,1,5,4,6,6,4,4,5,5,5,1,12,3,10,1,1,C03,7,9,1,10,2,14,,8,8,1,12,4,120.680042,24.311084,2
8143,66000,387130000C,(04)23274275,(04)23288582,2025,11,21,7,14,臺中市,梧棲區,0,0,0,7,,,40,,,,,,,,,,,,,,16,,,,,B03,,,1,,4,,,11,11,1,6,4,120.525032,24.2542,3
8144,66000,387130000C,(04)23274275,(04)23288582,2025,11,21,7,16,臺中市,南屯區,0,1,0,6,3,6,50,13,9,1,5,4,6,6,4,4,5,4,5,2,17,3,10,3,1,B03,7,5,1,8,2,16,,20,20,1,12,4,120.639101,24.147177,2
8145,66000,387130000C,(04)23274275,(04)23288582,2025,11,21,7,19,臺中市,西屯區,0,0,0,7,,,50,,,,,,,,,,,,,,13,,,,,B03,,,1,,1,,,7,7,1,12,4,120.59066,24.191989,3
8146,66000,387130000C,(04)23274275,(04)23288582,2025,11,21,7,20,臺中市,大雅區,0,1,0,6,1,6,50,13,9,1,5,4,6,6,4,4,5,5,5,2,17,2,8,1,1,C02,7,11,1,10,2,11,,34,34,1,13,4,120.653152,24.225912,2
8147,66000,387130000C,(04)23274275,(04)23288582,2025,11,21,7,20,臺中市,南屯區,0,0,0,7,,,50,,,,,,,,,,,,,,,,,,,C03,,,1,,2,,,13,13,1,12,4,120.608325,24.138529,3
8148,66000,387130000C,(04)23274275,(04)23288582,2025,11,21,7,20,臺中市,外埔區,0,0,0,6,2,6,50,3,1,1,5,4,6,6,1,1,4,2,5,2,16,3,10,3,1,B03,7,9,1,8,2,4,,21,21,1,12,4,120.639685,24.34107,3
8149,66000,387130000C,(04)23274275,(04)23288582,2025,11,21,7,20,臺中市,豐原區,0,1,0,6,2,6,50,4,1,1,5,4,6,6,2,1,1,4,4,1,17,3,10,5,4,B03,7,5,1,8,2,6,,11,11,1,12,4,120.754513,24.274088,2
8150,66000,387130000C,(04)23274275,(04)23288582,2025,11,21,7,22,臺中市,南區,0,1,0,7,3,6,30,13,9,1,5,4,6,6,4,4,10,5,5,2,28,2,9,5,4,C03,7,9,1,10,2,11,,84,84,1,6,4,120.657294,24.110106,2
8151,66000,387130000C,(04)23274275,(04)23288582,2025,11,21,7,24,臺中市,南屯區,0,2,0,7,2,6,30,4,1,1,5,4,6,6,4,4,9,5,5,2,17,2,9,2,1,C03,7,9,1,10,2,12,,15,15,1,13,4,120.612469,24.147231,2
8152,66000,387130000C,(04)23274275,(04)23288582,2025,11,21,7,24,臺中市,大安區,0,0,0,7,,,50,,,,,,,,,,,,,,,,,,,B03,,,1,,9,,,84,84,1,6,4,120.591486,24.377362,3
8153,66000,387130000C,(04)23274275,(04)23288582,2025,11,21,7,25,臺中市,大雅區,0,1,0,7,3,6,50,13,9,1,5,4,6,6,4,4,9,4,5,1,12,3,10,3,1,B03,7,6,1,8,2,4,,85,85,1,13,4,120.65681,24.239956,2
8154,66000,387130000C,(04)23274275,(04)23288582,2025,11,21,7,26,臺中市,大雅區,0,1,0,7,3,6,30,11,9,1,5,4,6,6,4,4,10,5,5,2,17,2,8,2,1,C03,7,9,1,10,2,16,,85,85,1,13,4,120.669463,24.203601,2
8155,66000,387130000C,(04)23274275,(04)23288582,2025,11,21,7,27,臺中市,石岡區,0,1,0,7,3,6,50,18,24,1,5,4,6,6,1,1,9,5,5,1,13,3,10,5,4,B03,7,9,1,8,2,8,,7,7,1,12,4,120.816282,24.259898,2
8156,66000,387130000C,(04)23274275,(04)23288582,2025,11,21,7,27,臺中市,豐原區,0,2,0,7,2,6,50,5,1,1,5,4,6,6,2,1,5,4,4,2,16,3,10,3,1,B03,7,6,1,8,2,2,,48,48,1,12,4,120.703127,24.242998,2
8157,66000,387130000C,(04)23274275,(04)23288582,2025,11,21,7,28,臺中市,南屯區,0,1,0,7,3,6,50,4,1,1,5,4,6,6,1,1,5,5,4,2,16,3,10,3,1,B03,7,6,1,8,2,2,,11,11,1,12,4,120.610334,24.135676,2
8158,66000,387130000C,(04)23274275,(04)23288582,2025,11,21,7,28,臺中市,大里區,0,0,0,7,2,6,50,13,9,1,5,4,6,6,1,1,1,4,4,2,13,,,,,C03,,,1,,2,,,7,7,1,13,4,120.687106,24.094955,3
8159,66000,387130000C,(04)23274275,(04)23288582,2025,11,21,7,30,臺中市,沙鹿區,0,0,0,7,,,50,,,,,,,,,,,,,,,,,,,B03,,,1,,1,,,84,84,1,12,4,120.586322,24.250119,3
8160,66000,387130000C,(04)23274275,(04)23288582,2025,11,21,7,31,臺中市,西區,0,1,0,7,1,6,50,3,1,1,5,4,6,6,4,4,10,5,5,1,17,3,10,5,4,B03,7,6,1,8,2,8,,20,20,1,12,4,120.665979,24.144577,2
8161,66000,387130000C,(04)23274275,(04)23288582,2025,11,21,7,32,臺中市,豐原區,0,1,0,7,2,6,50,4,2,1,5,4,6,6,1,1,5,5,4,2,17,3,10,5,4,C03,7,9,1,10,2,11,,85,85,1,12,4,120.705716,24.252836,2
8162,66000,387130000C,(04)23274275,(04)23288582,2025,11,21,7,34,臺中市,大甲區,0,0,0,7,,,50,,,,,,,,,,,,,,,,,,,B03,,,1,,1,,,84,84,1,6,4,120.651648,24.38855,3
8163,66000,387130000C,(04)23274275,(04)23288582,2025,11,21,7,35,臺中市,北屯區,0,0,0,7,,,50,,,,,,,,,,,,,,13,,,,,C03,,,1,,2,,,7,7,1,6,4,120.663785,24.185728,3
8164,66000,387130000C,(04)23274275,(04)23288582,2025,11,21,7,36,臺中市,南區,0,1,0,7,2,6,50,4,1,1,5,4,6,6,2,1,10,5,5,2,13,2,9,1,1,C03,7,9,1,10,2,11,,7,7,1,12,4,120.646961,24.110481,2
8165,66000,387130000C,(04)23274275,(04)23288582,2025,11,21,7,38,臺中市,豐原區,0,1,0,6,2,6,50,13,8,1,5,4,6,6,4,4,1,4,4,2,17,2,7,4,1,F01,7,15,7,21,2,12,,59,59,1,12,3,120.720522,24.261945,2
8166,66000,387130000C,(04)23274275,(04)23288582,2025,11,21,7,41,臺中市,北屯區,0,0,0,7,,,50,,,,,,,,,,,,,,13,,,,,B03,,,1,,2,,,7,7,1,6,4,120.719034,24.162008,3
8167,66000,387130000C,(04)23274275,(04)23288582,2025,11,21,7,42,臺中市,北區,0,1,0,7,2,6,50,3,1,1,5,4,6,6,4,4,5,5,5,2,17,3,10,5,1,C03,7,6,1,10,2,14,,84,84,1,13,4,120.691842,24.157126,2
8168,66000,387130000C,(04)23274275,(04)23288582,2025,11,21,7,42,臺中市,大里區,0,2,0,7,2,6,30,4,1,1,5,4,6,6,4,4,10,5,5,2,15,3,10,3,1,B03,7,9,1,8,2,1,,15,15,1,12,4,120.677448,24.094726,2
8169,66000,387130000C,(04)23274275,(04)23288582,2025,11,21,7,42,臺中市,神岡區,0,3,0,7,1,6,30,3,1,1,5,4,6,6,4,4,10,5,5,2,12,2,9,1,1,C03,7,6,1,10,2,11,,84,84,1,12,4,120.684436,24.243476,2
8170,66000,387130000C,(04)23274275,(04)23288582,2025,11,21,7,43,臺中市,南區,0,3,0,6,2,6,50,4,1,1,5,4,6,6,4,4,10,5,5,2,18,2,9,1,1,C03,7,9,1,10,2,14,,84,84,1,12,4,120.668608,24.1231,2
8171,66000,387130000C,(04)23274275,(04)23288582,2025,11,21,7,43,臺中市,太平區,0,0,0,7,,,50,,,,,,,,,,,,,,17,,,,,B03,,,1,,9,,,8,8,1,13,4,120.719405,24.146479,3
8172,66000,387130000C,(04)23274275,(04)23288582,2025,11,21,7,44,臺中市,南屯區,0,0,0,6,,,50,,,,,,,,,,,,,,13,,,,,B03,,,1,,1,,,84,84,1,6,4,120.638456,24.148766,3
8173,66000,387130000C,(04)23274275,(04)23288582,2025,11,21,7,44,臺中市,南屯區,0,0,0,7,,,50,,,,,,,,,,,,,,,,,,,C03,,,1,,1,,,7,7,1,12,4,120.622888,24.140467,3
8174,66000,387130000C,(04)23274275,(04)23288582,2025,11,21,7,45,臺中市,北屯區,0,1,0,7,2,6,50,3,2,1,5,4,6,6,4,4,10,5,5,2,13,2,9,2,1,C03,7,9,1,10,2,11,,7,7,1,12,4,120.68363,24.175486,2
8175,66000,387130000C,(04)23274275,(04)23288582,2025,11,21,7,46,臺中市,潭子區,0,0,0,7,,,50,,,,,,,,,,,,,,13,,,,,C03,,,1,,2,,,7,7,1,13,4,120.713918,24.229509,3
8176,66000,387130000C,(04)23274275,(04)23288582,2025,11,21,7,46,臺中市,沙鹿區,0,2,0,6,2,6,30,5,1,1,5,4,6,6,1,1,10,5,5,2,16,2,8,1,1,C03,7,6,1,10,2,11,,11,11,1,5,4,120.579398,24.221311,2
8177,66000,387130000C,(04)23274275,(04)23288582,2025,11,21,7,48,臺中市,太平區,0,0,0,7,,,50,,,,,,,,,,,,,,,,,,,A04,,,1,,2,,,59,59,1,12,4,120.732191,24.141223,3
8178,66000,387130000C,(04)23274275,(04)23288582,2025,11,21,7,49,臺中市,西屯區,0,0,0,6,,,35,,,,,,,,,,,,,,27,,,,,B03,,,1,,2,,,59,59,1,12,4,120.633504,24.175065,3
8179,66000,387130000C,(04)23274275,(04)23288582,2025,11,21,7,49,臺中市,豐原區,0,1,0,7,2,6,50,4,1,1,5,4,6,6,2,1,1,4,5,2,12,2,9,1,1,C03,7,9,1,10,2,12,,26,26,1,12,4,120.703044,24.249532,2
8180,66000,387130000C,(04)23274275,(04)23288582,2025,11,21,7,50,臺中市,太平區,0,0,0,7,,,30,,,,,,,,,,,,,,17,,,,,B03,,,1,,2,,,49,49,1,13,4,120.704461,24.153524,3
8181,66000,387130000C,(04)23274275,(04)23288582,2025,11,21,7,51,臺中市,南屯區,0,1,0,7,2,6,50,4,3,1,5,4,6,6,1,1,9,5,5,2,17,3,10,2,1,C03,7,9,1,10,2,11,,21,21,1,13,4,120.623141,24.145201,2
8182,66000,387130000C,(04)23274275,(04)23288582,2025,11,21,7,52,臺中市,西屯區,0,1,0,7,2,6,50,13,9,1,5,4,6,6,4,4,5,4,4,2,13,2,9,2,4,C03,7,7,1,8,2,14,,7,7,1,13,4,120.647495,24.173933,2
8183,66000,387130000C,(04)23274275,(04)23288582,2025,11,21,7,54,臺中市,大肚區,0,0,0,7,,,40,,,,,,,,,,,,,,,,,,,F03,,,7,,2,,,21,21,1,12,4,120.552523,24.135974,4
8184,66000,387130000C,(04)23274275,(04)23288582,2025,11,21,7,55,臺中市,梧棲區,0,1,0,7,2,6,70,4,1,1,5,4,6,6,1,1,10,5,5,2,15,3,10,1,1,C03,7,9,1,10,2,14,,21,21,1,7,4,120.544688,24.225143,2
8185,66000,387130000C,(04)23274275,(04)23288582,2025,11,21,7,55,臺中市,沙鹿區,0,0,0,7,,,40,,,,,,,,,,,,,,,,,,,B03,,,1,,2,,,84,84,1,12,4,120.565223,24.249073,3
8186,66000,387130000C,(04)23274275,(04)23288582,2025,11,21,7,56,臺中市,烏日區,0,2,0,7,2,6,50,4,1,1,5,4,6,6,1,1,10,5,5,2,16,2,9,2,1,C03,7,9,1,10,2,14,,26,26,1,6,4,120.61424,24.106722,2
8187,66000,387130000C,(04)23274275,(04)23288582,2025,11,21,7,57,臺中市,龍井區,0,2,0,7,2,6,50,5,1,1,5,4,6,6,1,1,1,4,4,1,16,2,8,1,1,C03,7,9,1,10,2,14,,7,7,1,12,4,120.536768,24.193312,2