序號,縣市別代碼,機關代碼,市話,傳真,年,月,日,時,分,縣市,區,死亡數量,受傷數量,2-30,天候,道路照明設備,道路類別,道路速限,道路型態,事故位置,路面鋪裝,路面狀態,路面缺陷,障礙物,視距,號誌種類,號誌動作,分向設施,快車道或一般車道間,快慢車道間,路面邊線,事故類型及型態,受傷程度,主要傷處,保護裝備,行動電話或功能裝置,當事者區分(類別),車輛用途,當事者行動狀態,駕照狀態,駕照種類,飲酒情形,車輛撞擊部位最初,車輛撞擊部位其他,肇事因素個別,肇事因素主要,肇事逃逸,職業,共享經濟或外送平台,GPS座標X,GPS座標Y,事故類別
8188,66000,387130000C,(04)23274275,(04)23288582,2025,11,21,7,57,臺中市,烏日區,0,1,0,7,2,6,30,3,1,1,5,4,6,6,4,4,10,5,5,2,17,3,10,3,1,B03,7,5,1,8,2,8,,13,13,1,6,4,120.625911,24.108257,2
8189,66000,387130000C,(04)23274275,(04)23288582,2025,11,21,7,58,臺中市,西屯區,0,3,0,7,2,6,50,13,9,1,5,4,6,6,4,4,5,2,5,2,30,3,10,5,4,C03,7,9,1,17,2,11,,87,87,1,12,4,120.606238,24.191492,2
8190,66000,387130000C,(04)23274275,(04)23288582,2025,11,21,7,58,臺中市,后里區,0,2,0,6,2,6,50,4,9,1,5,4,6,6,4,4,10,5,5,1,10,2,8,1,1,C03,7,9,1,10,2,11,,84,84,1,12,4,120.719892,24.295142,2
8191,66000,387130000C,(04)23274275,(04)23288582,2025,11,21,7,58,臺中市,豐原區,0,0,0,7,,,30,,,,,,,,,,,,,,15,,,,,C03,,,1,,1,,,84,84,1,12,4,120.703912,24.242789,4
8192,66000,387130000C,(04)23274275,(04)23288582,2025,11,21,8,1,臺中市,北區,0,0,0,7,,,40,,,,,,,,,,,,,,17,,,,,A04,,,1,,2,,,8,8,1,13,4,120.67851,24.151926,3
8193,66000,387130000C,(04)23274275,(04)23288582,2025,11,21,8,2,臺中市,西區,0,0,0,7,,,50,,,,,,,,,,,,,,17,,,,,C03,,,1,,2,,,82,82,1,13,4,120.669758,24.143965,3
8194,66000,387130000C,(04)23274275,(04)23288582,2025,11,21,8,10,臺中市,西區,0,2,0,6,2,6,50,4,1,1,5,4,6,6,2,1,1,4,4,2,13,2,9,2,1,C03,7,9,1,10,2,11,,7,7,1,12,4,120.66674,24.141042,2
8195,66000,387130000C,(04)23274275,(04)23288582,2025,11,21,8,10,臺中市,西屯區,0,1,0,7,2,6,50,4,1,1,5,4,6,6,4,4,10,5,5,2,16,3,10,3,1,B12,7,6,1,8,2,1,,11,11,1,13,4,120.642508,24.177021,2
8196,66000,387130000C,(04)23274275,(04)23288582,2025,11,21,8,10,臺中市,豐原區,0,0,0,6,,,50,,,,,,,,,,,,,,17,,,,,C03,,,1,,2,,,46,46,1,12,4,120.703547,24.238565,4
8197,66000,387130000C,(04)23274275,(04)23288582,2025,11,21,8,11,臺中市,中區,0,0,0,7,,,50,,,,,,,,,,,,,,14,,,,,A05,,,1,,2,,,84,84,1,6,4,120.675975,24.141326,3
8198,66000,387130000C,(04)23274275,(04)23288582,2025,11,21,8,11,臺中市,南屯區,0,1,0,7,3,6,40,13,7,1,5,4,6,6,4,4,9,5,4,2,17,3,10,3,1,B02,7,1,1,2,2,8,,51,51,1,12,4,120.629684,24.122912,2
8199,66000,387130000C,(04)23274275,(04)23288582,2025,11,21,8,12,臺中市,豐原區,0,1,0,6,2,6,50,13,9,1,5,4,6,6,4,4,5,4,5,2,12,3,10,3,1,A41,7,7,1,1,2,5,,40,40,1,12,4,120.712399,24.23972,2
8200,66000,387130000C,(04)23274275,(04)23288582,2025,11,21,8,15,臺中市,北區,0,0,0,6,3,6,50,18,24,1,5,4,6,6,2,1,10,5,5,2,17,,,,,B03,,,1,,1,,,59,59,1,13,4,120.688308,24.151685,3
8201,66000,387130000C,(04)23274275,(04)23288582,2025,11,21,8,15,臺中市,豐原區,0,1,0,7,2,6,40,11,9,1,5,4,6,6,4,4,5,5,5,1,18,2,9,5,4,C03,7,9,1,10,2,15,,84,84,1,12,4,120.752895,24.261528,2
8202,66000,387130000C,(04)23274275,(04)23288582,2025,11,21,8,17,臺中市,中區,0,0,0,7,,,50,,,,,,,,,,,,,,,,,,,B01,,,1,,1,,,20,20,1,12,4,120.684455,24.140807,3
8203,66000,387130000C,(04)23274275,(04)23288582,2025,11,21,8,20,臺中市,大雅區,0,1,0,6,1,6,50,13,9,1,5,4,6,6,4,4,5,5,5,1,17,3,10,3,1,B03,7,6,1,8,2,5,,39,39,1,13,4,120.653045,24.228748,2
8204,66000,387130000C,(04)23274275,(04)23288582,2025,11,21,8,24,臺中市,北區,0,0,0,7,,,50,,,,,,,,,,,,,,13,,,,,C03,,,1,,1,,,84,84,1,12,4,120.684169,24.163224,3
8205,66000,387130000C,(04)23274275,(04)23288582,2025,11,21,8,24,臺中市,大肚區,0,1,0,5,1,6,50,4,1,1,4,4,6,6,4,4,10,5,5,2,12,2,9,1,1,C03,7,9,1,10,2,11,,84,84,1,6,4,120.580638,24.173303,2
8206,66000,387130000C,(04)23274275,(04)23288582,2025,11,21,8,25,臺中市,大里區,0,0,0,7,,,30,,,,,,,,,,,,,,12,,,,,B12,,,1,,1,,,51,51,1,12,4,120.692539,24.080602,3
8207,66000,387130000C,(04)23274275,(04)23288582,2025,11,21,8,29,臺中市,豐原區,0,2,0,7,2,6,50,5,1,1,5,4,6,6,2,1,5,5,5,1,17,2,9,2,1,C03,7,5,1,10,2,12,,47,47,1,12,4,120.712529,24.251513,2
8208,66000,387130000C,(04)23274275,(04)23288582,2025,11,21,8,30,臺中市,大雅區,0,1,0,7,1,6,30,3,1,1,5,4,6,6,4,4,10,5,5,2,17,3,10,3,1,A12,7,5,1,7,9,4,,14,14,1,13,4,120.627776,24.213566,2
8209,66000,387130000C,(04)23274275,(04)23288582,2025,11,21,8,31,臺中市,豐原區,0,0,0,7,,,30,,,,,,,,,,,,,,17,,,,,B03,,,1,,2,,,8,8,1,12,4,120.740484,24.265494,3
8210,66000,387130000C,(04)23274275,(04)23288582,2025,11,21,8,36,臺中市,太平區,0,1,0,7,2,6,0,13,9,1,5,4,6,6,4,4,9,4,5,1,9,3,10,3,1,B03,7,2,1,8,2,3,,49,49,1,12,4,120.713574,24.138598,2
8211,66000,387130000C,(04)23274275,(04)23288582,2025,11,21,8,36,臺中市,烏日區,0,1,0,7,2,6,70,13,9,1,5,4,6,6,1,1,1,4,5,1,13,3,10,3,1,B03,7,9,1,8,2,1,,7,7,1,6,4,120.61344,24.106778,2
8212,66000,387130000C,(04)23274275,(04)23288582,2025,11,21,8,36,臺中市,烏日區,0,1,0,7,2,6,30,3,1,1,5,4,6,6,3,1,4,5,5,2,17,3,10,3,1,B03,7,5,1,8,2,8,,14,14,1,6,4,120.625208,24.107271,2
8213,66000,387130000C,(04)23274275,(04)23288582,2025,11,21,8,40,臺中市,南屯區,0,1,0,7,2,6,50,3,2,1,5,4,6,6,4,4,5,4,4,2,17,3,10,3,1,B03,7,5,1,8,2,6,,14,14,1,12,4,120.638638,24.1493,2
8214,66000,387130000C,(04)23274275,(04)23288582,2025,11,21,8,40,臺中市,北屯區,0,0,0,7,,,50,,,,,,,,,,,,,,13,,,,,C03,,,1,,1,,,7,7,1,6,4,120.720724,24.172608,3
8215,66000,387130000C,(04)23274275,(04)23288582,2025,11,21,8,44,臺中市,西屯區,0,0,0,5,,3,80,,,,,,,,,,,,,,13,,,,,B03,,,1,,2,,,7,7,1,13,4,120.63338,24.17305,3
8216,66000,387130000C,(04)23274275,(04)23288582,2025,11,21,8,45,臺中市,南屯區,0,1,0,7,3,6,50,4,1,1,5,4,6,6,2,1,10,5,5,2,16,3,10,3,1,B03,7,6,1,8,2,1,,11,11,1,12,4,120.641361,24.129578,2
8217,66000,387130000C,(04)23274275,(04)23288582,2025,11,21,8,45,臺中市,大里區,0,1,0,7,2,6,50,3,1,1,5,4,6,6,1,1,10,5,5,1,16,2,9,1,1,C03,7,6,1,10,2,12,,36,36,1,12,4,120.690192,24.123344,2
8218,66000,387130000C,(04)23274275,(04)23288582,2025,11,21,8,48,臺中市,北屯區,0,0,0,7,,,50,,,,,,,,,,,,,,12,,,,,B02,,,1,,2,,,8,8,1,6,4,120.725785,24.166836,3
8219,66000,387130000C,(04)23274275,(04)23288582,2025,11,21,8,51,臺中市,太平區,0,1,0,7,2,6,50,3,9,1,5,4,6,6,4,4,5,5,5,2,17,3,10,1,1,F02,7,6,7,21,2,14,,39,39,1,13,4,120.717521,24.146423,2
8220,66000,387130000C,(04)23274275,(04)23288582,2025,11,21,8,55,臺中市,北區,0,0,0,7,,,50,,,,,,,,,,,,,,17,,,,,C03,,,1,,1,,,7,7,1,13,4,120.680948,24.159108,3
8221,66000,387130000C,(04)23274275,(04)23288582,2025,11,21,8,56,臺中市,北屯區,0,1,0,7,2,6,50,4,1,1,5,4,6,6,1,1,10,5,5,2,13,2,9,1,1,C03,7,9,1,9,2,12,,7,7,1,6,4,120.692655,24.162689,2
8222,66000,387130000C,(04)23274275,(04)23288582,2025,11,21,8,56,臺中市,北屯區,0,3,0,7,2,6,50,4,2,1,5,4,6,6,2,1,10,5,5,2,13,2,8,2,1,C03,7,9,1,10,2,11,,7,7,1,6,4,120.671695,24.173965,2
8223,66000,387130000C,(04)23274275,(04)23288582,2025,11,21,8,57,臺中市,北屯區,0,0,0,7,,3,40,,,,,,,,,,,,,,,,,,,A11,,,1,,2,,,84,84,1,6,4,120.722273,24.185536,3
8224,66000,387130000C,(04)23274275,(04)23288582,2025,11,21,8,58,臺中市,北區,0,0,0,7,,,50,,,,,,,,,,,,,,16,,,,,C03,,,1,,2,,,84,84,1,13,4,120.670641,24.159104,3
8225,66000,387130000C,(04)23274275,(04)23288582,2025,11,21,9,0,臺中市,北屯區,0,0,0,7,,,50,,,,,,,,,,,,,,13,,,,,B03,,,1,,2,,,7,7,1,6,4,120.688321,24.194992,3
8226,66000,387130000C,(04)23274275,(04)23288582,2025,11,21,9,0,臺中市,梧棲區,0,0,0,7,,,50,,,,,,,,,,,,,,17,,,,,C04,,,1,,2,,,50,50,1,12,4,120.529579,24.254159,3
8227,66000,387130000C,(04)23274275,(04)23288582,2025,11,21,9,2,臺中市,北屯區,0,0,0,7,,,50,,,,,,,,,,,,,,17,,,,,B03,,,1,,2,,,51,51,1,6,4,120.731017,24.162068,3
8228,66000,387130000C,(04)23274275,(04)23288582,2025,11,21,9,2,臺中市,大里區,0,1,0,7,2,6,50,4,1,1,5,4,6,6,4,4,5,5,5,2,15,2,9,1,1,C03,7,9,1,10,2,12,,15,15,1,6,4,120.697185,24.094144,2
8229,66000,387130000C,(04)23274275,(04)23288582,2025,11,21,9,3,臺中市,西區,0,1,0,7,2,6,50,3,1,1,5,4,6,6,4,4,10,4,1,1,16,3,10,2,1,C03,7,5,1,10,2,13,,84,84,1,13,4,120.66141,24.156334,2
8230,66000,387130000C,(04)23274275,(04)23288582,2025,11,21,9,10,臺中市,梧棲區,0,0,0,7,,,30,,,,,,,,,,,,,,20,,,,,B02,,,1,,1,,,8,8,1,12,4,120.533067,24.236414,3
8231,66000,387130000C,(04)23274275,(04)23288582,2025,11,21,9,10,臺中市,大甲區,0,0,0,7,,,50,,,,,,,,,,,,,,,,,,,B12,,,1,,1,,,50,50,1,6,4,120.626108,24.344132,3
8232,66000,387130000C,(04)23274275,(04)23288582,2025,11,21,9,15,臺中市,大雅區,0,1,0,7,3,6,30,13,9,1,5,4,6,6,4,4,10,5,5,2,16,3,10,3,1,B12,7,1,1,8,2,1,,51,51,1,13,4,120.661992,24.229218,2
8233,66000,387130000C,(04)23274275,(04)23288582,2025,11,21,9,15,臺中市,南屯區,0,1,0,7,2,6,50,13,8,1,5,4,6,6,4,4,9,5,5,2,18,2,9,2,1,C03,7,9,1,10,2,14,,59,59,1,13,4,120.596791,24.155664,2
8234,66000,387130000C,(04)23274275,(04)23288582,2025,11,21,9,18,臺中市,霧峰區,0,1,0,7,3,6,50,4,1,1,5,4,6,6,1,1,5,5,5,1,12,2,8,1,1,C03,7,9,1,8,2,14,,59,59,1,12,4,120.699232,24.078004,2
8235,66000,387130000C,(04)23274275,(04)23288582,2025,11,21,9,20,臺中市,沙鹿區,0,1,0,6,2,6,30,4,1,1,5,4,6,6,1,1,10,5,5,2,17,3,10,1,1,C03,7,6,1,10,9,14,,85,85,1,12,4,120.579417,24.221291,2
8236,66000,387130000C,(04)23274275,(04)23288582,2025,11,21,9,22,臺中市,西屯區,0,1,0,7,2,6,50,13,9,1,5,4,6,6,4,4,1,3,5,1,12,3,10,3,4,B12,7,7,1,8,2,2,,8,8,1,12,4,120.650689,24.164767,2
8237,66000,387130000C,(04)23274275,(04)23288582,2025,11,21,9,23,臺中市,北屯區,0,0,0,7,,,50,,,,,,,,,,,,,,14,,,,,B12,,,1,,1,,,49,49,1,6,4,120.690909,24.179019,3
8238,66000,387130000C,(04)23274275,(04)23288582,2025,11,21,9,28,臺中市,沙鹿區,0,2,0,7,2,6,30,4,1,1,5,4,6,6,4,4,10,5,5,2,15,2,9,1,1,C03,7,9,1,10,2,12,,15,15,1,13,4,120.572092,24.222513,2
8239,66000,387130000C,(04)23274275,(04)23288582,2025,11,21,9,30,臺中市,和平區,0,0,0,7,2,2,30,11,9,1,5,4,6,6,4,4,10,5,5,1,11,,,,,A05,,,1,,2,,,41,41,1,12,4,121.282184,24.302219,3
8240,66000,387130000C,(04)23274275,(04)23288582,2025,11,21,9,31,臺中市,太平區,0,0,0,7,,,40,,,,,,,,,,,,,,,,,,,B03,,,1,,2,,,84,84,1,12,4,120.713909,24.147414,3
8241,66000,387130000C,(04)23274275,(04)23288582,2025,11,21,9,35,臺中市,西區,0,1,0,6,2,6,50,13,9,1,5,4,6,6,4,4,5,5,5,2,17,3,10,3,1,B03,7,13,1,8,2,4,,76,76,1,12,4,120.671712,24.142099,2
8242,66000,387130000C,(04)23274275,(04)23288582,2025,11,21,9,35,臺中市,南屯區,0,0,0,7,,,50,,,,,,,,,,,,,,,,,,,B03,,,1,,1,,,84,84,1,12,4,120.640706,24.143302,3
8243,66000,387130000C,(04)23274275,(04)23288582,2025,11,21,9,35,臺中市,北屯區,0,1,0,7,2,6,50,3,1,1,5,4,6,6,2,1,10,5,5,1,12,3,10,3,1,B03,7,5,1,8,2,2,,11,11,1,6,4,120.690748,24.162899,2
8244,66000,387130000C,(04)23274275,(04)23288582,2025,11,21,9,35,臺中市,西屯區,0,1,0,7,2,6,40,5,1,1,5,4,6,6,2,1,10,5,5,2,13,2,9,2,4,C03,7,9,1,10,2,12,,7,7,1,13,4,120.657538,24.158082,2
8245,66000,387130000C,(04)23274275,(04)23288582,2025,11,21,9,38,臺中市,南屯區,0,0,0,7,,,50,,,,,,,,,,,,,,13,,,,,B03,,,1,,1,,,7,7,1,12,4,120.640282,24.116809,3
8246,66000,387130000C,(04)23274275,(04)23288582,2025,11,21,9,39,臺中市,北區,0,0,0,7,3,9,50,4,1,1,5,4,6,6,4,4,10,5,5,2,17,,,,,B03,,,5,,1,,,49,49,1,13,4,120.66889,24.168748,3
8247,66000,387130000C,(04)23274275,(04)23288582,2025,11,21,9,40,臺中市,南屯區,0,1,0,7,3,6,50,4,1,1,5,4,6,6,2,1,10,5,5,2,16,3,10,1,1,C03,7,6,1,10,2,12,,11,11,1,6,4,120.638224,24.139853,2
8248,66000,387130000C,(04)23274275,(04)23288582,2025,11,21,9,42,臺中市,東區,0,1,0,7,3,6,50,4,9,1,5,4,6,6,2,1,3,5,5,2,17,2,9,5,4,C03,7,15,1,10,2,14,,84,84,1,6,4,120.703252,24.142704,2
8249,66000,387130000C,(04)23274275,(04)23288582,2025,11,21,9,42,臺中市,大甲區,0,0,0,7,,,50,,,,,,,,,,,,,,,,,,,B03,,,1,,1,,,49,49,1,6,4,120.613945,24.33306,3
8250,66000,387130000C,(04)23274275,(04)23288582,2025,11,21,9,43,臺中市,大里區,0,2,0,7,2,6,50,4,1,1,5,4,6,6,1,1,10,5,5,2,17,2,9,1,1,C03,7,6,1,10,2,11,,84,84,1,12,4,120.688752,24.110153,2
8251,66000,387130000C,(04)23274275,(04)23288582,2025,11,21,9,44,臺中市,沙鹿區,0,1,0,6,2,6,50,4,1,1,5,4,6,6,4,4,10,5,5,2,16,2,8,1,1,C03,7,6,1,10,2,11,12,12,12,1,12,4,120.561332,24.239932,2
8252,66000,387130000C,(04)23274275,(04)23288582,2025,11,21,9,50,臺中市,潭子區,0,0,0,7,,,60,,,,,,,,,,,,,,16,,,,,C03,,,5,,2,,,4,4,1,13,4,120.688964,24.219743,3
8253,66000,387130000C,(04)23274275,(04)23288582,2025,11,21,9,50,臺中市,大甲區,0,1,0,7,2,6,50,3,2,1,5,4,6,6,4,4,9,5,5,2,16,3,10,2,1,C03,7,5,3,19,2,12,,47,47,1,6,4,120.64637,24.40497,2
8254,66000,387130000C,(04)23274275,(04)23288582,2025,11,21,9,52,臺中市,梧棲區,0,1,0,7,2,6,50,4,1,1,5,4,6,6,1,1,10,5,5,2,13,3,10,3,1,B03,7,6,1,8,2,1,,8,8,1,6,4,120.551903,24.244411,2
8255,66000,387130000C,(04)23274275,(04)23288582,2025,11,21,9,53,臺中市,后里區,0,0,0,6,2,6,30,13,9,1,5,4,6,6,4,4,10,5,5,2,12,3,10,3,1,B03,7,3,1,8,2,5,,84,84,1,12,4,120.729208,24.311472,3
8256,66000,387130000C,(04)23274275,(04)23288582,2025,11,21,9,56,臺中市,西屯區,0,2,0,6,2,6,50,3,1,1,5,4,6,6,2,2,10,5,5,2,16,2,9,2,1,C03,7,9,1,10,2,11,,6,6,1,13,4,120.651788,24.189409,2
8257,66000,387130000C,(04)23274275,(04)23288582,2025,11,21,9,56,臺中市,西屯區,0,0,0,7,,,40,,,,,,,,,,,,,,13,,,,,A04,,,1,,1,,,56,56,1,12,4,120.623721,24.178721,3
8258,66000,387130000C,(04)23274275,(04)23288582,2025,11,21,9,58,臺中市,西屯區,0,0,0,7,,,30,,,,,,,,,,,,,,16,,,,,B03,,,1,,1,,,12,12,1,13,4,120.652801,24.16832,3
8259,66000,387130000C,(04)23274275,(04)23288582,2025,11,21,10,0,臺中市,霧峰區,0,0,0,7,,3,80,,,,,,,,,,,,,,13,,,,,B03,,,1,,2,,,7,7,1,6,4,120.682601,24.078066,3
8260,66000,387130000C,(04)23274275,(04)23288582,2025,11,21,10,6,臺中市,南區,0,0,0,7,,,50,,,,,,,,,,,,,,17,,,,,C03,,,1,,2,,,84,84,1,6,4,120.680914,24.12053,3
8261,66000,387130000C,(04)23274275,(04)23288582,2025,11,21,10,11,臺中市,東區,0,1,0,7,3,6,50,13,9,1,5,4,6,6,4,4,7,5,5,2,16,2,9,5,4,C03,7,9,1,10,9,11,,84,84,2,6,4,120.692645,24.152249,2
8262,66000,387130000C,(04)23274275,(04)23288582,2025,11,21,10,13,臺中市,北屯區,0,0,0,7,,,50,,,,,,,,,,,,,,17,,,,,B03,,,1,,2,,,54,54,1,6,4,120.679365,24.169623,3
8263,66000,387130000C,(04)23274275,(04)23288582,2025,11,21,10,15,臺中市,大里區,0,1,0,7,2,6,30,3,1,1,5,4,6,6,4,4,10,5,5,1,16,3,10,3,1,B03,7,6,1,8,2,1,,48,48,1,13,4,120.698951,24.109239,2
8264,66000,387130000C,(04)23274275,(04)23288582,2025,11,21,10,20,臺中市,北區,0,0,0,7,,,50,,,,,,,,,,,,,,30,,,,,A11,,,1,,2,,,84,84,1,12,4,120.689163,24.158157,3
8265,66000,387130000C,(04)23274275,(04)23288582,2025,11,21,10,20,臺中市,太平區,0,0,0,7,,,40,,,,,,,,,,,,,,,,,,,C03,,,1,,2,,,15,15,1,13,4,120.725673,24.142797,3
8266,66000,387130000C,(04)23274275,(04)23288582,2025,11,21,10,22,臺中市,霧峰區,0,2,0,7,2,6,30,4,1,1,5,4,6,6,4,4,10,5,5,2,15,2,9,1,1,C03,7,9,1,10,2,11,,12,12,1,6,4,120.696688,24.061496,2
8267,66000,387130000C,(04)23274275,(04)23288582,2025,11,21,10,29,臺中市,太平區,0,1,0,7,2,6,50,5,1,1,5,4,6,6,1,1,10,5,5,2,13,2,9,1,1,C03,7,6,1,10,2,11,,7,7,1,12,4,120.711108,24.126648,2
8268,66000,387130000C,(04)23274275,(04)23288582,2025,11,21,10,33,臺中市,南屯區,0,1,0,7,3,6,40,13,8,1,5,4,6,6,4,4,9,5,4,2,9,2,9,6,5,H01,8,16,7,21,10,17,,95,95,1,12,5,120.63712,24.137724,2
8269,66000,387130000C,(04)23274275,(04)23288582,2025,11,21,10,36,臺中市,潭子區,0,0,0,7,,,30,,,,,,,,,,,,,,24,,,,,B03,,,1,,2,,,54,54,1,13,4,120.680074,24.208207,3
8270,66000,387130000C,(04)23274275,(04)23288582,2025,11,21,10,37,臺中市,潭子區,0,2,0,6,3,6,50,13,9,1,5,4,6,6,4,4,10,5,5,1,11,3,10,5,4,B03,7,9,1,8,2,8,,41,41,1,13,4,120.680828,24.208059,2
8271,66000,387130000C,(04)23274275,(04)23288582,2025,11,21,10,37,臺中市,東區,0,1,0,7,2,6,50,4,1,1,5,4,6,6,4,4,10,5,5,2,18,2,9,1,1,C03,7,9,1,10,2,12,,84,84,1,12,4,120.697199,24.141529,2
8272,66000,387130000C,(04)23274275,(04)23288582,2025,11,21,10,37,臺中市,北屯區,0,0,0,7,,,50,,,,,,,,,,,,,,17,,,,,B03,,,1,,2,,,54,54,1,6,4,120.680073,24.174477,4
8273,66000,387130000C,(04)23274275,(04)23288582,2025,11,21,10,39,臺中市,東區,0,0,0,7,,,,,,,,,,,,,,,,,,,,,,F01,,,,,,,,85,85,1,,,120.694309,24.143366,4
8274,66000,387130000C,(04)23274275,(04)23288582,2025,11,21,10,39,臺中市,太平區,0,0,0,7,,,50,,,,,,,,,,,,,,,,,,,B12,,,1,,2,,,50,50,1,13,4,120.716327,24.12436,3
8275,66000,387130000C,(04)23274275,(04)23288582,2025,11,21,10,40,臺中市,西屯區,0,0,0,7,,,40,,,,,,,,,,,,,,13,,,,,B03,,,1,,2,,,7,7,1,12,4,120.615169,24.182787,3
8276,66000,387130000C,(04)23274275,(04)23288582,2025,11,21,10,42,臺中市,潭子區,0,1,0,7,2,6,30,13,9,1,5,4,6,6,4,4,10,5,5,1,18,2,9,3,1,B03,7,9,1,8,2,10,,54,54,1,13,4,120.676876,24.208473,2
8277,66000,387130000C,(04)23274275,(04)23288582,2025,11,21,10,43,臺中市,東區,0,1,0,6,2,6,50,5,1,1,5,4,6,6,1,1,10,5,5,2,16,3,10,3,1,B03,7,5,1,8,2,2,,11,11,1,12,4,120.696951,24.142767,2
8278,66000,387130000C,(04)23274275,(04)23288582,2025,11,21,10,44,臺中市,大雅區,0,0,0,6,,,60,,,,,,,,,,,,,,,,,,,C03,,,1,,1,,,21,21,1,13,4,120.646532,24.222724,3
8279,66000,387130000C,(04)23274275,(04)23288582,2025,11,21,10,45,臺中市,沙鹿區,0,1,0,7,3,6,40,4,1,1,5,4,6,6,1,1,1,4,4,2,13,3,10,1,1,C03,7,9,3,19,2,11,,7,7,1,12,4,120.560423,24.240133,2
8280,66000,387130000C,(04)23274275,(04)23288582,2025,11,21,10,46,臺中市,北區,0,0,0,7,,,50,,,,,,,,,,,,,,17,,,,,B13,,,1,,1,,,49,49,1,13,4,120.671909,24.172452,3
8281,66000,387130000C,(04)23274275,(04)23288582,2025,11,21,10,46,臺中市,南區,0,0,0,7,,,60,,,,,,,,,,,,,,17,,,,,B12,,,1,,1,,,51,51,1,6,4,120.645292,24.110235,3
8282,66000,387130000C,(04)23274275,(04)23288582,2025,11,21,10,47,臺中市,南屯區,0,0,0,7,,,50,,,,,,,,,,,,,,17,,,,,B03,,,1,,1,,,85,85,1,6,4,120.63432,24.133641,3
8283,66000,387130000C,(04)23274275,(04)23288582,2025,11,21,10,48,臺中市,大雅區,0,0,0,7,,,,,,,,,,,,,,,,,,,,,,,,,,,,,,86,86,1,,,120.634037,24.213379,3
8284,66000,387130000C,(04)23274275,(04)23288582,2025,11,21,10,49,臺中市,大里區,0,2,0,7,2,6,30,4,1,1,5,4,6,6,1,1,10,5,5,2,15,2,9,2,1,C03,7,9,1,11,2,12,,15,15,1,6,4,120.701271,24.088069,2
8285,66000,387130000C,(04)23274275,(04)23288582,2025,11,21,10,51,臺中市,南區,0,0,0,7,,,50,,,,,,,,,,,,,,,,,,,B03,,,1,,1,,,87,87,1,6,4,120.680731,24.130963,3
8286,66000,387130000C,(04)23274275,(04)23288582,2025,11,21,11,0,臺中市,南區,0,0,0,7,,,30,,,,,,,,,,,,,,17,,,,,,,,,,,,,85,85,1,,,120.680088,24.120042,4
8287,66000,387130000C,(04)23274275,(04)23288582,2025,11,21,11,0,臺中市,北屯區,0,0,0,7,,,50,,,,,,,,,,,,,,13,,,,,C03,,,1,,1,,,7,7,1,6,4,120.69225,24.173249,3
8288,66000,387130000C,(04)23274275,(04)23288582,2025,11,21,11,3,臺中市,東區,0,1,0,7,2,6,50,4,1,1,5,4,6,6,1,1,10,5,5,2,16,3,10,1,1,C03,7,6,1,10,1,12,,11,11,1,12,4,120.693024,24.134762,2
8289,66000,387130000C,(04)23274275,(04)23288582,2025,11,21,11,8,臺中市,南屯區,0,0,0,7,3,6,30,13,9,1,5,4,6,6,4,4,10,5,5,2,12,,,,,B03,,,1,,2,,,8,8,1,12,4,120.653367,24.143099,3
8290,66000,387130000C,(04)23274275,(04)23288582,2025,11,21,11,10,臺中市,霧峰區,0,0,0,7,,,40,,,,,,,,,,,,,,13,,,,,B03,,,1,,1,,,59,59,1,12,4,120.662835,24.062019,3
8291,66000,387130000C,(04)23274275,(04)23288582,2025,11,21,11,16,臺中市,豐原區,0,1,0,7,2,6,50,5,1,1,5,4,6,6,4,4,5,5,5,2,17,2,9,5,4,C03,7,9,1,10,2,16,,6,6,1,12,4,120.717163,24.248249,2
8292,66000,387130000C,(04)23274275,(04)23288582,2025,11,21,11,22,臺中市,霧峰區,0,0,0,7,2,6,50,13,7,1,5,4,6,6,4,4,5,5,4,1,13,,,,,B03,,,1,,2,,,82,82,1,8,4,120.69657,24.05482,3
8293,66000,387130000C,(04)23274275,(04)23288582,2025,11,21,11,23,臺中市,大安區,0,0,0,7,,,50,,,,,,,,,,,,,,12,,,,,C03,,,1,,2,,,50,50,1,6,4,120.586831,24.345656,3
8294,66000,387130000C,(04)23274275,(04)23288582,2025,11,21,11,27,臺中市,南區,0,0,0,7,,,40,,,,,,,,,,,,,,12,,,,,C03,,,1,,1,,,84,84,1,12,4,120.658501,24.12501,3
8295,66000,387130000C,(04)23274275,(04)23288582,2025,11,21,11,30,臺中市,沙鹿區,0,0,0,7,,,40,,,,,,,,,,,,,,,,,,,B03,,,1,,2,,,8,8,1,13,4,120.569172,24.221735,3
8296,66000,387130000C,(04)23274275,(04)23288582,2025,11,21,11,30,臺中市,清水區,0,0,0,7,,,50,,,,,,,,,,,,,,,,,,,C03,,,1,,2,,,34,34,1,12,4,120.578518,24.271691,3
8297,66000,387130000C,(04)23274275,(04)23288582,2025,11,21,11,34,臺中市,北屯區,0,0,0,7,,,50,,,,,,,,,,,,,,,,,,,B03,,,1,,2,,,58,58,1,6,4,120.740696,24.178217,3
8298,66000,387130000C,(04)23274275,(04)23288582,2025,11,21,11,35,臺中市,北屯區,0,0,0,7,,,50,,,,,,,,,,,,,,14,,,,,A12,,,1,,2,,,49,49,1,6,4,120.683384,24.177737,3
8299,66000,387130000C,(04)23274275,(04)23288582,2025,11,21,11,38,臺中市,西屯區,0,1,0,7,2,6,50,3,1,1,5,4,6,6,4,4,10,5,5,2,12,,,,,,,9,,,,,,86,86,2,,,120.666725,24.178053,2
8300,66000,387130000C,(04)23274275,(04)23288582,2025,11,21,11,45,臺中市,北屯區,0,0,0,7,,,50,,,,,,,,,,,,,,13,,,,,B03,,,1,,1,,,7,7,1,6,4,120.699938,24.167567,3