序號,縣市別代碼,機關代碼,市話,傳真,年,月,日,時,分,縣市,區,死亡數量,受傷數量,2-30,天候,道路照明設備,道路類別,道路速限,道路型態,事故位置,路面鋪裝,路面狀態,路面缺陷,障礙物,視距,號誌種類,號誌動作,分向設施,快車道或一般車道間,快慢車道間,路面邊線,事故類型及型態,受傷程度,主要傷處,保護裝備,行動電話或功能裝置,當事者區分(類別),車輛用途,當事者行動狀態,駕照狀態,駕照種類,飲酒情形,車輛撞擊部位最初,車輛撞擊部位其他,肇事因素個別,肇事因素主要,肇事逃逸,職業,共享經濟或外送平台,GPS座標X,GPS座標Y,事故類別
8301,66000,387130000C,(04)23274275,(04)23288582,2025,11,21,11,45,臺中市,霧峰區,0,1,0,7,3,6,60,3,1,1,5,4,6,6,1,1,1,3,4,1,16,3,10,3,1,B03,7,11,1,8,2,1,,20,20,1,12,4,120.696596,24.024001,2
8302,66000,387130000C,(04)23274275,(04)23288582,2025,11,21,11,50,臺中市,西屯區,0,1,0,6,2,6,0,13,21,1,5,4,6,6,4,4,10,5,5,2,17,2,8,2,1,C03,7,9,1,10,2,11,,84,84,1,12,4,120.602115,24.182375,2
8303,66000,387130000C,(04)23274275,(04)23288582,2025,11,21,11,52,臺中市,西區,0,0,0,7,,,50,,,,,,,,,,,,,,,,,,,C03,,,1,10,1,,,42,42,1,13,4,120.665611,24.136568,3
8304,66000,387130000C,(04)23274275,(04)23288582,2025,11,21,11,54,臺中市,烏日區,0,1,0,7,2,6,50,3,1,1,5,4,6,6,4,4,10,5,5,2,17,3,10,3,1,B03,7,11,1,8,9,16,,20,20,1,6,4,120.641528,24.109888,2
8305,66000,387130000C,(04)23274275,(04)23288582,2025,11,21,11,55,臺中市,西區,0,0,0,7,,,50,,,,,,,,,,,,,,,,,,,B03,,,1,,1,,,84,84,2,13,4,120.660304,24.149661,3
8306,66000,387130000C,(04)23274275,(04)23288582,2025,11,21,11,55,臺中市,清水區,0,0,0,7,,,50,,,,,,,,,,,,,,,,,,,B03,,,1,,2,,,49,49,1,12,4,120.570687,24.263211,3
8307,66000,387130000C,(04)23274275,(04)23288582,2025,11,21,11,58,臺中市,中區,0,1,0,7,1,6,50,4,1,1,5,4,6,6,1,1,5,4,5,2,15,3,10,3,1,B03,7,9,1,8,1,5,,21,21,1,13,4,120.679508,24.142419,2
8308,66000,387130000C,(04)23274275,(04)23288582,2025,11,21,12,0,臺中市,潭子區,0,1,0,6,2,6,40,13,8,1,5,4,6,6,4,4,1,4,4,1,13,2,9,2,1,C03,7,9,1,10,2,11,,7,7,1,12,4,120.709343,24.233465,2
8309,66000,387130000C,(04)23274275,(04)23288582,2025,11,21,12,0,臺中市,北屯區,0,0,0,7,,,50,,,,,,,,,,,,,,17,,,,,B03,,,1,,9,,,84,84,1,6,4,120.683012,24.171141,3
8310,66000,387130000C,(04)23274275,(04)23288582,2025,11,21,12,0,臺中市,太平區,0,0,0,7,,,50,,,,,,,,,,,,,,,,,,,B03,,,1,,1,,,7,7,1,12,4,120.714711,24.157203,3
8311,66000,387130000C,(04)23274275,(04)23288582,2025,11,21,12,3,臺中市,大甲區,0,1,0,7,2,6,50,3,2,1,5,4,6,6,1,1,10,5,4,2,13,2,7,2,1,C03,7,6,1,10,2,11,,7,7,1,6,4,120.627078,24.345377,2
8312,66000,387130000C,(04)23274275,(04)23288582,2025,11,21,12,10,臺中市,北區,0,2,0,7,2,6,50,13,9,1,5,4,6,6,4,4,5,5,5,2,17,2,9,1,1,C03,7,6,1,10,2,12,,48,48,1,12,4,120.686118,24.151785,2
8313,66000,387130000C,(04)23274275,(04)23288582,2025,11,21,12,13,臺中市,中區,0,1,0,7,1,6,50,4,1,1,5,4,6,6,4,4,10,5,5,2,17,2,9,5,4,C03,7,9,1,10,2,11,,84,84,1,12,4,120.677656,24.140603,2
8314,66000,387130000C,(04)23274275,(04)23288582,2025,11,21,12,15,臺中市,北屯區,0,0,0,7,,,50,,,,,,,,,,,,,,,,,,,B03,,,1,,1,,,84,84,1,13,4,120.697206,24.170628,3
8315,66000,387130000C,(04)23274275,(04)23288582,2025,11,21,12,15,臺中市,西屯區,0,1,0,7,2,6,40,4,1,1,5,4,6,6,2,1,10,5,5,2,16,3,10,3,1,B02,7,6,1,8,2,8,,48,48,1,13,4,120.648885,24.174874,2
8316,66000,387130000C,(04)23274275,(04)23288582,2025,11,21,12,17,臺中市,烏日區,0,0,0,7,,,50,,,,,,,,,,,,,,,,,,,B03,,,1,,1,,,84,84,1,12,4,120.612506,24.10301,3
8317,66000,387130000C,(04)23274275,(04)23288582,2025,11,21,12,24,臺中市,西屯區,0,0,0,7,,,40,,,,,,,,,,,,,,17,,,,,A12,,,1,,9,,,51,51,1,12,4,120.618001,24.176459,3
8318,66000,387130000C,(04)23274275,(04)23288582,2025,11,21,12,24,臺中市,太平區,0,0,0,7,,,50,,,,,,,,,,,,,,,,,,,C03,,,1,,2,,,7,7,1,13,4,120.722192,24.149264,3
8319,66000,387130000C,(04)23274275,(04)23288582,2025,11,21,12,30,臺中市,南屯區,0,0,0,7,,,50,,,,,,,,,,,,,,17,,,,,B03,,,1,,1,,,50,50,1,12,4,120.637437,24.147123,4
8320,66000,387130000C,(04)23274275,(04)23288582,2025,11,21,12,33,臺中市,大里區,0,0,0,7,,,40,,,,,,,,,,,,,,17,,,,,B03,,,1,,2,,,84,84,1,6,4,120.68935,24.077604,3
8321,66000,387130000C,(04)23274275,(04)23288582,2025,11,21,12,39,臺中市,龍井區,0,1,0,6,1,6,30,4,1,1,5,4,6,6,4,4,10,5,5,2,15,2,9,1,1,C03,7,9,1,10,2,11,,12,12,1,6,4,120.587446,24.181218,2
8322,66000,387130000C,(04)23274275,(04)23288582,2025,11,21,12,40,臺中市,北屯區,0,1,0,7,2,6,50,13,7,1,5,4,6,6,4,4,5,4,4,1,12,3,10,3,1,B03,7,9,1,8,2,2,,84,84,1,6,4,120.689384,24.164931,2
8323,66000,387130000C,(04)23274275,(04)23288582,2025,11,21,12,40,臺中市,大里區,0,0,0,7,2,6,50,13,9,1,5,4,6,6,4,4,5,5,5,1,25,,,,,A11,,,1,,1,,,82,82,1,6,4,120.708779,24.083502,3
8324,66000,387130000C,(04)23274275,(04)23288582,2025,11,21,12,46,臺中市,南屯區,0,0,0,7,,,50,,,,,,,,,,,,,,,,,,,C03,,,1,,1,,,7,7,1,12,4,120.612268,24.149961,3
8325,66000,387130000C,(04)23274275,(04)23288582,2025,11,21,12,46,臺中市,北屯區,0,2,0,7,2,6,50,4,1,1,5,4,6,6,1,1,10,5,5,2,17,2,9,1,1,C03,7,9,3,19,2,14,,21,21,1,6,4,120.671178,24.175078,2
8326,66000,387130000C,(04)23274275,(04)23288582,2025,11,21,12,49,臺中市,南屯區,0,2,0,7,3,6,50,4,2,1,5,4,6,6,2,1,1,4,5,2,13,2,8,1,1,C03,7,9,1,10,2,11,,7,7,1,6,4,120.646569,24.147063,2
8327,66000,387130000C,(04)23274275,(04)23288582,2025,11,21,12,50,臺中市,北區,0,0,0,7,,,50,,,,,,,,,,,,,,17,,,,,C03,,,1,,1,,,51,51,1,13,4,120.670376,24.155179,3
8328,66000,387130000C,(04)23274275,(04)23288582,2025,11,21,12,51,臺中市,西屯區,0,1,0,7,2,6,50,13,9,1,5,4,6,6,4,4,5,4,4,2,12,2,9,2,4,C03,7,8,1,10,2,14,,8,8,1,13,4,120.618866,24.187694,2
8329,66000,387130000C,(04)23274275,(04)23288582,2025,11,21,12,52,臺中市,南區,0,0,0,7,,,50,,,,,,,,,,,,,,17,,,,,B03,,,1,,1,,,49,49,1,6,4,120.664074,24.117405,3
8330,66000,387130000C,(04)23274275,(04)23288582,2025,11,21,12,55,臺中市,北屯區,0,1,0,7,2,6,50,4,1,1,5,4,6,6,2,1,10,5,5,2,13,2,8,2,1,C03,7,9,1,10,2,11,,7,7,1,12,4,120.67123,24.173989,2
8331,66000,387130000C,(04)23274275,(04)23288582,2025,11,21,13,0,臺中市,西屯區,0,1,0,7,2,6,50,4,8,1,5,4,6,6,1,1,5,5,4,2,18,2,9,5,4,C03,7,9,1,10,2,16,,84,84,1,12,4,120.590561,24.17118,2
8332,66000,387130000C,(04)23274275,(04)23288582,2025,11,21,13,1,臺中市,清水區,0,1,0,7,2,6,50,3,1,1,5,4,6,6,1,1,8,3,4,1,17,3,10,3,1,B03,7,5,1,8,2,16,,20,20,1,12,4,120.561448,24.267446,2
8333,66000,387130000C,(04)23274275,(04)23288582,2025,11,21,13,3,臺中市,大里區,0,0,0,7,,,40,,,,,,,,,,,,,,17,,,,,C03,,,1,,2,,,84,84,1,6,4,120.694452,24.089217,3
8334,66000,387130000C,(04)23274275,(04)23288582,2025,11,21,13,3,臺中市,沙鹿區,0,1,0,7,2,6,30,3,2,1,5,4,6,6,4,4,10,5,5,2,17,2,9,2,1,F03,7,1,7,21,2,11,,51,51,1,6,4,120.598572,24.259822,2
8335,66000,387130000C,(04)23274275,(04)23288582,2025,11,21,13,9,臺中市,清水區,0,0,0,7,,,50,,,,,,,,,,,,,,,,,,,B12,,,1,,2,,,7,7,1,12,4,120.550236,24.27132,3
8336,66000,387130000C,(04)23274275,(04)23288582,2025,11,21,13,11,臺中市,北區,0,2,0,7,2,6,30,4,1,1,5,4,6,6,4,4,10,5,5,2,15,2,8,5,4,C03,7,9,1,10,1,12,,15,15,1,13,4,120.683601,24.14677,2
8337,66000,387130000C,(04)23274275,(04)23288582,2025,11,21,13,14,臺中市,西屯區,0,0,0,7,,,50,,,,,,,,,,,,,,13,,,,,C03,,,1,,1,,,7,7,1,13,4,120.61034,24.188182,3
8338,66000,387130000C,(04)23274275,(04)23288582,2025,11,21,13,15,臺中市,西屯區,0,0,0,7,,,50,,,,,,,,,,,,,,14,,,,,A12,,,1,,1,,,49,49,1,13,4,120.610052,24.160843,3
8339,66000,387130000C,(04)23274275,(04)23288582,2025,11,21,13,16,臺中市,南區,0,1,0,7,3,6,50,4,9,1,5,4,6,6,2,1,3,5,5,2,16,3,10,5,4,B03,7,6,1,8,2,2,,20,20,1,6,4,120.679273,24.126395,2
8340,66000,387130000C,(04)23274275,(04)23288582,2025,11,21,13,16,臺中市,太平區,0,1,0,7,2,6,50,3,1,1,5,4,6,6,4,4,5,5,5,2,16,3,10,3,1,B03,7,11,1,8,2,7,,45,45,1,12,4,120.71844,24.133587,2
8341,66000,387130000C,(04)23274275,(04)23288582,2025,11,21,13,16,臺中市,龍井區,0,1,0,7,2,6,50,3,1,1,5,4,6,6,1,1,1,4,4,2,13,2,8,1,1,C03,7,9,1,10,2,11,,7,7,1,5,4,120.548369,24.203521,2
8342,66000,387130000C,(04)23274275,(04)23288582,2025,11,21,13,18,臺中市,西區,0,1,0,7,3,6,40,13,8,1,5,4,6,6,4,4,1,4,4,2,13,2,3,1,1,C03,7,9,1,10,2,11,13,7,7,1,6,4,120.672271,24.146738,2
8343,66000,387130000C,(04)23274275,(04)23288582,2025,11,21,13,19,臺中市,豐原區,0,0,0,7,,,50,,,,,,,,,,,,,,13,,,,,B03,,,1,,2,,,84,84,1,13,4,120.713866,24.24492,3
8344,66000,387130000C,(04)23274275,(04)23288582,2025,11,21,13,23,臺中市,南屯區,0,0,0,7,3,6,50,13,9,1,5,4,6,6,4,4,1,4,5,2,13,,,,,C03,,,1,,1,,,7,7,1,12,4,120.646635,24.149825,3
8345,66000,387130000C,(04)23274275,(04)23288582,2025,11,21,13,32,臺中市,西屯區,0,1,0,7,1,6,50,13,9,1,5,4,6,6,4,4,1,5,5,2,12,2,9,2,1,C03,7,9,1,10,2,11,,7,7,1,12,4,120.65505,24.168761,2
8346,66000,387130000C,(04)23274275,(04)23288582,2025,11,21,13,36,臺中市,新社區,0,0,0,7,,,30,,,,,,,,,,,,,,15,,,,,B03,,,1,,2,,,12,12,1,6,4,120.80925,24.195392,3
8347,66000,387130000C,(04)23274275,(04)23288582,2025,11,21,13,38,臺中市,大雅區,0,0,0,7,,,50,,,,,,,,,,,,,,,,,,,B12,,,1,,2,,,7,7,1,12,4,120.654984,24.228415,3
8348,66000,387130000C,(04)23274275,(04)23288582,2025,11,21,13,40,臺中市,西屯區,0,0,0,7,,,40,,,,,,,,,,,,,,9,,,,,A12,,,1,,9,,,51,51,1,12,4,120.64576,24.181852,3
8349,66000,387130000C,(04)23274275,(04)23288582,2025,11,21,13,42,臺中市,南區,0,0,0,7,,,50,,,,,,,,,,,,,,13,,,,,B03,,,1,,1,,,84,84,1,12,4,120.657759,24.110002,3
8350,66000,387130000C,(04)23274275,(04)23288582,2025,11,21,13,43,臺中市,北區,0,1,0,7,2,6,50,3,9,1,5,4,6,6,1,1,1,4,5,2,17,3,10,3,1,B01,7,7,1,4,2,6,,40,40,1,12,4,120.672949,24.163062,2
8351,66000,387130000C,(04)23274275,(04)23288582,2025,11,21,13,48,臺中市,大里區,0,0,0,7,,,30,,,,,,,,,,,,,,11,,,,,B03,,,1,,2,,,84,84,1,12,4,120.730306,24.089751,3
8352,66000,387130000C,(04)23274275,(04)23288582,2025,11,21,13,50,臺中市,西屯區,0,0,0,7,,,50,,,,,,,,,,,,,,13,,,,,B03,,,1,,1,,,59,59,1,13,4,120.619693,24.182588,3
8353,66000,387130000C,(04)23274275,(04)23288582,2025,11,21,13,52,臺中市,中區,0,1,0,7,1,6,50,4,4,1,5,4,6,6,1,1,5,5,5,2,12,3,10,1,1,C03,7,9,1,10,1,16,,84,84,1,13,4,120.685322,24.142574,2
8354,66000,387130000C,(04)23274275,(04)23288582,2025,11,21,13,57,臺中市,大里區,0,1,0,7,2,6,50,4,2,1,5,4,6,6,4,4,5,5,5,2,16,2,9,1,1,C03,7,6,1,10,2,12,,14,14,1,6,4,120.71459,24.094818,2
8355,66000,387130000C,(04)23274275,(04)23288582,2025,11,21,14,0,臺中市,大雅區,0,0,0,7,,,50,,,,,,,,,,,,,,,,,,,B03,,,1,,1,,,7,7,1,13,4,120.629044,24.206074,3
8356,66000,387130000C,(04)23274275,(04)23288582,2025,11,21,14,1,臺中市,西屯區,0,0,0,7,,,60,,,,,,,,,,,,,,12,,,,,B02,,,1,,1,,,8,8,1,12,4,120.654142,24.160214,3
8357,66000,387130000C,(04)23274275,(04)23288582,2025,11,21,14,1,臺中市,大甲區,0,0,0,7,,,50,,,,,,,,,,,,,,16,,,,,B03,,,1,,1,,,14,14,1,6,4,120.615629,24.346888,3
8358,66000,387130000C,(04)23274275,(04)23288582,2025,11,21,14,3,臺中市,烏日區,0,0,0,7,,,50,,,,,,,,,,,,,,9,,,,,B03,,,1,,1,,,20,20,1,6,4,120.624166,24.104072,3
8359,66000,387130000C,(04)23274275,(04)23288582,2025,11,21,14,4,臺中市,豐原區,0,1,0,7,2,6,50,3,1,1,5,4,6,6,2,1,1,2,5,2,18,2,9,1,1,C03,7,9,1,10,2,16,,84,84,1,12,4,120.720293,24.233282,2
8360,66000,387130000C,(04)23274275,(04)23288582,2025,11,21,14,5,臺中市,大肚區,0,0,0,7,,,30,,,,,,,,,,,,,,,,,,,A11,,,1,,2,,,51,51,1,6,4,120.544785,24.146791,3
8361,66000,387130000C,(04)23274275,(04)23288582,2025,11,21,14,5,臺中市,烏日區,0,1,0,7,2,6,50,4,2,1,5,4,6,6,1,1,10,5,5,2,17,3,10,5,4,C03,7,6,1,10,2,11,,84,84,1,12,4,120.637186,24.110207,2
8362,66000,387130000C,(04)23274275,(04)23288582,2025,11,21,14,5,臺中市,龍井區,0,1,0,7,2,6,50,4,1,1,5,4,6,6,1,1,1,4,4,2,16,2,8,1,1,C03,7,9,1,10,2,11,,7,7,1,12,4,120.548637,24.206271,2
8363,66000,387130000C,(04)23274275,(04)23288582,2025,11,21,14,8,臺中市,西屯區,0,0,0,7,,,50,,,,,,,,,,,,,,13,,,,,B12,,,1,,1,,,7,7,1,12,4,120.608742,24.155605,3
8364,66000,387130000C,(04)23274275,(04)23288582,2025,11,21,14,10,臺中市,南區,0,0,0,7,,,50,,,,,,,,,,,,,,,,,,,B03,,,1,,1,,,84,84,1,12,4,120.667105,24.122526,3
8365,66000,387130000C,(04)23274275,(04)23288582,2025,11,21,14,18,臺中市,西區,0,0,0,7,,,50,,,,,,,,,,,,,,17,,,,,B03,,,1,,1,,,45,45,1,13,4,120.662988,24.150849,3
8366,66000,387130000C,(04)23274275,(04)23288582,2025,11,21,14,20,臺中市,南區,0,1,0,7,2,6,50,13,9,1,5,4,6,6,4,4,10,4,5,2,12,2,8,1,1,C03,7,1,1,10,2,12,,51,51,1,12,4,120.658403,24.127553,2
8367,66000,387130000C,(04)23274275,(04)23288582,2025,11,21,14,23,臺中市,北屯區,0,0,0,7,,,30,,,,,,,,,,,,,,17,,,,,B03,,,1,,2,,,8,8,1,6,4,120.67096,24.179092,3
8368,66000,387130000C,(04)23274275,(04)23288582,2025,11,21,14,24,臺中市,北屯區,0,0,0,7,,,50,,,,,,,,,,,,,,,,,,,B03,,,1,,1,,,84,84,1,13,4,120.664775,24.184107,4
8369,66000,387130000C,(04)23274275,(04)23288582,2025,11,21,14,24,臺中市,烏日區,0,0,0,7,,,30,,,,,,,,,,,,,,,,,,,A11,,,1,,2,,,49,49,1,6,4,120.644409,24.108513,3
8370,66000,387130000C,(04)23274275,(04)23288582,2025,11,21,14,26,臺中市,烏日區,0,0,0,7,,,30,,,,,,,,,,,,,,9,,,,,B03,,,1,,1,,,50,50,1,6,4,120.607159,24.120542,3
8371,66000,387130000C,(04)23274275,(04)23288582,2025,11,21,14,30,臺中市,北屯區,0,0,0,7,,,50,,,,,,,,,,,,,,,,,,,B03,,,1,,1,,,84,84,1,13,4,120.722665,24.187214,4
8372,66000,387130000C,(04)23274275,(04)23288582,2025,11,21,14,30,臺中市,太平區,0,1,0,7,2,6,50,13,9,1,5,4,6,6,4,4,5,4,5,1,13,2,9,1,4,C03,7,9,1,10,2,11,,7,7,1,13,4,120.718463,24.159638,2
8373,66000,387130000C,(04)23274275,(04)23288582,2025,11,21,14,33,臺中市,新社區,0,1,0,7,2,6,50,11,9,1,5,4,6,6,4,4,5,5,5,1,11,2,9,5,4,C03,7,5,1,10,2,14,,84,84,1,13,4,120.822136,24.174015,2
8374,66000,387130000C,(04)23274275,(04)23288582,2025,11,21,14,38,臺中市,北屯區,0,1,0,7,3,6,50,3,1,1,5,4,6,6,2,1,10,5,5,2,13,3,10,3,1,B03,7,9,1,8,2,1,,7,7,1,12,4,120.661134,24.190596,2
8375,66000,387130000C,(04)23274275,(04)23288582,2025,11,21,14,43,臺中市,西屯區,0,0,0,7,,,30,,,,,,,,,,,,,,17,,,,,B03,,,1,,2,,,50,50,1,12,4,120.623259,24.177773,3
8376,66000,387130000C,(04)23274275,(04)23288582,2025,11,21,14,43,臺中市,霧峰區,0,2,0,7,3,6,30,11,9,1,3,4,6,6,4,4,10,5,5,1,17,2,9,1,1,C03,7,9,1,10,2,14,,85,85,1,12,4,120.704387,24.011353,2
8377,66000,387130000C,(04)23274275,(04)23288582,2025,11,21,14,46,臺中市,東區,0,0,0,7,,,50,,,,,,,,,,,,,,14,,,,,B12,,,1,,2,,,49,49,1,6,4,120.699654,24.125213,3
8378,66000,387130000C,(04)23274275,(04)23288582,2025,11,21,14,46,臺中市,北屯區,0,3,0,7,2,6,50,13,9,1,5,4,6,6,4,4,1,4,5,2,13,2,9,1,1,C03,7,9,1,10,2,14,,7,7,1,6,4,120.693214,24.163349,2
8379,66000,387130000C,(04)23274275,(04)23288582,2025,11,21,14,50,臺中市,南屯區,0,0,0,7,,,50,,,,,,,,,,,,,,,,,,,A31,,,1,,1,,,8,8,1,12,4,120.622636,24.140279,3
8380,66000,387130000C,(04)23274275,(04)23288582,2025,11,21,14,50,臺中市,北屯區,0,0,0,7,,,50,,,,,,,,,,,,,,12,,,,,B03,,,1,,2,,,84,84,1,6,4,120.699174,24.18121,4
8381,66000,387130000C,(04)23274275,(04)23288582,2025,11,21,14,55,臺中市,南屯區,0,1,0,7,3,6,30,11,9,1,5,4,6,6,4,4,10,5,5,2,17,2,9,2,1,C03,7,6,3,19,2,14,,41,41,1,13,4,120.620822,24.1436,2
8382,66000,387130000C,(04)23274275,(04)23288582,2025,11,21,14,55,臺中市,南屯區,0,2,0,7,2,6,50,3,1,1,5,4,6,6,4,4,5,5,5,2,16,2,9,2,1,C03,7,6,1,10,2,11,,14,14,1,12,4,120.61022,24.138426,2
8383,66000,387130000C,(04)23274275,(04)23288582,2025,11,21,14,59,臺中市,南屯區,0,0,0,7,3,6,40,13,8,1,5,4,6,6,4,4,5,5,4,2,12,,,,,B12,,,1,,2,,,84,84,1,12,4,120.635104,24.153641,3
8384,66000,387130000C,(04)23274275,(04)23288582,2025,11,21,15,1,臺中市,西屯區,0,1,0,7,3,6,50,4,1,1,5,4,6,6,1,1,5,4,4,1,12,2,8,5,4,C03,7,6,1,10,2,14,13,48,48,1,12,4,120.606526,24.161704,2
8385,66000,387130000C,(04)23274275,(04)23288582,2025,11,21,15,4,臺中市,梧棲區,0,0,0,7,,,50,,,,,,,,,,,,,,35,,,,,B03,,,1,,1,,,87,87,1,12,4,120.536112,24.245748,3
8386,66000,387130000C,(04)23274275,(04)23288582,2025,11,21,15,5,臺中市,大甲區,0,2,0,7,3,6,50,13,9,1,5,4,6,6,4,4,5,5,5,1,17,2,9,5,4,C03,7,11,2,19,2,14,,39,39,1,4,4,120.619688,24.345115,2
8387,66000,387130000C,(04)23274275,(04)23288582,2025,11,21,15,7,臺中市,潭子區,0,0,0,7,,,50,,,,,,,,,,,,,,13,,,,,B12,,,1,,2,,,59,59,1,12,4,120.712874,24.219106,3
8388,66000,387130000C,(04)23274275,(04)23288582,2025,11,21,15,8,臺中市,南區,0,0,0,7,,,50,,,,,,,,,,,,,,17,,,,,B03,,,1,,2,,,7,7,1,12,4,120.683358,24.133291,3
8389,66000,387130000C,(04)23274275,(04)23288582,2025,11,21,15,9,臺中市,西區,0,1,0,7,1,6,50,4,1,1,5,4,6,6,1,1,10,5,5,1,17,3,10,5,4,B03,7,9,1,8,2,1,,21,21,1,12,4,120.665768,24.13927,2
8390,66000,387130000C,(04)23274275,(04)23288582,2025,11,21,15,12,臺中市,大甲區,0,0,0,7,,,50,,,,,,,,,,,,,,25,,,,,A11,,,1,,2,,,8,8,1,6,4,120.626847,24.349126,4
8391,66000,387130000C,(04)23274275,(04)23288582,2025,11,21,15,13,臺中市,西區,0,0,0,7,,,50,,,,,,,,,,,,,,17,,,,,C03,,,1,,2,,,51,51,1,13,4,120.666736,24.141067,4
8392,66000,387130000C,(04)23274275,(04)23288582,2025,11,21,15,13,臺中市,太平區,0,1,0,7,2,6,30,11,9,1,5,2,6,6,4,4,10,5,5,2,14,3,10,3,1,B12,7,2,1,8,2,10,,49,49,1,6,4,120.70753,24.121365,2
8393,66000,387130000C,(04)23274275,(04)23288582,2025,11,21,15,15,臺中市,西屯區,0,0,0,7,,,50,,,,,,,,,,,,,,14,,,,,B12,,,1,,1,,,49,49,1,13,4,120.595845,24.17145,3
8394,66000,387130000C,(04)23274275,(04)23288582,2025,11,21,15,19,臺中市,北屯區,0,0,0,7,,,50,,,,,,,,,,,,,,13,,,,,B03,,,1,,1,,,7,7,1,12,4,120.692962,24.162775,3
8395,66000,387130000C,(04)23274275,(04)23288582,2025,11,21,15,19,臺中市,大里區,0,0,0,7,,,50,,,,,,,,,,,,,,17,,,,,C03,,,1,,2,,,8,8,1,13,4,120.686627,24.106606,3
8396,66000,387130000C,(04)23274275,(04)23288582,2025,11,21,15,20,臺中市,霧峰區,0,0,0,7,,,50,,,,,,,,,,,,,,12,,,,,B12,,,1,,2,,,1,1,1,12,4,120.69657,24.05482,3
8397,66000,387130000C,(04)23274275,(04)23288582,2025,11,21,15,20,臺中市,沙鹿區,0,1,0,7,2,6,40,13,8,1,5,4,6,6,4,4,1,4,3,1,17,2,9,2,1,C03,7,9,1,10,2,12,,59,59,1,6,4,120.563711,24.240194,2
8398,66000,387130000C,(04)23274275,(04)23288582,2025,11,21,15,22,臺中市,沙鹿區,0,0,0,7,,,50,,,,,,,,,,,,,,,,,,,B01,,,1,,1,,,7,7,1,12,4,120.599647,24.254052,3
8399,66000,387130000C,(04)23274275,(04)23288582,2025,11,21,15,29,臺中市,豐原區,0,1,0,7,2,6,50,4,1,1,5,4,6,6,4,4,1,4,4,1,13,2,1,3,1,B03,7,9,1,8,2,8,4,83,83,1,6,4,120.741523,24.263355,2
8400,66000,387130000C,(04)23274275,(04)23288582,2025,11,21,15,30,臺中市,霧峰區,0,0,0,7,,,50,,,,,,,,,,,,,,,,,,,C03,,,1,,2,,,29,29,1,13,4,120.699296,24.068223,3
8401,66000,387130000C,(04)23274275,(04)23288582,2025,11,21,15,32,臺中市,西屯區,0,0,0,7,,3,80,,,,,,,,,,,,,,13,,,,,B03,,,1,,2,,,7,7,1,13,4,120.65953,24.200711,3
8402,66000,387130000C,(04)23274275,(04)23288582,2025,11,21,15,33,臺中市,西區,0,0,0,7,,,50,,,,,,,,,,,,,,14,,,,,B03,,,1,,1,,,49,49,1,6,4,120.657387,24.152526,3
8403,66000,387130000C,(04)23274275,(04)23288582,2025,11,21,15,33,臺中市,南屯區,0,1,0,7,2,6,50,3,1,1,5,4,6,6,1,1,5,5,5,2,13,3,10,3,1,B03,7,5,1,8,1,1,,84,84,1,13,4,120.654505,24.132051,2
8404,66000,387130000C,(04)23274275,(04)23288582,2025,11,21,15,33,臺中市,大里區,0,1,0,7,2,6,50,4,1,1,5,4,6,6,1,1,10,5,5,2,12,2,9,5,4,C03,7,5,1,10,2,11,,7,7,1,12,4,120.702676,24.088227,2
8405,66000,387130000C,(04)23274275,(04)23288582,2025,11,21,15,35,臺中市,清水區,0,0,0,7,,,30,,,,,,,,,,,,,,,,,,,B03,,,1,,11,,,51,51,1,12,4,120.574127,24.272893,3
8406,66000,387130000C,(04)23274275,(04)23288582,2025,11,21,15,35,臺中市,清水區,0,0,0,7,,,50,,,,,,,,,,,,,,,,,,,B03,,,1,,2,,,51,51,1,12,4,120.574809,24.267619,3
8407,66000,387130000C,(04)23274275,(04)23288582,2025,11,21,15,38,臺中市,南區,0,0,0,7,,,50,,,,,,,,,,,,,,,,,,,C03,,,1,,2,,,84,84,1,12,4,120.679533,24.12051,3
8408,66000,387130000C,(04)23274275,(04)23288582,2025,11,21,15,39,臺中市,北區,0,0,0,7,,,50,,,,,,,,,,,,,,,,,,,C03,,,1,,1,,,39,39,1,12,4,120.678362,24.162684,4
8409,66000,387130000C,(04)23274275,(04)23288582,2025,11,21,15,40,臺中市,清水區,0,0,0,7,,,50,,,,,,,,,,,,,,,,,,,B03,,,1,,1,,,49,49,1,12,4,120.555009,24.272231,3
8410,66000,387130000C,(04)23274275,(04)23288582,2025,11,21,15,45,臺中市,西屯區,0,0,0,7,,3,80,,,,,,,,,,,,,,,,,,,B03,,,1,,1,,,7,7,1,12,4,120.634948,24.179291,3
8411,66000,387130000C,(04)23274275,(04)23288582,2025,11,21,15,50,臺中市,豐原區,0,1,0,7,2,6,50,5,1,1,5,4,6,6,2,1,1,4,4,2,15,3,10,5,4,B03,7,9,1,8,2,2,,21,21,1,12,4,120.727439,24.259438,2
8412,66000,387130000C,(04)23274275,(04)23288582,2025,11,21,15,52,臺中市,大安區,1,0,0,7,3,6,50,3,9,1,5,4,6,6,4,4,4,5,5,1,12,3,10,5,4,B12,7,4,1,8,2,2,,1,1,1,7,4,120.57077,24.342673,1
8413,66000,387130000C,(04)23274275,(04)23288582,2025,11,21,15,54,臺中市,南區,0,0,0,7,,,50,,,,,,,,,,,,,,17,,,,,B03,,,1,,1,,,50,50,1,6,4,120.670103,24.116561,3