序號,縣市別代碼,機關代碼,市話,傳真,年,月,日,時,分,縣市,區,死亡數量,受傷數量,2-30,天候,道路照明設備,道路類別,道路速限,道路型態,事故位置,路面鋪裝,路面狀態,路面缺陷,障礙物,視距,號誌種類,號誌動作,分向設施,快車道或一般車道間,快慢車道間,路面邊線,事故類型及型態,受傷程度,主要傷處,保護裝備,行動電話或功能裝置,當事者區分(類別),車輛用途,當事者行動狀態,駕照狀態,駕照種類,飲酒情形,車輛撞擊部位最初,車輛撞擊部位其他,肇事因素個別,肇事因素主要,肇事逃逸,職業,共享經濟或外送平台,GPS座標X,GPS座標Y,事故類別
8414,66000,387130000C,(04)23274275,(04)23288582,2025,11,21,15,54,臺中市,神岡區,0,1,0,7,1,6,30,3,1,1,5,4,6,6,4,4,10,5,5,2,16,3,10,3,1,B03,7,6,1,8,2,5,,14,14,1,12,4,120.708022,24.261467,2
8415,66000,387130000C,(04)23274275,(04)23288582,2025,11,21,15,57,臺中市,大里區,0,0,0,7,,,50,,,,,,,,,,,,,,17,,,,,C03,,,1,,1,,,87,87,1,12,4,120.694479,24.111583,3
8416,66000,387130000C,(04)23274275,(04)23288582,2025,11,21,16,0,臺中市,南區,0,0,0,7,,,50,,,,,,,,,,,,,,17,,,,,B01,,,1,,1,,,77,77,1,12,4,120.657942,24.128246,3
8417,66000,387130000C,(04)23274275,(04)23288582,2025,11,21,16,2,臺中市,后里區,0,1,0,6,2,6,50,4,1,1,5,4,6,6,1,1,5,4,5,1,3,3,10,3,1,B03,7,6,1,8,2,5,,59,59,1,6,4,120.713033,24.305182,2
8418,66000,387130000C,(04)23274275,(04)23288582,2025,11,21,16,3,臺中市,北區,0,1,0,7,2,6,50,13,9,1,5,4,6,6,4,4,9,4,5,2,17,3,10,3,1,B03,7,11,1,8,2,4,,45,45,1,13,4,120.674623,24.155722,2
8419,66000,387130000C,(04)23274275,(04)23288582,2025,11,21,16,6,臺中市,南區,0,0,0,7,,,50,,,,,,,,,,,,,,13,,,,,B03,,,1,,2,,,84,84,1,12,4,120.660486,24.113207,3
8420,66000,387130000C,(04)23274275,(04)23288582,2025,11,21,16,9,臺中市,大肚區,0,0,0,7,,,50,,,,,,,,,,,,,,13,,,,,C03,,,3,,2,,,58,58,1,6,4,120.575758,24.172349,3
8421,66000,387130000C,(04)23274275,(04)23288582,2025,11,21,16,13,臺中市,潭子區,0,0,0,7,,,60,,,,,,,,,,,,,,,,,,,B12,,,1,,2,,,84,84,1,12,4,120.708038,24.228579,3
8422,66000,387130000C,(04)23274275,(04)23288582,2025,11,21,16,15,臺中市,西區,0,1,0,7,2,6,50,3,1,1,5,4,6,6,4,4,10,5,5,2,17,2,5,1,1,C03,7,9,1,10,1,11,,84,84,1,13,4,120.661807,24.153036,2
8423,66000,387130000C,(04)23274275,(04)23288582,2025,11,21,16,16,臺中市,西屯區,0,1,0,7,2,6,50,3,1,1,5,4,6,6,4,4,1,4,5,2,16,3,10,5,4,B03,7,5,1,8,2,4,,12,12,1,13,4,120.656061,24.193914,2
8424,66000,387130000C,(04)23274275,(04)23288582,2025,11,21,16,30,臺中市,大雅區,0,0,0,7,,,70,,,,,,,,,,,,,,,,,,,A41,,,1,,1,,,7,7,1,13,4,120.630509,24.240942,3
8425,66000,387130000C,(04)23274275,(04)23288582,2025,11,21,16,30,臺中市,石岡區,0,0,0,7,,,50,,,,,,,,,,,,,,11,,,,,B03,,,1,,1,,,34,34,1,13,4,120.815771,24.259115,3
8426,66000,387130000C,(04)23274275,(04)23288582,2025,11,21,16,32,臺中市,大甲區,0,0,0,7,,,30,,,,,,,,,,,,,,15,,,,,B03,,,1,,2,,,12,12,1,6,4,120.639473,24.410335,3
8427,66000,387130000C,(04)23274275,(04)23288582,2025,11,21,16,37,臺中市,西屯區,0,1,0,7,2,3,80,13,9,1,5,4,6,6,4,4,1,4,5,2,13,3,10,3,4,B03,7,9,1,8,1,1,,7,7,1,13,4,120.629666,24.164564,2
8428,66000,387130000C,(04)23274275,(04)23288582,2025,11,21,16,38,臺中市,大雅區,0,0,0,7,,,30,,,,,,,,,,,,,,,,,,,B03,,,1,,2,,,48,48,1,12,4,120.655061,24.215823,3
8429,66000,387130000C,(04)23274275,(04)23288582,2025,11,21,16,38,臺中市,西屯區,0,0,0,7,,3,80,,,,,,,,,,,,,,13,,,,,B03,,,1,,1,,,7,7,1,13,4,120.628892,24.16306,3
8430,66000,387130000C,(04)23274275,(04)23288582,2025,11,21,16,38,臺中市,大里區,0,1,0,7,3,6,40,13,9,1,5,4,6,6,4,4,9,5,5,2,18,2,9,1,1,F03,7,9,7,21,2,16,,84,84,1,13,4,120.713493,24.088522,2
8431,66000,387130000C,(04)23274275,(04)23288582,2025,11,21,16,43,臺中市,西屯區,0,1,0,7,1,6,50,13,8,1,5,4,6,6,4,4,1,4,4,2,13,3,10,3,1,B03,7,5,1,8,2,7,,47,47,1,12,4,120.653944,24.202747,2
8432,66000,387130000C,(04)23274275,(04)23288582,2025,11,21,16,43,臺中市,大里區,0,1,0,7,2,6,50,3,1,1,5,4,6,6,3,1,5,5,4,1,12,3,10,5,4,C03,7,6,1,10,2,13,,34,34,1,12,4,120.729598,24.092356,2
8433,66000,387130000C,(04)23274275,(04)23288582,2025,11,21,16,44,臺中市,西屯區,0,2,0,7,1,6,30,3,1,1,5,4,6,6,4,4,10,5,5,2,17,3,10,5,4,B02,7,1,1,8,2,1,,51,51,1,13,4,120.666888,24.173918,2
8434,66000,387130000C,(04)23274275,(04)23288582,2025,11,21,16,45,臺中市,大肚區,0,0,0,7,,,30,,,,,,,,,,,,,,11,,,,,B12,,,1,,2,,,8,8,1,6,4,120.534568,24.169515,3
8435,66000,387130000C,(04)23274275,(04)23288582,2025,11,21,16,49,臺中市,烏日區,0,0,0,7,,,30,,,,,,,,,,,,,,16,,,,,B03,,,1,,2,,,14,14,1,6,4,120.648003,24.08856,3
8436,66000,387130000C,(04)23274275,(04)23288582,2025,11,21,16,50,臺中市,西屯區,0,0,0,7,,,50,,,,,,,,,,,,,,17,,,,,B12,,,1,,1,,,50,50,1,12,4,120.650885,24.208997,3
8437,66000,387130000C,(04)23274275,(04)23288582,2025,11,21,16,50,臺中市,梧棲區,0,4,0,7,2,6,60,4,1,1,5,4,6,6,4,4,10,5,5,2,13,2,9,1,1,C03,7,9,1,10,2,11,,7,7,1,12,4,120.52297,24.223662,2
8438,66000,387130000C,(04)23274275,(04)23288582,2025,11,21,16,53,臺中市,西區,0,1,0,7,1,6,50,4,1,1,5,4,6,6,1,1,1,4,4,2,16,3,10,3,1,B03,7,6,1,8,2,1,,11,11,1,13,4,120.657435,24.139267,2
8439,66000,387130000C,(04)23274275,(04)23288582,2025,11,21,16,53,臺中市,南區,0,1,0,7,2,6,40,13,8,1,5,4,6,6,4,4,5,4,4,2,17,2,3,3,1,B03,7,15,1,8,2,1,,84,84,1,12,4,120.679791,24.131028,2
8440,66000,387130000C,(04)23274275,(04)23288582,2025,11,21,16,56,臺中市,大里區,0,0,0,7,,,50,,,,,,,,,,,,,,,,,,,F01,,,7,,2,,,84,84,1,13,4,120.705266,24.087903,3
8441,66000,387130000C,(04)23274275,(04)23288582,2025,11,21,16,58,臺中市,大里區,0,0,0,7,1,6,50,13,7,1,5,4,6,6,1,1,1,4,4,1,13,,,,,B03,,,1,,2,,,59,59,1,12,4,120.696953,24.085181,3
8442,66000,387130000C,(04)23274275,(04)23288582,2025,11,21,16,59,臺中市,烏日區,0,0,0,7,,,30,,,,,,,,,,,,,,,,,,,B02,,,1,,1,,,84,84,1,13,4,120.616372,24.110954,3
8443,66000,387130000C,(04)23274275,(04)23288582,2025,11,21,17,2,臺中市,北區,0,1,0,7,1,6,40,13,9,1,5,4,6,6,4,4,1,4,4,2,17,3,10,3,1,B03,7,1,1,8,2,15,,51,51,1,12,4,120.675165,24.160779,2
8444,66000,387130000C,(04)23274275,(04)23288582,2025,11,21,17,5,臺中市,北屯區,0,0,0,7,,3,80,,,,,,,,,,,,,,13,,,,,B13,,,1,,1,,,7,7,1,12,4,120.695797,24.200985,3
8445,66000,387130000C,(04)23274275,(04)23288582,2025,11,21,17,7,臺中市,西屯區,0,1,0,7,1,6,50,4,1,1,5,4,6,6,2,1,10,5,5,2,16,2,9,5,1,C03,7,6,1,10,2,14,,42,42,1,13,4,120.614483,24.186648,2
8446,66000,387130000C,(04)23274275,(04)23288582,2025,11,21,17,8,臺中市,西屯區,0,0,0,7,,,40,,,,,,,,,,,,,,,,,,,B03,,,1,,1,,,49,49,1,12,4,120.641916,24.156681,3
8447,66000,387130000C,(04)23274275,(04)23288582,2025,11,21,17,8,臺中市,清水區,0,1,0,7,3,6,30,4,1,1,5,4,6,6,4,4,10,5,5,2,15,2,9,1,1,C03,7,9,1,10,2,12,,12,12,1,12,4,120.560476,24.25831,2
8448,66000,387130000C,(04)23274275,(04)23288582,2025,11,21,17,9,臺中市,南屯區,0,1,0,7,2,6,50,3,1,1,5,4,6,6,1,1,10,5,5,2,17,3,10,3,1,B03,7,11,1,7,2,5,,39,39,1,12,4,120.614267,24.139049,2
8449,66000,387130000C,(04)23274275,(04)23288582,2025,11,21,17,10,臺中市,太平區,0,2,0,7,2,6,50,3,1,1,5,4,6,6,4,4,10,5,5,2,13,2,9,1,4,C03,7,9,1,10,2,11,,4,4,1,13,4,120.717392,24.10253,2
8450,66000,387130000C,(04)23274275,(04)23288582,2025,11,21,17,13,臺中市,霧峰區,0,1,0,7,1,6,40,4,1,1,5,4,6,6,1,1,5,2,5,1,17,3,10,5,4,B03,7,5,1,8,2,1,,7,7,1,12,4,120.692716,24.058547,2
8451,66000,387130000C,(04)23274275,(04)23288582,2025,11,21,17,14,臺中市,南區,0,0,0,7,,,50,,,,,,,,,,,,,,17,,,,,B03,,,1,,2,,,40,40,1,6,4,120.662335,24.127994,3
8452,66000,387130000C,(04)23274275,(04)23288582,2025,11,21,17,15,臺中市,大甲區,0,1,0,7,1,6,50,3,1,1,5,4,6,6,4,4,10,5,5,2,14,3,10,5,4,B03,7,2,1,8,2,3,,49,49,1,6,4,120.618881,24.345762,2
8453,66000,387130000C,(04)23274275,(04)23288582,2025,11,21,17,16,臺中市,南屯區,0,1,0,7,3,6,50,13,9,1,5,4,6,6,1,1,5,5,5,2,9,3,10,3,1,B12,7,6,1,8,2,8,,10,10,1,12,4,120.641686,24.146869,2
8454,66000,387130000C,(04)23274275,(04)23288582,2025,11,21,17,16,臺中市,大里區,0,2,0,6,1,6,50,13,9,1,5,4,6,6,4,4,5,4,5,1,17,2,9,1,1,C03,7,9,1,10,2,11,,7,7,1,12,4,120.693963,24.106221,2
8455,66000,387130000C,(04)23274275,(04)23288582,2025,11,21,17,17,臺中市,北區,0,0,0,7,,,40,,,,,,,,,,,,,,12,,,,,B03,,,1,,1,,,84,84,1,13,4,120.691041,24.158738,3
8456,66000,387130000C,(04)23274275,(04)23288582,2025,11,21,17,17,臺中市,太平區,0,1,0,7,2,6,30,3,1,1,5,4,6,6,1,1,5,5,4,1,16,3,10,1,1,F03,7,6,7,21,2,11,,23,23,1,6,4,120.725853,24.149764,2
8457,66000,387130000C,(04)23274275,(04)23288582,2025,11,21,17,20,臺中市,龍井區,0,1,0,7,1,6,50,3,2,1,5,4,6,6,4,4,5,2,4,1,17,3,10,4,1,B12,7,14,1,8,2,4,,76,76,1,12,4,120.532791,24.177116,2
8458,66000,387130000C,(04)23274275,(04)23288582,2025,11,21,17,20,臺中市,沙鹿區,0,0,0,7,,,50,,,,,,,,,,,,,,,,,,,C03,,,1,,1,,,8,8,1,12,4,120.620824,24.23907,3
8459,66000,387130000C,(04)23274275,(04)23288582,2025,11,21,17,21,臺中市,北區,0,0,0,7,,,50,,,,,,,,,,,,,,,,,,,B03,,,1,,1,,,2,2,1,12,4,120.677771,24.151774,3
8460,66000,387130000C,(04)23274275,(04)23288582,2025,11,21,17,21,臺中市,梧棲區,0,2,0,7,1,6,30,4,1,1,5,4,6,6,4,4,10,5,5,2,15,2,8,1,1,C03,7,9,1,10,2,12,,15,15,1,12,4,120.544694,24.233081,2
8461,66000,387130000C,(04)23274275,(04)23288582,2025,11,21,17,21,臺中市,石岡區,0,1,0,7,1,8,10,13,13,1,5,4,6,6,4,4,9,5,5,1,20,2,8,5,4,F02,7,9,7,21,1,11,,84,84,1,13,4,120.779035,24.276059,2
8462,66000,387130000C,(04)23274275,(04)23288582,2025,11,21,17,22,臺中市,烏日區,0,0,0,7,,,40,,,,,,,,,,,,,,17,,,,,B03,,,6,,9,,,7,7,2,6,4,120.618211,24.117313,3
8463,66000,387130000C,(04)23274275,(04)23288582,2025,11,21,17,23,臺中市,后里區,0,0,0,7,1,9,50,18,24,1,5,4,6,6,4,4,10,5,5,2,12,,,,,B03,,,1,,1,,,8,8,1,6,4,120.722395,24.301233,3
8464,66000,387130000C,(04)23274275,(04)23288582,2025,11,21,17,25,臺中市,潭子區,0,1,0,6,1,6,60,4,4,1,5,4,6,6,1,1,1,4,5,1,17,2,8,2,1,C03,7,14,1,10,2,12,,84,84,1,13,4,120.705464,24.211322,2
8465,66000,387130000C,(04)23274275,(04)23288582,2025,11,21,17,25,臺中市,南屯區,0,1,0,7,1,6,50,4,1,1,5,4,6,6,4,4,10,5,5,2,16,2,9,2,1,C03,7,9,1,10,2,11,,4,4,1,13,4,120.615066,24.146605,2
8466,66000,387130000C,(04)23274275,(04)23288582,2025,11,21,17,26,臺中市,潭子區,0,1,0,7,1,6,50,3,1,1,5,4,6,6,4,4,10,5,5,2,16,3,10,3,1,B03,7,1,1,8,2,8,,51,51,1,12,4,120.690961,24.215294,2
8467,66000,387130000C,(04)23274275,(04)23288582,2025,11,21,17,30,臺中市,北屯區,0,0,0,7,,,50,,,,,,,,,,,,,,13,,,,,B03,,,1,,1,,,84,84,1,6,4,120.72149,24.182663,3
8468,66000,387130000C,(04)23274275,(04)23288582,2025,11,21,17,33,臺中市,西區,0,1,0,7,1,6,50,4,1,1,5,4,6,6,1,1,10,5,5,2,16,3,10,3,1,B03,7,5,1,8,1,5,,11,11,1,6,4,120.674271,24.148307,2
8469,66000,387130000C,(04)23274275,(04)23288582,2025,11,21,17,35,臺中市,西屯區,0,1,0,7,1,6,30,13,9,1,5,4,6,6,1,1,10,5,5,2,13,3,10,1,4,C03,7,9,1,8,1,11,,7,7,1,13,4,120.636875,24.186003,2
8470,66000,387130000C,(04)23274275,(04)23288582,2025,11,21,17,35,臺中市,沙鹿區,0,1,0,6,1,6,60,13,7,1,5,4,6,6,4,4,3,3,3,1,17,3,10,5,4,B03,7,9,1,8,2,1,,59,59,1,13,4,120.602257,24.24918,2
8471,66000,387130000C,(04)23274275,(04)23288582,2025,11,21,17,36,臺中市,西屯區,0,1,0,7,1,6,50,4,1,1,5,4,6,6,2,1,1,3,5,2,13,3,10,5,4,B03,7,9,1,10,2,1,,7,7,1,13,4,120.636779,24.171111,2
8472,66000,387130000C,(04)23274275,(04)23288582,2025,11,21,17,38,臺中市,大甲區,0,0,0,7,,,50,,,,,,,,,,,,,,14,,,,,B12,,,1,,1,,,49,49,1,6,4,120.654531,24.389249,3
8473,66000,387130000C,(04)23274275,(04)23288582,2025,11,21,17,40,臺中市,大里區,0,1,0,7,3,6,50,4,1,1,5,4,6,6,4,4,5,4,5,1,17,2,9,5,4,C03,7,9,1,9,2,14,,15,15,1,13,4,120.697149,24.101368,2
8474,66000,387130000C,(04)23274275,(04)23288582,2025,11,21,17,41,臺中市,南區,0,0,0,7,,,50,,,,,,,,,,,,,,12,,,,,B03,,,1,8,1,,,39,39,1,12,4,120.653779,24.118711,3
8475,66000,387130000C,(04)23274275,(04)23288582,2025,11,21,17,41,臺中市,北屯區,0,0,0,7,,,50,,,,,,,,,,,,,,12,,,,,B03,,,1,,1,,,40,40,1,6,4,120.677078,24.185883,3
8476,66000,387130000C,(04)23274275,(04)23288582,2025,11,21,17,41,臺中市,大里區,0,0,0,6,1,6,60,13,7,1,5,4,6,6,1,1,1,4,4,1,12,,,,,A05,,,1,,2,,,40,40,1,12,4,120.667659,24.104975,3
8477,66000,387130000C,(04)23274275,(04)23288582,2025,11,21,17,42,臺中市,東區,0,3,0,7,1,6,50,13,9,1,5,4,6,6,4,4,3,4,4,2,17,2,9,2,1,C03,7,9,1,10,2,11,,7,7,1,12,4,120.686979,24.130532,2
8478,66000,387130000C,(04)23274275,(04)23288582,2025,11,21,17,42,臺中市,龍井區,0,0,0,7,,,50,,,,,,,,,,,,,,14,,,,,B03,,,1,,1,,,78,78,1,6,4,120.573422,24.185409,3
8479,66000,387130000C,(04)23274275,(04)23288582,2025,11,21,17,43,臺中市,中區,0,2,0,7,1,6,50,4,1,1,5,4,6,6,1,1,10,5,5,2,16,2,7,1,1,C03,7,6,1,10,2,14,,48,48,1,13,4,120.684466,24.137462,2
8480,66000,387130000C,(04)23274275,(04)23288582,2025,11,21,17,45,臺中市,東區,0,0,0,7,,,50,,,,,,,,,,,,,,17,,,,,B03,,,1,,9,,,39,39,2,13,4,120.68269,24.135357,3
8481,66000,387130000C,(04)23274275,(04)23288582,2025,11,21,17,47,臺中市,大肚區,0,0,0,7,,,50,,,,,,,,,,,,,,,,,,,B11,,,1,,2,,,40,40,1,6,4,120.574373,24.11956,3
8482,66000,387130000C,(04)23274275,(04)23288582,2025,11,21,17,48,臺中市,北屯區,0,0,0,7,,,50,,,,,,,,,,,,,,,,,,,B03,,,1,,9,,,42,42,1,13,4,120.711197,24.172262,3
8483,66000,387130000C,(04)23274275,(04)23288582,2025,11,21,17,49,臺中市,西屯區,0,1,0,7,1,6,40,13,8,1,5,4,6,6,4,4,1,5,5,2,13,2,9,1,1,C03,7,9,1,10,2,11,,84,84,1,12,4,120.608479,24.184309,2
8484,66000,387130000C,(04)23274275,(04)23288582,2025,11,21,17,50,臺中市,南屯區,0,0,0,7,,,50,,,,,,,,,,,,,,,,,,,B03,,,1,,1,,,85,85,1,12,4,120.61809,24.139575,3
8485,66000,387130000C,(04)23274275,(04)23288582,2025,11,21,17,50,臺中市,西屯區,0,0,0,7,,,60,,,,,,,,,,,,,,13,,,,,B03,,,1,,2,,,8,8,1,13,4,120.653239,24.160673,3
8486,66000,387130000C,(04)23274275,(04)23288582,2025,11,21,17,51,臺中市,西區,0,0,0,7,,,50,,,,,,,,,,,,,,17,,,,,B03,,,1,,1,,,51,51,1,12,4,120.662224,24.158471,3
8487,66000,387130000C,(04)23274275,(04)23288582,2025,11,21,17,52,臺中市,大肚區,0,0,0,7,,,70,,,,,,,,,,,,,,,,,,,B03,,,1,,2,,,40,40,1,6,4,120.548499,24.142639,3
8488,66000,387130000C,(04)23274275,(04)23288582,2025,11,21,17,53,臺中市,北屯區,0,0,0,7,,,50,,,,,,,,,,,,,,12,,,,,B03,,,1,,1,,,40,40,1,12,4,120.702584,24.182288,3
8489,66000,387130000C,(04)23274275,(04)23288582,2025,11,21,17,55,臺中市,北屯區,0,1,0,7,1,6,50,4,1,1,5,4,6,6,2,1,10,5,5,2,16,3,10,1,1,C03,7,6,1,10,2,11,,11,11,1,12,4,120.690321,24.17685,2
8490,66000,387130000C,(04)23274275,(04)23288582,2025,11,21,17,55,臺中市,北屯區,0,1,0,7,2,6,50,13,9,1,5,4,6,6,4,4,9,5,5,2,12,2,9,5,4,C03,7,9,1,10,2,12,,7,7,1,13,4,120.701861,24.185707,2
8491,66000,387130000C,(04)23274275,(04)23288582,2025,11,21,17,55,臺中市,烏日區,0,2,0,7,2,6,50,3,1,1,5,4,6,6,4,4,10,5,5,2,16,3,10,3,1,B12,7,5,1,8,2,2,,14,14,1,6,4,120.62833,24.108868,2
8492,66000,387130000C,(04)23274275,(04)23288582,2025,11,21,17,56,臺中市,外埔區,0,1,0,7,1,6,50,13,8,1,5,4,6,6,4,4,10,4,4,1,12,3,10,3,1,B03,7,14,1,8,2,2,,76,76,1,6,4,120.635624,24.343857,2
8493,66000,387130000C,(04)23274275,(04)23288582,2025,11,21,17,57,臺中市,霧峰區,0,0,0,7,,,50,,,,,,,,,,,,,,,,,,,C03,,,1,,2,,,20,20,1,13,4,120.699401,24.068775,3
8494,66000,387130000C,(04)23274275,(04)23288582,2025,11,21,17,57,臺中市,大里區,0,0,0,7,,,50,,,,,,,,,,,,,,13,,,,,C03,,,1,,2,,,7,7,1,13,4,120.694066,24.107107,3
8495,66000,387130000C,(04)23274275,(04)23288582,2025,11,21,18,1,臺中市,北屯區,0,1,0,7,1,6,50,4,2,1,5,4,6,6,2,1,3,4,5,2,13,2,7,1,1,C03,7,9,1,10,2,14,,7,7,1,12,4,120.663845,24.185858,2
8496,66000,387130000C,(04)23274275,(04)23288582,2025,11,21,18,1,臺中市,大里區,0,0,0,6,,,50,,,,,,,,,,,,,,17,,,,,C03,,,1,,2,,,84,84,1,12,4,120.670325,24.107177,3
8497,66000,387130000C,(04)23274275,(04)23288582,2025,11,21,18,2,臺中市,潭子區,0,0,0,7,,3,80,,,,,,,,,,,,,,9,,,,,B03,,,1,,2,,,40,40,1,12,4,120.718084,24.197601,3
8498,66000,387130000C,(04)23274275,(04)23288582,2025,11,21,18,3,臺中市,北區,0,2,0,7,1,6,50,4,2,1,5,4,6,6,1,1,5,4,5,2,17,2,9,1,1,C03,7,9,1,10,2,14,,8,8,1,12,4,120.684947,24.165332,2
8499,66000,387130000C,(04)23274275,(04)23288582,2025,11,21,18,4,臺中市,清水區,0,0,0,7,,,50,,,,,,,,,,,,,,,,,,,B03,,,1,,1,,,34,34,1,12,4,120.566312,24.271579,3
8500,66000,387130000C,(04)23274275,(04)23288582,2025,11,21,18,5,臺中市,龍井區,0,1,0,7,1,6,30,3,1,1,5,4,6,6,4,4,10,5,5,2,17,3,10,1,1,C03,7,6,1,10,2,14,,20,20,1,6,4,120.579539,24.184017,2
8501,66000,387130000C,(04)23274275,(04)23288582,2025,11,21,18,8,臺中市,西屯區,0,1,0,7,1,6,50,4,1,1,5,4,6,6,1,1,3,2,3,2,12,3,10,3,1,B03,7,15,1,8,2,5,,84,84,1,12,4,120.627073,24.159661,2
8502,66000,387130000C,(04)23274275,(04)23288582,2025,11,21,18,11,臺中市,太平區,0,0,0,7,,,50,,,,,,,,,,,,,,17,,,,,C03,,,1,,2,,,84,84,1,12,4,120.733278,24.142199,3
8503,66000,387130000C,(04)23274275,(04)23288582,2025,11,21,18,13,臺中市,南區,0,0,0,7,,,50,,,,,,,,,,,,,,,,,,,B03,,,1,,1,,,84,84,1,12,4,120.677749,24.124265,3
8504,66000,387130000C,(04)23274275,(04)23288582,2025,11,21,18,13,臺中市,霧峰區,0,1,0,7,1,6,40,3,1,1,5,4,6,6,3,1,5,5,5,1,17,2,9,5,4,C03,7,9,1,10,2,16,,84,84,1,12,4,120.6642,24.079732,2
8505,66000,387130000C,(04)23274275,(04)23288582,2025,11,21,18,15,臺中市,東區,0,2,0,7,1,6,30,4,1,1,5,4,6,6,4,4,10,5,5,2,15,2,9,2,1,C03,7,9,1,10,2,11,,12,12,1,6,4,120.689163,24.13265,2
8506,66000,387130000C,(04)23274275,(04)23288582,2025,11,21,18,15,臺中市,西屯區,0,0,0,7,,,30,,,,,,,,,,,,,,16,,,,,B03,,,1,,1,,,51,51,1,13,4,120.649245,24.174781,3
8507,66000,387130000C,(04)23274275,(04)23288582,2025,11,21,18,15,臺中市,后里區,0,0,0,7,1,6,40,13,9,1,5,4,6,6,4,4,10,5,5,2,11,3,10,3,1,B03,7,9,1,8,2,7,,8,8,1,6,5,120.719787,24.307931,3
8508,66000,387130000C,(04)23274275,(04)23288582,2025,11,21,18,17,臺中市,沙鹿區,0,1,0,6,1,6,50,3,2,1,5,4,6,6,4,4,8,3,5,2,17,3,10,5,4,B03,7,2,1,8,2,3,,49,49,1,13,4,120.56717,24.224573,2
8509,66000,387130000C,(04)23274275,(04)23288582,2025,11,21,18,19,臺中市,北區,0,1,0,7,1,6,50,13,9,1,5,4,6,6,4,4,3,4,5,2,12,2,9,1,1,C03,7,9,3,19,2,11,,84,84,1,13,4,120.692035,24.160334,2
8510,66000,387130000C,(04)23274275,(04)23288582,2025,11,21,18,20,臺中市,太平區,0,0,0,7,,,50,,,,,,,,,,,,,,,,,,,B03,,,1,,2,,,50,50,1,13,4,120.717204,24.151692,3
8511,66000,387130000C,(04)23274275,(04)23288582,2025,11,21,18,22,臺中市,南屯區,0,0,0,7,,,50,,,,,,,,,,,,,,14,,,,,B12,,,1,,1,,,49,49,1,13,4,120.652744,24.152269,3
8512,66000,387130000C,(04)23274275,(04)23288582,2025,11,21,18,24,臺中市,北屯區,0,0,0,7,,,50,,,,,,,,,,,,,,,,,,,B03,,,1,,1,,,82,82,1,13,4,120.685477,24.171408,3
8513,66000,387130000C,(04)23274275,(04)23288582,2025,11,21,18,25,臺中市,北屯區,0,1,0,7,3,6,50,13,9,1,5,4,6,6,2,1,1,4,5,1,13,3,10,2,1,C03,7,9,1,10,3,11,,7,7,1,6,4,120.663763,24.20076,2
8514,66000,387130000C,(04)23274275,(04)23288582,2025,11,21,18,32,臺中市,中區,0,0,0,7,1,6,50,11,9,1,5,4,6,6,4,4,5,4,5,2,12,,,,,B03,,,1,,2,,,8,8,1,13,4,120.685801,24.13881,3
8515,66000,387130000C,(04)23274275,(04)23288582,2025,11,21,18,32,臺中市,大里區,0,0,0,6,1,3,80,13,7,1,5,4,6,6,4,4,,4,5,1,13,,,,,B03,,,1,,2,,,59,59,1,12,4,120.700316,24.118705,3
8516,66000,387130000C,(04)23274275,(04)23288582,2025,11,21,18,34,臺中市,霧峰區,0,2,0,7,3,6,40,13,9,1,5,4,6,6,4,4,9,5,5,1,3,2,9,6,5,H01,8,16,7,21,10,17,,95,95,1,13,5,120.703454,24.070783,2
8517,66000,387130000C,(04)23274275,(04)23288582,2025,11,21,18,39,臺中市,南屯區,0,2,0,7,1,6,50,13,9,1,5,4,6,6,4,4,5,5,5,2,17,2,9,1,1,C03,7,6,1,10,2,12,,39,39,1,12,4,120.612182,24.140181,2
8518,66000,387130000C,(04)23274275,(04)23288582,2025,11,21,18,40,臺中市,南屯區,0,0,0,7,,,50,,,,,,,,,,,,,,,,,,,B03,,,1,,1,,,7,7,1,6,4,120.585375,24.166733,3
8519,66000,387130000C,(04)23274275,(04)23288582,2025,11,21,18,40,臺中市,梧棲區,0,0,0,7,,,50,,,,,,,,,,,,,,11,,,,,B03,,,1,,2,,,8,8,1,12,4,120.54311,24.248309,3
8520,66000,387130000C,(04)23274275,(04)23288582,2025,11,21,18,41,臺中市,大里區,0,3,0,7,1,6,30,4,1,1,5,4,6,6,4,4,10,5,5,2,17,2,9,5,4,C03,7,9,1,10,2,12,,15,15,1,12,4,120.706374,24.088581,2
8521,66000,387130000C,(04)23274275,(04)23288582,2025,11,21,18,42,臺中市,梧棲區,0,1,0,7,1,6,50,13,9,1,5,4,6,6,4,4,9,4,5,1,17,2,9,1,1,C03,7,9,1,10,2,16,,59,59,1,12,4,120.542063,24.258848,2
8522,66000,387130000C,(04)23274275,(04)23288582,2025,11,21,18,43,臺中市,西屯區,0,0,0,7,,,50,,,,,,,,,,,,,,12,,,,,B03,,,1,,1,,,8,8,1,13,4,120.641279,24.170068,3
8523,66000,387130000C,(04)23274275,(04)23288582,2025,11,21,18,44,臺中市,西區,0,0,0,6,,,40,,,,,,,,,,,,,,,,,,,B03,,,1,,1,,,49,49,1,12,4,120.662421,24.135582,3
8524,66000,387130000C,(04)23274275,(04)23288582,2025,11,21,18,45,臺中市,北屯區,0,1,0,7,1,6,50,13,9,1,5,4,6,6,4,4,5,5,5,2,16,3,10,3,1,B03,7,6,1,8,1,8,,20,20,1,6,4,120.684814,24.19687,2