序號,縣市別代碼,機關代碼,市話,傳真,年,月,日,時,分,縣市,區,死亡數量,受傷數量,2-30,天候,道路照明設備,道路類別,道路速限,道路型態,事故位置,路面鋪裝,路面狀態,路面缺陷,障礙物,視距,號誌種類,號誌動作,分向設施,快車道或一般車道間,快慢車道間,路面邊線,事故類型及型態,受傷程度,主要傷處,保護裝備,行動電話或功能裝置,當事者區分(類別),車輛用途,當事者行動狀態,駕照狀態,駕照種類,飲酒情形,車輛撞擊部位最初,車輛撞擊部位其他,肇事因素個別,肇事因素主要,肇事逃逸,職業,共享經濟或外送平台,GPS座標X,GPS座標Y,事故類別
8525,66000,387130000C,(04)23274275,(04)23288582,2025,11,21,18,45,臺中市,北屯區,0,0,0,7,,,50,,,,,,,,,,,,,,9,,,,,B03,,,1,8,1,,,40,40,1,12,4,120.727886,24.163144,3
8526,66000,387130000C,(04)23274275,(04)23288582,2025,11,21,18,48,臺中市,南屯區,0,0,0,7,,,50,,,,,,,,,,,,,,17,,,,,B03,,,1,,2,,,59,59,1,13,4,120.650034,24.155453,3
8527,66000,387130000C,(04)23274275,(04)23288582,2025,11,21,18,50,臺中市,豐原區,0,0,0,7,,,50,,,,,,,,,,,,,,16,,,,,C03,,,1,,2,,,11,11,1,13,4,120.718649,24.253395,4
8528,66000,387130000C,(04)23274275,(04)23288582,2025,11,21,18,52,臺中市,北屯區,0,0,0,7,,,50,,,,,,,,,,,,,,13,,,,,B03,,,1,,2,,,7,7,1,6,4,120.680009,24.200821,4
8529,66000,387130000C,(04)23274275,(04)23288582,2025,11,21,18,54,臺中市,西區,0,2,0,7,1,6,50,4,1,1,5,4,6,6,1,1,5,4,4,2,16,2,9,1,1,C03,7,6,1,10,2,12,,11,11,1,13,4,120.66564,24.132193,2
8530,66000,387130000C,(04)23274275,(04)23288582,2025,11,21,18,54,臺中市,北區,0,1,0,7,1,6,50,4,2,1,5,4,6,6,2,1,10,4,5,2,13,2,9,1,1,C03,7,9,1,10,2,11,,7,7,1,12,4,120.682534,24.153401,2
8531,66000,387130000C,(04)23274275,(04)23288582,2025,11,21,18,54,臺中市,霧峰區,0,1,0,7,3,6,50,5,1,1,5,4,6,6,1,1,10,5,5,2,13,2,9,1,1,C03,7,9,1,10,2,11,,7,7,1,13,4,120.696574,24.054837,2
8532,66000,387130000C,(04)23274275,(04)23288582,2025,11,21,18,56,臺中市,大雅區,0,1,0,7,3,6,60,13,9,1,5,4,6,6,4,4,5,2,3,2,12,2,9,1,1,C04,7,8,1,10,2,14,,40,40,1,12,4,120.64463,24.227094,2
8533,66000,387130000C,(04)23274275,(04)23288582,2025,11,21,18,56,臺中市,西屯區,0,0,0,7,,,50,,,,,,,,,,,,,,12,,,,,C03,,,1,,1,,,40,40,1,13,4,120.651816,24.165933,3
8534,66000,387130000C,(04)23274275,(04)23288582,2025,11,21,18,57,臺中市,清水區,0,0,0,7,,,40,,,,,,,,,,,,,,,,,,,B03,,,1,,2,,,20,20,1,12,4,120.575799,24.278539,3
8535,66000,387130000C,(04)23274275,(04)23288582,2025,11,21,18,57,臺中市,清水區,0,0,0,7,,,50,,,,,,,,,,,,,,,,,,,C03,,,1,,2,,,84,84,1,12,4,120.575328,24.278867,3
8536,66000,387130000C,(04)23274275,(04)23288582,2025,11,21,19,0,臺中市,西區,0,2,0,7,1,6,50,4,2,1,5,4,6,6,1,1,5,4,5,2,12,2,7,1,1,C03,7,9,1,10,1,12,,84,84,1,13,4,120.661678,24.141244,2
8537,66000,387130000C,(04)23274275,(04)23288582,2025,11,21,19,2,臺中市,西屯區,0,1,0,7,1,6,50,4,1,1,5,4,6,6,2,1,10,5,5,2,13,3,10,3,1,B03,7,9,1,10,2,1,,7,7,1,12,4,120.636539,24.170893,2
8538,66000,387130000C,(04)23274275,(04)23288582,2025,11,21,19,3,臺中市,西屯區,0,0,0,7,,,40,,,,,,,,,,,,,,14,,,,,B03,,,1,,1,,,49,49,1,13,4,120.644389,24.182186,3
8539,66000,387130000C,(04)23274275,(04)23288582,2025,11,21,19,8,臺中市,南區,0,1,0,7,1,6,50,4,1,1,5,4,6,6,1,1,9,5,4,2,17,3,10,3,1,B03,7,11,1,8,2,1,,45,45,1,12,4,120.666638,24.117648,2
8540,66000,387130000C,(04)23274275,(04)23288582,2025,11,21,19,11,臺中市,南屯區,0,0,0,7,,,50,,,,,,,,,,,,,,,,,,,B02,,,1,,1,,,84,84,1,12,4,120.646691,24.138004,3
8541,66000,387130000C,(04)23274275,(04)23288582,2025,11,21,19,15,臺中市,東區,0,1,0,7,2,6,50,13,7,1,5,4,6,6,4,4,5,4,4,2,13,2,9,2,1,C03,7,9,3,19,2,11,,84,84,1,12,4,120.707168,24.14863,2
8542,66000,387130000C,(04)23274275,(04)23288582,2025,11,21,19,15,臺中市,后里區,0,0,0,7,2,6,50,13,7,1,5,4,6,6,4,4,3,4,4,2,12,,,,,B03,,,1,,2,,,20,20,1,6,4,120.72308,24.286965,3
8543,66000,387130000C,(04)23274275,(04)23288582,2025,11,21,19,16,臺中市,東區,0,0,0,7,,,50,,,,,,,,,,,,,,14,,,,,B03,,,1,,1,,,49,49,1,13,4,120.70288,24.133355,3
8544,66000,387130000C,(04)23274275,(04)23288582,2025,11,21,19,20,臺中市,潭子區,0,2,0,7,1,6,50,13,9,1,5,4,6,6,4,4,9,5,5,1,17,3,10,2,1,C03,7,1,1,10,2,11,,51,51,1,13,4,120.698284,24.194494,2
8545,66000,387130000C,(04)23274275,(04)23288582,2025,11,21,19,20,臺中市,西屯區,0,0,0,7,,,50,,,,,,,,,,,,,,17,,,,,C03,,,1,,2,,,87,87,1,12,4,120.662138,24.165401,3
8546,66000,387130000C,(04)23274275,(04)23288582,2025,11,21,19,22,臺中市,沙鹿區,0,3,0,6,1,6,40,13,8,1,5,4,6,6,4,4,10,5,5,2,17,3,10,6,1,F01,7,5,7,21,2,13,,85,85,1,2,4,120.565577,24.233138,2
8547,66000,387130000C,(04)23274275,(04)23288582,2025,11,21,19,35,臺中市,北區,0,0,0,7,,,,,,,,,,,,,,,,,,,,,,,,,,,,,,119,119,1,,,120.682254,24.166445,3
8548,66000,387130000C,(04)23274275,(04)23288582,2025,11,21,19,37,臺中市,太平區,0,2,0,7,1,6,50,4,1,1,5,4,6,6,1,1,5,5,4,1,16,2,9,2,1,C03,7,6,1,10,2,11,,11,11,1,6,4,120.722352,24.157505,2
8549,66000,387130000C,(04)23274275,(04)23288582,2025,11,21,19,40,臺中市,西區,0,1,0,7,1,6,50,4,1,1,5,4,6,6,4,4,10,5,5,2,13,2,8,2,1,C03,7,9,1,10,1,11,,7,7,1,12,4,120.662419,24.146503,2
8550,66000,387130000C,(04)23274275,(04)23288582,2025,11,21,19,41,臺中市,北區,0,0,0,7,,,30,,,,,,,,,,,,,,,,,,,C04,,,1,,9,,,14,14,1,12,4,120.688496,24.158586,3
8551,66000,387130000C,(04)23274275,(04)23288582,2025,11,21,19,41,臺中市,烏日區,0,0,0,7,,3,80,,,,,,,,,,,,,,,,,,,B03,,,1,,1,,,7,7,1,13,4,120.614518,24.105045,3
8552,66000,387130000C,(04)23274275,(04)23288582,2025,11,21,19,42,臺中市,烏日區,0,0,0,7,,,50,,,,,,,,,,,,,,,,,,,C03,,,1,,1,,,48,48,1,13,4,120.607517,24.111886,3
8553,66000,387130000C,(04)23274275,(04)23288582,2025,11,21,19,54,臺中市,大里區,0,1,0,7,1,6,50,3,2,1,5,4,6,6,4,4,5,5,5,2,16,3,10,5,4,C03,7,1,1,10,2,13,,51,51,1,12,4,120.699758,24.105524,2
8554,66000,387130000C,(04)23274275,(04)23288582,2025,11,21,19,57,臺中市,西區,0,0,0,6,,,50,,,,,,,,,,,,,,,,,,,B03,,,1,,1,,,7,7,1,12,4,120.66101,24.1468,3
8555,66000,387130000C,(04)23274275,(04)23288582,2025,11,21,19,57,臺中市,南屯區,0,1,0,7,1,6,50,13,9,1,5,4,6,6,4,4,9,5,5,2,17,3,10,3,1,B03,7,5,1,8,2,5,,84,84,1,12,4,120.643433,24.133998,2
8556,66000,387130000C,(04)23274275,(04)23288582,2025,11,21,19,58,臺中市,西區,0,0,0,7,,,50,,,,,,,,,,,,,,,,,,,B03,,,1,8,1,,,84,84,1,13,4,120.675855,24.133176,3
8557,66000,387130000C,(04)23274275,(04)23288582,2025,11,21,20,0,臺中市,大雅區,0,1,0,7,3,6,50,13,9,1,5,4,6,6,4,4,5,5,5,1,9,3,10,5,4,B03,7,14,1,8,2,2,,87,87,1,12,4,120.648113,24.221878,2
8558,66000,387130000C,(04)23274275,(04)23288582,2025,11,21,20,6,臺中市,烏日區,0,2,0,7,1,6,50,3,1,1,5,4,6,6,3,1,10,5,5,2,17,3,10,5,4,B03,7,6,1,8,2,8,,84,84,1,12,4,120.636689,24.11082,2
8559,66000,387130000C,(04)23274275,(04)23288582,2025,11,21,20,14,臺中市,南屯區,0,1,0,7,1,6,50,13,8,1,5,4,6,6,1,1,1,2,1,2,12,3,10,1,1,C03,7,9,1,10,2,12,,7,7,1,12,4,120.623175,24.15007,2
8560,66000,387130000C,(04)23274275,(04)23288582,2025,11,21,20,15,臺中市,西區,0,1,0,7,1,6,50,4,2,1,5,4,6,6,1,1,1,4,4,2,12,3,10,3,1,B03,7,5,1,8,9,6,,85,85,1,13,4,120.657193,24.146784,2
8561,66000,387130000C,(04)23274275,(04)23288582,2025,11,21,20,17,臺中市,南區,0,0,0,7,,,50,,,,,,,,,,,,,,17,,,,,B03,,,1,,2,,,50,50,1,12,4,120.656093,24.116046,3
8562,66000,387130000C,(04)23274275,(04)23288582,2025,11,21,20,19,臺中市,太平區,0,2,0,7,2,6,50,13,8,1,5,4,6,6,4,4,9,5,5,2,17,2,9,2,1,C03,7,9,1,10,2,12,,84,84,1,12,4,120.701888,24.154529,2
8563,66000,387130000C,(04)23274275,(04)23288582,2025,11,21,20,25,臺中市,烏日區,0,2,0,7,1,6,50,4,1,1,5,4,6,6,1,1,10,5,5,2,17,2,9,5,4,C03,7,6,1,10,2,14,,48,48,1,12,4,120.642381,24.069588,2
8564,66000,387130000C,(04)23274275,(04)23288582,2025,11,21,20,25,臺中市,和平區,0,0,0,7,1,6,50,13,9,1,5,4,6,6,4,4,10,5,5,2,14,3,10,5,4,B03,7,2,1,8,2,3,,50,50,1,13,4,121.010795,24.204169,3
8565,66000,387130000C,(04)23274275,(04)23288582,2025,11,21,20,28,臺中市,南區,0,0,0,7,,,50,,,,,,,,,,,,,,17,,,,,B03,,,1,,2,,,49,49,1,13,4,120.675289,24.125755,4
8566,66000,387130000C,(04)23274275,(04)23288582,2025,11,21,20,33,臺中市,西屯區,0,1,0,7,1,6,50,4,1,1,5,4,6,6,4,4,10,5,5,2,13,3,10,5,4,B03,7,9,1,8,2,1,,7,7,1,13,4,120.645345,24.176569,2
8567,66000,387130000C,(04)23274275,(04)23288582,2025,11,21,20,34,臺中市,霧峰區,0,0,0,7,,,30,,,,,,,,,,,,,,11,,,,,C03,,,1,,2,,,84,84,1,12,4,120.708826,24.074584,3
8568,66000,387130000C,(04)23274275,(04)23288582,2025,11,21,20,35,臺中市,南屯區,0,0,0,7,,,50,,,,,,,,,,,,,,,,,,,B03,,,1,,11,,,50,50,1,12,4,120.639944,24.147713,3
8569,66000,387130000C,(04)23274275,(04)23288582,2025,11,21,20,35,臺中市,北屯區,0,0,0,7,,,50,,,,,,,,,,,,,,16,,,,,B03,,,1,,1,,,11,11,1,12,4,120.705681,24.164804,3
8570,66000,387130000C,(04)23274275,(04)23288582,2025,11,21,20,37,臺中市,西區,0,0,0,7,,,50,,,,,,,,,,,,,,12,,,,,B02,,,1,,1,,,40,40,1,12,4,120.657284,24.140984,3
8571,66000,387130000C,(04)23274275,(04)23288582,2025,11,21,20,47,臺中市,太平區,0,1,0,7,1,6,50,4,1,1,5,4,6,6,1,1,5,5,4,1,13,3,10,3,1,B03,7,9,1,8,2,1,,7,7,1,12,4,120.718064,24.149025,2
8572,66000,387130000C,(04)23274275,(04)23288582,2025,11,21,20,52,臺中市,南屯區,0,1,0,7,1,6,50,13,7,1,5,4,6,6,4,4,9,4,4,2,17,3,10,3,1,B03,7,11,1,10,2,8,,42,42,1,6,4,120.615956,24.150382,2
8573,66000,387130000C,(04)23274275,(04)23288582,2025,11,21,20,55,臺中市,東區,0,0,0,7,,,50,,,,,,,,,,,,,,17,,,,,B03,,,1,,1,,,76,76,1,13,4,120.687348,24.136903,3
8574,66000,387130000C,(04)23274275,(04)23288582,2025,11,21,21,7,臺中市,太平區,0,2,0,7,1,6,50,3,1,1,5,4,6,6,4,4,10,5,5,2,16,2,9,1,1,C03,7,11,1,10,2,11,,45,45,1,12,4,120.716149,24.127575,2
8575,66000,387130000C,(04)23274275,(04)23288582,2025,11,21,21,25,臺中市,神岡區,0,1,0,7,1,6,50,13,9,1,5,4,6,6,4,4,1,4,5,2,17,2,9,2,1,C03,7,12,1,10,2,14,,59,59,1,6,4,120.696424,24.248539,2
8576,66000,387130000C,(04)23274275,(04)23288582,2025,11,21,21,30,臺中市,西區,0,0,0,7,,,30,,,,,,,,,,,,,,,,,,,B03,,,1,,2,,,49,49,1,6,4,120.657732,24.157389,3
8577,66000,387130000C,(04)23274275,(04)23288582,2025,11,21,21,30,臺中市,西區,0,1,0,6,2,6,50,4,1,1,5,4,6,6,1,1,10,5,5,2,17,2,9,1,1,C03,7,15,1,10,2,12,,84,84,1,13,4,120.675402,24.133582,2
8578,66000,387130000C,(04)23274275,(04)23288582,2025,11,21,21,32,臺中市,南屯區,0,0,0,7,,,50,,,,,,,,,,,,,,17,,,,,B03,,,1,,1,,,8,8,1,6,4,120.637064,24.15207,3
8579,66000,387130000C,(04)23274275,(04)23288582,2025,11,21,21,37,臺中市,大里區,0,0,0,7,,,50,,,,,,,,,,,,,,,,,,,B03,,,1,,2,,,51,51,1,13,4,120.699557,24.082427,3
8580,66000,387130000C,(04)23274275,(04)23288582,2025,11,21,21,39,臺中市,北區,0,1,0,7,1,6,50,4,1,1,5,4,6,6,1,1,5,5,4,2,17,3,10,1,1,C03,7,6,1,10,2,15,,11,11,1,12,4,120.684463,24.147927,2
8581,66000,387130000C,(04)23274275,(04)23288582,2025,11,21,21,40,臺中市,東區,0,0,0,7,,,50,,,,,,,,,,,,,,,,,,,B03,,,1,,2,,,87,87,1,12,4,120.691115,24.144361,3
8582,66000,387130000C,(04)23274275,(04)23288582,2025,11,21,21,41,臺中市,北屯區,0,0,0,7,,,50,,,,,,,,,,,,,,12,,,,,B03,,,1,,1,,,35,35,1,12,4,120.694154,24.164715,3
8583,66000,387130000C,(04)23274275,(04)23288582,2025,11,21,21,42,臺中市,北區,0,0,0,7,,,50,,,,,,,,,,,,,,12,,,,,B03,,,1,,1,,,84,84,1,13,4,120.676769,24.155374,3
8584,66000,387130000C,(04)23274275,(04)23288582,2025,11,21,21,42,臺中市,沙鹿區,0,2,0,6,1,6,50,3,2,1,5,4,6,6,4,4,8,3,5,1,17,2,9,5,4,C03,7,6,1,10,2,14,,14,14,1,13,4,120.579226,24.219841,2
8585,66000,387130000C,(04)23274275,(04)23288582,2025,11,21,21,54,臺中市,北屯區,0,1,0,7,1,6,50,3,1,1,5,4,6,6,2,1,5,2,5,2,13,2,9,1,1,C03,7,9,1,10,2,11,,7,7,1,12,4,120.716467,24.175162,2
8586,66000,387130000C,(04)23274275,(04)23288582,2025,11,21,22,0,臺中市,太平區,0,0,0,7,1,6,50,5,2,1,5,4,6,6,1,1,5,2,4,1,12,3,10,1,1,C03,7,9,1,10,9,11,,84,84,2,12,4,120.730058,24.109646,3
8587,66000,387130000C,(04)23274275,(04)23288582,2025,11,21,22,1,臺中市,北區,0,2,0,7,1,6,50,13,9,1,5,4,6,6,4,4,8,5,5,2,9,2,9,2,1,C03,7,9,1,10,2,12,,84,84,1,13,4,120.676567,24.160407,2
8588,66000,387130000C,(04)23274275,(04)23288582,2025,11,21,22,2,臺中市,西屯區,0,0,0,7,,,50,,,,,,,,,,,,,,,,,,,B03,,,1,,1,,,59,59,1,12,4,120.645243,24.177092,3
8589,66000,387130000C,(04)23274275,(04)23288582,2025,11,21,22,10,臺中市,大雅區,0,0,0,7,,,0,,,,,,,,,,,,,,,,,,,F01,,,1,,2,,,84,84,1,12,4,120.644455,24.206066,3
8590,66000,387130000C,(04)23274275,(04)23288582,2025,11,21,22,14,臺中市,北屯區,0,0,0,7,,,50,,,,,,,,,,,,,,12,,,,,B03,,,1,,1,,,87,87,1,6,4,120.685353,24.168095,3
8591,66000,387130000C,(04)23274275,(04)23288582,2025,11,21,22,15,臺中市,北區,0,1,0,7,1,6,50,4,9,1,5,4,6,6,2,1,3,4,4,2,12,3,10,3,1,B03,7,7,1,8,2,2,,84,84,1,13,4,120.677085,24.163329,2
8592,66000,387130000C,(04)23274275,(04)23288582,2025,11,21,22,18,臺中市,北區,0,2,0,7,1,6,50,13,9,1,5,4,6,6,4,4,1,3,5,2,9,2,9,2,1,C03,7,9,1,10,2,11,,7,7,1,13,4,120.685204,24.156385,2
8593,66000,387130000C,(04)23274275,(04)23288582,2025,11,21,22,26,臺中市,大里區,0,0,0,6,1,6,50,4,2,1,5,4,6,6,1,1,10,5,5,2,14,,,,,B03,,,1,,2,,,59,59,1,12,4,120.674747,24.097706,3
8594,66000,387130000C,(04)23274275,(04)23288582,2025,11,21,22,30,臺中市,大雅區,0,1,0,7,1,6,60,13,8,1,5,4,6,6,4,4,1,3,4,1,17,3,10,5,4,B03,7,7,1,8,2,6,,40,40,1,13,4,120.645858,24.223977,2
8595,66000,387130000C,(04)23274275,(04)23288582,2025,11,21,22,35,臺中市,豐原區,0,0,0,7,,,40,,,,,,,,,,,,,,,,,,,B03,,,1,,2,,,49,49,1,12,4,120.734863,24.246815,3
8596,66000,387130000C,(04)23274275,(04)23288582,2025,11,21,22,36,臺中市,西屯區,0,2,0,7,1,6,50,4,1,1,5,4,6,6,1,1,10,5,5,2,17,2,9,1,4,C03,7,6,1,10,1,13,,48,48,1,13,4,120.648373,24.167797,2
8597,66000,387130000C,(04)23274275,(04)23288582,2025,11,21,22,38,臺中市,南區,0,0,0,7,,,1,,,,,,,,,,,,,,30,,,,,B02,,,1,,2,,,84,84,1,12,4,120.707974,24.134947,3
8598,66000,387130000C,(04)23274275,(04)23288582,2025,11,21,22,38,臺中市,東區,0,1,0,7,1,6,50,4,1,1,5,4,6,6,2,1,10,5,5,2,16,3,10,3,1,B03,7,5,1,8,2,5,,47,47,1,6,4,120.699571,24.144797,2
8599,66000,387130000C,(04)23274275,(04)23288582,2025,11,21,22,45,臺中市,烏日區,0,2,0,7,2,6,40,4,1,1,5,4,6,6,1,1,5,4,4,2,13,2,9,1,1,C03,7,9,1,10,2,11,,7,7,1,6,4,120.640321,24.116752,2
8600,66000,387130000C,(04)23274275,(04)23288582,2025,11,21,22,53,臺中市,北屯區,0,1,0,7,1,6,50,4,2,1,5,4,6,6,1,1,5,5,5,2,18,2,9,1,1,C03,7,9,1,10,3,12,,53,53,1,6,4,120.683824,24.177799,2
8601,66000,387130000C,(04)23274275,(04)23288582,2025,11,21,22,55,臺中市,烏日區,0,0,0,7,,,50,,,,,,,,,,,,,,9,,,,,B03,,,1,,2,,,50,50,1,6,4,120.644099,24.08616,3
8602,66000,387130000C,(04)23274275,(04)23288582,2025,11,21,23,4,臺中市,大里區,0,1,0,7,1,6,50,3,9,1,5,4,6,6,4,4,5,5,5,1,18,2,9,1,1,C03,7,9,1,10,2,14,,94,94,1,5,4,120.704641,24.08789,2
8603,66000,387130000C,(04)23274275,(04)23288582,2025,11,21,23,7,臺中市,南屯區,0,2,0,7,1,6,50,4,1,1,5,4,6,6,2,1,1,4,1,2,16,3,10,3,1,B03,7,9,1,8,2,5,,25,25,1,12,4,120.622991,24.14512,2
8604,66000,387130000C,(04)23274275,(04)23288582,2025,11,21,23,34,臺中市,東勢區,0,2,0,7,1,6,60,11,9,1,5,4,6,6,4,4,9,4,5,1,13,2,9,5,4,C01,7,7,1,9,2,11,,7,7,1,12,4,120.799992,24.291624,2
8605,66000,387130000C,(04)23274275,(04)23288582,2025,11,21,23,35,臺中市,大雅區,0,3,0,7,1,6,50,13,9,1,5,4,6,6,4,4,5,5,5,1,17,2,9,1,4,C03,7,15,1,10,2,13,,34,34,1,12,4,120.655265,24.228139,2
8606,66000,387130000C,(04)23274275,(04)23288582,2025,11,21,23,40,臺中市,西區,0,0,0,7,,,50,,,,,,,,,,,,,,9,,,,,B03,,,1,,2,,,84,84,1,12,4,120.658881,24.147635,3
8607,66000,387130000C,(04)23274275,(04)23288582,2025,11,21,23,50,臺中市,北屯區,0,1,0,7,1,6,50,13,7,1,5,4,1,6,4,4,1,4,4,2,29,2,9,1,1,C03,7,9,1,10,2,11,,84,84,1,5,4,120.718047,24.163641,2
8608,66000,387130000C,(04)23274275,(04)23288582,2025,11,21,23,50,臺中市,大里區,0,1,0,7,1,6,40,13,9,1,5,4,6,6,4,4,5,4,4,1,12,2,9,1,1,F02,7,9,7,21,2,12,14,8,8,1,6,4,120.664092,24.088818,2
8609,66000,387130000C,(04)23274275,(04)23288582,2025,11,22,0,14,臺中市,霧峰區,0,0,0,7,,,50,,,,,,,,,,,,,,,,,,,,,,,,,,,118,118,1,,,120.706366,24.074893,3
8610,66000,387130000C,(04)23274275,(04)23288582,2025,11,22,0,17,臺中市,西屯區,0,0,0,7,,,50,,,,,,,,,,,,,,,,,,,C03,,,1,,1,,,59,59,1,12,4,120.643233,24.170249,3
8611,66000,387130000C,(04)23274275,(04)23288582,2025,11,22,0,19,臺中市,南屯區,0,3,0,7,1,6,50,4,1,1,5,4,6,6,2,1,10,5,5,2,13,2,9,2,4,C03,7,9,1,9,2,11,,59,59,1,6,4,120.648143,24.123398,2
8612,66000,387130000C,(04)23274275,(04)23288582,2025,11,22,0,48,臺中市,西區,0,1,0,7,1,6,50,13,9,1,5,4,6,6,4,4,10,5,5,2,9,3,10,1,1,C03,7,9,3,19,11,12,,84,84,2,13,4,120.675083,24.15097,2
8613,66000,387130000C,(04)23274275,(04)23288582,2025,11,22,1,13,臺中市,西區,0,1,0,7,1,6,50,4,1,1,5,4,6,6,2,1,1,4,1,2,12,3,10,3,1,B01,7,5,1,4,2,2,,47,47,1,12,4,120.662467,24.155423,2
8614,66000,387130000C,(04)23274275,(04)23288582,2025,11,22,1,15,臺中市,大雅區,0,0,0,7,,,70,,,,,,,,,,,,,,,,,,,B03,,,1,,5,,,7,7,1,13,4,120.641452,24.229865,3
8615,66000,387130000C,(04)23274275,(04)23288582,2025,11,22,1,15,臺中市,太平區,0,2,0,7,1,6,50,4,2,1,5,4,6,6,2,1,5,5,5,1,16,2,9,1,1,C03,7,11,1,10,2,11,,11,11,1,12,4,120.733341,24.142727,2
8616,66000,387130000C,(04)23274275,(04)23288582,2025,11,22,1,16,臺中市,東區,0,0,0,7,,,50,,,,,,,,,,,,,,16,,,,,B03,,,1,,1,,,11,11,1,13,4,120.700103,24.138881,3
8617,66000,387130000C,(04)23274275,(04)23288582,2025,11,22,1,34,臺中市,沙鹿區,0,0,0,6,,,30,,,,,,,,,,,,,,,,,,,C03,,,1,,2,,,14,14,1,13,4,120.588386,24.194226,3
8618,66000,387130000C,(04)23274275,(04)23288582,2025,11,22,1,38,臺中市,霧峰區,0,2,0,7,1,6,40,4,1,1,5,4,6,6,1,1,5,5,5,1,13,2,8,1,1,C03,7,9,1,10,2,11,,39,39,1,5,4,120.690692,24.048638,2
8619,66000,387130000C,(04)23274275,(04)23288582,2025,11,22,3,1,臺中市,神岡區,0,0,0,7,,,50,,,,,,,,,,,,,,17,,,,,B03,,,1,,11,,,57,57,1,12,4,120.696784,24.255238,3
8620,66000,387130000C,(04)23274275,(04)23288582,2025,11,22,3,24,臺中市,大里區,0,0,0,7,,,50,,,,,,,,,,,,,,12,,,,,F01,,,7,,2,,,8,8,1,6,4,120.700139,24.109469,3
8621,66000,387130000C,(04)23274275,(04)23288582,2025,11,22,4,19,臺中市,北區,0,0,0,7,,,50,,,,,,,,,,,,,,12,,,,,B01,,,1,,1,,,84,84,1,13,4,120.683437,24.15371,3
8622,66000,387130000C,(04)23274275,(04)23288582,2025,11,22,4,47,臺中市,太平區,0,1,0,7,1,6,50,3,1,1,5,4,1,6,2,1,10,5,5,2,29,2,9,1,1,C03,7,9,1,10,2,11,,84,84,1,12,4,120.706932,24.159234,2
8623,66000,387130000C,(04)23274275,(04)23288582,2025,11,22,5,20,臺中市,西區,0,0,0,7,1,6,50,11,21,1,5,4,6,6,4,4,5,4,4,,26,3,10,5,1,B03,7,9,1,8,7,8,,53,53,1,6,4,120.668112,24.145472,3
8624,66000,387130000C,(04)23274275,(04)23288582,2025,11,22,5,38,臺中市,東區,0,0,0,7,,,50,,,,,,,,,,,,,,12,,,,,B03,,,1,,1,,,84,84,1,12,4,120.69415,24.134753,3
8625,66000,387130000C,(04)23274275,(04)23288582,2025,11,22,5,44,臺中市,西屯區,0,2,0,7,1,6,50,3,1,1,5,4,6,6,4,4,10,5,5,2,3,2,9,1,1,C03,7,9,1,10,2,11,,10,10,1,13,4,120.614966,24.182126,2
8626,66000,387130000C,(04)23274275,(04)23288582,2025,11,22,6,14,臺中市,大里區,0,0,0,7,,,50,,,,,,,,,,,,,,,,,,,A11,,,1,,9,,,51,51,1,12,4,120.688371,24.120179,3
8627,66000,387130000C,(04)23274275,(04)23288582,2025,11,22,6,20,臺中市,太平區,0,0,0,7,,,30,,,,,,,,,,,,,,,,,,,C03,,,1,,2,,,8,8,1,12,4,120.726887,24.110587,3
8628,66000,387130000C,(04)23274275,(04)23288582,2025,11,22,6,27,臺中市,大肚區,0,1,0,7,3,6,40,11,8,1,5,4,6,6,4,4,1,5,5,1,23,2,9,2,1,C03,7,9,1,10,2,14,,6,6,1,6,4,120.581442,24.116768,2
8629,66000,387130000C,(04)23274275,(04)23288582,2025,11,22,6,37,臺中市,霧峰區,0,0,0,7,,,40,,,,,,,,,,,,,,,,,,,B03,,,1,,2,,,11,11,1,6,4,120.709225,24.080716,3
8630,66000,387130000C,(04)23274275,(04)23288582,2025,11,22,6,46,臺中市,大雅區,0,1,0,7,3,6,30,13,9,1,5,4,6,6,4,4,10,5,5,1,17,2,9,1,1,C03,7,9,1,10,2,11,,83,83,1,12,4,120.638178,24.206223,2
8631,66000,387130000C,(04)23274275,(04)23288582,2025,11,22,6,59,臺中市,太平區,0,2,0,7,2,6,50,13,9,1,5,4,6,6,2,1,10,5,5,2,13,2,7,1,1,F03,7,9,7,21,2,11,,7,7,1,12,4,120.721002,24.113852,2
8632,66000,387130000C,(04)23274275,(04)23288582,2025,11,22,7,1,臺中市,烏日區,0,0,0,7,,,50,,,,,,,,,,,,,,17,,,,,B01,,,1,,2,,,40,40,1,6,4,120.61553,24.11295,3
8633,66000,387130000C,(04)23274275,(04)23288582,2025,11,22,7,5,臺中市,大甲區,0,0,0,7,,,50,,,,,,,,,,,,,,,,,,,B03,,,1,,2,,,49,49,1,6,4,120.626225,24.349472,3
8634,66000,387130000C,(04)23274275,(04)23288582,2025,11,22,7,7,臺中市,沙鹿區,0,2,0,7,2,6,50,3,1,1,5,4,6,6,4,4,5,5,5,2,17,2,9,1,1,C03,7,6,3,19,2,14,,12,12,1,13,4,120.560006,24.238967,2
8635,66000,387130000C,(04)23274275,(04)23288582,2025,11,22,7,17,臺中市,太平區,0,1,0,7,2,6,50,3,1,1,5,4,6,6,1,1,10,5,5,2,16,3,10,3,4,B03,7,7,1,8,1,6,,40,40,1,13,4,120.710306,24.159101,2
8636,66000,387130000C,(04)23274275,(04)23288582,2025,11,22,7,26,臺中市,南區,0,0,0,7,,,50,,,,,,,,,,,,,,17,,,,,B12,,,1,,1,,,7,7,1,6,4,120.680492,24.127964,3