序號,縣市別代碼,機關代碼,市話,傳真,年,月,日,時,分,縣市,區,死亡數量,受傷數量,2-30,天候,道路照明設備,道路類別,道路速限,道路型態,事故位置,路面鋪裝,路面狀態,路面缺陷,障礙物,視距,號誌種類,號誌動作,分向設施,快車道或一般車道間,快慢車道間,路面邊線,事故類型及型態,受傷程度,主要傷處,保護裝備,行動電話或功能裝置,當事者區分(類別),車輛用途,當事者行動狀態,駕照狀態,駕照種類,飲酒情形,車輛撞擊部位最初,車輛撞擊部位其他,肇事因素個別,肇事因素主要,肇事逃逸,職業,共享經濟或外送平台,GPS座標X,GPS座標Y,事故類別
8637,66000,387130000C,(04)23274275,(04)23288582,2025,11,22,7,27,臺中市,北區,0,1,0,7,2,6,50,5,1,1,5,4,6,6,1,1,10,5,5,2,16,3,10,3,1,B03,7,5,1,8,2,4,,8,8,1,13,4,120.686083,24.154785,2
8638,66000,387130000C,(04)23274275,(04)23288582,2025,11,22,7,27,臺中市,烏日區,0,1,0,7,2,6,30,13,9,1,5,4,6,6,4,4,10,5,5,2,27,2,9,2,1,C03,7,9,1,10,2,11,,58,58,1,6,4,120.605727,24.118468,2
8639,66000,387130000C,(04)23274275,(04)23288582,2025,11,22,7,31,臺中市,梧棲區,0,0,0,7,,,50,,,,,,,,,,,,,,14,,,,,B12,,,1,,1,,,49,49,1,6,4,120.546405,24.254735,4
8640,66000,387130000C,(04)23274275,(04)23288582,2025,11,22,7,33,臺中市,清水區,0,0,0,7,,3,90,,,,,,,,,,,,,,,,,,,A11,,,1,,11,,,68,68,1,13,4,120.553571,24.298883,3
8641,66000,387130000C,(04)23274275,(04)23288582,2025,11,22,7,36,臺中市,大甲區,0,2,0,7,3,6,50,13,9,1,5,4,6,6,4,4,9,5,5,1,17,2,9,1,1,C03,7,1,3,19,2,11,,51,51,1,6,4,120.626585,24.346872,2
8642,66000,387130000C,(04)23274275,(04)23288582,2025,11,22,7,41,臺中市,后里區,0,1,0,7,2,6,50,3,1,1,5,4,6,6,1,1,1,2,5,1,15,2,8,1,1,C03,7,9,1,10,2,12,,21,21,1,12,4,120.722628,24.284464,2
8643,66000,387130000C,(04)23274275,(04)23288582,2025,11,22,7,43,臺中市,沙鹿區,0,0,0,7,,,40,,,,,,,,,,,,,,,,,,,B03,,,1,,1,,,50,50,1,12,4,120.566567,24.243409,3
8644,66000,387130000C,(04)23274275,(04)23288582,2025,11,22,7,47,臺中市,北區,0,1,0,7,2,6,50,4,1,1,5,4,6,6,1,1,5,5,5,2,12,3,10,1,1,C03,7,6,1,10,2,13,,8,8,1,12,4,120.692035,24.160334,2
8645,66000,387130000C,(04)23274275,(04)23288582,2025,11,22,7,50,臺中市,豐原區,0,2,0,7,2,6,50,13,9,1,5,4,6,6,4,4,9,5,5,1,17,2,9,2,1,C03,7,11,1,10,2,14,,84,84,1,13,4,120.73103,24.249442,2
8646,66000,387130000C,(04)23274275,(04)23288582,2025,11,22,7,51,臺中市,北屯區,0,0,0,7,,,50,,,,,,,,,,,,,,13,,,,,C03,,,1,,1,,,7,7,1,12,4,120.66968,24.177502,3
8647,66000,387130000C,(04)23274275,(04)23288582,2025,11,22,7,59,臺中市,南屯區,0,2,0,7,3,6,50,13,9,1,5,4,6,6,1,1,1,4,5,2,13,2,9,2,1,C03,7,9,1,10,2,11,,7,7,1,13,4,120.646622,24.149256,2
8648,66000,387130000C,(04)23274275,(04)23288582,2025,11,22,7,59,臺中市,太平區,0,0,0,7,1,6,50,13,9,1,5,4,1,6,2,1,10,5,5,2,21,,,,,A05,,,1,,2,,,84,84,1,12,4,120.707407,24.159415,3
8649,66000,387130000C,(04)23274275,(04)23288582,2025,11,22,8,0,臺中市,北屯區,0,1,0,7,2,6,50,13,7,1,5,4,6,6,4,4,10,4,4,2,12,3,10,3,1,B12,7,11,1,8,2,8,,45,45,1,6,4,120.66225,24.187084,2
8650,66000,387130000C,(04)23274275,(04)23288582,2025,11,22,8,0,臺中市,北屯區,0,1,0,7,2,6,30,3,1,1,5,4,6,6,4,4,10,5,5,2,17,3,10,3,1,B03,7,6,1,8,2,4,,14,14,1,6,4,120.730227,24.175672,2
8651,66000,387130000C,(04)23274275,(04)23288582,2025,11,22,8,0,臺中市,西屯區,0,0,0,7,,,40,,,,,,,,,,,,,,12,,,,,C03,,,1,,1,,,7,7,1,12,4,120.644194,24.175128,3
8652,66000,387130000C,(04)23274275,(04)23288582,2025,11,22,8,7,臺中市,北屯區,0,1,0,7,2,6,50,3,1,1,5,4,6,6,4,4,10,5,5,2,17,3,10,3,1,B03,7,14,1,8,2,2,,77,77,1,6,4,120.687253,24.193403,2
8653,66000,387130000C,(04)23274275,(04)23288582,2025,11,22,8,16,臺中市,北區,0,0,0,7,,,50,,,,,,,,,,,,,,17,,,,,B12,,,1,,1,,,49,49,1,13,4,120.685265,24.152162,3
8654,66000,387130000C,(04)23274275,(04)23288582,2025,11,22,8,17,臺中市,北屯區,0,0,0,7,,,50,,,,,,,,,,,,,,,,,,,B12,,,1,,2,,,49,49,1,13,4,120.685442,24.197847,3
8655,66000,387130000C,(04)23274275,(04)23288582,2025,11,22,8,17,臺中市,大里區,0,0,0,7,,,30,,,,,,,,,,,,,,,,,,,B02,,,1,,2,,,51,51,1,12,4,120.678468,24.097319,3
8656,66000,387130000C,(04)23274275,(04)23288582,2025,11,22,8,19,臺中市,后里區,0,0,0,7,2,6,50,4,2,1,5,4,6,6,1,1,1,2,5,1,13,3,10,3,1,B03,7,9,1,8,2,1,,84,84,1,12,4,120.705572,24.31619,3
8657,66000,387130000C,(04)23274275,(04)23288582,2025,11,22,8,21,臺中市,東區,0,2,0,7,3,6,50,13,8,1,5,4,6,6,4,4,1,4,4,2,18,2,9,2,1,C03,7,9,1,10,2,16,,7,7,1,13,4,120.694978,24.133846,2
8658,66000,387130000C,(04)23274275,(04)23288582,2025,11,22,8,22,臺中市,大雅區,0,1,0,7,3,6,30,11,24,1,5,4,6,6,4,4,10,2,5,2,17,2,9,1,1,C02,7,5,1,9,2,12,,43,43,1,12,4,120.649223,24.247452,2
8659,66000,387130000C,(04)23274275,(04)23288582,2025,11,22,8,28,臺中市,豐原區,0,0,0,7,,,50,,,,,,,,,,,,,,17,,,,,B03,,,1,,2,,,50,50,1,12,4,120.728085,24.250712,3
8660,66000,387130000C,(04)23274275,(04)23288582,2025,11,22,8,29,臺中市,豐原區,0,0,0,7,,,50,,,,,,,,,,,,,,13,,,,,B03,,,1,,2,,,84,84,1,12,4,120.703124,24.246825,3
8661,66000,387130000C,(04)23274275,(04)23288582,2025,11,22,8,31,臺中市,大雅區,0,1,0,7,3,6,50,13,9,1,5,4,6,6,4,4,5,5,5,1,17,2,8,2,1,C03,7,9,1,10,2,14,,1,1,1,12,4,120.648295,24.225053,2
8662,66000,387130000C,(04)23274275,(04)23288582,2025,11,22,8,35,臺中市,西屯區,0,1,0,7,2,6,50,4,2,1,5,4,6,6,3,1,4,1,5,2,12,3,10,3,4,B03,7,9,1,8,2,2,,8,8,1,12,4,120.637004,24.181463,2
8663,66000,387130000C,(04)23274275,(04)23288582,2025,11,22,8,37,臺中市,北屯區,0,1,0,7,2,6,40,13,8,1,5,4,6,6,4,4,1,4,4,2,13,2,9,1,1,C03,7,9,1,10,2,11,,5,5,1,12,4,120.686938,24.197172,2
8664,66000,387130000C,(04)23274275,(04)23288582,2025,11,22,8,39,臺中市,沙鹿區,0,2,0,7,2,6,30,4,1,1,5,4,6,6,4,4,10,5,5,2,16,3,10,3,1,B03,7,5,1,8,2,1,,12,12,1,12,4,120.565097,24.250339,2
8665,66000,387130000C,(04)23274275,(04)23288582,2025,11,22,8,39,臺中市,大甲區,0,3,0,7,3,6,50,3,1,1,5,4,6,6,4,4,10,5,5,2,17,2,9,1,1,C03,7,9,1,10,2,12,,85,85,1,6,4,120.615933,24.354789,2
8666,66000,387130000C,(04)23274275,(04)23288582,2025,11,22,8,40,臺中市,北屯區,0,0,0,7,,,50,,,,,,,,,,,,,,14,,,,,B03,,,1,,2,,,49,49,1,6,4,120.682805,24.192356,3
8667,66000,387130000C,(04)23274275,(04)23288582,2025,11,22,8,42,臺中市,西屯區,0,1,0,7,2,6,50,13,9,1,5,4,6,6,2,1,5,4,5,2,12,2,8,2,4,C03,7,11,5,19,2,14,,45,45,1,13,4,120.656178,24.16541,2
8668,66000,387130000C,(04)23274275,(04)23288582,2025,11,22,8,48,臺中市,北屯區,0,1,0,7,2,6,50,4,1,1,5,4,6,6,4,4,10,5,5,2,15,3,10,1,1,C03,7,9,1,10,2,11,,13,13,1,6,4,120.695636,24.18127,2
8669,66000,387130000C,(04)23274275,(04)23288582,2025,11,22,8,51,臺中市,潭子區,0,1,0,7,2,6,60,13,7,1,5,4,6,6,4,4,1,4,4,1,12,3,10,3,1,B03,7,9,1,8,2,2,,8,8,1,13,4,120.705103,24.214622,2
8670,66000,387130000C,(04)23274275,(04)23288582,2025,11,22,8,53,臺中市,東區,0,0,0,7,,,50,,,,,,,,,,,,,,,,,,,B03,,,1,,2,,,49,49,1,12,4,120.709066,24.142915,3
8671,66000,387130000C,(04)23274275,(04)23288582,2025,11,22,8,57,臺中市,沙鹿區,0,3,0,7,3,6,60,13,7,1,5,4,6,6,4,4,1,4,5,1,13,3,10,3,1,B11,7,9,1,4,2,1,,7,7,1,12,4,120.562001,24.240437,2
8672,66000,387130000C,(04)23274275,(04)23288582,2025,11,22,8,58,臺中市,后里區,0,1,0,7,2,6,50,3,1,1,5,4,6,6,4,4,5,5,5,1,13,2,7,3,1,B12,7,9,1,8,4,1,,7,7,1,12,4,120.735933,24.340671,2
8673,66000,387130000C,(04)23274275,(04)23288582,2025,11,22,8,59,臺中市,北屯區,0,1,0,7,2,6,50,13,9,1,5,4,6,6,4,4,1,4,5,2,13,2,8,1,1,C03,7,4,1,10,2,11,,58,58,1,12,4,120.727693,24.161865,2
8674,66000,387130000C,(04)23274275,(04)23288582,2025,11,22,9,1,臺中市,北屯區,0,1,0,7,1,6,50,3,2,1,5,4,6,6,1,1,5,4,5,2,11,2,9,1,1,C03,7,9,1,10,2,11,,26,26,1,13,4,120.699696,24.170281,2
8675,66000,387130000C,(04)23274275,(04)23288582,2025,11,22,9,1,臺中市,太平區,0,0,0,7,,,50,,,,,,,,,,,,,,,,,,,B03,,,1,,2,,,51,51,1,13,4,120.719002,24.125092,3
8676,66000,387130000C,(04)23274275,(04)23288582,2025,11,22,9,2,臺中市,北區,0,2,0,7,2,6,50,4,1,1,5,4,6,6,3,1,10,5,5,2,15,2,9,5,4,C03,7,9,1,10,2,11,,24,24,1,13,4,120.697336,24.158387,2
8677,66000,387130000C,(04)23274275,(04)23288582,2025,11,22,9,3,臺中市,南屯區,0,0,0,7,,,50,,,,,,,,,,,,,,17,,,,,C03,,,1,,1,,,84,84,1,12,2,120.632941,24.13771,4
8678,66000,387130000C,(04)23274275,(04)23288582,2025,11,22,9,4,臺中市,南屯區,0,0,0,7,,,50,,,,,,,,,,,,,,11,,,,,B12,,,1,,1,,,40,40,1,12,4,120.649316,24.150816,3
8679,66000,387130000C,(04)23274275,(04)23288582,2025,11,22,9,5,臺中市,大里區,0,2,0,7,2,6,50,4,1,1,5,4,6,6,1,1,10,5,5,2,17,2,9,2,1,C03,7,9,1,10,2,11,,59,59,1,6,4,120.696916,24.084459,2
8680,66000,387130000C,(04)23274275,(04)23288582,2025,11,22,9,5,臺中市,霧峰區,0,1,0,7,3,6,40,3,1,1,5,4,6,6,1,1,9,5,5,1,16,3,10,3,1,B03,7,6,1,8,2,8,4,11,11,1,12,4,120.714272,24.075638,2
8681,66000,387130000C,(04)23274275,(04)23288582,2025,11,22,9,16,臺中市,后里區,0,0,0,7,,,50,,,,,,,,,,,,,,12,,,,,B03,,,1,,2,,,85,85,1,13,4,120.713554,24.306221,3
8682,66000,387130000C,(04)23274275,(04)23288582,2025,11,22,9,19,臺中市,龍井區,0,1,0,7,2,6,50,13,9,1,5,4,6,6,4,4,5,5,5,1,17,2,9,2,1,C03,7,9,1,10,2,14,,82,82,1,12,4,120.523477,24.200378,2
8683,66000,387130000C,(04)23274275,(04)23288582,2025,11,22,9,24,臺中市,南屯區,0,1,0,7,3,6,40,4,1,1,5,4,6,6,1,1,10,5,5,2,16,3,10,3,1,B03,7,5,1,8,2,5,,20,20,1,13,4,120.610632,24.132145,2
8684,66000,387130000C,(04)23274275,(04)23288582,2025,11,22,9,24,臺中市,大里區,0,1,0,7,2,6,50,4,1,1,5,4,6,6,3,1,10,5,5,2,9,2,9,6,5,H04,8,20,7,21,1,17,,95,95,1,12,5,120.677339,24.097521,2
8685,66000,387130000C,(04)23274275,(04)23288582,2025,11,22,9,25,臺中市,北屯區,0,0,0,7,,,,,,,,,,,,,,,,,17,,,,,,,,,,,,,86,86,2,,,120.678681,24.176352,3
8686,66000,387130000C,(04)23274275,(04)23288582,2025,11,22,9,26,臺中市,西屯區,0,0,0,7,,,60,,,,,,,,,,,,,,12,,,,,A12,,,1,,1,,,8,8,1,12,4,120.646337,24.164362,3
8687,66000,387130000C,(04)23274275,(04)23288582,2025,11,22,9,29,臺中市,太平區,0,1,0,7,2,6,50,13,9,1,5,4,6,6,4,4,9,5,5,1,18,2,9,1,1,C03,7,9,3,19,2,14,,59,59,1,13,4,120.717155,24.125299,2
8688,66000,387130000C,(04)23274275,(04)23288582,2025,11,22,9,30,臺中市,沙鹿區,0,0,0,7,,,40,,,,,,,,,,,,,,,,,,,A12,,,1,,2,,,49,49,1,13,4,120.563425,24.211109,3
8689,66000,387130000C,(04)23274275,(04)23288582,2025,11,22,9,34,臺中市,南屯區,0,0,0,7,,,50,,,,,,,,,,,,,,17,,,,,B12,,,1,,2,,,59,59,1,12,4,120.621459,24.146982,3
8690,66000,387130000C,(04)23274275,(04)23288582,2025,11,22,9,34,臺中市,南區,0,1,0,6,2,6,50,3,1,1,5,4,6,6,4,4,10,5,5,2,17,3,10,3,1,B03,7,5,1,8,2,2,,14,14,1,12,4,120.671788,24.11494,2
8691,66000,387130000C,(04)23274275,(04)23288582,2025,11,22,9,35,臺中市,沙鹿區,0,1,0,7,3,6,40,4,1,1,5,4,6,6,2,1,10,5,5,2,17,2,9,2,1,C03,7,9,1,10,2,11,,21,21,1,13,4,120.560873,24.24127,2
8692,66000,387130000C,(04)23274275,(04)23288582,2025,11,22,9,37,臺中市,大雅區,0,1,0,7,3,6,70,13,9,1,5,4,6,6,1,1,5,2,5,1,17,3,10,3,1,A41,7,9,1,1,2,2,,84,84,1,12,4,120.630742,24.240898,2
8693,66000,387130000C,(04)23274275,(04)23288582,2025,11,22,9,38,臺中市,大甲區,0,1,0,7,2,6,30,3,1,1,5,4,6,2,4,4,10,5,5,2,16,3,10,2,1,C03,7,6,1,10,2,11,,14,14,1,6,4,120.607049,24.331251,2
8694,66000,387130000C,(04)23274275,(04)23288582,2025,11,22,9,42,臺中市,南區,0,0,0,7,,,50,,,,,,,,,,,,,,17,,,,,B03,,,1,,1,,,43,43,1,6,4,120.661972,24.129858,3
8695,66000,387130000C,(04)23274275,(04)23288582,2025,11,22,9,44,臺中市,北屯區,0,0,0,7,,,50,,,,,,,,,,,,,,13,,,,,B03,,,1,,2,,,7,7,1,6,4,120.721341,24.18012,3
8696,66000,387130000C,(04)23274275,(04)23288582,2025,11,22,9,45,臺中市,西屯區,0,1,0,7,2,6,30,11,9,4,5,4,6,6,4,4,10,5,5,2,11,3,10,3,1,B03,7,9,1,8,2,8,,41,41,1,12,4,120.652762,24.173796,2
8697,66000,387130000C,(04)23274275,(04)23288582,2025,11,22,9,46,臺中市,南屯區,0,2,0,7,2,6,40,13,8,1,5,4,6,6,4,4,1,4,4,2,12,2,9,1,1,C03,7,4,1,10,2,14,,1,1,1,12,4,120.636849,24.153161,2
8698,66000,387130000C,(04)23274275,(04)23288582,2025,11,22,9,47,臺中市,北區,0,0,0,7,,,50,,,,,,,,,,,,,,13,,,,,C03,,,1,,1,,,40,40,1,13,4,120.688712,24.153588,3
8699,66000,387130000C,(04)23274275,(04)23288582,2025,11,22,9,48,臺中市,南區,0,1,0,7,3,6,50,13,7,1,5,4,6,6,4,4,1,5,5,2,13,3,10,3,1,B03,7,9,1,8,2,1,,54,54,1,13,4,120.669416,24.127628,2
8700,66000,387130000C,(04)23274275,(04)23288582,2025,11,22,9,51,臺中市,太平區,0,3,0,7,2,6,50,13,9,1,5,4,6,6,4,4,5,4,5,2,16,2,7,1,1,C03,7,1,1,10,2,14,,51,51,1,12,4,120.718366,24.158543,2
8701,66000,387130000C,(04)23274275,(04)23288582,2025,11,22,9,52,臺中市,沙鹿區,0,1,0,7,2,6,50,5,1,1,5,4,6,6,1,1,10,5,5,2,17,3,10,1,1,C03,7,5,1,10,2,13,,84,84,1,6,4,120.569325,24.237234,2
8702,66000,387130000C,(04)23274275,(04)23288582,2025,11,22,9,53,臺中市,東區,0,1,0,7,3,6,50,13,9,1,5,4,6,6,4,4,5,5,5,2,17,2,9,5,4,C03,7,9,1,10,2,11,,7,7,1,6,4,120.692382,24.139455,2
8703,66000,387130000C,(04)23274275,(04)23288582,2025,11,22,9,54,臺中市,西屯區,0,0,0,7,,,50,,,,,,,,,,,,,,13,,,,,B03,,,3,,2,,,59,59,1,12,4,120.619115,24.181337,3
8704,66000,387130000C,(04)23274275,(04)23288582,2025,11,22,9,55,臺中市,西屯區,0,2,0,7,2,6,50,5,2,1,5,4,6,6,1,1,1,4,4,2,12,2,8,2,1,C03,7,11,1,10,2,14,,45,45,1,12,4,120.663984,24.176334,2
8705,66000,387130000C,(04)23274275,(04)23288582,2025,11,22,9,58,臺中市,豐原區,0,1,0,7,2,6,30,3,9,1,5,4,6,6,4,4,10,5,5,2,25,2,9,1,1,C03,7,5,3,19,9,11,,55,55,1,13,4,120.725326,24.258908,2
8706,66000,387130000C,(04)23274275,(04)23288582,2025,11,22,9,59,臺中市,大安區,0,0,0,7,,3,50,,,,,,,,,,,,,,,,,,,A41,,,1,,2,,,73,73,1,6,4,120.5857,24.366433,3
8707,66000,387130000C,(04)23274275,(04)23288582,2025,11,22,10,0,臺中市,龍井區,0,0,0,7,,,,,,,,,,,,,,,,,9,,,,,,,,,,,,,119,119,1,,,120.58213,24.184645,3
8708,66000,387130000C,(04)23274275,(04)23288582,2025,11,22,10,10,臺中市,北區,0,0,0,7,,,50,,,,,,,,,,,,,,15,,,,,B03,,,1,,1,,,24,24,1,12,4,120.695941,24.159882,3
8709,66000,387130000C,(04)23274275,(04)23288582,2025,11,22,10,12,臺中市,東勢區,0,0,0,7,,,60,,,,,,,,,,,,,,12,,,,,B03,,,1,,1,,,40,40,1,12,4,120.822905,24.260736,3
8710,66000,387130000C,(04)23274275,(04)23288582,2025,11,22,10,13,臺中市,沙鹿區,0,1,0,7,3,6,50,13,9,1,5,4,6,6,4,4,5,4,4,2,13,2,9,1,1,C03,7,6,1,10,2,13,,48,48,1,13,4,120.574526,24.267171,2
8711,66000,387130000C,(04)23274275,(04)23288582,2025,11,22,10,17,臺中市,西屯區,0,1,0,7,2,6,50,5,1,1,5,4,6,6,2,1,10,5,5,2,16,3,10,2,4,C03,7,6,1,10,2,12,,11,11,1,13,4,120.640975,24.173533,2
8712,66000,387130000C,(04)23274275,(04)23288582,2025,11,22,10,19,臺中市,烏日區,0,0,0,7,,,40,,,,,,,,,,,,,,,,,,,B03,,,1,,1,,,7,7,1,13,4,120.61848,24.116803,3
8713,66000,387130000C,(04)23274275,(04)23288582,2025,11,22,10,21,臺中市,沙鹿區,0,0,0,7,,,40,,,,,,,,,,,,,,13,,,,,C03,,,1,,1,,,7,7,1,6,4,120.572541,24.233025,3
8714,66000,387130000C,(04)23274275,(04)23288582,2025,11,22,10,24,臺中市,梧棲區,0,0,0,7,,,50,,,,,,,,,,,,,,17,,,,,B03,,,1,,2,,,59,59,1,12,4,120.535465,24.253781,3
8715,66000,387130000C,(04)23274275,(04)23288582,2025,11,22,10,26,臺中市,太平區,0,0,0,7,2,6,50,13,9,1,5,4,6,6,4,4,10,5,5,2,17,,,,,B03,,,1,,1,,,50,50,1,12,4,120.711789,24.126351,3
8716,66000,387130000C,(04)23274275,(04)23288582,2025,11,22,10,27,臺中市,北區,0,0,0,7,,,50,,,,,,,,,,,,,,17,,,,,B11,,,1,,9,,,84,84,1,13,4,120.689631,24.155779,3
8717,66000,387130000C,(04)23274275,(04)23288582,2025,11,22,10,28,臺中市,東勢區,0,0,0,7,,,50,,,,,,,,,,,,,,12,,,,,B03,,,1,,1,,,1,1,1,13,4,120.826364,24.26346,3
8718,66000,387130000C,(04)23274275,(04)23288582,2025,11,22,10,31,臺中市,大里區,0,0,0,7,,,50,,,,,,,,,,,,,,,,,,,B03,,,1,,2,,,84,84,1,12,4,120.678036,24.105821,3
8719,66000,387130000C,(04)23274275,(04)23288582,2025,11,22,10,34,臺中市,烏日區,0,1,0,7,2,6,60,13,14,1,5,4,6,6,4,4,1,4,4,1,13,2,8,1,1,C03,7,9,1,10,2,11,12,7,7,1,6,4,120.636764,24.10714,2
8720,66000,387130000C,(04)23274275,(04)23288582,2025,11,22,10,36,臺中市,大里區,0,3,0,7,2,6,50,4,1,1,5,4,6,6,1,1,10,5,5,2,17,2,9,1,1,C03,7,9,1,10,2,14,,84,84,1,12,4,120.680139,24.095572,2
8721,66000,387130000C,(04)23274275,(04)23288582,2025,11,22,10,36,臺中市,龍井區,0,1,0,7,2,6,50,4,1,1,5,4,6,6,2,1,1,2,4,2,15,3,10,1,1,C03,7,9,1,10,2,11,,4,4,1,12,4,120.546305,24.195512,2
8722,66000,387130000C,(04)23274275,(04)23288582,2025,11,22,10,40,臺中市,北屯區,0,1,0,7,2,6,50,4,1,1,5,4,6,6,4,4,10,5,5,2,17,2,9,1,1,C03,7,9,1,10,2,11,,7,7,1,6,4,120.693623,24.16501,2
8723,66000,387130000C,(04)23274275,(04)23288582,2025,11,22,10,40,臺中市,大里區,0,0,0,7,,,50,,,,,,,,,,,,,,,,,,,B01,,,1,,2,,,39,39,1,6,4,120.694784,24.099992,3
8724,66000,387130000C,(04)23274275,(04)23288582,2025,11,22,10,40,臺中市,豐原區,0,1,0,7,2,6,30,3,2,1,5,4,6,6,4,4,10,5,5,2,11,2,9,2,1,C03,7,9,1,10,2,14,,85,85,1,13,4,120.723926,24.237791,2
8725,66000,387130000C,(04)23274275,(04)23288582,2025,11,22,10,42,臺中市,西屯區,0,0,0,7,,,30,,,,,,,,,,,,,,16,,,,,C03,,,1,,2,,,12,12,1,12,4,120.621425,24.186538,3
8726,66000,387130000C,(04)23274275,(04)23288582,2025,11,22,10,48,臺中市,大里區,0,0,0,7,,,30,,,,,,,,,,,,,,25,,,,,B03,,,1,,2,,,78,78,1,12,4,120.73011,24.087707,3
8727,66000,387130000C,(04)23274275,(04)23288582,2025,11,22,10,50,臺中市,東區,0,0,0,7,,,50,,,,,,,,,,,,,,,,,,,C03,,,1,,1,,,40,40,1,6,4,120.683543,24.133198,3
8728,66000,387130000C,(04)23274275,(04)23288582,2025,11,22,10,55,臺中市,中區,0,0,0,7,,,50,,,,,,,,,,,,,,,,,,,C03,,,1,,9,,,50,50,1,12,4,120.680456,24.145285,3
8729,66000,387130000C,(04)23274275,(04)23288582,2025,11,22,10,55,臺中市,烏日區,0,2,0,7,2,6,50,3,1,1,5,4,6,6,4,4,10,5,5,2,16,2,9,5,1,C03,7,6,1,10,2,12,,14,14,1,6,4,120.62147,24.106414,2
8730,66000,387130000C,(04)23274275,(04)23288582,2025,11,22,10,56,臺中市,東區,0,0,0,7,,,50,,,,,,,,,,,,,,,,,,,B03,,,1,,1,,,26,26,1,13,4,120.693212,24.132852,3
8731,66000,387130000C,(04)23274275,(04)23288582,2025,11,22,10,58,臺中市,大里區,0,2,0,7,2,6,30,4,1,1,5,4,6,6,4,4,10,5,5,1,17,3,10,3,1,B03,7,5,1,8,2,8,,14,14,1,12,4,120.683746,24.105836,2
8732,66000,387130000C,(04)23274275,(04)23288582,2025,11,22,10,59,臺中市,西屯區,0,1,0,7,2,6,30,13,9,1,5,4,6,6,4,4,10,5,5,2,18,2,9,2,1,C03,7,9,1,10,2,16,16,59,59,1,13,4,120.626301,24.188955,2
8733,66000,387130000C,(04)23274275,(04)23288582,2025,11,22,11,0,臺中市,西區,0,0,0,7,,,50,,,,,,,,,,,,,,16,,,,,B03,,,1,,2,,,47,47,1,12,4,120.653043,24.150898,3
8734,66000,387130000C,(04)23274275,(04)23288582,2025,11,22,11,0,臺中市,北屯區,0,0,0,7,,,50,,,,,,,,,,,,,,17,,,,,C03,,,2,,1,,,8,8,1,12,4,120.699803,24.170198,3
8735,66000,387130000C,(04)23274275,(04)23288582,2025,11,22,11,2,臺中市,烏日區,0,0,0,7,,,30,,,,,,,,,,,,,,,,,,,B03,,,1,,1,,,49,49,1,13,4,120.616655,24.113803,3
8736,66000,387130000C,(04)23274275,(04)23288582,2025,11,22,11,2,臺中市,大甲區,0,0,0,7,,,50,,,,,,,,,,,,,,20,,,,,B02,,,1,,1,,,8,8,1,6,4,120.632646,24.345918,3
8737,66000,387130000C,(04)23274275,(04)23288582,2025,11,22,11,3,臺中市,中區,0,1,0,7,2,6,50,4,1,1,5,4,6,6,2,1,5,5,4,1,16,3,10,3,1,B03,7,5,1,8,2,5,,11,11,1,13,4,120.676568,24.145044,2
8738,66000,387130000C,(04)23274275,(04)23288582,2025,11,22,11,3,臺中市,南屯區,0,1,0,7,3,6,40,13,7,1,5,4,6,6,4,4,1,4,4,2,17,3,10,3,1,B03,7,1,1,8,2,8,,51,51,1,13,4,120.637524,24.149752,2
8739,66000,387130000C,(04)23274275,(04)23288582,2025,11,22,11,3,臺中市,新社區,0,2,0,7,2,6,30,4,1,1,5,4,6,6,4,4,10,5,5,2,17,2,8,5,4,C03,7,9,1,10,1,12,,15,15,1,13,4,120.797867,24.224553,2
8740,66000,387130000C,(04)23274275,(04)23288582,2025,11,22,11,6,臺中市,北區,0,0,0,7,,,50,,,,,,,,,,,,,,14,,,,,B03,,,1,,2,,,49,49,1,13,4,120.672158,24.171061,3
8741,66000,387130000C,(04)23274275,(04)23288582,2025,11,22,11,9,臺中市,南屯區,0,2,0,7,2,6,50,4,2,1,5,4,6,6,2,1,5,4,5,2,13,2,8,1,1,C03,7,9,1,10,2,11,,7,7,1,12,4,120.643921,24.13821,2
8742,66000,387130000C,(04)23274275,(04)23288582,2025,11,22,11,10,臺中市,豐原區,0,1,0,7,2,6,50,3,1,1,5,4,6,6,2,1,5,4,4,2,16,2,9,1,1,C03,7,6,1,10,2,14,,48,48,1,12,4,120.716552,24.25152,2
8743,66000,387130000C,(04)23274275,(04)23288582,2025,11,22,11,10,臺中市,豐原區,0,0,0,7,,,50,,,,,,,,,,,,,,17,,,,,C03,,,1,,2,,,7,7,1,12,4,120.720865,24.250741,4
8744,66000,387130000C,(04)23274275,(04)23288582,2025,11,22,11,13,臺中市,潭子區,0,0,0,7,,,50,,,,,,,,,,,,,,16,,,,,C03,,,1,,2,,,51,51,1,12,4,120.697826,24.223472,3
8745,66000,387130000C,(04)23274275,(04)23288582,2025,11,22,11,15,臺中市,南區,0,1,0,7,2,6,50,3,2,1,5,4,6,6,4,4,10,5,5,2,13,2,8,1,1,C03,7,9,1,10,2,14,,7,7,1,12,4,120.658242,24.125657,2
8746,66000,387130000C,(04)23274275,(04)23288582,2025,11,22,11,19,臺中市,潭子區,0,0,0,7,,,50,,,,,,,,,,,,,,11,,,,,B03,,,1,,2,,,41,41,1,13,4,120.699122,24.19883,3
8747,66000,387130000C,(04)23274275,(04)23288582,2025,11,22,11,19,臺中市,北區,0,1,0,7,2,6,50,13,9,1,5,4,6,6,4,4,1,4,5,2,17,2,9,5,4,C03,7,8,3,19,2,13,,40,40,1,13,4,120.673801,24.165908,2