序號,縣市別代碼,機關代碼,市話,傳真,年,月,日,時,分,縣市,區,死亡數量,受傷數量,2-30,天候,道路照明設備,道路類別,道路速限,道路型態,事故位置,路面鋪裝,路面狀態,路面缺陷,障礙物,視距,號誌種類,號誌動作,分向設施,快車道或一般車道間,快慢車道間,路面邊線,事故類型及型態,受傷程度,主要傷處,保護裝備,行動電話或功能裝置,當事者區分(類別),車輛用途,當事者行動狀態,駕照狀態,駕照種類,飲酒情形,車輛撞擊部位最初,車輛撞擊部位其他,肇事因素個別,肇事因素主要,肇事逃逸,職業,共享經濟或外送平台,GPS座標X,GPS座標Y,事故類別
8748,66000,387130000C,(04)23274275,(04)23288582,2025,11,22,11,21,臺中市,北區,0,1,0,7,2,6,50,4,1,1,5,4,6,6,1,1,5,5,5,2,18,2,9,1,1,C03,7,15,1,10,2,15,,85,85,1,12,4,120.679353,24.149685,2
8749,66000,387130000C,(04)23274275,(04)23288582,2025,11,22,11,21,臺中市,西屯區,0,1,0,7,2,6,40,13,9,1,5,4,6,6,4,4,9,5,5,2,17,3,10,3,1,B03,7,1,1,8,2,7,,51,51,1,12,4,120.654872,24.156715,2
8750,66000,387130000C,(04)23274275,(04)23288582,2025,11,22,11,28,臺中市,南屯區,0,0,0,7,,,50,,,,,,,,,,,,,,13,,,,,B03,,,1,,1,,,7,7,1,12,4,120.639006,24.14175,3
8751,66000,387130000C,(04)23274275,(04)23288582,2025,11,22,11,35,臺中市,西區,0,0,0,7,,,50,,,,,,,,,,,,,,,,,,,B03,,,1,,1,,,59,59,1,12,4,120.663096,24.146699,3
8752,66000,387130000C,(04)23274275,(04)23288582,2025,11,22,11,35,臺中市,烏日區,0,1,0,7,2,6,50,13,7,1,5,4,6,6,4,4,1,4,1,2,13,3,10,3,1,B03,7,9,1,8,2,1,,7,7,1,6,4,120.615793,24.102824,2
8753,66000,387130000C,(04)23274275,(04)23288582,2025,11,22,11,38,臺中市,西屯區,0,0,0,7,,,50,,,,,,,,,,,,,,12,,,,,B03,,,3,,2,,,59,59,1,12,4,120.61246,24.186594,3
8754,66000,387130000C,(04)23274275,(04)23288582,2025,11,22,11,39,臺中市,大雅區,0,0,0,7,,,50,,,,,,,,,,,,,,,,,,,B03,,,1,,1,,,7,7,1,13,4,120.66159,24.219813,3
8755,66000,387130000C,(04)23274275,(04)23288582,2025,11,22,11,40,臺中市,豐原區,0,2,0,7,2,6,50,4,2,1,5,4,6,6,1,1,1,5,5,1,17,2,9,2,1,C03,7,9,1,10,2,11,,7,7,1,13,4,120.729408,24.252662,2
8756,66000,387130000C,(04)23274275,(04)23288582,2025,11,22,11,45,臺中市,東區,0,0,0,7,,,50,,,,,,,,,,,,,,,,,,,B01,,,1,,1,,,7,7,1,6,4,120.684144,24.134992,4
8757,66000,387130000C,(04)23274275,(04)23288582,2025,11,22,11,45,臺中市,西屯區,0,0,0,7,,,50,,,,,,,,,,,,,,16,,,,,B03,,,1,,2,,,12,12,1,13,4,120.630775,24.165059,3
8758,66000,387130000C,(04)23274275,(04)23288582,2025,11,22,11,45,臺中市,霧峰區,0,0,0,7,,6,30,,,,,,,,,,,,,,17,,,,,B03,,,5,19,2,,,84,84,1,13,4,120.681204,24.054988,3
8759,66000,387130000C,(04)23274275,(04)23288582,2025,11,22,11,45,臺中市,新社區,0,2,0,7,2,6,50,3,2,1,5,4,6,6,4,4,5,5,5,1,17,3,10,3,1,B03,7,15,1,8,2,7,,84,84,1,12,4,120.821078,24.20833,2
8760,66000,387130000C,(04)23274275,(04)23288582,2025,11,22,11,47,臺中市,西屯區,0,0,0,7,,,30,,,,,,,,,,,,,,12,,,,,B03,,,1,,1,,,42,42,1,12,4,120.661605,24.178125,3
8761,66000,387130000C,(04)23274275,(04)23288582,2025,11,22,11,48,臺中市,沙鹿區,0,1,0,7,2,6,50,13,9,1,5,4,6,6,4,4,5,5,5,2,17,3,10,1,1,C03,7,9,1,10,2,14,,7,7,1,13,4,120.558309,24.236624,2
8762,66000,387130000C,(04)23274275,(04)23288582,2025,11,22,11,50,臺中市,西屯區,0,0,0,7,,,50,,,,,,,,,,,,,,13,,,,,B03,,,1,,1,,,7,7,1,13,4,120.656474,24.200815,3
8763,66000,387130000C,(04)23274275,(04)23288582,2025,11,22,11,51,臺中市,神岡區,0,2,0,7,1,6,50,4,1,1,5,4,6,6,1,1,10,5,5,1,12,3,10,1,1,C03,7,4,1,10,2,12,,8,8,1,12,2,120.680982,24.247651,2
8764,66000,387130000C,(04)23274275,(04)23288582,2025,11,22,11,52,臺中市,中區,0,3,0,7,2,6,50,4,1,1,5,4,6,6,2,1,10,5,5,2,13,2,8,2,1,C03,7,9,1,10,2,11,,7,7,1,13,4,120.677725,24.144061,2
8765,66000,387130000C,(04)23274275,(04)23288582,2025,11,22,11,52,臺中市,東區,0,0,0,7,,,50,,,,,,,,,,,,,,17,,,,,C03,,,1,,2,,,7,7,1,5,4,120.69341,24.138809,3
8766,66000,387130000C,(04)23274275,(04)23288582,2025,11,22,11,58,臺中市,潭子區,0,2,0,7,3,6,50,13,9,1,5,4,6,6,4,4,10,5,5,2,16,2,9,4,1,F02,7,6,7,21,2,11,,48,48,1,12,4,120.708795,24.207411,2
8767,66000,387130000C,(04)23274275,(04)23288582,2025,11,22,11,58,臺中市,西屯區,0,0,0,7,,,70,,,,,,,,,,,,,,13,,,,,B03,,,1,,1,,,7,7,1,12,4,120.62462,24.178581,3
8768,66000,387130000C,(04)23274275,(04)23288582,2025,11,22,11,59,臺中市,大甲區,0,0,0,7,,,50,,,,,,,,,,,,,,,,,,,B03,,,1,,2,,,7,7,1,6,4,120.634224,24.344372,3
8769,66000,387130000C,(04)23274275,(04)23288582,2025,11,22,12,0,臺中市,北屯區,0,0,0,7,,,50,,,,,,,,,,,,,,,,,,,B12,,,1,,1,,,78,78,1,12,4,120.681162,24.190727,3
8770,66000,387130000C,(04)23274275,(04)23288582,2025,11,22,12,3,臺中市,南屯區,0,1,0,7,3,6,50,13,9,1,5,4,6,6,1,1,5,5,5,2,9,3,10,3,1,B03,7,6,1,8,2,8,,10,10,1,12,4,120.635641,24.143449,2
8771,66000,387130000C,(04)23274275,(04)23288582,2025,11,22,12,3,臺中市,西屯區,0,0,0,7,,3,80,,,,,,,,,,,,,,13,,,,,B03,,,1,,1,,,59,59,1,12,4,120.634948,24.179291,3
8772,66000,387130000C,(04)23274275,(04)23288582,2025,11,22,12,4,臺中市,北屯區,0,0,0,7,,,50,,,,,,,,,,,,,,14,,,,,B03,,,1,,9,,,49,49,1,12,4,120.686146,24.174437,3
8773,66000,387130000C,(04)23274275,(04)23288582,2025,11,22,12,6,臺中市,豐原區,0,0,0,7,,,50,,,,,,,,,,,,,,17,,,,,C03,,,1,,2,,,78,78,1,13,4,120.719742,24.243409,3
8774,66000,387130000C,(04)23274275,(04)23288582,2025,11,22,12,6,臺中市,神岡區,0,1,0,7,2,6,30,4,1,1,5,4,6,6,4,4,10,5,5,2,15,2,9,5,4,C03,7,9,1,10,2,11,,15,15,1,12,4,120.650364,24.27496,2
8775,66000,387130000C,(04)23274275,(04)23288582,2025,11,22,12,8,臺中市,外埔區,0,1,0,7,2,6,30,4,1,1,5,4,6,6,4,4,5,5,5,1,15,3,10,3,1,B03,7,9,1,8,2,1,,84,84,1,12,4,120.627337,24.330047,2
8776,66000,387130000C,(04)23274275,(04)23288582,2025,11,22,12,9,臺中市,豐原區,0,2,0,7,3,6,15,13,24,1,5,4,6,6,4,4,10,5,5,2,9,2,9,5,4,F01,7,9,7,21,2,11,,59,59,1,12,4,120.721386,24.25059,2
8777,66000,387130000C,(04)23274275,(04)23288582,2025,11,22,12,10,臺中市,太平區,0,1,0,7,2,6,50,13,8,1,5,4,6,6,4,4,5,5,4,1,17,3,10,3,4,B01,7,11,1,4,2,6,,45,45,1,13,4,120.730984,24.150048,2
8778,66000,387130000C,(04)23274275,(04)23288582,2025,11,22,12,10,臺中市,后里區,0,0,0,6,2,6,30,13,9,1,5,4,6,6,4,4,9,5,4,1,14,3,10,3,1,B03,7,2,1,8,2,3,,49,49,1,12,4,120.73154,24.302343,3
8779,66000,387130000C,(04)23274275,(04)23288582,2025,11,22,12,11,臺中市,潭子區,0,2,0,7,2,6,50,4,1,1,5,4,6,6,1,1,10,5,5,2,16,3,10,3,1,B03,7,5,1,8,2,5,,20,20,1,13,4,120.673977,24.209025,2
8780,66000,387130000C,(04)23274275,(04)23288582,2025,11,22,12,11,臺中市,北屯區,0,2,0,7,2,6,30,3,1,1,5,4,6,6,4,4,10,5,5,2,17,2,9,1,1,C03,7,9,1,10,2,14,,5,5,1,6,4,120.684568,24.174659,2
8781,66000,387130000C,(04)23274275,(04)23288582,2025,11,22,12,12,臺中市,西區,0,0,0,7,,,50,,,,,,,,,,,,,,,,,,,B03,,,1,,1,,,84,84,1,12,4,120.670829,24.145969,3
8782,66000,387130000C,(04)23274275,(04)23288582,2025,11,22,12,18,臺中市,太平區,0,1,0,7,2,6,50,13,24,1,5,4,6,6,4,4,10,5,5,2,16,3,10,3,1,B03,7,1,1,8,2,8,,51,51,1,12,4,120.729916,24.109528,2
8783,66000,387130000C,(04)23274275,(04)23288582,2025,11,22,12,20,臺中市,北屯區,0,0,0,7,,,50,,,,,,,,,,,,,,,,,,,B03,,,1,,2,,,20,20,1,6,4,120.736595,24.17812,3
8784,66000,387130000C,(04)23274275,(04)23288582,2025,11,22,12,26,臺中市,石岡區,0,0,0,7,,,50,,,,,,,,,,,,,,13,,,,,B03,,,1,,1,,,7,7,1,13,4,120.762955,24.277126,3
8785,66000,387130000C,(04)23274275,(04)23288582,2025,11,22,12,29,臺中市,潭子區,0,0,0,7,,,60,,,,,,,,,,,,,,13,,,,,B03,,,1,,2,,,84,84,1,13,4,120.686816,24.210199,3
8786,66000,387130000C,(04)23274275,(04)23288582,2025,11,22,12,31,臺中市,北區,0,0,0,7,,,50,,,,,,,,,,,,,,17,,,,,B03,,,1,,2,,,8,8,1,13,4,120.686724,24.14819,3
8787,66000,387130000C,(04)23274275,(04)23288582,2025,11,22,12,34,臺中市,北屯區,0,2,0,7,2,3,80,13,9,1,5,4,6,6,4,4,1,4,5,2,13,2,9,3,1,B03,7,9,1,8,2,8,,7,7,1,6,4,120.694087,24.200985,2
8788,66000,387130000C,(04)23274275,(04)23288582,2025,11,22,12,34,臺中市,西屯區,0,1,0,7,1,6,50,13,9,1,5,4,6,6,4,4,5,5,5,2,12,2,8,2,4,C03,7,9,1,10,1,14,,7,7,1,13,4,120.641452,24.184872,2
8789,66000,387130000C,(04)23274275,(04)23288582,2025,11,22,12,35,臺中市,北屯區,0,2,0,7,2,6,50,3,1,1,5,4,6,6,4,4,10,5,5,2,17,2,9,1,1,C03,7,6,1,10,2,12,,14,14,1,6,4,120.671415,24.179552,2
8790,66000,387130000C,(04)23274275,(04)23288582,2025,11,22,12,41,臺中市,北屯區,0,2,0,7,2,6,50,3,1,1,5,4,6,6,4,4,10,5,5,2,16,2,9,1,1,C03,7,6,1,10,2,11,,48,48,1,12,4,120.692993,24.176547,2
8791,66000,387130000C,(04)23274275,(04)23288582,2025,11,22,12,46,臺中市,烏日區,0,1,0,7,2,6,50,13,9,1,5,4,6,6,4,4,5,4,5,2,18,2,9,2,1,C03,7,9,1,10,2,14,,59,59,1,6,4,120.609215,24.107155,2
8792,66000,387130000C,(04)23274275,(04)23288582,2025,11,22,12,47,臺中市,西屯區,0,0,0,7,,,50,,,,,,,,,,,,,,16,,,,,C03,,,1,,2,,,51,51,1,12,4,120.602613,24.183031,3
8793,66000,387130000C,(04)23274275,(04)23288582,2025,11,22,12,50,臺中市,大甲區,0,0,0,7,,,50,,,,,,,,,,,,,,28,,,,,B03,,,1,,2,,,87,87,1,6,4,120.604833,24.347237,3
8794,66000,387130000C,(04)23274275,(04)23288582,2025,11,22,12,51,臺中市,大里區,0,0,0,7,,,50,,,,,,,,,,,,,,17,,,,,C03,,,1,,2,,,84,84,1,12,4,120.680979,24.115585,3
8795,66000,387130000C,(04)23274275,(04)23288582,2025,11,22,12,53,臺中市,豐原區,0,0,0,7,,,50,,,,,,,,,,,,,,17,,,,,A04,,,1,,2,,,84,84,1,12,4,120.71254,24.255447,3
8796,66000,387130000C,(04)23274275,(04)23288582,2025,11,22,12,54,臺中市,西區,0,0,0,7,,,30,,,,,,,,,,,,,,,,,,,B02,,,1,8,1,,,49,49,2,13,4,120.674496,24.150591,3
8797,66000,387130000C,(04)23274275,(04)23288582,2025,11,22,12,55,臺中市,沙鹿區,0,1,0,7,3,6,50,3,1,1,5,4,6,6,4,4,10,4,4,2,17,3,10,3,1,B03,7,15,1,8,2,16,,20,20,1,12,4,120.566385,24.234811,2
8798,66000,387130000C,(04)23274275,(04)23288582,2025,11,22,12,57,臺中市,新社區,0,0,0,7,,,30,,,,,,,,,,,,,,,,,,,B03,,,1,,2,,,84,84,1,13,4,120.785343,24.240144,3
8799,66000,387130000C,(04)23274275,(04)23288582,2025,11,22,13,0,臺中市,南區,0,2,0,7,3,6,50,4,9,1,5,4,6,6,2,1,5,5,5,2,16,3,10,5,4,B03,7,5,1,8,2,5,,47,47,1,6,4,120.684248,24.12637,2
8800,66000,387130000C,(04)23274275,(04)23288582,2025,11,22,13,0,臺中市,西屯區,0,0,0,7,,,50,,,,,,,,,,,,,,12,,,,,B03,,,1,,1,,,40,40,1,13,4,120.616891,24.188607,3
8801,66000,387130000C,(04)23274275,(04)23288582,2025,11,22,13,6,臺中市,南屯區,0,0,0,7,,,60,,,,,,,,,,,,,,16,,,,,B03,,,1,,1,,,11,11,1,12,4,120.622888,24.140467,3
8802,66000,387130000C,(04)23274275,(04)23288582,2025,11,22,13,8,臺中市,烏日區,0,1,0,7,2,6,60,4,1,1,5,4,6,6,1,1,1,4,5,1,12,2,8,1,1,C03,7,15,1,10,2,14,,84,84,1,12,4,120.634166,24.106398,2
8803,66000,387130000C,(04)23274275,(04)23288582,2025,11,22,13,10,臺中市,豐原區,0,2,0,7,2,6,30,4,1,1,5,4,6,6,4,4,10,5,5,2,15,2,9,1,1,C03,7,9,1,10,2,12,,12,12,1,13,4,120.726524,24.249139,2
8804,66000,387130000C,(04)23274275,(04)23288582,2025,11,22,13,14,臺中市,潭子區,0,0,0,7,,,50,,,,,,,,,,,,,,13,,,,,B03,,,1,,1,,,7,7,1,12,4,120.703887,24.202346,3
8805,66000,387130000C,(04)23274275,(04)23288582,2025,11,22,13,15,臺中市,太平區,0,2,0,7,2,6,50,4,1,1,5,4,6,6,4,4,10,5,5,2,16,2,9,1,4,C03,7,1,1,10,2,11,,51,51,1,13,4,120.71777,24.148119,2
8806,66000,387130000C,(04)23274275,(04)23288582,2025,11,22,13,15,臺中市,烏日區,0,2,0,7,2,6,50,3,2,1,5,4,6,6,4,4,1,4,5,1,13,3,10,3,1,B03,7,9,1,8,2,1,,7,7,1,6,4,120.632953,24.105661,2
8807,66000,387130000C,(04)23274275,(04)23288582,2025,11,22,13,15,臺中市,烏日區,0,0,0,7,,,50,,,,,,,,,,,,,,,,,,,B03,,,1,,1,,,49,49,1,13,4,120.624931,24.110565,3
8808,66000,387130000C,(04)23274275,(04)23288582,2025,11,22,13,20,臺中市,潭子區,0,0,0,7,,,30,,,,,,,,,,,,,,,,,,,B11,,,1,,2,,,84,84,1,13,4,120.706224,24.208477,3
8809,66000,387130000C,(04)23274275,(04)23288582,2025,11,22,13,21,臺中市,北屯區,0,0,0,7,,,50,,,,,,,,,,,,,,,,,,,C03,,,1,,10,,,77,77,1,13,4,120.683196,24.170432,3
8810,66000,387130000C,(04)23274275,(04)23288582,2025,11,22,13,22,臺中市,太平區,0,1,0,7,2,6,50,13,9,1,5,4,6,6,4,4,9,5,5,2,18,2,9,1,1,C03,7,9,1,10,2,12,,59,59,1,12,4,120.70191,24.113851,2
8811,66000,387130000C,(04)23274275,(04)23288582,2025,11,22,13,25,臺中市,南屯區,0,0,0,7,,,50,,,,,,,,,,,,,,17,,,,,B03,,,1,,2,,,49,49,1,13,4,120.642574,24.150776,3
8812,66000,387130000C,(04)23274275,(04)23288582,2025,11,22,13,25,臺中市,大里區,0,1,0,7,3,6,50,13,8,1,5,4,6,6,4,4,5,5,4,2,2,3,10,1,1,C03,7,9,3,19,9,12,,84,84,1,12,4,120.68596,24.095354,2
8813,66000,387130000C,(04)23274275,(04)23288582,2025,11,22,13,27,臺中市,西區,0,2,0,7,2,6,50,4,1,1,5,4,6,6,2,1,5,4,4,2,3,2,9,2,1,C03,7,9,1,10,2,11,,21,21,1,12,4,120.670483,24.146154,2
8814,66000,387130000C,(04)23274275,(04)23288582,2025,11,22,13,29,臺中市,北屯區,0,1,0,7,2,6,50,13,9,1,5,4,6,6,4,4,5,4,5,2,16,3,10,3,1,B03,7,5,1,8,2,6,,20,20,1,6,4,120.763685,24.199119,2
8815,66000,387130000C,(04)23274275,(04)23288582,2025,11,22,13,30,臺中市,潭子區,0,1,0,7,2,6,60,3,1,1,5,4,6,6,4,4,10,5,5,2,16,3,10,3,1,B03,7,5,1,8,2,8,,12,12,1,13,4,120.704698,24.205805,2
8816,66000,387130000C,(04)23274275,(04)23288582,2025,11,22,13,30,臺中市,大雅區,0,0,0,7,,,30,,,,,,,,,,,,,,,,,,,B03,,,1,,2,,,84,84,1,12,4,120.662678,24.221138,3
8817,66000,387130000C,(04)23274275,(04)23288582,2025,11,22,13,30,臺中市,北屯區,0,1,0,7,3,6,50,13,8,1,5,4,6,6,4,4,5,5,4,2,17,2,9,1,1,C03,7,9,1,10,7,11,,59,59,1,12,4,120.675679,24.193472,2
8818,66000,387130000C,(04)23274275,(04)23288582,2025,11,22,13,30,臺中市,后里區,0,0,0,7,2,6,50,13,7,1,5,4,6,6,4,4,9,4,4,2,12,3,10,3,1,B12,7,9,1,8,1,6,,8,8,1,12,4,120.712608,24.305473,3
8819,66000,387130000C,(04)23274275,(04)23288582,2025,11,22,13,31,臺中市,北區,0,0,0,7,,,50,,,,,,,,,,,,,,17,,,,,B03,,,1,,2,,,51,51,1,13,4,120.685569,24.155907,3
8820,66000,387130000C,(04)23274275,(04)23288582,2025,11,22,13,34,臺中市,北區,0,2,0,7,2,6,50,3,1,1,5,4,6,6,4,4,5,5,4,2,17,2,9,1,1,C03,7,1,1,10,2,14,,51,51,1,12,4,120.665327,24.159032,2
8821,66000,387130000C,(04)23274275,(04)23288582,2025,11,22,13,34,臺中市,太平區,0,0,0,7,2,6,50,3,1,1,5,4,6,6,4,4,10,5,5,2,13,,,,,C03,,,1,,1,,,84,84,1,12,4,120.712029,24.157321,3
8822,66000,387130000C,(04)23274275,(04)23288582,2025,11,22,13,36,臺中市,西區,0,1,0,7,2,6,50,4,1,1,5,4,6,6,1,1,10,5,5,2,16,3,10,5,4,B03,7,5,1,8,2,5,,47,47,1,13,4,120.674361,24.142875,2
8823,66000,387130000C,(04)23274275,(04)23288582,2025,11,22,13,36,臺中市,南屯區,0,0,0,7,,,50,,,,,,,,,,,,,,,,,,,B03,,,1,,1,,,84,84,1,12,4,120.632344,24.145275,3
8824,66000,387130000C,(04)23274275,(04)23288582,2025,11,22,13,36,臺中市,大里區,0,1,0,7,2,6,50,4,1,5,5,4,6,6,1,1,10,5,5,2,17,2,9,1,1,C03,7,9,1,10,2,11,,7,7,1,12,4,120.674719,24.097795,2
8825,66000,387130000C,(04)23274275,(04)23288582,2025,11,22,13,36,臺中市,大甲區,0,1,0,7,2,6,50,5,2,1,5,4,6,6,1,1,5,5,5,2,16,3,10,3,1,B03,7,5,1,8,2,5,,47,47,1,6,4,120.618447,24.339383,2
8826,66000,387130000C,(04)23274275,(04)23288582,2025,11,22,13,37,臺中市,北區,0,0,0,7,,,40,,,,,,,,,,,,,,17,,,,,C03,,,1,,1,,,42,42,1,13,4,120.672339,24.170855,3
8827,66000,387130000C,(04)23274275,(04)23288582,2025,11,22,13,39,臺中市,北屯區,0,1,0,7,2,6,50,4,1,1,5,4,6,6,1,1,10,5,5,2,12,3,10,3,1,B03,7,9,1,8,2,5,,1,1,1,6,4,120.685498,24.172177,2
8828,66000,387130000C,(04)23274275,(04)23288582,2025,11,22,13,40,臺中市,北屯區,0,0,0,7,,,50,,,,,,,,,,,,,,12,,,,,B12,,,1,,2,,,11,11,1,6,4,120.676206,24.193421,4
8829,66000,387130000C,(04)23274275,(04)23288582,2025,11,22,13,43,臺中市,北屯區,0,0,0,7,,,40,,,,,,,,,,,,,,13,,,,,B03,,,1,,2,,,82,82,1,6,4,120.686582,24.201323,3
8830,66000,387130000C,(04)23274275,(04)23288582,2025,11,22,13,45,臺中市,東區,0,0,0,7,,,50,,,,,,,,,,,,,,,,,,,B03,,,1,,2,,,49,49,1,13,4,120.690874,24.143779,3
8831,66000,387130000C,(04)23274275,(04)23288582,2025,11,22,13,45,臺中市,南屯區,0,0,0,7,,,50,,,,,,,,,,,,,,,,,,,B03,,,1,,1,,,59,59,1,12,4,120.649938,24.133375,3
8832,66000,387130000C,(04)23274275,(04)23288582,2025,11,22,13,48,臺中市,太平區,0,1,0,7,2,6,50,13,9,1,5,4,6,6,2,1,5,4,5,1,16,3,10,3,4,B03,7,11,1,8,2,7,,45,45,1,13,4,120.712548,24.157362,2
8833,66000,387130000C,(04)23274275,(04)23288582,2025,11,22,13,49,臺中市,東區,0,2,0,7,2,6,50,3,1,1,5,4,6,6,4,4,10,5,5,2,16,3,10,3,1,B03,7,5,1,8,2,2,6,11,11,1,12,4,120.696008,24.134907,2
8834,66000,387130000C,(04)23274275,(04)23288582,2025,11,22,13,50,臺中市,北屯區,0,2,0,7,2,6,30,4,1,1,5,4,6,6,4,4,10,5,5,2,16,2,5,3,1,B03,7,6,1,8,1,8,,12,12,1,6,4,120.683819,24.195098,2
8835,66000,387130000C,(04)23274275,(04)23288582,2025,11,22,13,51,臺中市,沙鹿區,0,1,0,7,2,6,40,13,8,1,5,4,6,6,4,4,3,4,4,2,17,2,9,1,1,F01,7,9,7,21,2,12,,82,82,1,13,4,120.558147,24.227092,2
8836,66000,387130000C,(04)23274275,(04)23288582,2025,11,22,13,52,臺中市,大里區,0,0,0,7,,,40,,,,,,,,,,,,,,,,,,,B01,,,1,,9,,,84,84,1,12,4,120.684863,24.100623,3
8837,66000,387130000C,(04)23274275,(04)23288582,2025,11,22,13,54,臺中市,北屯區,0,0,0,7,,,50,,,,,,,,,,,,,,,,,,,B03,,,1,,1,,,85,85,1,6,4,120.742153,24.18123,3
8838,66000,387130000C,(04)23274275,(04)23288582,2025,11,22,13,55,臺中市,神岡區,0,1,0,7,2,6,50,13,9,1,5,4,6,6,4,4,9,5,5,1,17,3,10,3,1,B12,7,5,1,8,2,5,,47,47,1,6,4,120.684321,24.2592,2
8839,66000,387130000C,(04)23274275,(04)23288582,2025,11,22,13,56,臺中市,沙鹿區,0,0,0,7,,,50,,,,,,,,,,,,,,,,,,,B03,,,1,,1,,,59,59,1,6,4,120.569138,24.238937,3
8840,66000,387130000C,(04)23274275,(04)23288582,2025,11,22,13,57,臺中市,西屯區,0,0,0,7,,,50,,,,,,,,,,,,,,14,,,,,B03,,,1,,2,,,50,50,1,12,4,120.609247,24.187763,3
8841,66000,387130000C,(04)23274275,(04)23288582,2025,11,22,13,58,臺中市,東勢區,0,0,0,7,,,50,,,,,,,,,,,,,,13,,,,,B03,,,1,,1,,,7,7,1,13,4,120.824709,24.262952,3
8842,66000,387130000C,(04)23274275,(04)23288582,2025,11,22,13,59,臺中市,潭子區,0,0,0,7,,,50,,,,,,,,,,,,,,2,,,,,C03,,,1,,2,,,84,84,1,12,4,120.707063,24.200364,3
8843,66000,387130000C,(04)23274275,(04)23288582,2025,11,22,14,0,臺中市,沙鹿區,0,1,0,7,2,6,50,3,1,1,5,4,6,6,4,4,10,5,5,2,18,2,6,2,1,C03,7,9,1,10,2,12,,59,59,1,6,4,120.575527,24.207095,2
8844,66000,387130000C,(04)23274275,(04)23288582,2025,11,22,14,0,臺中市,沙鹿區,0,0,0,7,,,50,,,,,,,,,,,,,,13,,,,,B12,,,1,,2,,,7,7,1,6,4,120.563514,24.24201,3
8845,66000,387130000C,(04)23274275,(04)23288582,2025,11,22,14,0,臺中市,豐原區,0,2,0,7,2,6,50,4,1,1,5,4,6,6,1,1,10,5,5,2,16,2,9,1,1,C03,7,6,3,19,2,13,,48,48,1,12,4,120.729374,24.252526,2
8846,66000,387130000C,(04)23274275,(04)23288582,2025,11,22,14,4,臺中市,西區,0,0,0,7,,,50,,,,,,,,,,,,,,,,,,,B03,,,1,,1,,,7,7,1,12,4,120.662609,24.155678,3
8847,66000,387130000C,(04)23274275,(04)23288582,2025,11,22,14,4,臺中市,南區,0,1,0,7,3,6,50,4,1,1,5,4,6,6,2,1,1,5,5,2,12,3,10,3,1,B03,7,5,1,8,2,2,,47,47,1,13,4,120.670123,24.119005,2
8848,66000,387130000C,(04)23274275,(04)23288582,2025,11,22,14,4,臺中市,南區,0,0,0,7,,,50,,,,,,,,,,,,,,13,,,,,C03,,,1,,2,,,7,7,1,6,4,120.647135,24.110799,3
8849,66000,387130000C,(04)23274275,(04)23288582,2025,11,22,14,4,臺中市,豐原區,0,0,0,7,2,6,50,3,1,1,5,4,6,6,4,4,10,5,5,2,14,3,10,3,1,B12,7,2,1,8,2,7,,49,49,1,12,4,120.721275,24.250628,3
8850,66000,387130000C,(04)23274275,(04)23288582,2025,11,22,14,6,臺中市,大雅區,0,1,0,7,3,6,50,4,1,1,5,4,6,6,1,3,10,5,5,2,17,2,9,1,1,C03,7,4,1,10,2,14,,84,84,1,12,4,120.664176,24.207786,2
8851,66000,387130000C,(04)23274275,(04)23288582,2025,11,22,14,8,臺中市,大里區,0,1,0,7,3,6,50,3,2,1,5,4,6,6,4,4,5,5,5,1,13,2,8,1,1,C03,7,9,1,10,2,11,,7,7,1,5,4,120.704913,24.08785,2
8852,66000,387130000C,(04)23274275,(04)23288582,2025,11,22,14,10,臺中市,大甲區,0,0,0,7,,,50,,,,,,,,,,,,,,12,,,,,C03,,,1,,1,,,84,84,1,6,4,120.625511,24.346251,3
8853,66000,387130000C,(04)23274275,(04)23288582,2025,11,22,14,12,臺中市,南屯區,0,0,0,7,,,50,,,,,,,,,,,,,,12,,,,,B03,,,1,,1,,,40,40,1,13,4,120.649629,24.132029,3
8854,66000,387130000C,(04)23274275,(04)23288582,2025,11,22,14,15,臺中市,中區,0,2,0,7,2,6,50,3,1,1,5,4,6,6,1,1,10,5,5,2,16,3,10,5,4,B01,7,5,1,10,2,5,,84,84,1,13,4,120.684916,24.137577,2
8855,66000,387130000C,(04)23274275,(04)23288582,2025,11,22,14,16,臺中市,大甲區,0,0,0,7,,,50,,,,,,,,,,,,,,14,,,,,B03,,,1,,1,,,49,49,1,12,4,120.626625,24.348599,4
8856,66000,387130000C,(04)23274275,(04)23288582,2025,11,22,14,19,臺中市,豐原區,0,0,0,7,,,50,,,,,,,,,,,,,,12,,,,,B03,,,1,,2,,,40,40,1,13,4,120.759169,24.276609,3
8857,66000,387130000C,(04)23274275,(04)23288582,2025,11,22,14,20,臺中市,沙鹿區,0,0,0,7,,,30,,,,,,,,,,,,,,17,,,,,F03,,,1,,2,,,59,59,1,12,4,120.573335,24.257851,4
8858,66000,387130000C,(04)23274275,(04)23288582,2025,11,22,14,27,臺中市,太平區,0,1,0,7,2,6,50,4,1,1,5,4,6,6,2,1,10,5,5,2,11,3,10,3,1,B03,7,6,1,8,2,5,,48,48,1,12,4,120.722508,24.133791,2
8859,66000,387130000C,(04)23274275,(04)23288582,2025,11,22,14,29,臺中市,南區,0,2,0,7,3,6,50,4,9,1,5,4,6,6,4,4,3,5,5,2,18,2,9,5,4,C03,7,9,1,10,2,16,,84,84,1,6,4,120.682471,24.128714,2