序號,縣市別代碼,機關代碼,市話,傳真,年,月,日,時,分,縣市,區,死亡數量,受傷數量,2-30,天候,道路照明設備,道路類別,道路速限,道路型態,事故位置,路面鋪裝,路面狀態,路面缺陷,障礙物,視距,號誌種類,號誌動作,分向設施,快車道或一般車道間,快慢車道間,路面邊線,事故類型及型態,受傷程度,主要傷處,保護裝備,行動電話或功能裝置,當事者區分(類別),車輛用途,當事者行動狀態,駕照狀態,駕照種類,飲酒情形,車輛撞擊部位最初,車輛撞擊部位其他,肇事因素個別,肇事因素主要,肇事逃逸,職業,共享經濟或外送平台,GPS座標X,GPS座標Y,事故類別
8860,66000,387130000C,(04)23274275,(04)23288582,2025,11,22,14,29,臺中市,北屯區,0,2,0,7,1,6,50,4,2,1,5,4,6,6,4,4,5,5,5,2,12,2,9,1,1,C03,7,9,1,10,2,12,,84,84,1,13,4,120.711228,24.173344,2
8861,66000,387130000C,(04)23274275,(04)23288582,2025,11,22,14,32,臺中市,北屯區,0,0,0,7,,,50,,,,,,,,,,,,,,,,,,,B03,,,1,,1,,,49,49,1,6,4,120.740506,24.180414,3
8862,66000,387130000C,(04)23274275,(04)23288582,2025,11,22,14,33,臺中市,潭子區,0,0,0,7,,,50,,,,,,,,,,,,,,,,,,,B03,,,1,,2,,,84,84,1,13,4,120.693019,24.21591,3
8863,66000,387130000C,(04)23274275,(04)23288582,2025,11,22,14,35,臺中市,北屯區,0,0,0,7,,,40,,,,,,,,,,,,,,12,,,,,A05,,,1,,2,,,8,8,1,6,4,120.680009,24.200821,3
8864,66000,387130000C,(04)23274275,(04)23288582,2025,11,22,14,43,臺中市,南屯區,0,0,0,7,,,50,,,,,,,,,,,,,,17,,,,,A41,,,1,,11,,,80,80,2,12,4,120.587486,24.160925,3
8865,66000,387130000C,(04)23274275,(04)23288582,2025,11,22,14,43,臺中市,南屯區,0,1,0,7,3,6,50,13,9,1,5,4,6,6,1,1,1,4,5,2,12,3,10,1,1,C03,7,9,1,10,2,12,,8,8,1,12,4,120.646789,24.146405,2
8866,66000,387130000C,(04)23274275,(04)23288582,2025,11,22,14,46,臺中市,西屯區,0,0,0,7,,,30,,,,,,,,,,,,,,13,,,,,B03,,,1,,1,,,59,59,1,12,4,120.645035,24.201581,3
8867,66000,387130000C,(04)23274275,(04)23288582,2025,11,22,14,47,臺中市,北區,0,0,0,7,,,50,,,,,,,,,,,,,,,,,,,B03,,,1,,2,,,8,8,1,13,4,120.691723,24.160167,3
8868,66000,387130000C,(04)23274275,(04)23288582,2025,11,22,14,50,臺中市,沙鹿區,0,0,0,7,,,50,,,,,,,,,,,,,,,,,,,B03,,,1,,1,,,21,21,1,13,4,120.571159,24.241241,3
8869,66000,387130000C,(04)23274275,(04)23288582,2025,11,22,14,50,臺中市,和平區,0,0,0,7,2,2,30,11,9,1,5,4,6,6,4,4,10,5,5,1,11,,,,,B03,,,1,,2,,,41,41,1,12,4,121.297852,24.325565,3
8870,66000,387130000C,(04)23274275,(04)23288582,2025,11,22,14,53,臺中市,南區,0,0,0,7,,,40,,,,,,,,,,,,,,,,,,,B03,,,1,,2,,,84,84,1,12,4,120.65918,24.11349,3
8871,66000,387130000C,(04)23274275,(04)23288582,2025,11,22,14,55,臺中市,南屯區,0,0,0,7,,,50,,,,,,,,,,,,,,11,,,,,B12,,,1,,1,,,8,8,1,13,4,120.648254,24.147449,3
8872,66000,387130000C,(04)23274275,(04)23288582,2025,11,22,14,59,臺中市,中區,0,2,0,7,2,6,50,4,2,1,5,4,6,6,2,1,7,2,5,2,12,2,9,2,1,C03,7,8,1,10,2,14,,40,40,1,12,4,120.683807,24.138724,2
8873,66000,387130000C,(04)23274275,(04)23288582,2025,11,22,15,0,臺中市,大雅區,0,0,0,7,,,50,,,,,,,,,,,,,,,,,,,,,,,,,,,86,86,1,,,120.650296,24.243473,3
8874,66000,387130000C,(04)23274275,(04)23288582,2025,11,22,15,5,臺中市,大里區,0,0,0,7,,,30,,,,,,,,,,,,,,,,,,,B03,,,1,,2,,,59,59,1,12,4,120.687768,24.100703,3
8875,66000,387130000C,(04)23274275,(04)23288582,2025,11,22,15,5,臺中市,豐原區,0,1,0,7,2,6,30,4,1,1,5,4,6,6,4,4,10,5,5,2,15,2,9,1,1,C03,7,9,1,10,2,11,,15,15,1,12,4,120.736937,24.27708,2
8876,66000,387130000C,(04)23274275,(04)23288582,2025,11,22,15,9,臺中市,石岡區,0,3,0,7,3,6,30,11,9,1,5,4,6,6,4,4,10,5,5,1,11,2,9,5,4,C03,7,9,1,10,2,14,,85,85,1,13,4,120.796775,24.274752,2
8877,66000,387130000C,(04)23274275,(04)23288582,2025,11,22,15,10,臺中市,南區,0,0,0,7,,,50,,,,,,,,,,,,,,13,,,,,C03,,,1,,1,,,84,84,1,12,4,120.670047,24.126452,3
8878,66000,387130000C,(04)23274275,(04)23288582,2025,11,22,15,15,臺中市,大里區,0,1,0,7,2,6,50,13,9,1,5,4,6,6,4,4,5,5,5,1,17,2,8,1,1,C03,7,6,1,10,2,11,,4,4,1,6,4,120.70315,24.093255,2
8879,66000,387130000C,(04)23274275,(04)23288582,2025,11,22,15,17,臺中市,新社區,0,2,0,7,2,6,50,4,1,1,5,4,6,6,4,4,10,5,5,2,17,2,9,3,1,B03,7,6,1,8,2,4,,12,12,1,12,4,120.795936,24.224481,2
8880,66000,387130000C,(04)23274275,(04)23288582,2025,11,22,15,18,臺中市,西屯區,0,0,0,7,,,50,,,,,,,,,,,,,,,,,,,C03,,,1,,2,,,51,51,1,12,4,120.644289,24.174818,4
8881,66000,387130000C,(04)23274275,(04)23288582,2025,11,22,15,25,臺中市,大里區,0,0,0,7,,3,80,,,,,,,,,,,,,,13,,,,,B03,,,1,,1,,,7,7,1,12,4,120.683068,24.08661,3
8882,66000,387130000C,(04)23274275,(04)23288582,2025,11,22,15,27,臺中市,后里區,0,0,0,7,2,6,50,13,8,1,5,4,6,6,4,3,5,4,4,2,13,,,,,B03,,,1,,1,,,59,59,1,6,4,120.701561,24.324651,3
8883,66000,387130000C,(04)23274275,(04)23288582,2025,11,22,15,29,臺中市,太平區,0,2,0,7,2,6,50,13,9,1,5,4,6,6,4,4,10,5,5,2,17,3,10,3,1,B03,7,1,1,8,2,8,,51,51,1,12,4,120.724093,24.155207,2
8884,66000,387130000C,(04)23274275,(04)23288582,2025,11,22,15,30,臺中市,北區,0,0,0,7,,,50,,,,,,,,,,,,,,,,,,,,,,,,,,,119,119,1,,,120.685558,24.16386,3
8885,66000,387130000C,(04)23274275,(04)23288582,2025,11,22,15,30,臺中市,西屯區,0,0,0,7,,,30,,,,,,,,,,,,,,17,,,,,B03,,,1,,11,,,8,8,1,13,4,120.640486,24.17864,3
8886,66000,387130000C,(04)23274275,(04)23288582,2025,11,22,15,32,臺中市,南區,0,0,0,7,,,50,,,,,,,,,,,,,,17,,,,,B03,,,1,,1,,,7,7,1,12,4,120.66524,24.123691,3
8887,66000,387130000C,(04)23274275,(04)23288582,2025,11,22,15,35,臺中市,南屯區,0,0,0,7,,,50,,,,,,,,,,,,,,,,,,,B12,,,1,,1,,,49,49,1,12,4,120.642676,24.137143,3
8888,66000,387130000C,(04)23274275,(04)23288582,2025,11,22,15,35,臺中市,西屯區,0,0,0,7,,,50,,,,,,,,,,,,,,13,,,,,B03,,,1,,2,,,7,7,1,13,4,120.656648,24.200889,3
8889,66000,387130000C,(04)23274275,(04)23288582,2025,11,22,15,38,臺中市,南屯區,0,1,0,7,2,6,50,13,9,1,5,4,6,6,4,4,9,5,5,2,17,3,10,3,1,B03,7,3,1,8,2,7,,50,50,1,12,4,120.652538,24.141835,2
8890,66000,387130000C,(04)23274275,(04)23288582,2025,11,22,15,39,臺中市,大里區,0,0,0,7,,6,50,,,,,,,,,,,,,,17,,,,,B03,,,1,8,1,,,84,84,1,13,4,120.70262,24.093355,3
8891,66000,387130000C,(04)23274275,(04)23288582,2025,11,22,15,40,臺中市,西屯區,0,0,0,7,,,30,,,,,,,,,,,,,,14,,,,,B03,,,1,,2,,,59,59,1,12,4,120.613534,24.179665,3
8892,66000,387130000C,(04)23274275,(04)23288582,2025,11,22,15,43,臺中市,霧峰區,1,0,0,7,2,6,60,13,8,1,5,4,6,6,4,4,1,4,4,1,13,1,9,1,1,C03,7,9,1,10,2,11,,59,59,1,6,4,120.692882,24.038971,1
8893,66000,387130000C,(04)23274275,(04)23288582,2025,11,22,15,45,臺中市,沙鹿區,0,0,0,7,,,40,,,,,,,,,,,,,,,,,,,A04,,,1,,2,,,8,8,1,6,4,120.578891,24.221792,3
8894,66000,387130000C,(04)23274275,(04)23288582,2025,11,22,15,47,臺中市,西區,0,0,0,7,,,50,,,,,,,,,,,,,,,,,,,B03,,,1,8,2,,,84,84,1,13,4,120.662011,24.156228,3
8895,66000,387130000C,(04)23274275,(04)23288582,2025,11,22,15,51,臺中市,北屯區,0,1,0,7,3,6,50,4,1,1,5,4,6,6,1,1,10,5,5,2,16,3,10,3,1,B02,7,5,1,8,2,6,,85,85,1,12,4,120.721025,24.17259,2
8896,66000,387130000C,(04)23274275,(04)23288582,2025,11,22,15,52,臺中市,南屯區,0,1,0,7,3,6,50,13,8,1,5,4,6,6,4,4,1,4,4,2,12,3,10,3,1,B03,7,7,1,8,2,2,,40,40,1,13,4,120.633888,24.151016,2
8897,66000,387130000C,(04)23274275,(04)23288582,2025,11,22,15,52,臺中市,烏日區,0,1,0,7,2,6,50,4,19,1,5,4,6,6,1,1,10,5,5,2,3,3,10,5,4,B03,7,6,1,8,2,1,,10,10,1,6,4,120.625927,24.105991,2
8898,66000,387130000C,(04)23274275,(04)23288582,2025,11,22,15,59,臺中市,潭子區,0,0,0,7,,,50,,,,,,,,,,,,,,,,,,,B12,,,1,,2,,,51,51,1,13,4,120.710397,24.209806,3
8899,66000,387130000C,(04)23274275,(04)23288582,2025,11,22,16,0,臺中市,西屯區,0,1,0,7,2,6,50,13,9,1,5,4,6,6,4,4,5,4,5,2,2,3,10,3,1,B03,7,9,1,8,2,5,,84,84,1,12,4,120.620611,24.187083,2
8900,66000,387130000C,(04)23274275,(04)23288582,2025,11,22,16,4,臺中市,東區,0,1,0,7,2,6,50,4,1,1,5,4,6,6,2,1,10,5,5,2,17,3,10,3,1,B01,7,11,1,4,2,5,,45,45,1,12,4,120.684988,24.135202,2
8901,66000,387130000C,(04)23274275,(04)23288582,2025,11,22,16,4,臺中市,太平區,0,1,0,7,2,6,50,3,1,1,5,4,6,6,3,1,10,5,5,2,12,2,9,1,4,C03,7,9,1,10,2,14,,8,8,1,13,4,120.73581,24.133507,2
8902,66000,387130000C,(04)23274275,(04)23288582,2025,11,22,16,10,臺中市,西屯區,0,1,0,7,2,6,60,4,1,1,5,4,6,6,1,1,10,5,5,2,16,3,10,5,4,B03,7,5,1,8,2,5,,38,38,1,12,4,120.656112,24.159271,2
8903,66000,387130000C,(04)23274275,(04)23288582,2025,11,22,16,16,臺中市,北區,0,1,0,7,2,6,50,13,9,1,4,4,6,6,4,4,5,5,5,2,17,2,9,1,1,C03,7,9,1,10,2,12,11,82,82,1,13,4,120.682632,24.154814,2
8904,66000,387130000C,(04)23274275,(04)23288582,2025,11,22,16,16,臺中市,北屯區,0,0,0,7,,,50,,,,,,,,,,,,,,12,,,,,C03,,,5,,2,,,1,1,1,12,4,120.668865,24.175883,4
8905,66000,387130000C,(04)23274275,(04)23288582,2025,11,22,16,18,臺中市,北區,0,1,0,7,2,6,30,4,2,1,5,4,6,6,4,4,10,5,5,2,12,2,9,2,1,C03,7,5,1,10,2,14,,14,14,1,13,4,120.686058,24.161614,2
8906,66000,387130000C,(04)23274275,(04)23288582,2025,11,22,16,19,臺中市,后里區,0,0,0,7,2,6,50,13,14,1,5,4,6,6,4,4,9,4,5,1,12,,,,,B03,,,1,,1,,,84,84,1,6,4,120.698543,24.287266,3
8907,66000,387130000C,(04)23274275,(04)23288582,2025,11,22,16,20,臺中市,南屯區,0,0,0,7,3,6,40,13,7,1,5,4,6,6,4,4,5,5,4,2,14,,,,,C03,,,1,,1,,,49,49,1,12,4,120.62527,24.115267,3
8908,66000,387130000C,(04)23274275,(04)23288582,2025,11,22,16,22,臺中市,北屯區,0,1,0,7,2,6,50,3,1,1,5,4,6,6,4,4,10,5,5,2,16,3,10,1,1,F01,7,6,7,21,2,14,,12,12,1,12,4,120.696169,24.164198,2
8909,66000,387130000C,(04)23274275,(04)23288582,2025,11,22,16,22,臺中市,后里區,0,0,0,7,2,6,40,13,9,1,5,4,6,6,4,4,10,5,5,2,9,3,10,4,1,F02,7,1,7,21,2,11,,51,51,1,3,4,120.720494,24.307531,3
8910,66000,387130000C,(04)23274275,(04)23288582,2025,11,22,16,23,臺中市,西屯區,0,2,0,7,2,6,40,13,8,1,5,4,6,6,4,4,1,5,1,2,13,2,9,2,1,C03,7,9,1,10,2,11,,7,7,1,12,4,120.622855,24.179146,2
8911,66000,387130000C,(04)23274275,(04)23288582,2025,11,22,16,27,臺中市,北屯區,0,1,0,7,3,6,50,13,9,1,5,4,6,6,4,4,1,4,5,2,13,2,8,1,1,C03,7,9,1,10,2,11,,59,59,1,5,4,120.681761,24.178527,2
8912,66000,387130000C,(04)23274275,(04)23288582,2025,11,22,16,27,臺中市,太平區,0,1,0,7,2,6,30,13,9,1,5,4,1,6,4,4,5,5,5,1,17,3,10,3,1,B03,7,1,1,8,2,8,,51,51,1,12,4,120.81818,24.086312,2
8913,66000,387130000C,(04)23274275,(04)23288582,2025,11,22,16,35,臺中市,北屯區,0,1,0,7,3,6,50,3,1,1,5,4,6,6,4,4,10,5,5,2,17,3,10,3,1,B03,7,9,1,8,2,5,,85,85,1,12,4,120.694058,24.164538,2
8914,66000,387130000C,(04)23274275,(04)23288582,2025,11,22,16,35,臺中市,大甲區,0,0,0,7,,,50,,,,,,,,,,,,,,,,,,,B03,,,1,,2,,,84,84,1,6,4,120.627437,24.350645,3
8915,66000,387130000C,(04)23274275,(04)23288582,2025,11,22,16,38,臺中市,北屯區,0,0,0,7,,,50,,,,,,,,,,,,,,14,,,,,B03,,,1,,1,,,49,49,1,12,4,120.729257,24.165279,3
8916,66000,387130000C,(04)23274275,(04)23288582,2025,11,22,16,40,臺中市,潭子區,0,0,0,7,,,50,,,,,,,,,,,,,,9,,,,,B03,,,1,,2,,,8,8,1,12,4,120.707966,24.20608,3
8917,66000,387130000C,(04)23274275,(04)23288582,2025,11,22,16,40,臺中市,西屯區,0,1,0,7,2,6,50,4,1,1,5,4,6,6,2,1,10,5,5,2,16,3,10,3,1,B03,7,5,1,8,2,2,,11,11,1,12,4,120.652727,24.166501,2
8918,66000,387130000C,(04)23274275,(04)23288582,2025,11,22,16,43,臺中市,西區,0,1,0,7,2,6,50,3,1,1,5,4,6,6,4,4,5,4,5,2,3,2,9,6,5,H01,8,16,7,21,10,17,,95,95,1,13,5,120.671926,24.140049,2
8919,66000,387130000C,(04)23274275,(04)23288582,2025,11,22,16,45,臺中市,西屯區,0,3,0,7,2,6,40,13,8,1,5,4,6,6,1,1,3,4,3,2,12,2,9,1,1,C03,7,8,1,10,2,14,,40,40,1,12,4,120.657288,24.158974,2
8920,66000,387130000C,(04)23274275,(04)23288582,2025,11,22,16,46,臺中市,大里區,0,1,0,7,2,6,50,4,2,1,5,4,6,6,1,1,3,3,4,1,12,3,10,5,4,C03,7,15,1,10,2,13,,40,40,1,12,4,120.688334,24.08292,2
8921,66000,387130000C,(04)23274275,(04)23288582,2025,11,22,16,47,臺中市,潭子區,0,3,0,7,2,6,60,4,2,1,5,4,6,6,2,1,1,4,4,1,17,2,5,2,1,C03,7,15,5,19,2,11,,2,2,1,13,4,120.702585,24.190858,2
8922,66000,387130000C,(04)23274275,(04)23288582,2025,11,22,16,49,臺中市,沙鹿區,0,1,0,7,2,6,40,4,1,1,5,4,6,6,1,1,3,4,4,2,15,2,9,1,1,C03,7,9,1,10,2,11,,21,21,1,13,4,120.603614,24.248578,2
8923,66000,387130000C,(04)23274275,(04)23288582,2025,11,22,16,50,臺中市,大雅區,0,1,0,7,2,6,50,3,1,1,5,4,6,6,3,1,10,4,5,1,17,2,9,1,1,C03,7,6,1,10,2,11,,20,20,1,12,4,120.648815,24.218744,2
8924,66000,387130000C,(04)23274275,(04)23288582,2025,11,22,16,50,臺中市,西屯區,0,1,0,7,2,6,50,5,1,1,5,4,6,6,1,1,10,5,5,2,16,3,10,5,4,B03,7,6,1,8,2,8,,11,11,1,12,4,120.616359,24.190983,2
8925,66000,387130000C,(04)23274275,(04)23288582,2025,11,22,16,51,臺中市,太平區,0,1,0,7,2,6,50,4,1,1,5,4,6,6,1,1,10,5,5,2,16,3,10,3,1,B03,7,6,1,8,2,1,,65,65,1,12,4,120.724719,24.141939,2
8926,66000,387130000C,(04)23274275,(04)23288582,2025,11,22,16,54,臺中市,潭子區,0,1,0,7,1,6,50,3,1,1,5,4,6,6,4,4,10,5,5,2,16,2,8,2,1,C03,7,6,1,10,2,14,,48,48,1,12,4,120.697884,24.197015,2
8927,66000,387130000C,(04)23274275,(04)23288582,2025,11,22,16,56,臺中市,大雅區,0,1,0,7,3,6,50,3,2,1,5,4,6,6,4,4,5,5,4,1,12,3,10,5,4,B03,7,13,1,8,9,4,,76,76,1,12,4,120.640437,24.219095,2
8928,66000,387130000C,(04)23274275,(04)23288582,2025,11,22,16,58,臺中市,東區,0,0,0,7,,,50,,,,,,,,,,,,,,17,,,,,G03,,,7,,1,,,84,84,1,12,4,120.706237,24.146691,4
8929,66000,387130000C,(04)23274275,(04)23288582,2025,11,22,17,2,臺中市,豐原區,0,0,0,7,,,30,,,,,,,,,,,,,,13,,,,,C03,,,1,,2,,,7,7,1,13,4,120.730278,24.267978,3
8930,66000,387130000C,(04)23274275,(04)23288582,2025,11,22,17,5,臺中市,清水區,0,1,0,7,2,6,50,4,1,1,5,4,6,6,2,1,1,2,5,1,16,3,10,3,1,B03,7,6,1,8,2,2,,11,11,1,13,4,120.564521,24.277022,2
8931,66000,387130000C,(04)23274275,(04)23288582,2025,11,22,17,10,臺中市,豐原區,0,2,0,7,1,6,50,13,19,1,5,4,6,6,1,1,10,5,5,2,3,3,10,1,1,C03,7,9,1,10,2,16,,10,10,1,12,4,120.719008,24.261123,2
8932,66000,387130000C,(04)23274275,(04)23288582,2025,11,22,17,11,臺中市,南區,0,2,0,7,1,6,50,5,1,1,5,4,6,6,1,1,9,4,5,2,17,2,9,2,1,C03,7,9,1,10,2,11,,7,7,1,12,4,120.684193,24.124041,2
8933,66000,387130000C,(04)23274275,(04)23288582,2025,11,22,17,11,臺中市,烏日區,0,0,0,7,1,6,60,13,9,1,5,4,6,6,4,4,1,4,5,1,13,3,10,3,1,B03,7,7,1,8,1,5,,40,40,1,6,4,120.6336,24.105915,3
8934,66000,387130000C,(04)23274275,(04)23288582,2025,11,22,17,13,臺中市,南屯區,0,1,0,7,1,6,50,4,1,1,5,4,6,6,1,1,5,5,4,2,3,3,10,3,1,B03,7,6,1,8,2,5,,10,10,1,13,4,120.625996,24.112815,2
8935,66000,387130000C,(04)23274275,(04)23288582,2025,11,22,17,14,臺中市,大里區,0,2,0,7,1,6,50,13,8,1,5,4,6,6,4,4,1,4,5,1,12,2,9,1,1,C03,7,9,1,10,4,11,,53,53,1,12,4,120.689223,24.093268,2
8936,66000,387130000C,(04)23274275,(04)23288582,2025,11,22,17,16,臺中市,外埔區,0,0,0,7,2,6,50,3,1,1,5,4,6,6,4,4,5,4,4,1,15,,,,,B03,,,1,,2,,,87,87,1,6,4,120.626801,24.33514,3
8937,66000,387130000C,(04)23274275,(04)23288582,2025,11,22,17,21,臺中市,太平區,0,1,0,7,2,6,50,3,1,1,5,4,6,6,2,1,10,5,5,2,17,3,10,3,1,B03,7,6,1,8,2,1,,11,11,1,12,4,120.71275,24.13858,2
8938,66000,387130000C,(04)23274275,(04)23288582,2025,11,22,17,22,臺中市,北屯區,0,1,0,7,1,6,50,5,1,1,5,4,6,6,1,1,10,5,5,2,16,3,10,3,1,B03,7,5,1,8,2,5,,11,11,1,12,4,120.693482,24.176418,2
8939,66000,387130000C,(04)23274275,(04)23288582,2025,11,22,17,24,臺中市,沙鹿區,0,1,0,6,2,6,50,5,2,1,5,4,6,6,4,4,8,3,5,1,17,3,10,5,4,B03,7,1,1,8,2,1,,51,51,1,13,4,120.560881,24.237844,2
8940,66000,387130000C,(04)23274275,(04)23288582,2025,11,22,17,26,臺中市,東區,0,3,0,7,1,6,50,4,1,1,5,4,6,6,1,1,10,5,5,2,15,2,7,2,1,C03,7,9,1,10,2,11,,21,21,1,13,4,120.702184,24.138882,2
8941,66000,387130000C,(04)23274275,(04)23288582,2025,11,22,17,28,臺中市,西屯區,0,0,0,7,,,40,,,,,,,,,,,,,,13,,,,,B03,,,1,,1,,,7,7,1,13,4,120.638971,24.169718,3
8942,66000,387130000C,(04)23274275,(04)23288582,2025,11,22,17,31,臺中市,豐原區,0,1,0,7,1,6,50,3,1,1,5,4,6,6,4,4,1,4,4,2,12,3,10,3,1,B03,7,5,1,8,2,2,,14,14,1,12,4,120.72842,24.257738,2
8943,66000,387130000C,(04)23274275,(04)23288582,2025,11,22,17,34,臺中市,龍井區,0,0,0,7,,,50,,,,,,,,,,,,,,13,,,,,B03,,,1,,1,,,56,56,1,6,4,120.575829,24.178684,3
8944,66000,387130000C,(04)23274275,(04)23288582,2025,11,22,17,34,臺中市,神岡區,0,2,0,7,3,6,30,3,1,1,5,4,6,6,4,4,3,4,5,1,16,2,8,1,1,C03,7,1,1,10,2,14,,51,51,1,13,4,120.685878,24.246666,2
8945,66000,387130000C,(04)23274275,(04)23288582,2025,11,22,17,35,臺中市,龍井區,0,0,0,7,,,50,,,,,,,,,,,,,,,,,,,C03,,,1,,2,,,68,68,1,12,4,120.545166,24.181103,3
8946,66000,387130000C,(04)23274275,(04)23288582,2025,11,22,17,36,臺中市,新社區,0,0,0,7,,,50,,,,,,,,,,,,,,,,,,,C03,,,1,,2,,,43,43,1,13,4,120.809926,24.243311,3
8947,66000,387130000C,(04)23274275,(04)23288582,2025,11,22,17,37,臺中市,大里區,0,0,0,7,,3,80,,,,,,,,,,,,,,17,,,,,B03,,,1,8,1,,,84,84,1,13,4,120.682594,24.078097,3
8948,66000,387130000C,(04)23274275,(04)23288582,2025,11,22,17,38,臺中市,后里區,0,1,0,7,1,6,50,4,1,1,5,4,6,6,1,1,3,2,4,1,18,2,9,1,1,C03,7,9,1,8,2,14,,84,84,1,6,4,120.723319,24.32404,2
8949,66000,387130000C,(04)23274275,(04)23288582,2025,11,22,17,39,臺中市,龍井區,0,0,0,7,,,50,,,,,,,,,,,,,,9,,,,,B03,,,1,,1,,,54,54,1,6,4,120.573984,24.185595,3
8950,66000,387130000C,(04)23274275,(04)23288582,2025,11,22,17,40,臺中市,西區,0,0,0,7,,,0,,,,,,,,,,,,,,,,,,,C03,,,1,,1,,,85,85,1,6,4,120.665068,24.151431,3
8951,66000,387130000C,(04)23274275,(04)23288582,2025,11,22,17,42,臺中市,新社區,0,1,0,7,1,6,50,3,1,1,5,4,6,6,4,4,5,5,5,1,16,3,10,5,4,B03,7,6,1,8,2,1,,14,14,1,13,4,120.783483,24.213407,2
8952,66000,387130000C,(04)23274275,(04)23288582,2025,11,22,17,43,臺中市,新社區,0,1,0,7,1,6,50,4,1,1,5,4,6,6,4,4,10,5,5,2,17,2,9,2,1,C03,7,9,1,10,2,12,,12,12,1,12,4,120.800684,24.201174,2
8953,66000,387130000C,(04)23274275,(04)23288582,2025,11,22,17,44,臺中市,大里區,0,0,0,7,,,50,,,,,,,,,,,,,,13,,,,,C03,,,1,,2,,,7,7,1,13,4,120.679075,24.114945,3
8954,66000,387130000C,(04)23274275,(04)23288582,2025,11,22,17,45,臺中市,北屯區,0,0,0,7,,,50,,,,,,,,,,,,,,14,,,,,B03,,,1,,1,,,49,49,1,12,4,120.705802,24.190686,3
8955,66000,387130000C,(04)23274275,(04)23288582,2025,11,22,17,48,臺中市,東區,0,1,0,7,1,6,50,13,9,1,5,4,6,6,4,4,5,5,4,2,16,3,10,3,1,B03,7,11,1,8,1,4,,45,45,1,12,4,120.699663,24.136014,2
8956,66000,387130000C,(04)23274275,(04)23288582,2025,11,22,17,48,臺中市,東區,0,2,0,7,1,6,50,4,1,1,5,4,6,6,2,1,10,5,5,2,16,2,1,3,1,B03,7,6,1,8,2,6,,11,11,1,12,4,120.690171,24.126347,2
8957,66000,387130000C,(04)23274275,(04)23288582,2025,11,22,17,51,臺中市,北屯區,0,0,0,7,,,50,,,,,,,,,,,,,,12,,,,,B03,,,1,,1,,,1,35,1,13,4,120.741987,24.180875,3
8958,66000,387130000C,(04)23274275,(04)23288582,2025,11,22,17,51,臺中市,東勢區,0,3,0,7,1,6,50,4,1,1,5,4,6,6,1,1,10,5,5,2,16,2,9,1,1,C03,7,6,1,8,2,11,,11,11,1,12,4,120.833575,24.251164,2
8959,66000,387130000C,(04)23274275,(04)23288582,2025,11,22,17,52,臺中市,北屯區,0,1,0,7,1,6,40,4,2,1,5,4,5,6,1,1,4,4,4,2,30,2,9,1,1,C03,7,9,1,10,2,14,,84,84,1,6,4,120.690475,24.173716,2
8960,66000,387130000C,(04)23274275,(04)23288582,2025,11,22,17,53,臺中市,大里區,0,2,0,7,1,6,50,5,1,1,5,4,6,6,1,1,10,5,5,2,12,2,9,5,4,C03,7,8,1,10,2,14,,84,84,1,12,4,120.690191,24.092582,2
8961,66000,387130000C,(04)23274275,(04)23288582,2025,11,22,17,54,臺中市,西屯區,0,1,0,7,1,6,50,13,8,1,5,4,6,6,4,4,1,4,1,2,12,3,10,5,4,B03,7,7,1,8,2,5,,40,40,1,13,4,120.634701,24.172597,2
8962,66000,387130000C,(04)23274275,(04)23288582,2025,11,22,17,56,臺中市,西屯區,0,0,0,7,,,50,,,,,,,,,,,,,,13,,,,,B03,,,1,,1,,,59,59,1,12,4,120.657167,24.2005,3
8963,66000,387130000C,(04)23274275,(04)23288582,2025,11,22,17,58,臺中市,東區,0,0,0,7,,,50,,,,,,,,,,,,,,17,,,,,B03,,,1,,2,,,84,84,1,12,4,120.696678,24.150663,4
8964,66000,387130000C,(04)23274275,(04)23288582,2025,11,22,17,59,臺中市,大里區,0,0,0,6,1,6,50,,9,1,5,4,6,6,1,1,1,4,5,1,13,,,,,C03,,,1,,2,,,59,59,1,12,4,120.681434,24.104305,3
8965,66000,387130000C,(04)23274275,(04)23288582,2025,11,22,18,0,臺中市,北區,0,0,0,7,,,50,,,,,,,,,,,,,,17,,,,,B03,,,1,,1,,,84,84,1,13,4,120.685872,24.147663,3
8966,66000,387130000C,(04)23274275,(04)23288582,2025,11,22,18,0,臺中市,西屯區,0,0,0,7,,,50,,,,,,,,,,,,,,13,,,,,B03,,,1,,1,,,7,7,1,12,4,120.637465,24.179054,3
8967,66000,387130000C,(04)23274275,(04)23288582,2025,11,22,18,0,臺中市,太平區,0,0,0,7,,,30,,,,,,,,,,,,,,17,,,,,F03,,,7,,2,,,84,84,1,12,4,120.717019,24.117418,3
8968,66000,387130000C,(04)23274275,(04)23288582,2025,11,22,18,3,臺中市,西區,0,2,0,7,2,6,40,4,1,1,5,4,6,6,1,1,10,5,5,2,3,2,9,2,1,C03,7,9,1,10,2,11,,10,10,1,12,4,120.662609,24.155678,2
8969,66000,387130000C,(04)23274275,(04)23288582,2025,11,22,18,4,臺中市,北區,0,0,0,7,,,50,,,,,,,,,,,,,,,,,,,B03,,,1,,1,,,7,7,1,12,4,120.698304,24.155297,3
8970,66000,387130000C,(04)23274275,(04)23288582,2025,11,22,18,6,臺中市,西屯區,0,0,0,7,,,50,,,,,,,,,,,,,,13,,,,,B03,,,1,,1,,,78,78,1,12,4,120.650961,24.165325,3