序號,縣市別代碼,機關代碼,市話,傳真,年,月,日,時,分,縣市,區,死亡數量,受傷數量,2-30,天候,道路照明設備,道路類別,道路速限,道路型態,事故位置,路面鋪裝,路面狀態,路面缺陷,障礙物,視距,號誌種類,號誌動作,分向設施,快車道或一般車道間,快慢車道間,路面邊線,事故類型及型態,受傷程度,主要傷處,保護裝備,行動電話或功能裝置,當事者區分(類別),車輛用途,當事者行動狀態,駕照狀態,駕照種類,飲酒情形,車輛撞擊部位最初,車輛撞擊部位其他,肇事因素個別,肇事因素主要,肇事逃逸,職業,共享經濟或外送平台,GPS座標X,GPS座標Y,事故類別
8971,66000,387130000C,(04)23274275,(04)23288582,2025,11,22,18,7,臺中市,清水區,0,4,0,7,1,6,50,4,1,1,5,4,6,6,1,1,8,3,4,1,17,2,9,1,1,C03,7,5,1,10,2,12,,20,20,1,12,4,120.603179,24.309908,2
8972,66000,387130000C,(04)23274275,(04)23288582,2025,11,22,18,14,臺中市,南區,0,2,0,7,1,6,50,13,9,1,5,4,6,6,4,4,3,4,5,2,17,2,7,3,1,B03,7,14,1,8,2,4,,76,76,1,12,4,120.665054,24.119267,2
8973,66000,387130000C,(04)23274275,(04)23288582,2025,11,22,18,14,臺中市,北屯區,0,0,0,7,,,30,,,,,,,,,,,,,,1,,,,,B03,,,1,,9,,,8,8,1,12,4,120.66315,24.199001,3
8974,66000,387130000C,(04)23274275,(04)23288582,2025,11,22,18,16,臺中市,北屯區,0,2,0,7,1,6,50,11,9,1,5,4,6,6,4,4,3,3,5,2,18,2,9,2,1,C03,7,9,1,10,2,11,12,82,82,1,13,4,120.785983,24.205485,2
8975,66000,387130000C,(04)23274275,(04)23288582,2025,11,22,18,16,臺中市,神岡區,0,0,0,7,1,6,50,13,14,1,,4,6,6,4,4,1,4,5,1,9,3,10,3,1,B03,7,9,1,8,7,5,,21,21,1,6,4,120.690514,24.247679,3
8976,66000,387130000C,(04)23274275,(04)23288582,2025,11,22,18,18,臺中市,中區,0,0,0,7,,,30,,,,,,,,,,,,,,,,,,,B03,,,1,,1,,,49,49,2,13,4,120.681948,24.14559,3
8977,66000,387130000C,(04)23274275,(04)23288582,2025,11,22,18,26,臺中市,北區,0,1,0,7,1,6,50,4,2,1,5,4,6,6,4,4,10,5,5,2,17,2,9,2,1,C03,7,9,1,10,2,11,,15,15,1,13,4,120.666755,24.160421,2
8978,66000,387130000C,(04)23274275,(04)23288582,2025,11,22,18,30,臺中市,北屯區,0,0,0,7,,,50,,,,,,,,,,,,,,,,,,,B03,,,1,,1,,,45,45,1,12,4,120.737274,24.174377,3
8979,66000,387130000C,(04)23274275,(04)23288582,2025,11,22,18,32,臺中市,霧峰區,0,0,0,7,,,30,,,,,,,,,,,,,,17,,,,,C03,,,1,10,1,,,84,84,1,13,4,120.664821,24.057014,3
8980,66000,387130000C,(04)23274275,(04)23288582,2025,11,22,18,35,臺中市,神岡區,0,0,0,7,,,50,,,,,,,,,,,,,,12,,,,,B03,,,1,,1,,,7,7,1,13,4,120.69866,24.248661,3
8981,66000,387130000C,(04)23274275,(04)23288582,2025,11,22,18,36,臺中市,豐原區,0,1,0,7,1,6,50,3,1,1,5,4,6,5,2,1,5,5,4,2,16,3,10,1,1,C03,7,6,1,10,2,11,,11,11,1,13,4,120.726351,24.242439,2
8982,66000,387130000C,(04)23274275,(04)23288582,2025,11,22,18,39,臺中市,沙鹿區,0,1,0,7,1,6,50,4,1,1,5,4,6,6,4,4,10,5,5,2,17,3,10,3,1,B03,7,11,1,8,2,4,,45,45,1,6,4,120.575375,24.218723,2
8983,66000,387130000C,(04)23274275,(04)23288582,2025,11,22,18,45,臺中市,南區,0,1,0,7,1,6,40,13,12,1,5,4,6,6,1,1,4,4,5,2,13,3,10,2,1,C03,7,9,1,10,2,11,,7,7,1,13,4,120.650776,24.121091,2
8984,66000,387130000C,(04)23274275,(04)23288582,2025,11,22,18,46,臺中市,北區,0,2,0,7,3,6,50,4,2,1,5,4,6,6,1,1,5,4,4,2,16,3,10,5,4,B03,7,6,1,8,2,2,,11,11,1,13,4,120.669201,24.162954,2
8985,66000,387130000C,(04)23274275,(04)23288582,2025,11,22,18,47,臺中市,大里區,0,1,0,7,1,6,50,13,9,1,5,4,6,6,4,4,5,5,5,2,28,2,9,5,4,C03,7,9,1,10,2,11,,84,84,1,13,4,120.696564,24.120619,2
8986,66000,387130000C,(04)23274275,(04)23288582,2025,11,22,18,49,臺中市,西區,0,0,0,7,,,50,,,,,,,,,,,,,,,,,,,,,,,,,,,86,86,1,,,120.662988,24.150849,3
8987,66000,387130000C,(04)23274275,(04)23288582,2025,11,22,18,54,臺中市,北區,0,2,0,7,1,6,0,13,9,1,5,4,6,6,4,4,5,5,5,2,3,2,9,6,5,H01,8,16,7,21,10,17,,95,95,1,12,5,120.676575,24.160514,2
8988,66000,387130000C,(04)23274275,(04)23288582,2025,11,22,18,56,臺中市,西屯區,0,1,0,7,1,6,30,3,1,1,5,4,6,6,4,4,10,5,5,2,17,3,10,3,1,B03,7,1,1,8,2,1,,51,51,1,12,4,120.620858,24.184447,2
8989,66000,387130000C,(04)23274275,(04)23288582,2025,11,22,18,58,臺中市,東區,0,0,0,7,,,50,,,,,,,,,,,,,,,,,,,C03,,,1,,9,,,87,87,1,12,4,120.69019,24.14437,3
8990,66000,387130000C,(04)23274275,(04)23288582,2025,11,22,18,59,臺中市,中區,0,0,0,7,,,50,,,,,,,,,,,,,,,,,,,C03,,,5,19,2,,,84,84,1,13,4,120.685428,24.137911,3
8991,66000,387130000C,(04)23274275,(04)23288582,2025,11,22,19,5,臺中市,西屯區,0,1,0,7,1,6,50,4,1,1,5,4,6,6,1,1,10,5,5,2,12,2,9,1,4,C03,7,6,1,10,2,14,,48,48,1,13,4,120.661496,24.164071,2
8992,66000,387130000C,(04)23274275,(04)23288582,2025,11,22,19,6,臺中市,西區,0,2,0,7,1,6,50,13,9,1,5,4,6,6,4,4,1,4,5,2,13,2,9,2,1,C03,7,9,1,10,2,11,,7,7,1,12,4,120.654329,24.150255,2
8993,66000,387130000C,(04)23274275,(04)23288582,2025,11,22,19,6,臺中市,新社區,0,1,0,7,1,6,50,14,9,1,5,4,6,6,4,4,5,5,5,1,17,2,9,5,4,F03,7,10,7,21,2,14,11,18,18,1,13,4,120.794328,24.205746,2
8994,66000,387130000C,(04)23274275,(04)23288582,2025,11,22,19,11,臺中市,后里區,0,2,0,7,1,6,50,4,1,1,5,4,6,6,1,1,5,4,5,1,17,2,1,3,1,B03,7,6,1,8,2,5,,11,11,1,6,4,120.684672,24.309896,2
8995,66000,387130000C,(04)23274275,(04)23288582,2025,11,22,19,18,臺中市,西屯區,0,0,0,7,,,70,,,,,,,,,,,,,,13,,,,,B03,,,1,,1,,,7,7,1,5,4,120.593044,24.183185,3
8996,66000,387130000C,(04)23274275,(04)23288582,2025,11,22,19,22,臺中市,北區,0,0,0,7,,,50,,,,,,,,,,,,,,12,,,,,B03,,,1,,2,,,40,40,1,13,4,120.675106,24.16506,3
8997,66000,387130000C,(04)23274275,(04)23288582,2025,11,22,19,25,臺中市,西屯區,0,2,0,7,1,6,50,13,7,1,5,4,6,6,4,4,4,5,4,2,18,2,9,5,4,C03,7,9,1,10,2,14,,84,84,1,13,4,120.64149,24.176942,2
8998,66000,387130000C,(04)23274275,(04)23288582,2025,11,22,19,29,臺中市,北屯區,0,0,0,7,,,30,,,,,,,,,,,,,,17,,,,,C03,,,1,,9,,,77,77,1,6,4,120.665402,24.182924,3
8999,66000,387130000C,(04)23274275,(04)23288582,2025,11,22,19,35,臺中市,西區,0,0,0,7,,,50,,,,,,,,,,,,,,,,,,,B03,,,1,8,1,,,84,84,1,13,4,120.67312,24.149088,4
9000,66000,387130000C,(04)23274275,(04)23288582,2025,11,22,19,35,臺中市,沙鹿區,0,0,0,6,,,50,,,,,,,,,,,,,,,,,,,B03,,,1,,2,,,59,59,1,13,4,120.560579,24.240859,3
9001,66000,387130000C,(04)23274275,(04)23288582,2025,11,22,19,44,臺中市,北屯區,0,1,0,7,1,6,50,4,1,1,5,4,6,6,1,1,10,5,5,2,16,3,10,3,1,B03,7,6,1,8,2,1,,11,11,1,12,4,120.681737,24.177923,2
9002,66000,387130000C,(04)23274275,(04)23288582,2025,11,22,19,45,臺中市,西屯區,0,1,0,7,1,6,50,13,8,1,5,4,6,6,4,4,5,5,4,2,16,3,10,3,1,B03,7,1,1,4,2,4,,51,51,1,12,4,120.666189,24.169889,2
9003,66000,387130000C,(04)23274275,(04)23288582,2025,11,22,19,45,臺中市,大肚區,0,1,0,7,1,6,50,3,1,1,5,4,6,6,1,1,10,5,5,2,16,3,10,3,1,B03,7,6,1,8,2,2,,11,11,1,6,4,120.538118,24.160302,2
9004,66000,387130000C,(04)23274275,(04)23288582,2025,11,22,19,46,臺中市,西區,0,2,0,7,1,6,50,4,1,1,5,4,6,6,4,4,7,4,5,2,15,2,9,2,1,C03,7,9,1,10,2,11,,13,13,1,12,4,120.670958,24.147866,2
9005,66000,387130000C,(04)23274275,(04)23288582,2025,11,22,19,46,臺中市,西屯區,0,1,0,7,1,6,50,13,9,1,5,4,6,6,4,4,5,4,5,2,30,2,9,5,4,C03,7,9,1,10,2,14,,59,59,1,12,4,120.615174,24.182514,2
9006,66000,387130000C,(04)23274275,(04)23288582,2025,11,22,19,48,臺中市,烏日區,0,0,0,7,,,50,,,,,,,,,,,,,,,,,,,B03,,,1,,2,,,84,84,1,13,4,120.627777,24.103719,3
9007,66000,387130000C,(04)23274275,(04)23288582,2025,11,22,19,49,臺中市,西區,0,0,0,7,,,50,,,,,,,,,,,,,,,,,,,B03,,,1,8,1,,,84,84,1,13,4,120.661587,24.155869,3
9008,66000,387130000C,(04)23274275,(04)23288582,2025,11,22,19,55,臺中市,東勢區,0,1,0,7,1,6,50,4,19,1,5,4,6,6,1,1,10,5,5,2,3,3,10,3,1,B03,7,6,1,8,2,1,,10,10,1,12,4,120.827213,24.26006,2
9009,66000,387130000C,(04)23274275,(04)23288582,2025,11,22,19,56,臺中市,西屯區,0,0,0,7,,,0,,,,,,,,,,,,,,14,,,,,B03,,,1,,1,,,49,49,1,13,4,120.621518,24.190912,3
9010,66000,387130000C,(04)23274275,(04)23288582,2025,11,22,20,3,臺中市,清水區,0,0,0,7,,,50,,,,,,,,,,,,,,,,,,,B03,,,1,,2,,,7,7,1,12,4,120.568953,24.268851,3
9011,66000,387130000C,(04)23274275,(04)23288582,2025,11,22,20,8,臺中市,沙鹿區,0,1,0,7,1,6,30,4,19,1,5,4,6,6,3,1,10,5,5,2,3,3,10,3,1,B03,7,6,1,8,2,1,,10,10,1,12,4,120.559785,24.229422,2
9012,66000,387130000C,(04)23274275,(04)23288582,2025,11,22,20,10,臺中市,北屯區,0,0,0,7,,,50,,,,,,,,,,,,,,17,,,,,B03,,,1,,2,,,1,1,1,6,4,120.667332,24.173514,3
9013,66000,387130000C,(04)23274275,(04)23288582,2025,11,22,20,15,臺中市,西區,0,0,0,7,,,30,,,,,,,,,,,,,,,,,,,B03,,,1,,2,,,51,51,1,13,4,120.665113,24.149961,3
9014,66000,387130000C,(04)23274275,(04)23288582,2025,11,22,20,15,臺中市,西區,0,0,0,7,,,,,,,,,,,,,,,,,12,,,,,,,,,,,,,119,119,1,,,120.664208,24.154416,4
9015,66000,387130000C,(04)23274275,(04)23288582,2025,11,22,20,15,臺中市,北屯區,0,2,0,7,1,6,50,13,7,1,5,4,6,6,4,4,3,4,4,2,13,2,7,1,1,C03,7,9,1,10,2,11,,7,7,1,12,4,120.661085,24.190946,2
9016,66000,387130000C,(04)23274275,(04)23288582,2025,11,22,20,22,臺中市,潭子區,0,0,0,7,,,50,,,,,,,,,,,,,,,,,,,B03,,,1,,2,,,14,14,1,13,4,120.70181,24.188306,3
9017,66000,387130000C,(04)23274275,(04)23288582,2025,11,22,20,24,臺中市,大甲區,0,0,0,7,,,70,,,,,,,,,,,,,,14,,,,,B03,,,1,,1,,,49,49,1,13,4,120.651003,24.380254,3
9018,66000,387130000C,(04)23274275,(04)23288582,2025,11,22,20,30,臺中市,北屯區,0,0,0,7,,,,,,,,,,,,,,,,,9,,,,,,,,,,,,,119,119,1,,,120.685162,24.169866,3
9019,66000,387130000C,(04)23274275,(04)23288582,2025,11,22,20,32,臺中市,北區,0,0,0,7,,,50,,,,,,,,,,,,,,12,,,,,C03,,,1,,9,,,84,84,1,13,4,120.694592,24.155719,3
9020,66000,387130000C,(04)23274275,(04)23288582,2025,11,22,20,32,臺中市,太平區,0,0,0,7,2,6,,,,,,,,,,,,,,,,,,,,,,,,,,,,85,85,1,,,120.730659,24.153608,3
9021,66000,387130000C,(04)23274275,(04)23288582,2025,11,22,20,44,臺中市,東區,0,0,0,7,,,40,,,,,,,,,,,,,,12,,,,,B03,,,1,,2,,,40,40,1,12,4,120.698047,24.138876,3
9022,66000,387130000C,(04)23274275,(04)23288582,2025,11,22,20,56,臺中市,西屯區,0,0,0,7,,,60,,,,,,,,,,,,,,12,,,,,B03,,,1,,1,,,40,40,1,12,4,120.644251,24.194815,3
9023,66000,387130000C,(04)23274275,(04)23288582,2025,11,22,20,58,臺中市,西屯區,0,1,0,7,1,6,50,13,9,1,5,4,6,6,4,4,1,4,5,2,16,2,9,5,4,C03,7,9,1,10,2,14,,59,59,1,12,4,120.647805,24.160123,2
9024,66000,387130000C,(04)23274275,(04)23288582,2025,11,22,21,3,臺中市,大里區,0,0,0,7,,,50,,,,,,,,,,,,,,17,,,,,B03,,,1,,2,,,77,77,1,12,4,120.718119,24.100538,3
9025,66000,387130000C,(04)23274275,(04)23288582,2025,11,22,21,5,臺中市,北屯區,0,0,0,7,,,50,,,,,,,,,,,,,,12,,,,,B03,,,1,,9,,,8,8,1,6,4,120.706999,24.189861,3
9026,66000,387130000C,(04)23274275,(04)23288582,2025,11,22,21,11,臺中市,北屯區,0,0,0,7,,,30,,,,,,,,,,,,,,17,,,,,C03,,,1,,1,,,84,84,1,12,4,120.73846,24.175526,3
9027,66000,387130000C,(04)23274275,(04)23288582,2025,11,22,21,13,臺中市,沙鹿區,0,0,0,6,,,60,,,,,,,,,,,,,,,,,,,B03,,,1,,2,,,40,40,1,13,4,120.560021,24.209474,3
9028,66000,387130000C,(04)23274275,(04)23288582,2025,11,22,21,16,臺中市,西屯區,0,1,0,7,1,6,50,3,1,1,5,4,6,6,4,4,5,5,5,2,11,2,9,2,1,C03,7,9,1,10,2,12,,84,84,1,12,4,120.655275,24.190139,2
9029,66000,387130000C,(04)23274275,(04)23288582,2025,11,22,21,25,臺中市,南屯區,0,0,0,7,1,6,50,13,7,1,5,4,6,6,1,1,5,5,4,2,28,,,,,B03,,,1,,2,,,87,87,1,12,4,120.610573,24.145345,3
9030,66000,387130000C,(04)23274275,(04)23288582,2025,11,22,21,28,臺中市,沙鹿區,0,1,0,6,1,6,50,4,2,1,5,4,6,6,1,1,3,3,3,1,17,3,10,5,4,B03,7,9,1,8,2,1,,59,59,1,13,4,120.560414,24.240036,2
9031,66000,387130000C,(04)23274275,(04)23288582,2025,11,22,21,37,臺中市,北區,0,1,0,7,3,6,50,4,2,1,5,4,6,6,1,1,5,4,5,2,16,3,10,5,4,B03,7,5,1,8,2,2,,11,11,1,13,4,120.68396,24.146313,2
9032,66000,387130000C,(04)23274275,(04)23288582,2025,11,22,21,45,臺中市,南區,0,2,0,7,1,6,50,4,1,1,5,4,6,6,1,1,10,5,5,2,16,2,9,2,1,F01,7,6,7,21,2,11,,69,69,1,12,4,120.672878,24.131269,2
9033,66000,387130000C,(04)23274275,(04)23288582,2025,11,22,21,48,臺中市,北屯區,0,0,0,7,,,50,,,,,,,,,,,,,,13,,,,,B03,,,1,,1,,,7,7,1,6,4,120.694013,24.183084,4
9034,66000,387130000C,(04)23274275,(04)23288582,2025,11,22,21,58,臺中市,太平區,0,1,0,7,1,6,50,4,1,1,5,4,6,6,1,1,10,5,5,2,16,2,9,1,1,F03,7,4,7,21,2,12,,1,1,1,13,4,120.720072,24.114973,2
9035,66000,387130000C,(04)23274275,(04)23288582,2025,11,22,22,3,臺中市,西區,0,0,0,7,,,50,,,,,,,,,,,,,,13,,,,,B03,,,1,,1,,,7,7,1,12,4,120.659687,24.157317,3
9036,66000,387130000C,(04)23274275,(04)23288582,2025,11,22,22,12,臺中市,北屯區,0,3,0,7,1,6,50,13,9,1,5,4,6,6,2,1,4,3,5,2,13,2,9,2,1,C03,7,9,1,10,2,12,11,7,7,1,13,4,120.705555,24.164433,2
9037,66000,387130000C,(04)23274275,(04)23288582,2025,11,22,22,13,臺中市,太平區,0,0,0,7,,,50,,,,,,,,,,,,,,,,,,,B03,,,1,,2,,,20,20,1,12,4,120.712163,24.144498,3
9038,66000,387130000C,(04)23274275,(04)23288582,2025,11,22,22,16,臺中市,北區,0,0,0,7,,,30,,,,,,,,,,,,,,17,,,,,C03,,,1,,9,,,87,87,1,13,4,120.682724,24.163664,3
9039,66000,387130000C,(04)23274275,(04)23288582,2025,11,22,22,17,臺中市,南屯區,0,0,0,7,,,40,,,,,,,,,,,,,,30,,,,,B02,,,1,,2,,,50,50,1,6,4,120.649342,24.131964,3
9040,66000,387130000C,(04)23274275,(04)23288582,2025,11,22,22,23,臺中市,神岡區,0,2,0,7,3,6,50,3,1,1,5,4,6,6,1,1,5,5,5,1,16,2,9,1,1,C03,7,6,1,10,2,11,,23,23,1,13,4,120.660601,24.254826,2
9041,66000,387130000C,(04)23274275,(04)23288582,2025,11,22,22,28,臺中市,大里區,0,2,0,7,1,6,50,3,1,1,5,4,6,6,3,1,5,4,5,2,16,2,9,5,4,C03,7,6,1,10,2,14,,24,24,1,13,4,120.684308,24.117086,2
9042,66000,387130000C,(04)23274275,(04)23288582,2025,11,22,22,49,臺中市,烏日區,0,0,0,7,,,50,,,,,,,,,,,,,,12,,,,,B03,,,1,,2,,,59,59,1,12,4,120.637257,24.111191,3
9043,66000,387130000C,(04)23274275,(04)23288582,2025,11,22,22,59,臺中市,南屯區,0,1,0,7,1,6,50,4,1,1,5,4,6,6,2,2,5,4,5,2,16,3,10,3,1,B03,7,5,1,8,2,5,,39,39,1,12,4,120.632447,24.14561,2
9044,66000,387130000C,(04)23274275,(04)23288582,2025,11,22,23,28,臺中市,大肚區,0,2,0,7,2,6,30,11,9,1,5,4,6,6,4,4,10,5,5,2,19,2,9,2,1,C03,7,6,1,10,2,14,,59,59,1,13,4,120.530571,24.15176,2
9045,66000,387130000C,(04)23274275,(04)23288582,2025,11,22,23,30,臺中市,西屯區,0,0,0,6,,,50,,,,,,,,,,,,,,,,,,,B03,,,1,,9,,,84,84,1,13,4,120.646692,24.155593,3
9046,66000,387130000C,(04)23274275,(04)23288582,2025,11,22,23,33,臺中市,后里區,0,0,0,7,1,6,50,13,9,1,5,4,6,6,1,1,5,4,5,1,14,3,10,3,1,A11,7,2,1,3,2,3,,82,82,1,6,4,120.69639,24.312963,3
9047,66000,387130000C,(04)23274275,(04)23288582,2025,11,22,23,42,臺中市,南區,0,0,0,7,,,50,,,,,,,,,,,,,,13,,,,,B03,,,1,,1,,,59,59,1,12,4,120.683075,24.131537,3
9048,66000,387130000C,(04)23274275,(04)23288582,2025,11,23,0,8,臺中市,南屯區,0,0,0,7,1,6,50,13,9,1,5,4,6,6,1,1,3,4,5,2,12,,,,,B03,,,1,,2,,,8,8,1,12,4,120.63254,24.145587,3
9049,66000,387130000C,(04)23274275,(04)23288582,2025,11,23,0,9,臺中市,龍井區,0,3,0,7,1,6,30,4,1,1,5,4,6,6,4,4,10,5,5,2,15,2,9,2,1,C03,7,9,1,10,2,11,,12,12,1,6,4,120.524099,24.193006,2
9050,66000,387130000C,(04)23274275,(04)23288582,2025,11,23,0,29,臺中市,南屯區,0,0,0,7,,,40,,,,,,,,,,,,,,17,,,,,B03,,,1,,1,,,59,59,1,6,4,120.621286,24.113384,3
9051,66000,387130000C,(04)23274275,(04)23288582,2025,11,23,0,50,臺中市,潭子區,0,1,0,6,1,6,60,3,12,1,5,4,6,6,4,4,1,4,4,1,17,2,3,2,1,C03,7,9,1,10,2,12,,84,84,1,13,4,120.70506,24.208308,2
9052,66000,387130000C,(04)23274275,(04)23288582,2025,11,23,0,56,臺中市,烏日區,0,1,0,7,1,6,30,11,9,1,5,4,6,6,4,4,1,4,1,2,26,2,9,3,1,B03,7,9,1,1,7,5,4,59,59,1,6,4,120.588407,24.110355,2
9053,66000,387130000C,(04)23274275,(04)23288582,2025,11,23,1,4,臺中市,霧峰區,0,0,0,7,,,50,,,,,,,,,,,,,,17,,,,,C03,,,1,,1,,,59,59,1,6,4,120.699,24.066837,3
9054,66000,387130000C,(04)23274275,(04)23288582,2025,11,23,1,7,臺中市,潭子區,0,1,0,6,1,6,40,13,8,1,5,4,6,6,4,4,1,4,4,1,12,2,9,2,1,F03,7,9,7,21,8,12,,8,8,1,13,4,120.704018,24.215738,2
9055,66000,387130000C,(04)23274275,(04)23288582,2025,11,23,1,9,臺中市,北屯區,0,2,0,7,2,6,50,4,1,1,5,4,6,6,3,1,10,5,5,2,15,2,9,5,4,C03,7,9,1,10,2,11,,24,24,1,12,4,120.70299,24.178295,2
9056,66000,387130000C,(04)23274275,(04)23288582,2025,11,23,2,37,臺中市,北區,0,0,0,7,,,50,,,,,,,,,,,,,,17,,,,,B03,,,1,,1,,,84,84,1,13,4,120.676172,24.150283,3
9057,66000,387130000C,(04)23274275,(04)23288582,2025,11,23,2,41,臺中市,龍井區,0,4,0,7,1,6,30,4,1,1,5,4,6,6,4,4,10,5,5,2,15,2,9,3,1,B03,7,9,1,8,8,1,,12,12,1,6,4,120.517829,24.21789,2
9058,66000,387130000C,(04)23274275,(04)23288582,2025,11,23,5,10,臺中市,石岡區,0,2,0,7,1,6,50,5,2,1,5,4,6,6,1,1,1,5,5,1,13,3,10,5,4,B12,7,5,1,8,2,1,,84,84,1,13,4,120.763678,24.277172,2
9059,66000,387130000C,(04)23274275,(04)23288582,2025,11,23,5,53,臺中市,西屯區,0,0,0,7,,,60,,,,,,,,,,,,,,,,,,,B03,,,1,,1,,,7,7,1,13,4,120.646139,24.164941,4
9060,66000,387130000C,(04)23274275,(04)23288582,2025,11,23,5,58,臺中市,西屯區,0,1,0,7,2,6,50,4,1,1,5,4,6,6,2,1,10,5,5,2,3,3,10,5,4,B11,7,5,1,2,2,1,,10,10,1,13,4,120.64946,24.162805,2
9061,66000,387130000C,(04)23274275,(04)23288582,2025,11,23,6,35,臺中市,西屯區,0,0,0,7,,,50,,,,,,,,,,,,,,14,,,,,B03,,,1,,1,,,84,84,1,13,4,120.629179,24.20553,3
9062,66000,387130000C,(04)23274275,(04)23288582,2025,11,23,6,35,臺中市,大里區,0,1,0,7,2,6,50,3,2,1,5,4,6,6,4,4,10,5,5,2,17,2,8,1,1,C03,7,6,1,10,2,13,,14,14,1,6,4,120.694474,24.092217,2
9063,66000,387130000C,(04)23274275,(04)23288582,2025,11,23,6,51,臺中市,北區,0,0,0,7,,,50,,,,,,,,,,,,,,17,,,,,C03,,,5,,3,,,42,42,1,12,4,120.672088,24.166873,3
9064,66000,387130000C,(04)23274275,(04)23288582,2025,11,23,6,54,臺中市,西屯區,0,1,0,7,2,6,50,3,1,1,5,4,6,6,2,1,10,5,5,2,17,2,9,1,1,C03,7,11,1,10,2,12,,23,23,1,13,4,120.650878,24.175848,2
9065,66000,387130000C,(04)23274275,(04)23288582,2025,11,23,7,3,臺中市,沙鹿區,0,0,1,7,2,6,40,4,2,1,5,4,6,6,1,1,10,5,5,2,16,5,1,2,1,C03,7,6,1,10,2,14,,38,38,1,6,4,120.562399,24.240498,2
9066,66000,387130000C,(04)23274275,(04)23288582,2025,11,23,7,4,臺中市,東區,0,0,0,7,,,40,,,,,,,,,,,,,,,,,,,B03,,,1,,1,,,51,51,1,13,4,120.687032,24.12638,3
9067,66000,387130000C,(04)23274275,(04)23288582,2025,11,23,7,5,臺中市,后里區,0,0,0,7,2,6,50,13,9,1,5,4,6,6,4,4,5,5,5,1,13,3,10,3,1,B03,7,9,1,8,1,1,,7,7,1,12,4,120.724203,24.308858,3
9068,66000,387130000C,(04)23274275,(04)23288582,2025,11,23,7,6,臺中市,南屯區,0,0,0,7,3,6,50,13,9,1,5,4,6,6,4,4,10,5,5,2,13,,,,,B03,,,1,,1,,,7,7,1,12,4,120.607443,24.12721,3
9069,66000,387130000C,(04)23274275,(04)23288582,2025,11,23,7,15,臺中市,潭子區,0,1,0,7,3,6,30,11,9,1,5,4,6,6,4,4,10,5,5,2,17,3,10,3,1,B03,7,9,1,8,2,1,,84,84,1,13,4,120.735221,24.201334,2
9070,66000,387130000C,(04)23274275,(04)23288582,2025,11,23,7,18,臺中市,梧棲區,0,1,0,7,3,6,70,5,1,1,5,4,6,6,1,1,10,5,5,2,16,2,9,1,1,C03,7,9,3,19,2,11,,6,6,1,6,4,120.54963,24.239022,2
9071,66000,387130000C,(04)23274275,(04)23288582,2025,11,23,7,22,臺中市,北區,0,1,0,7,2,6,50,13,9,1,5,4,6,6,4,4,1,4,5,2,13,2,9,5,4,B03,7,9,1,8,5,1,,55,55,1,12,4,120.672653,24.162172,2
9072,66000,387130000C,(04)23274275,(04)23288582,2025,11,23,7,23,臺中市,南屯區,0,0,0,7,,,50,,,,,,,,,,,,,,17,,,,,A05,,,1,,9,,,51,51,1,12,4,120.643976,24.132554,3
9073,66000,387130000C,(04)23274275,(04)23288582,2025,11,23,7,23,臺中市,梧棲區,0,1,0,7,2,6,70,3,7,1,5,4,6,6,3,1,3,4,4,1,16,2,9,1,1,C03,7,6,1,10,2,13,,48,48,1,12,4,120.548359,24.236094,2
9074,66000,387130000C,(04)23274275,(04)23288582,2025,11,23,7,26,臺中市,西屯區,0,1,0,7,2,6,50,3,1,1,5,4,6,6,1,1,10,5,5,2,16,3,10,5,4,B01,7,9,1,4,2,8,,21,21,1,13,4,120.647334,24.170378,2
9075,66000,387130000C,(04)23274275,(04)23288582,2025,11,23,7,28,臺中市,北屯區,0,0,0,7,,,30,,,,,,,,,,,,,,20,,,,,B03,,,1,,2,,,59,59,1,12,4,120.755524,24.186338,3
9076,66000,387130000C,(04)23274275,(04)23288582,2025,11,23,7,30,臺中市,東區,0,1,0,7,3,6,50,4,1,1,5,4,6,6,1,1,5,4,4,2,11,3,10,3,1,B03,7,5,1,8,2,2,,47,47,1,13,4,120.706081,24.144455,2
9077,66000,387130000C,(04)23274275,(04)23288582,2025,11,23,7,30,臺中市,清水區,0,1,0,7,3,6,70,5,1,1,5,4,6,6,1,1,1,4,4,1,17,4,11,2,4,C03,7,9,6,20,1,11,,84,84,1,12,4,120.600752,24.30997,2
9078,66000,387130000C,(04)23274275,(04)23288582,2025,11,23,7,47,臺中市,烏日區,0,1,0,7,3,6,50,13,8,1,5,4,6,6,4,4,1,4,4,2,16,3,10,5,4,B03,7,7,1,8,2,5,,40,40,1,13,4,120.624021,24.109134,2
9079,66000,387130000C,(04)23274275,(04)23288582,2025,11,23,7,49,臺中市,大里區,0,1,0,7,2,6,40,11,9,1,5,4,6,6,4,4,9,5,5,2,17,2,9,2,1,C03,7,9,1,10,2,11,,59,59,1,12,4,120.698761,24.088043,2
9080,66000,387130000C,(04)23274275,(04)23288582,2025,11,23,7,49,臺中市,烏日區,0,1,0,7,2,6,30,3,1,1,5,4,6,6,4,4,10,5,5,2,10,2,9,2,1,C03,7,9,1,10,2,11,,58,58,1,6,4,120.642563,24.076447,2
9081,66000,387130000C,(04)23274275,(04)23288582,2025,11,23,7,50,臺中市,太平區,0,1,0,7,2,6,50,3,2,1,5,4,6,6,4,4,5,5,5,1,17,2,7,3,1,B03,7,9,2,19,2,5,,82,82,1,13,4,120.703733,24.111456,2