序號,縣市別代碼,機關代碼,市話,傳真,年,月,日,時,分,縣市,區,死亡數量,受傷數量,2-30,天候,道路照明設備,道路類別,道路速限,道路型態,事故位置,路面鋪裝,路面狀態,路面缺陷,障礙物,視距,號誌種類,號誌動作,分向設施,快車道或一般車道間,快慢車道間,路面邊線,事故類型及型態,受傷程度,主要傷處,保護裝備,行動電話或功能裝置,當事者區分(類別),車輛用途,當事者行動狀態,駕照狀態,駕照種類,飲酒情形,車輛撞擊部位最初,車輛撞擊部位其他,肇事因素個別,肇事因素主要,肇事逃逸,職業,共享經濟或外送平台,GPS座標X,GPS座標Y,事故類別
9082,66000,387130000C,(04)23274275,(04)23288582,2025,11,23,7,55,臺中市,西區,0,1,0,7,2,6,30,3,1,1,5,4,6,6,4,4,10,5,5,2,16,3,10,5,4,B03,7,6,1,8,2,8,,84,84,1,12,4,120.668221,24.140556,2
9083,66000,387130000C,(04)23274275,(04)23288582,2025,11,23,8,1,臺中市,大里區,0,2,0,7,2,6,50,3,2,1,5,4,6,6,1,1,5,3,5,2,13,2,9,1,1,C03,7,9,1,10,2,11,12,84,84,1,12,4,120.686501,24.121232,2
9084,66000,387130000C,(04)23274275,(04)23288582,2025,11,23,8,7,臺中市,西屯區,0,2,0,7,2,6,50,13,9,1,5,4,6,6,4,4,9,5,5,2,12,2,9,2,1,C03,7,9,1,10,2,12,,7,7,1,12,4,120.606282,24.19214,2
9085,66000,387130000C,(04)23274275,(04)23288582,2025,11,23,8,13,臺中市,南區,0,1,0,7,2,6,50,3,1,1,5,4,6,6,1,1,10,5,5,2,17,3,10,2,1,C03,7,1,1,10,2,16,,51,51,1,6,4,120.659779,24.118489,2
9086,66000,387130000C,(04)23274275,(04)23288582,2025,11,23,8,14,臺中市,霧峰區,0,0,0,7,,,50,,,,,,,,,,,,,,17,,,,,B03,,,1,,2,,,84,84,1,12,4,120.70023,24.065309,3
9087,66000,387130000C,(04)23274275,(04)23288582,2025,11,23,8,15,臺中市,大里區,0,1,0,7,2,6,50,13,9,1,5,4,6,6,4,4,5,5,5,1,9,3,10,3,1,B12,7,11,5,19,2,5,,32,32,1,12,4,120.686185,24.114249,2
9088,66000,387130000C,(04)23274275,(04)23288582,2025,11,23,8,20,臺中市,太平區,0,1,0,7,2,6,30,13,9,1,5,4,6,6,4,4,10,5,5,2,17,2,9,1,1,C03,7,1,1,11,2,11,,51,51,1,12,4,120.716931,24.152907,2
9089,66000,387130000C,(04)23274275,(04)23288582,2025,11,23,8,20,臺中市,清水區,0,2,0,7,3,6,30,4,1,1,5,4,6,6,4,4,10,5,5,2,15,2,9,2,1,C03,7,9,1,10,2,11,,15,15,1,12,4,120.547329,24.265735,2
9090,66000,387130000C,(04)23274275,(04)23288582,2025,11,23,8,28,臺中市,西區,0,0,0,7,,,50,,,,,,,,,,,,,,13,,,,,B03,,,1,,1,,,83,83,1,13,4,120.66684,24.132611,3
9091,66000,387130000C,(04)23274275,(04)23288582,2025,11,23,8,41,臺中市,沙鹿區,0,1,0,7,2,6,50,13,9,1,5,4,6,6,4,4,5,5,5,2,18,2,9,1,1,F01,7,9,7,21,2,12,,59,59,1,6,4,120.605237,24.244663,2
9092,66000,387130000C,(04)23274275,(04)23288582,2025,11,23,8,44,臺中市,大甲區,0,1,0,7,2,6,50,4,2,1,5,4,6,6,1,1,5,5,5,1,12,3,10,3,1,B03,7,9,1,8,2,2,,8,8,1,6,4,120.623222,24.350744,2
9093,66000,387130000C,(04)23274275,(04)23288582,2025,11,23,8,45,臺中市,豐原區,0,0,0,7,,,30,,,,,,,,,,,,,,11,,,,,B03,,,1,,2,,,8,8,1,13,4,120.730039,24.235894,3
9094,66000,387130000C,(04)23274275,(04)23288582,2025,11,23,8,48,臺中市,南屯區,0,1,0,7,2,6,60,3,2,1,5,4,6,6,4,4,1,2,4,2,17,2,9,1,1,C03,7,9,1,8,2,16,,85,85,1,8,4,120.623241,24.137107,2
9095,66000,387130000C,(04)23274275,(04)23288582,2025,11,23,8,50,臺中市,北屯區,0,0,0,7,,3,40,,,,,,,,,,,,,,13,,,,,B03,,,1,,1,,,7,7,1,6,4,120.680009,24.200821,3
9096,66000,387130000C,(04)23274275,(04)23288582,2025,11,23,8,53,臺中市,西屯區,0,0,0,7,,,40,,,,,,,,,,,,,,13,,,,,B03,,,1,,2,,,59,59,1,12,4,120.6528,24.160632,3
9097,66000,387130000C,(04)23274275,(04)23288582,2025,11,23,9,3,臺中市,西區,0,1,0,7,1,6,50,3,1,1,5,4,6,6,4,4,3,4,5,2,17,2,9,5,4,C03,7,9,1,10,2,14,,7,7,1,12,4,120.661587,24.155869,2
9098,66000,387130000C,(04)23274275,(04)23288582,2025,11,23,9,5,臺中市,豐原區,0,0,0,7,,,50,,,,,,,,,,,,,,17,,,,,B03,,,1,,9,,,50,50,1,13,4,120.728217,24.255012,3
9099,66000,387130000C,(04)23274275,(04)23288582,2025,11,23,9,7,臺中市,太平區,0,1,0,7,2,6,50,5,1,1,5,4,6,6,2,1,10,5,5,2,17,3,10,2,1,C03,7,15,1,10,2,11,,84,84,1,13,4,120.714685,24.110424,2
9100,66000,387130000C,(04)23274275,(04)23288582,2025,11,23,9,9,臺中市,西區,0,2,0,7,1,6,50,3,8,1,5,4,6,6,1,1,1,5,5,2,13,2,8,1,1,C03,7,9,1,10,2,11,,59,59,1,13,2,120.671673,24.149128,2
9101,66000,387130000C,(04)23274275,(04)23288582,2025,11,23,9,19,臺中市,大里區,0,1,0,7,2,6,50,13,9,1,5,4,6,6,4,4,5,5,5,2,18,2,9,1,1,C03,7,9,1,10,2,12,,84,84,1,12,4,120.67636,24.097681,2
9102,66000,387130000C,(04)23274275,(04)23288582,2025,11,23,9,21,臺中市,龍井區,0,1,0,7,2,6,50,4,1,1,5,4,6,6,2,1,5,5,5,1,17,2,9,1,1,C03,7,9,1,10,2,14,,85,85,1,12,4,120.523793,24.208294,2
9103,66000,387130000C,(04)23274275,(04)23288582,2025,11,23,9,25,臺中市,烏日區,0,0,0,7,,,50,,,,,,,,,,,,,,,,,,,B03,,,1,,2,,,76,76,1,13,4,120.643066,24.076413,3
9104,66000,387130000C,(04)23274275,(04)23288582,2025,11,23,9,35,臺中市,西區,0,0,0,7,,,50,,,,,,,,,,,,,,17,,,,,B03,,,1,,2,,,84,84,1,12,4,120.66661,24.152392,3
9105,66000,387130000C,(04)23274275,(04)23288582,2025,11,23,9,35,臺中市,霧峰區,0,2,0,7,2,6,50,13,8,1,5,4,6,6,4,4,1,4,4,2,9,2,9,2,1,C03,7,9,1,10,2,11,,59,59,1,12,4,120.693636,24.073024,2
9106,66000,387130000C,(04)23274275,(04)23288582,2025,11,23,9,39,臺中市,北區,0,1,0,7,2,6,50,3,1,1,5,4,6,6,4,4,1,4,5,2,16,3,10,3,1,B03,7,5,1,8,2,8,,12,12,1,13,4,120.675785,24.163221,2
9107,66000,387130000C,(04)23274275,(04)23288582,2025,11,23,9,39,臺中市,清水區,0,1,0,7,2,6,50,4,1,1,5,4,6,6,1,1,5,2,5,1,16,3,10,3,1,B03,7,6,1,8,1,8,,11,11,1,13,4,120.566282,24.274206,2
9108,66000,387130000C,(04)23274275,(04)23288582,2025,11,23,9,47,臺中市,西區,0,2,0,7,2,6,50,3,1,1,5,4,6,6,2,1,10,5,5,2,13,2,9,1,1,C03,7,9,1,10,2,11,,7,7,1,13,4,120.662881,24.140163,2
9109,66000,387130000C,(04)23274275,(04)23288582,2025,11,23,9,50,臺中市,北屯區,0,2,0,7,2,6,50,4,1,1,5,4,6,6,2,1,10,5,5,2,12,2,9,1,1,C03,7,4,1,10,2,12,,85,85,1,6,4,120.694473,24.173567,2
9110,66000,387130000C,(04)23274275,(04)23288582,2025,11,23,9,53,臺中市,霧峰區,0,0,0,7,,,50,,,,,,,,,,,,,,12,,,,,F03,,,1,,9,,,40,40,1,12,4,120.697028,24.055343,3
9111,66000,387130000C,(04)23274275,(04)23288582,2025,11,23,9,54,臺中市,北區,0,0,0,7,,,50,,,,,,,,,,,,,,12,,,,,B02,,,1,,9,,,84,84,1,13,4,120.670283,24.15931,3
9112,66000,387130000C,(04)23274275,(04)23288582,2025,11,23,9,58,臺中市,太平區,0,0,0,7,2,6,50,13,9,1,5,4,6,6,4,4,10,4,5,1,14,,,,,B03,,,1,,2,,,49,49,1,12,4,120.726985,24.120976,3
9113,66000,387130000C,(04)23274275,(04)23288582,2025,11,23,10,0,臺中市,清水區,0,2,0,7,3,6,50,5,1,1,5,4,6,6,1,1,1,4,5,1,17,2,9,2,1,C03,7,6,1,10,2,14,,39,39,1,12,4,120.572268,24.263903,2
9114,66000,387130000C,(04)23274275,(04)23288582,2025,11,23,10,0,臺中市,大甲區,0,1,0,7,2,6,70,13,8,1,5,4,6,6,4,4,2,4,4,1,18,2,8,1,1,F03,7,9,7,21,2,12,,59,59,1,4,4,120.605008,24.316316,2
9115,66000,387130000C,(04)23274275,(04)23288582,2025,11,23,10,6,臺中市,龍井區,0,0,0,7,,,50,,,,,,,,,,,,,,,,,,,A04,,,1,,2,,,43,43,1,12,4,120.530404,24.17839,3
9116,66000,387130000C,(04)23274275,(04)23288582,2025,11,23,10,11,臺中市,豐原區,0,0,0,7,,,50,,,,,,,,,,,,,,13,,,,,B02,,,1,,1,,,59,59,1,12,4,120.704081,24.239196,3
9117,66000,387130000C,(04)23274275,(04)23288582,2025,11,23,10,12,臺中市,北區,0,1,0,7,2,6,50,3,1,1,5,4,6,6,1,1,5,4,5,2,16,3,10,3,1,B03,7,5,1,8,2,5,,11,11,1,13,4,120.680361,24.155723,2
9118,66000,387130000C,(04)23274275,(04)23288582,2025,11,23,10,24,臺中市,豐原區,0,0,0,7,,,50,,,,,,,,,,,,,,13,,,,,B03,,,1,,1,,,59,59,1,13,4,120.720171,24.240368,4
9119,66000,387130000C,(04)23274275,(04)23288582,2025,11,23,10,25,臺中市,西區,0,0,0,7,,,50,,,,,,,,,,,,,,,,,,,B03,,,1,,2,,,84,84,1,12,4,120.662627,24.140171,3
9120,66000,387130000C,(04)23274275,(04)23288582,2025,11,23,10,25,臺中市,霧峰區,0,1,0,7,2,6,40,3,2,1,5,4,6,6,1,1,9,4,5,1,13,2,9,1,1,C03,7,9,1,10,2,11,,7,7,1,12,4,120.69396,24.066016,2
9121,66000,387130000C,(04)23274275,(04)23288582,2025,11,23,10,25,臺中市,東勢區,0,0,0,7,,,70,,,,,,,,,,,,,,12,,,,,B03,,,1,,1,,,40,40,1,13,4,120.822559,24.2615,3
9122,66000,387130000C,(04)23274275,(04)23288582,2025,11,23,10,27,臺中市,霧峰區,1,0,0,7,3,6,30,11,9,1,5,4,6,6,4,4,10,5,5,1,20,1,9,5,4,C03,7,9,1,10,2,12,,84,84,1,12,4,120.753988,24.070558,1
9123,66000,387130000C,(04)23274275,(04)23288582,2025,11,23,10,34,臺中市,豐原區,0,0,0,7,,,50,,,,,,,,,,,,,,16,,,,,B03,,,1,,2,,,11,11,1,13,4,120.714374,24.25169,4
9124,66000,387130000C,(04)23274275,(04)23288582,2025,11,23,10,39,臺中市,東區,0,1,0,7,3,6,50,4,9,1,5,4,6,6,2,1,5,5,5,2,16,3,10,5,4,B03,7,6,1,8,2,6,,20,20,1,6,4,120.692517,24.13876,2
9125,66000,387130000C,(04)23274275,(04)23288582,2025,11,23,10,40,臺中市,東區,0,0,0,7,,,50,,,,,,,,,,,,,,,,,,,B01,,,1,,9,,,11,11,1,13,4,120.696691,24.133131,3
9126,66000,387130000C,(04)23274275,(04)23288582,2025,11,23,10,47,臺中市,太平區,0,0,0,7,,,30,,,,,,,,,,,,,,14,,,,,B03,,,1,,2,,,50,50,1,13,4,120.721657,24.117316,3
9127,66000,387130000C,(04)23274275,(04)23288582,2025,11,23,10,49,臺中市,后里區,0,3,0,7,2,6,40,4,1,1,5,4,6,6,1,1,5,4,4,1,16,2,9,1,1,F03,7,6,7,21,2,11,,39,39,1,13,4,120.717778,24.309582,2
9128,66000,387130000C,(04)23274275,(04)23288582,2025,11,23,10,50,臺中市,大雅區,0,0,0,7,,,30,,,,,,,,,,,,,,,,,,,B03,,,1,,1,,,15,15,1,13,4,120.666877,24.237742,3
9129,66000,387130000C,(04)23274275,(04)23288582,2025,11,23,10,51,臺中市,北屯區,0,0,0,7,,,50,,,,,,,,,,,,,,,,,,,B03,,,1,,2,,,84,84,1,6,4,120.666614,24.186891,3
9130,66000,387130000C,(04)23274275,(04)23288582,2025,11,23,10,55,臺中市,大甲區,0,0,0,7,,,50,,,,,,,,,,,,,,,,,,,B03,,,1,,1,,,51,51,1,6,4,120.623423,24.344087,3
9131,66000,387130000C,(04)23274275,(04)23288582,2025,11,23,11,0,臺中市,北屯區,0,0,0,7,,,30,,,,,,,,,,,,,,14,,,,,B01,,,1,,1,,,49,49,1,6,4,120.7216,24.160336,3
9132,66000,387130000C,(04)23274275,(04)23288582,2025,11,23,11,2,臺中市,豐原區,0,0,0,7,,,50,,,,,,,,,,,,,,17,,,,,C03,,,1,,1,,,50,50,1,12,4,120.718812,24.251032,3
9133,66000,387130000C,(04)23274275,(04)23288582,2025,11,23,11,4,臺中市,西屯區,0,2,0,7,2,6,50,4,1,1,5,4,6,6,2,1,10,5,5,2,16,2,9,2,1,C03,7,4,1,10,2,12,,84,84,1,12,4,120.636516,24.170981,2
9134,66000,387130000C,(04)23274275,(04)23288582,2025,11,23,11,11,臺中市,北屯區,0,0,0,7,,,50,,,,,,,,,,,,,,,,,,,B03,,,1,,1,,,49,49,1,12,4,120.691338,24.164968,3
9135,66000,387130000C,(04)23274275,(04)23288582,2025,11,23,11,21,臺中市,新社區,0,3,0,7,2,6,50,13,9,1,5,4,6,6,4,4,8,5,5,1,12,2,9,1,1,C03,7,9,1,10,2,14,,7,7,1,12,4,120.795675,24.210619,2
9136,66000,387130000C,(04)23274275,(04)23288582,2025,11,23,11,22,臺中市,東區,0,0,0,7,,,50,,,,,,,,,,,,,,17,,,,,C03,,,1,,1,,,49,49,1,6,4,120.682992,24.134846,3
9137,66000,387130000C,(04)23274275,(04)23288582,2025,11,23,11,27,臺中市,中區,0,0,0,7,,,50,,,,,,,,,,,,,,13,,,,,B03,,,1,,1,,,59,59,1,13,4,120.681771,24.14046,3
9138,66000,387130000C,(04)23274275,(04)23288582,2025,11,23,11,27,臺中市,太平區,0,0,0,7,2,6,50,13,9,1,5,4,6,6,4,4,5,5,5,1,12,,,,,B03,,,1,,2,,,8,8,1,12,4,120.723571,24.142193,3
9139,66000,387130000C,(04)23274275,(04)23288582,2025,11,23,11,28,臺中市,沙鹿區,0,2,0,7,2,6,30,4,1,1,5,4,6,6,4,4,10,5,5,2,17,2,9,2,1,C03,7,9,1,10,2,11,,59,59,1,6,4,120.574181,24.239543,2
9140,66000,387130000C,(04)23274275,(04)23288582,2025,11,23,11,40,臺中市,西屯區,0,1,0,7,2,6,50,13,9,1,5,4,6,6,4,4,1,4,5,2,12,2,9,6,1,F02,7,9,7,21,1,14,,59,59,1,12,4,120.643758,24.171568,2
9141,66000,387130000C,(04)23274275,(04)23288582,2025,11,23,11,40,臺中市,沙鹿區,0,0,0,7,,,50,,,,,,,,,,,,,,,,,,,B03,,,1,,2,,,87,87,1,13,4,120.56803,24.19977,3
9142,66000,387130000C,(04)23274275,(04)23288582,2025,11,23,11,43,臺中市,烏日區,0,2,0,7,2,6,40,3,1,1,5,4,6,6,4,4,10,5,5,2,12,3,10,5,4,C03,7,7,1,10,2,13,,40,40,1,13,4,120.612513,24.107364,2
9143,66000,387130000C,(04)23274275,(04)23288582,2025,11,23,11,44,臺中市,南屯區,0,1,0,7,2,6,50,4,2,1,5,4,6,6,2,1,5,4,4,2,17,3,10,3,1,B03,7,5,1,8,1,2,,11,11,1,12,4,120.642632,24.148797,2
9144,66000,387130000C,(04)23274275,(04)23288582,2025,11,23,11,46,臺中市,南屯區,0,2,0,7,3,6,50,4,1,1,5,4,6,6,1,1,10,5,5,2,12,2,9,2,1,C03,7,6,1,10,2,14,,65,65,1,13,4,120.612512,24.138424,2
9145,66000,387130000C,(04)23274275,(04)23288582,2025,11,23,11,50,臺中市,霧峰區,0,0,0,7,,,50,,,,,,,,,,,,,,,,,,,C03,,,1,,2,,,48,48,1,12,4,120.678219,24.049423,3
9146,66000,387130000C,(04)23274275,(04)23288582,2025,11,23,11,50,臺中市,龍井區,0,1,0,7,2,6,30,11,9,1,5,4,6,6,4,4,10,5,5,2,18,2,9,1,4,C03,7,9,3,19,8,14,,53,53,1,12,4,120.552259,24.194844,2
9147,66000,387130000C,(04)23274275,(04)23288582,2025,11,23,11,50,臺中市,沙鹿區,0,1,0,7,2,6,40,4,1,1,5,4,6,6,1,1,10,5,5,2,16,2,9,2,1,C03,7,5,1,10,2,12,,47,47,1,6,4,120.562525,24.240472,2
9148,66000,387130000C,(04)23274275,(04)23288582,2025,11,23,11,50,臺中市,東勢區,0,1,0,7,2,6,50,13,9,1,5,4,6,6,4,4,5,5,5,1,17,3,10,3,1,B12,7,1,1,8,2,4,,51,51,1,12,4,120.82887,24.252054,2
9149,66000,387130000C,(04)23274275,(04)23288582,2025,11,23,11,55,臺中市,東區,0,0,0,7,,,50,,,,,,,,,,,,,,,,,,,C03,,,1,,1,,,8,8,1,12,4,120.693742,24.148872,4
9150,66000,387130000C,(04)23274275,(04)23288582,2025,11,23,11,56,臺中市,南區,0,0,0,7,,,50,,,,,,,,,,,,,,14,,,,,B03,,,1,,1,,,49,49,1,12,4,120.674499,24.130598,3
9151,66000,387130000C,(04)23274275,(04)23288582,2025,11,23,11,58,臺中市,西屯區,0,0,0,7,,,40,,,,,,,,,,,,,,17,,,,,C03,,,1,,1,,,21,21,1,13,4,120.613674,24.18371,3
9152,66000,387130000C,(04)23274275,(04)23288582,2025,11,23,12,2,臺中市,中區,0,1,0,7,2,6,50,4,1,1,5,4,6,6,1,1,10,5,5,2,13,2,8,1,1,C03,7,6,1,10,2,11,,84,84,1,13,4,120.684466,24.137462,2
9153,66000,387130000C,(04)23274275,(04)23288582,2025,11,23,12,3,臺中市,大里區,0,1,0,7,2,6,50,13,9,1,5,4,6,6,4,4,5,5,5,1,12,2,9,1,1,C03,7,9,1,10,2,11,,58,58,1,12,4,120.681876,24.109653,2
9154,66000,387130000C,(04)23274275,(04)23288582,2025,11,23,12,9,臺中市,后里區,0,1,0,7,2,6,30,3,1,1,5,4,6,6,4,4,10,5,5,2,16,3,10,3,1,B03,7,6,1,8,2,8,,11,11,1,12,4,120.719535,24.306141,2
9155,66000,387130000C,(04)23274275,(04)23288582,2025,11,23,12,11,臺中市,大甲區,0,0,0,7,,,50,,,,,,,,,,,,,,11,,,,,B03,,,1,,1,,,20,20,1,6,4,120.621943,24.344144,3
9156,66000,387130000C,(04)23274275,(04)23288582,2025,11,23,12,18,臺中市,西屯區,0,0,0,7,,,40,,,,,,,,,,,,,,12,,,,,C03,,,1,,9,,,40,40,1,12,4,120.661113,24.163977,3
9157,66000,387130000C,(04)23274275,(04)23288582,2025,11,23,12,21,臺中市,太平區,0,2,0,7,2,6,50,3,1,1,5,4,6,6,3,1,10,5,5,2,16,2,9,2,1,C03,7,6,1,10,2,11,,24,24,1,12,4,120.722099,24.119383,2
9158,66000,387130000C,(04)23274275,(04)23288582,2025,11,23,12,27,臺中市,太平區,0,0,0,7,,,50,,,,,,,,,,,,,,30,,,,,B03,,,1,,2,,,84,84,1,13,4,120.720279,24.123365,3
9159,66000,387130000C,(04)23274275,(04)23288582,2025,11,23,12,27,臺中市,烏日區,0,0,0,7,,,70,,,,,,,,,,,,,,13,,,,,A04,,,1,,1,,,7,7,1,6,4,120.610861,24.107508,3
9160,66000,387130000C,(04)23274275,(04)23288582,2025,11,23,12,45,臺中市,西屯區,0,1,0,7,2,6,30,4,1,1,5,4,6,6,4,4,10,5,5,2,15,2,9,5,4,C03,7,9,1,10,2,12,,12,12,1,12,2,120.623555,24.181012,2
9161,66000,387130000C,(04)23274275,(04)23288582,2025,11,23,12,48,臺中市,西區,0,1,0,7,2,6,50,4,1,1,5,4,6,6,2,1,3,4,5,2,16,3,10,3,1,B03,7,5,1,8,2,2,,26,26,1,12,4,120.666736,24.141067,2
9162,66000,387130000C,(04)23274275,(04)23288582,2025,11,23,12,48,臺中市,梧棲區,0,1,0,7,3,6,30,13,9,1,5,4,6,6,4,4,10,5,5,2,18,2,9,1,1,C03,7,9,1,10,2,12,,87,87,1,6,4,120.54842,24.238257,2
9163,66000,387130000C,(04)23274275,(04)23288582,2025,11,23,12,51,臺中市,太平區,0,1,0,7,2,6,50,4,1,1,5,4,6,6,1,1,10,5,5,2,13,2,9,1,1,C03,7,9,1,10,2,11,,84,84,1,12,4,120.704964,24.148245,2
9164,66000,387130000C,(04)23274275,(04)23288582,2025,11,23,12,54,臺中市,南區,0,0,0,7,,,50,,,,,,,,,,,,,,14,,,,,B03,,,1,,2,,,49,49,1,6,4,120.663973,24.116563,3
9165,66000,387130000C,(04)23274275,(04)23288582,2025,11,23,12,56,臺中市,北屯區,0,2,0,7,3,6,50,4,2,1,5,4,6,6,1,1,5,4,5,2,13,3,10,3,1,B03,7,9,1,8,2,8,,7,7,1,6,4,120.73042,24.177167,2
9166,66000,387130000C,(04)23274275,(04)23288582,2025,11,23,12,56,臺中市,西屯區,0,0,0,7,,,30,,,,,,,,,,,,,,14,,,,,B12,,,1,,2,,,49,49,1,12,4,120.664433,24.174102,3
9167,66000,387130000C,(04)23274275,(04)23288582,2025,11,23,12,56,臺中市,大里區,0,0,0,7,,,40,,,,,,,,,,,,,,18,,,,,B03,,,1,,2,,,49,49,1,12,4,120.688448,24.109685,3
9168,66000,387130000C,(04)23274275,(04)23288582,2025,11,23,12,57,臺中市,豐原區,0,2,0,7,2,6,30,3,1,1,5,4,6,6,4,4,10,5,5,2,16,3,10,5,4,B12,7,5,1,8,2,8,,14,14,1,12,4,120.748111,24.253301,2
9169,66000,387130000C,(04)23274275,(04)23288582,2025,11,23,13,0,臺中市,大里區,0,0,0,7,,,30,,,,,,,,,,,,,,30,,,,,B03,,,1,,9,,,50,50,1,12,4,120.706777,24.0896,3
9170,66000,387130000C,(04)23274275,(04)23288582,2025,11,23,13,1,臺中市,東區,0,2,0,7,3,6,50,3,1,1,5,4,6,6,4,4,5,5,5,2,17,2,9,2,1,C03,7,6,1,10,2,14,,12,12,1,5,4,120.705493,24.132175,2
9171,66000,387130000C,(04)23274275,(04)23288582,2025,11,23,13,7,臺中市,神岡區,0,0,0,7,,,50,,,,,,,,,,,,,,11,,,,,B03,,,1,,1,,,41,41,1,12,4,120.704802,24.256682,3
9172,66000,387130000C,(04)23274275,(04)23288582,2025,11,23,13,14,臺中市,北屯區,0,1,0,7,2,6,50,4,1,1,5,4,6,6,4,4,10,5,5,2,12,2,9,1,1,C03,7,9,1,10,2,12,,15,15,1,6,4,120.714766,24.169586,2
9173,66000,387130000C,(04)23274275,(04)23288582,2025,11,23,13,19,臺中市,北屯區,0,1,0,7,2,6,50,13,9,1,5,4,6,6,4,4,3,4,5,2,17,3,10,1,1,C03,7,9,1,10,2,11,,84,84,1,12,4,120.697369,24.169688,2
9174,66000,387130000C,(04)23274275,(04)23288582,2025,11,23,13,20,臺中市,北屯區,0,1,0,7,2,6,50,13,9,1,5,4,6,6,4,4,5,5,5,1,9,3,10,3,1,B03,7,2,1,8,2,3,,49,49,1,6,4,120.696301,24.186255,2
9175,66000,387130000C,(04)23274275,(04)23288582,2025,11,23,13,25,臺中市,大里區,0,2,0,7,2,6,30,3,1,1,5,4,6,6,4,4,10,5,5,2,16,2,8,2,1,F01,7,6,7,21,2,14,,14,14,1,12,4,120.704846,24.094924,2
9176,66000,387130000C,(04)23274275,(04)23288582,2025,11,23,13,28,臺中市,北區,0,0,0,7,,,50,,,,,,,,,,,,,,,,,,,B03,,,1,,11,,,51,51,1,13,4,120.689013,24.147051,3
9177,66000,387130000C,(04)23274275,(04)23288582,2025,11,23,13,30,臺中市,西屯區,0,1,0,7,2,6,50,8,8,1,5,4,6,6,4,4,1,4,4,2,18,2,9,2,1,C03,7,9,1,10,2,16,,56,56,1,13,4,120.628837,24.180727,2
9178,66000,387130000C,(04)23274275,(04)23288582,2025,11,23,13,31,臺中市,東區,0,0,0,7,,,50,,,,,,,,,,,,,,,,,,,B03,,,1,,2,,,51,51,1,6,4,120.684022,24.127914,3
9179,66000,387130000C,(04)23274275,(04)23288582,2025,11,23,13,37,臺中市,西區,0,0,0,7,,,50,,,,,,,,,,,,,,17,,,,,B03,,,1,,1,,,84,84,1,12,4,120.66764,24.147332,3
9180,66000,387130000C,(04)23274275,(04)23288582,2025,11,23,13,39,臺中市,太平區,0,0,0,7,,,50,,,,,,,,,,,,,,13,,,,,C03,,,1,,1,,,7,7,1,12,4,120.713658,24.144729,3
9181,66000,387130000C,(04)23274275,(04)23288582,2025,11,23,13,41,臺中市,大里區,0,2,0,7,2,6,40,4,2,1,5,4,6,6,1,1,10,5,5,1,16,2,9,1,1,C03,7,11,1,10,2,14,,44,44,1,12,4,120.676651,24.108014,2
9182,66000,387130000C,(04)23274275,(04)23288582,2025,11,23,13,45,臺中市,大里區,0,0,0,7,,,30,,,,,,,,,,,,,,,,,,,B03,,,1,,1,,,59,59,1,12,4,120.709463,24.082636,3
9183,66000,387130000C,(04)23274275,(04)23288582,2025,11,23,13,50,臺中市,東區,0,0,0,7,,,50,,,,,,,,,,,,,,,,,,,C03,,,1,,1,,,8,8,1,12,4,120.689902,24.13827,3
9184,66000,387130000C,(04)23274275,(04)23288582,2025,11,23,13,50,臺中市,北屯區,0,0,0,7,,3,40,,,,,,,,,,,,,,13,,,,,B12,,,1,,1,,,59,59,1,6,4,120.701285,24.201544,3
9185,66000,387130000C,(04)23274275,(04)23288582,2025,11,23,13,52,臺中市,南屯區,0,1,0,7,2,6,30,4,1,1,5,4,6,6,4,4,9,4,5,2,15,3,10,3,1,B01,7,9,1,8,2,5,,15,15,1,12,4,120.65205,24.138888,2
9186,66000,387130000C,(04)23274275,(04)23288582,2025,11,23,13,53,臺中市,北區,0,0,0,7,,,50,,,,,,,,,,,,,,14,,,,,B03,,,1,,1,,,50,50,1,12,4,120.685799,24.153168,4
9187,66000,387130000C,(04)23274275,(04)23288582,2025,11,23,13,55,臺中市,西區,0,1,0,7,2,6,50,3,1,1,5,4,6,6,2,1,1,4,5,2,12,2,9,2,1,C03,7,9,1,10,2,12,,7,7,1,13,4,120.666623,24.133376,2
9188,66000,387130000C,(04)23274275,(04)23288582,2025,11,23,13,56,臺中市,西屯區,0,2,0,7,2,6,50,4,1,1,5,4,6,6,2,1,10,5,5,2,17,2,6,5,4,C03,7,1,1,10,2,11,,51,51,1,13,4,120.642216,24.177805,2
9189,66000,387130000C,(04)23274275,(04)23288582,2025,11,23,14,1,臺中市,東區,0,1,0,7,3,6,50,4,1,1,5,4,6,6,1,1,5,4,4,2,12,3,10,3,1,B12,7,5,1,8,2,2,,11,11,1,6,4,120.706229,24.148492,2
9190,66000,387130000C,(04)23274275,(04)23288582,2025,11,23,14,4,臺中市,北區,0,0,0,7,2,6,50,13,7,1,5,4,6,6,4,4,5,4,4,2,13,3,10,3,1,B03,7,9,1,8,2,1,,7,7,1,12,4,120.684531,24.147918,3
9191,66000,387130000C,(04)23274275,(04)23288582,2025,11,23,14,5,臺中市,大肚區,0,3,0,7,2,6,40,3,1,1,4,4,6,6,4,4,10,5,5,2,13,2,8,1,1,C04,7,9,1,8,2,11,,7,7,1,6,4,120.549817,24.139924,2
9192,66000,387130000C,(04)23274275,(04)23288582,2025,11,23,14,6,臺中市,后里區,0,1,0,7,2,8,30,13,13,4,5,4,6,6,4,4,10,5,5,2,3,3,10,6,1,F01,7,9,7,21,2,11,,85,85,1,12,4,120.74554,24.28239,2