序號,縣市別代碼,機關代碼,市話,傳真,年,月,日,時,分,縣市,區,死亡數量,受傷數量,2-30,天候,道路照明設備,道路類別,道路速限,道路型態,事故位置,路面鋪裝,路面狀態,路面缺陷,障礙物,視距,號誌種類,號誌動作,分向設施,快車道或一般車道間,快慢車道間,路面邊線,事故類型及型態,受傷程度,主要傷處,保護裝備,行動電話或功能裝置,當事者區分(類別),車輛用途,當事者行動狀態,駕照狀態,駕照種類,飲酒情形,車輛撞擊部位最初,車輛撞擊部位其他,肇事因素個別,肇事因素主要,肇事逃逸,職業,共享經濟或外送平台,GPS座標X,GPS座標Y,事故類別
9193,66000,387130000C,(04)23274275,(04)23288582,2025,11,23,14,13,臺中市,東勢區,0,0,0,7,,,50,,,,,,,,,,,,,,,,,,,B03,,,1,,1,,,8,8,1,13,4,120.839835,24.201261,3
9194,66000,387130000C,(04)23274275,(04)23288582,2025,11,23,14,14,臺中市,北區,0,0,0,7,,,50,,,,,,,,,,,,,,,,,,,B03,,,1,,1,,,59,59,1,13,4,120.67703,24.151648,3
9195,66000,387130000C,(04)23274275,(04)23288582,2025,11,23,14,15,臺中市,新社區,0,0,0,7,,,30,,,,,,,,,,,,,,16,,,,,B03,,,1,,1,,,14,14,1,6,4,120.797424,24.262708,3
9196,66000,387130000C,(04)23274275,(04)23288582,2025,11,23,14,18,臺中市,南區,0,1,0,7,1,6,50,4,1,1,5,4,6,6,2,1,10,5,5,2,17,3,10,5,4,B03,7,6,1,8,2,2,,11,11,1,13,4,120.677154,24.130558,2
9197,66000,387130000C,(04)23274275,(04)23288582,2025,11,23,14,22,臺中市,西屯區,0,0,0,7,,,60,,,,,,,,,,,,,,12,,,,,B03,,,1,,2,,,35,35,1,12,4,120.646902,24.155613,3
9198,66000,387130000C,(04)23274275,(04)23288582,2025,11,23,14,24,臺中市,西屯區,0,1,0,7,2,6,50,13,9,1,5,4,6,6,4,4,1,3,4,1,12,3,10,3,4,B03,7,7,1,8,2,2,,40,40,1,12,4,120.651529,24.165041,2
9199,66000,387130000C,(04)23274275,(04)23288582,2025,11,23,14,24,臺中市,豐原區,0,1,0,7,2,6,30,5,2,1,5,4,6,6,1,1,10,5,5,2,12,2,9,5,4,C03,7,6,1,10,2,15,,23,23,1,13,4,120.707259,24.244356,2
9200,66000,387130000C,(04)23274275,(04)23288582,2025,11,23,14,25,臺中市,大里區,0,1,0,7,2,6,30,3,1,1,5,4,6,6,4,4,10,5,5,1,16,3,10,2,1,C03,7,9,3,19,2,12,,84,84,1,13,4,120.707759,24.091245,2
9201,66000,387130000C,(04)23274275,(04)23288582,2025,11,23,14,27,臺中市,北屯區,0,1,0,7,2,6,50,3,1,1,5,4,6,6,2,1,10,5,5,2,16,3,10,3,1,B03,7,6,1,3,2,2,,25,25,1,6,4,120.661134,24.190596,2
9202,66000,387130000C,(04)23274275,(04)23288582,2025,11,23,14,30,臺中市,沙鹿區,0,1,0,7,2,6,40,13,8,1,5,4,6,6,4,4,1,3,4,2,18,2,9,2,1,C03,7,9,1,10,1,14,,59,59,1,12,4,120.586348,24.249793,2
9203,66000,387130000C,(04)23274275,(04)23288582,2025,11,23,14,31,臺中市,東區,0,1,0,7,2,6,50,3,1,1,5,4,6,6,2,1,10,5,5,2,16,3,10,3,1,B03,7,5,1,8,2,5,,47,47,1,6,4,120.693573,24.138761,2
9204,66000,387130000C,(04)23274275,(04)23288582,2025,11,23,14,36,臺中市,北區,0,0,0,7,,,50,,,,,,,,,,,,,,13,,,,,A04,,,1,,1,,,7,7,1,12,4,120.689066,24.157431,3
9205,66000,387130000C,(04)23274275,(04)23288582,2025,11,23,14,38,臺中市,南屯區,0,0,0,7,,,40,,,,,,,,,,,,,,17,,,,,C03,,,1,,1,,,59,59,1,13,4,120.629504,24.1555,3
9206,66000,387130000C,(04)23274275,(04)23288582,2025,11,23,14,39,臺中市,新社區,0,1,0,7,2,6,50,13,9,1,5,4,6,6,4,4,8,5,5,1,17,3,10,3,1,B03,7,11,5,19,2,1,,45,45,1,12,4,120.817918,24.227942,2
9207,66000,387130000C,(04)23274275,(04)23288582,2025,11,23,14,40,臺中市,南屯區,0,0,0,7,,,40,,,,,,,,,,,,,,,,,,,B03,,,1,,1,,,49,49,1,13,4,120.615284,24.139311,3
9208,66000,387130000C,(04)23274275,(04)23288582,2025,11,23,14,40,臺中市,西屯區,0,0,0,7,,,50,,,,,,,,,,,,,,23,,,,,B03,,,1,,2,,,59,59,1,13,4,120.635866,24.182037,3
9209,66000,387130000C,(04)23274275,(04)23288582,2025,11,23,14,46,臺中市,豐原區,0,0,0,7,,,50,,,,,,,,,,,,,,13,,,,,B03,,,1,,2,,,7,7,1,13,4,120.756162,24.27537,3
9210,66000,387130000C,(04)23274275,(04)23288582,2025,11,23,14,47,臺中市,大里區,0,0,0,7,,,50,,,,,,,,,,,,,,,,,,,B12,,,1,,1,,,49,49,1,12,4,120.715185,24.100584,3
9211,66000,387130000C,(04)23274275,(04)23288582,2025,11,23,14,50,臺中市,北區,0,0,0,7,,,50,,,,,,,,,,,,,,2,,,,,B03,,,1,,1,,,42,42,1,13,4,120.686453,24.147272,3
9212,66000,387130000C,(04)23274275,(04)23288582,2025,11,23,14,52,臺中市,大雅區,0,0,0,7,,,60,,,,,,,,,,,,,,,,,,,B02,,,1,,2,,,59,59,1,12,4,120.641196,24.230212,3
9213,66000,387130000C,(04)23274275,(04)23288582,2025,11,23,14,52,臺中市,大里區,0,0,0,7,,3,80,,,,,,,,,,,,,,13,,,,,B03,,,1,,2,,,84,84,1,13,4,120.682706,24.082903,3
9214,66000,387130000C,(04)23274275,(04)23288582,2025,11,23,14,53,臺中市,北區,0,1,0,7,2,6,50,13,9,1,5,4,6,6,4,4,1,4,5,2,17,2,9,6,1,F01,7,9,7,21,2,12,,84,84,1,12,1,120.684197,24.150624,2
9215,66000,387130000C,(04)23274275,(04)23288582,2025,11,23,14,55,臺中市,北屯區,0,0,0,7,,,50,,,,,,,,,,,,,,13,,,,,B03,,,1,,2,,,84,84,1,6,4,120.722699,24.173249,3
9216,66000,387130000C,(04)23274275,(04)23288582,2025,11,23,14,56,臺中市,大里區,0,1,0,7,2,6,60,4,1,1,5,4,6,6,1,1,3,5,4,2,16,3,10,3,1,B03,7,5,1,8,2,5,,11,11,1,13,4,120.688287,24.083126,2
9217,66000,387130000C,(04)23274275,(04)23288582,2025,11,23,14,58,臺中市,豐原區,0,1,0,7,2,6,50,13,9,1,5,4,6,6,4,4,1,5,5,2,13,3,10,5,4,B03,7,9,1,8,2,1,,7,7,1,12,4,120.707468,24.250306,2
9218,66000,387130000C,(04)23274275,(04)23288582,2025,11,23,15,0,臺中市,潭子區,0,0,0,7,,,50,,,,,,,,,,,,,,,,,,,B03,,,1,,1,,,49,49,1,13,4,120.693607,24.215892,3
9219,66000,387130000C,(04)23274275,(04)23288582,2025,11,23,15,0,臺中市,東區,0,1,0,7,2,6,40,3,1,1,5,4,6,6,4,4,1,4,5,2,13,3,10,3,1,B03,7,9,1,8,2,1,,7,7,1,12,4,120.69425,24.14354,2
9220,66000,387130000C,(04)23274275,(04)23288582,2025,11,23,15,0,臺中市,北屯區,0,1,0,7,3,3,80,13,17,1,5,4,6,6,4,4,2,4,5,1,13,2,1,3,1,B03,7,9,1,8,2,1,,7,7,1,6,4,120.701285,24.201544,2
9221,66000,387130000C,(04)23274275,(04)23288582,2025,11,23,15,2,臺中市,北區,0,0,0,7,2,6,50,13,9,1,5,4,6,6,4,4,5,5,5,2,16,3,10,3,1,B03,7,5,1,8,1,2,,20,20,1,12,4,120.686273,24.149125,3
9222,66000,387130000C,(04)23274275,(04)23288582,2025,11,23,15,3,臺中市,大里區,0,0,0,7,,,50,,,,,,,,,,,,,,13,,,,,B03,,,1,,8,,,53,53,1,12,4,120.690525,24.0931,3
9223,66000,387130000C,(04)23274275,(04)23288582,2025,11,23,15,7,臺中市,北區,0,0,0,7,,,50,,,,,,,,,,,,,,17,,,,,C03,,,3,,9,,,84,84,1,12,4,120.673381,24.163079,3
9224,66000,387130000C,(04)23274275,(04)23288582,2025,11,23,15,7,臺中市,大甲區,0,2,0,7,3,6,50,13,9,1,5,4,6,6,4,4,10,5,5,2,14,3,10,3,1,B12,7,2,1,8,2,3,,49,49,1,6,4,120.618553,24.343184,2
9225,66000,387130000C,(04)23274275,(04)23288582,2025,11,23,15,7,臺中市,新社區,0,2,0,7,2,6,50,3,1,1,5,4,6,6,4,4,10,5,5,2,16,2,9,1,1,C01,7,6,1,9,2,12,,48,48,1,12,4,120.795731,24.218279,2
9226,66000,387130000C,(04)23274275,(04)23288582,2025,11,23,15,12,臺中市,烏日區,0,0,0,7,2,6,50,13,9,1,5,4,6,6,4,4,9,5,5,2,12,3,10,3,1,B12,7,9,1,8,1,2,,59,59,1,6,4,120.597343,24.110207,3
9227,66000,387130000C,(04)23274275,(04)23288582,2025,11,23,15,12,臺中市,沙鹿區,0,1,0,7,2,6,50,13,9,1,5,4,6,6,4,4,10,4,4,2,13,3,10,3,1,A42,7,6,1,8,2,1,,7,7,1,6,4,120.564924,24.240474,2
9228,66000,387130000C,(04)23274275,(04)23288582,2025,11,23,15,15,臺中市,西區,0,0,0,7,,,50,,,,,,,,,,,,,,,,,,,B03,,,1,,1,,,84,84,1,13,4,120.665279,24.144329,3
9229,66000,387130000C,(04)23274275,(04)23288582,2025,11,23,15,15,臺中市,東勢區,0,0,0,7,,,50,,,,,,,,,,,,,,,,,,,B03,,,1,,1,,,8,8,1,13,4,120.839835,24.201261,4
9230,66000,387130000C,(04)23274275,(04)23288582,2025,11,23,15,20,臺中市,西區,0,0,0,7,,,50,,,,,,,,,,,,,,17,,,,,B03,,,1,,2,,,59,59,1,12,4,120.661678,24.141244,3
9231,66000,387130000C,(04)23274275,(04)23288582,2025,11,23,15,24,臺中市,北屯區,0,1,0,7,2,6,40,13,8,1,5,4,6,6,4,4,5,5,4,2,16,2,9,1,1,C03,7,9,1,10,2,14,,7,7,1,12,4,120.691147,24.164931,2
9232,66000,387130000C,(04)23274275,(04)23288582,2025,11,23,15,24,臺中市,大里區,0,0,0,7,3,6,30,13,9,1,5,4,6,6,4,4,10,5,5,2,12,,,,,B03,,,1,,2,,,84,84,1,12,4,120.69476,24.123775,3
9233,66000,387130000C,(04)23274275,(04)23288582,2025,11,23,15,25,臺中市,西屯區,0,0,0,7,,,40,,,,,,,,,,,,,,,,,,,B03,,,1,,2,,,7,7,1,12,4,120.628865,24.163658,3
9234,66000,387130000C,(04)23274275,(04)23288582,2025,11,23,15,25,臺中市,梧棲區,0,1,0,7,2,6,50,4,1,1,5,4,6,6,1,1,9,4,5,1,6,2,9,6,5,H01,8,18,7,21,10,17,,96,96,1,12,5,120.533619,24.254368,2
9235,66000,387130000C,(04)23274275,(04)23288582,2025,11,23,15,29,臺中市,潭子區,0,0,0,7,,,50,,,,,,,,,,,,,,,,,,,B03,,,1,,2,,,8,8,1,13,4,120.707083,24.212994,3
9236,66000,387130000C,(04)23274275,(04)23288582,2025,11,23,15,29,臺中市,北屯區,0,0,0,7,,,50,,,,,,,,,,,,,,12,,,,,C03,,,1,,1,,,8,8,1,12,4,120.696819,24.168893,3
9237,66000,387130000C,(04)23274275,(04)23288582,2025,11,23,15,29,臺中市,霧峰區,0,2,0,7,2,6,50,13,9,1,5,4,6,6,4,4,10,5,5,1,13,2,9,1,1,C03,7,9,1,10,2,11,,7,7,1,12,4,120.681774,24.039254,2
9238,66000,387130000C,(04)23274275,(04)23288582,2025,11,23,15,29,臺中市,烏日區,0,1,0,7,2,6,30,3,2,1,5,4,6,6,4,4,10,5,5,2,11,2,9,6,4,F01,7,6,7,21,2,11,,59,59,1,13,4,120.637026,24.109238,2
9239,66000,387130000C,(04)23274275,(04)23288582,2025,11,23,15,32,臺中市,太平區,0,1,0,7,2,6,50,3,1,1,5,4,6,6,4,4,10,5,5,1,13,3,10,2,1,C03,7,9,1,10,2,11,,7,7,1,13,4,120.75141,24.122159,2
9240,66000,387130000C,(04)23274275,(04)23288582,2025,11,23,15,33,臺中市,北區,0,1,0,7,3,6,50,5,2,1,5,4,6,6,1,1,5,4,5,2,16,3,10,5,4,B03,7,5,1,8,2,2,,11,11,1,13,4,120.681029,24.157933,2
9241,66000,387130000C,(04)23274275,(04)23288582,2025,11,23,15,35,臺中市,西區,0,0,0,7,,,30,,,,,,,,,,,,,,,,,,,B03,,,1,,2,,,59,59,1,12,4,120.666617,24.146233,3
9242,66000,387130000C,(04)23274275,(04)23288582,2025,11,23,15,37,臺中市,西區,0,0,0,7,,,50,,,,,,,,,,,,,,15,,,,,C03,,,1,,1,,,12,12,1,12,4,120.681716,24.141832,3
9243,66000,387130000C,(04)23274275,(04)23288582,2025,11,23,15,40,臺中市,烏日區,0,0,0,7,,,50,,,,,,,,,,,,,,,,,,,B03,,,1,,2,,,84,84,1,13,4,120.606283,24.108912,3
9244,66000,387130000C,(04)23274275,(04)23288582,2025,11,23,15,41,臺中市,豐原區,0,0,0,7,,,60,,,,,,,,,,,,,,13,,,,,B03,,,1,,1,,,59,59,1,12,4,120.737463,24.25087,4
9245,66000,387130000C,(04)23274275,(04)23288582,2025,11,23,15,43,臺中市,大里區,0,2,0,7,3,6,50,5,2,1,5,4,6,6,3,1,5,4,5,1,16,2,9,5,4,C03,7,6,1,10,2,14,,20,20,1,13,4,120.680251,24.115048,2
9246,66000,387130000C,(04)23274275,(04)23288582,2025,11,23,15,45,臺中市,大雅區,0,1,0,7,3,6,30,4,1,1,5,4,6,6,3,1,10,5,5,1,17,2,9,5,4,C03,7,9,1,10,2,11,,24,24,1,13,4,120.662893,24.221585,2
9247,66000,387130000C,(04)23274275,(04)23288582,2025,11,23,15,47,臺中市,西屯區,0,0,0,7,,,50,,,,,,,,,,,,,,13,,,,,A04,,,1,,1,,,7,7,1,13,4,120.657326,24.196679,3
9248,66000,387130000C,(04)23274275,(04)23288582,2025,11,23,15,50,臺中市,南屯區,0,1,0,7,2,6,50,3,1,1,5,4,6,6,4,4,10,5,5,2,17,3,10,3,1,B02,7,5,1,8,2,5,,14,14,1,12,4,120.636873,24.153069,2
9249,66000,387130000C,(04)23274275,(04)23288582,2025,11,23,15,52,臺中市,東區,0,1,0,7,3,6,50,13,9,1,5,4,6,6,4,4,10,5,5,2,16,3,10,3,1,B03,7,5,1,8,2,2,,47,47,1,12,4,120.686615,24.141815,2
9250,66000,387130000C,(04)23274275,(04)23288582,2025,11,23,15,53,臺中市,龍井區,0,0,0,7,,,50,,,,,,,,,,,,,,15,,,,,B03,,,1,,1,,,45,45,1,6,4,120.573776,24.184722,3
9251,66000,387130000C,(04)23274275,(04)23288582,2025,11,23,15,59,臺中市,石岡區,0,0,0,7,,,70,,,,,,,,,,,,,,13,,,,,B03,,,1,,1,,,7,7,1,13,4,120.784819,24.27457,3
9252,66000,387130000C,(04)23274275,(04)23288582,2025,11,23,16,1,臺中市,北屯區,0,1,0,7,3,6,50,4,1,1,5,4,6,6,2,1,10,5,5,2,16,3,10,2,1,C03,7,6,6,20,2,14,,48,48,1,12,4,120.709933,24.180227,2
9253,66000,387130000C,(04)23274275,(04)23288582,2025,11,23,16,3,臺中市,新社區,0,0,0,7,,,50,,,,,,,,,,,,,,,,,,,B12,,,1,,1,,,7,7,1,12,4,120.797498,24.203181,3
9254,66000,387130000C,(04)23274275,(04)23288582,2025,11,23,16,8,臺中市,烏日區,0,0,0,7,2,6,60,3,1,1,5,4,6,6,4,4,1,4,4,1,13,3,10,1,1,C03,7,9,1,10,1,11,,84,84,1,6,4,120.605061,24.10911,3
9255,66000,387130000C,(04)23274275,(04)23288582,2025,11,23,16,16,臺中市,北屯區,0,0,0,7,,3,40,,,,,,,,,,,,,,13,,,,,B03,,,1,,2,,,7,7,1,12,4,120.66983,24.201171,3
9256,66000,387130000C,(04)23274275,(04)23288582,2025,11,23,16,18,臺中市,北屯區,0,0,0,7,,,50,,,,,,,,,,,,,,17,,,,,B03,,,1,,1,,,84,84,1,6,4,120.717642,24.175626,3
9257,66000,387130000C,(04)23274275,(04)23288582,2025,11,23,16,21,臺中市,西區,0,1,0,7,2,6,50,4,1,1,5,4,6,6,1,1,1,4,5,2,15,3,10,3,1,B03,7,9,1,8,2,5,,25,25,1,12,4,120.682182,24.135864,2
9258,66000,387130000C,(04)23274275,(04)23288582,2025,11,23,16,25,臺中市,神岡區,0,1,0,7,3,6,15,5,1,1,5,4,6,6,1,1,5,5,5,2,9,3,10,6,1,F01,7,9,7,21,2,11,,6,6,1,13,4,120.656581,24.255821,2
9259,66000,387130000C,(04)23274275,(04)23288582,2025,11,23,16,33,臺中市,北屯區,0,0,0,7,,,50,,,,,,,,,,,,,,14,,,,,C03,,,1,,1,,,49,49,1,6,4,120.726409,24.176301,3
9260,66000,387130000C,(04)23274275,(04)23288582,2025,11,23,16,38,臺中市,大里區,0,1,0,7,3,6,50,4,2,1,5,4,6,6,1,1,5,5,4,2,12,2,8,1,1,C03,7,10,1,10,2,14,,84,84,1,12,4,120.695918,24.096393,2
9261,66000,387130000C,(04)23274275,(04)23288582,2025,11,23,16,39,臺中市,烏日區,0,0,0,7,,,50,,,,,,,,,,,,,,12,,,,,B03,,,1,,2,,,59,59,1,13,4,120.612551,24.10867,3
9262,66000,387130000C,(04)23274275,(04)23288582,2025,11,23,16,40,臺中市,南區,0,1,0,7,2,6,50,4,9,1,5,4,6,6,1,1,9,4,4,2,9,3,10,6,5,H03,8,20,7,21,1,17,,109,109,1,12,5,120.680966,24.13068,2
9263,66000,387130000C,(04)23274275,(04)23288582,2025,11,23,16,46,臺中市,沙鹿區,0,0,0,7,,,50,,,,,,,,,,,,,,,,,,,B03,,,1,,2,,,50,50,1,13,4,120.558804,24.234255,3
9264,66000,387130000C,(04)23274275,(04)23288582,2025,11,23,16,50,臺中市,北區,0,0,0,7,,,50,,,,,,,,,,,,,,,,,,,B03,,,1,,2,,,49,49,1,12,4,120.67506,24.14706,3
9265,66000,387130000C,(04)23274275,(04)23288582,2025,11,23,17,0,臺中市,清水區,0,0,0,7,,,50,,,,,,,,,,,,,,,,,,,B03,,,1,,2,,,58,58,1,12,4,120.57512,24.277968,3
9266,66000,387130000C,(04)23274275,(04)23288582,2025,11,23,17,0,臺中市,豐原區,0,0,0,7,,,30,,,,,,,,,,,,,,18,,,,,,,,,,,,,119,119,1,,,120.707623,24.242301,3
9267,66000,387130000C,(04)23274275,(04)23288582,2025,11,23,17,2,臺中市,大雅區,0,0,0,7,,,30,,,,,,,,,,,,,,,,,,,B03,,,1,,1,,,49,49,1,12,4,120.64803,24.226036,3
9268,66000,387130000C,(04)23274275,(04)23288582,2025,11,23,17,3,臺中市,東區,0,1,0,7,1,3,80,13,9,1,5,4,6,6,4,4,1,4,5,1,13,2,8,3,1,B03,7,9,1,8,2,1,,7,7,1,13,4,120.706125,24.129381,2
9269,66000,387130000C,(04)23274275,(04)23288582,2025,11,23,17,5,臺中市,大雅區,0,0,0,7,,,70,,,,,,,,,,,,,,,,,,,B03,,,1,,2,,,7,7,1,13,4,120.627614,24.242173,3
9270,66000,387130000C,(04)23274275,(04)23288582,2025,11,23,17,5,臺中市,南屯區,0,0,0,7,,,50,,,,,,,,,,,,,,12,,,,,A05,,,1,,2,,,47,47,1,12,4,120.623032,24.149873,3
9271,66000,387130000C,(04)23274275,(04)23288582,2025,11,23,17,5,臺中市,后里區,0,0,0,7,2,6,50,13,9,1,5,4,6,6,4,4,9,4,5,1,13,,,,,B03,,,1,,2,,,59,59,1,6,4,120.706367,24.306752,3
9272,66000,387130000C,(04)23274275,(04)23288582,2025,11,23,17,10,臺中市,霧峰區,0,1,0,7,1,6,50,4,1,1,5,4,6,6,1,1,10,5,5,1,13,3,10,3,1,B03,7,9,1,8,2,1,,7,7,1,12,4,120.694243,24.066059,2
9273,66000,387130000C,(04)23274275,(04)23288582,2025,11,23,17,13,臺中市,北區,0,0,0,7,1,6,50,13,7,1,5,4,6,6,4,4,1,4,4,2,13,3,10,3,1,B03,7,9,1,8,1,1,,59,59,1,12,4,120.688674,24.153705,4
9274,66000,387130000C,(04)23274275,(04)23288582,2025,11,23,17,15,臺中市,西區,0,0,0,7,,,50,,,,,,,,,,,,,,,,,,,B03,,,1,8,2,,,50,50,1,13,4,120.65396,24.149872,3
9275,66000,387130000C,(04)23274275,(04)23288582,2025,11,23,17,17,臺中市,北區,0,0,0,7,,,50,,,,,,,,,,,,,,,,,,,C03,,,1,,1,,,7,7,1,13,4,120.685506,24.145825,3
9276,66000,387130000C,(04)23274275,(04)23288582,2025,11,23,17,19,臺中市,北屯區,0,0,0,7,,,50,,,,,,,,,,,,,,16,,,,,B03,,,1,,9,,,23,23,1,12,4,120.704033,24.182172,3
9277,66000,387130000C,(04)23274275,(04)23288582,2025,11,23,17,30,臺中市,北屯區,0,1,0,7,3,6,50,3,1,1,5,4,6,6,4,4,10,5,5,2,17,2,8,2,1,C03,7,9,1,10,2,11,,7,7,1,12,4,120.693609,24.161759,2
9278,66000,387130000C,(04)23274275,(04)23288582,2025,11,23,17,36,臺中市,西區,0,0,0,7,,,50,,,,,,,,,,,,,,13,,,,,B03,,,1,,1,,,84,84,1,12,4,120.660188,24.141246,3
9279,66000,387130000C,(04)23274275,(04)23288582,2025,11,23,17,36,臺中市,北區,0,0,0,7,,,50,,,,,,,,,,,,,,,,,,,B03,,,1,,2,,,7,7,1,12,4,120.671934,24.163333,3
9280,66000,387130000C,(04)23274275,(04)23288582,2025,11,23,17,36,臺中市,豐原區,0,0,0,7,,,50,,,,,,,,,,,,,,13,,,,,C03,,,1,,2,,,58,58,1,13,4,120.723714,24.252762,3
9281,66000,387130000C,(04)23274275,(04)23288582,2025,11,23,17,41,臺中市,梧棲區,0,1,0,7,1,6,50,4,1,1,5,4,6,6,1,1,1,3,3,1,16,2,9,1,1,C03,7,9,1,10,2,11,,84,84,1,12,4,120.539632,24.257769,2
9282,66000,387130000C,(04)23274275,(04)23288582,2025,11,23,17,43,臺中市,北屯區,0,0,0,7,,,50,,,,,,,,,,,,,,13,,,,,C03,,,3,,1,,,59,59,1,6,4,120.701955,24.18373,4
9283,66000,387130000C,(04)23274275,(04)23288582,2025,11,23,17,46,臺中市,大甲區,0,0,0,7,,,50,,,,,,,,,,,,,,14,,,,,B03,,,1,,2,,,49,49,1,6,4,120.624537,24.355392,3
9284,66000,387130000C,(04)23274275,(04)23288582,2025,11,23,17,50,臺中市,新社區,0,0,0,7,,,50,,,,,,,,,,,,,,13,,,,,B03,,,1,,1,,,7,7,1,6,4,120.794395,24.205543,3
9285,66000,387130000C,(04)23274275,(04)23288582,2025,11,23,17,50,臺中市,豐原區,0,0,0,7,,,50,,,,,,,,,,,,,,13,,,,,B03,,,1,,2,,,56,56,1,12,4,120.727121,24.260871,3
9286,66000,387130000C,(04)23274275,(04)23288582,2025,11,23,17,51,臺中市,西屯區,0,1,0,7,1,6,30,3,1,1,5,4,6,6,2,1,10,5,5,2,3,3,10,3,1,B03,7,6,1,8,2,4,,10,10,1,12,4,120.653963,24.163302,2
9287,66000,387130000C,(04)23274275,(04)23288582,2025,11,23,17,58,臺中市,北屯區,0,1,0,7,3,6,50,14,9,1,5,4,6,6,4,4,10,4,5,2,1,3,10,2,1,C03,7,5,1,10,9,12,,84,84,1,6,4,120.740139,24.178899,2
9288,66000,387130000C,(04)23274275,(04)23288582,2025,11,23,18,0,臺中市,南屯區,0,1,0,7,1,6,50,13,9,1,5,4,6,6,1,1,5,4,5,2,2,3,10,3,1,B03,7,5,1,8,2,5,,10,10,1,12,4,120.646394,24.137387,2
9289,66000,387130000C,(04)23274275,(04)23288582,2025,11,23,18,3,臺中市,南屯區,0,1,0,7,2,6,50,4,2,1,5,4,6,6,2,1,5,5,4,2,13,2,8,2,1,C03,7,9,1,10,2,11,,7,7,1,12,4,120.635814,24.133341,2
9290,66000,387130000C,(04)23274275,(04)23288582,2025,11,23,18,3,臺中市,沙鹿區,0,1,0,7,1,6,40,4,2,1,5,4,6,6,1,1,1,4,4,2,18,2,9,1,1,C03,7,1,5,19,8,14,,82,82,1,12,4,120.568416,24.225021,2
9291,66000,387130000C,(04)23274275,(04)23288582,2025,11,23,18,4,臺中市,北區,0,1,0,7,1,6,50,13,8,1,5,4,6,6,2,1,1,4,4,2,12,3,10,3,1,B03,7,9,1,8,2,2,,8,8,1,6,4,120.690815,24.158802,2
9292,66000,387130000C,(04)23274275,(04)23288582,2025,11,23,18,7,臺中市,北區,0,0,0,7,1,6,50,4,9,1,5,4,6,6,4,4,1,4,5,2,13,3,10,3,1,B03,7,9,1,8,1,1,,59,59,1,12,4,120.685751,24.143222,3
9293,66000,387130000C,(04)23274275,(04)23288582,2025,11,23,18,19,臺中市,西屯區,0,1,0,7,1,6,30,4,4,1,5,4,6,6,1,1,5,5,5,2,13,3,10,3,1,B13,7,9,1,8,2,5,,59,59,1,13,4,120.658535,24.178079,2
9294,66000,387130000C,(04)23274275,(04)23288582,2025,11,23,18,20,臺中市,大里區,0,1,0,6,1,6,50,4,1,1,5,4,6,6,1,1,10,5,5,2,16,3,10,3,1,B03,7,6,1,8,2,8,,11,11,1,12,4,120.684301,24.107571,2
9295,66000,387130000C,(04)23274275,(04)23288582,2025,11,23,18,25,臺中市,西屯區,0,1,0,7,1,6,50,3,1,1,5,4,6,6,4,4,10,5,5,2,17,3,10,4,1,B03,7,13,1,8,2,4,,76,76,1,12,4,120.621068,24.18719,2
9296,66000,387130000C,(04)23274275,(04)23288582,2025,11,23,18,27,臺中市,南屯區,0,1,0,7,2,6,50,13,9,1,5,4,6,6,4,4,9,4,5,2,17,3,10,3,1,B03,7,15,1,8,2,8,,76,76,1,12,4,120.652676,24.135927,2
9297,66000,387130000C,(04)23274275,(04)23288582,2025,11,23,18,28,臺中市,霧峰區,0,0,0,7,,,60,,,,,,,,,,,,,,13,,,,,B03,,,1,,2,,,59,59,1,12,4,120.695495,24.052623,3
9298,66000,387130000C,(04)23274275,(04)23288582,2025,11,23,18,29,臺中市,梧棲區,0,0,0,7,,,50,,,,,,,,,,,,,,13,,,,,B03,,,3,,1,,,82,82,1,12,4,120.555602,24.25098,3
9299,66000,387130000C,(04)23274275,(04)23288582,2025,11,23,18,30,臺中市,北區,0,2,0,7,3,6,50,4,2,1,5,4,6,6,1,1,5,5,5,2,16,2,9,5,4,C03,7,6,1,10,2,14,,11,11,1,13,4,120.685093,24.162653,2
9300,66000,387130000C,(04)23274275,(04)23288582,2025,11,23,18,32,臺中市,太平區,0,0,0,7,,,30,,,,,,,,,,,,,,11,,,,,B03,,,1,,1,,,85,85,1,12,4,120.701829,24.112475,3
9301,66000,387130000C,(04)23274275,(04)23288582,2025,11,23,18,33,臺中市,沙鹿區,0,1,0,6,1,6,40,11,8,1,5,4,6,6,4,4,3,3,3,1,18,2,9,5,4,C03,7,9,1,10,2,14,,84,84,1,13,4,120.579368,24.250208,2
9302,66000,387130000C,(04)23274275,(04)23288582,2025,11,23,18,34,臺中市,大雅區,0,2,0,7,3,6,70,3,1,1,5,4,6,6,3,1,10,5,5,2,17,2,9,2,1,C03,7,11,1,10,2,12,,45,45,1,12,4,120.631503,24.239685,2
9303,66000,387130000C,(04)23274275,(04)23288582,2025,11,23,18,35,臺中市,南區,0,0,0,7,,,50,,,,,,,,,,,,,,17,,,,,,,,,,,,,86,86,1,,,120.684038,24.124344,3
9304,66000,387130000C,(04)23274275,(04)23288582,2025,11,23,18,35,臺中市,南屯區,0,0,0,7,,,40,,,,,,,,,,,,,,12,,,,,B03,,,1,,2,,,8,8,1,12,4,120.648885,24.153742,3