序號,縣市別代碼,機關代碼,市話,傳真,年,月,日,時,分,縣市,區,死亡數量,受傷數量,2-30,天候,道路照明設備,道路類別,道路速限,道路型態,事故位置,路面鋪裝,路面狀態,路面缺陷,障礙物,視距,號誌種類,號誌動作,分向設施,快車道或一般車道間,快慢車道間,路面邊線,事故類型及型態,受傷程度,主要傷處,保護裝備,行動電話或功能裝置,當事者區分(類別),車輛用途,當事者行動狀態,駕照狀態,駕照種類,飲酒情形,車輛撞擊部位最初,車輛撞擊部位其他,肇事因素個別,肇事因素主要,肇事逃逸,職業,共享經濟或外送平台,GPS座標X,GPS座標Y,事故類別
9305,66000,387130000C,(04)23274275,(04)23288582,2025,11,23,18,35,臺中市,沙鹿區,0,4,0,7,1,6,0,3,1,1,5,4,6,6,1,1,10,5,5,2,3,2,8,6,5,H01,8,16,7,21,10,17,,96,96,1,12,5,120.581572,24.209582,2
9306,66000,387130000C,(04)23274275,(04)23288582,2025,11,23,18,36,臺中市,西區,0,0,0,7,,,50,,,,,,,,,,,,,,14,,,,,B03,,,1,,1,,,49,49,1,13,4,120.668553,24.146827,3
9307,66000,387130000C,(04)23274275,(04)23288582,2025,11,23,18,39,臺中市,大雅區,0,0,0,7,,,60,,,,,,,,,,,,,,,,,,,B03,,,1,,1,,,7,7,1,12,4,120.646357,24.222846,3
9308,66000,387130000C,(04)23274275,(04)23288582,2025,11,23,18,41,臺中市,東區,0,2,0,7,1,6,50,5,1,1,5,4,6,6,1,1,9,4,5,2,12,2,9,1,1,C03,7,9,1,10,2,14,12,8,8,1,12,4,120.693464,24.133077,2
9309,66000,387130000C,(04)23274275,(04)23288582,2025,11,23,18,43,臺中市,北屯區,0,1,0,7,1,6,50,3,1,1,5,4,6,6,4,4,1,4,5,2,16,3,10,3,1,B03,7,5,1,8,2,7,,12,12,1,12,4,120.72048,24.162892,2
9310,66000,387130000C,(04)23274275,(04)23288582,2025,11,23,18,45,臺中市,龍井區,0,0,0,7,,,50,,,,,,,,,,,,,,14,,,,,C01,,,1,,1,,,49,49,1,6,4,120.593014,24.182302,3
9311,66000,387130000C,(04)23274275,(04)23288582,2025,11,23,18,48,臺中市,中區,0,0,0,7,,,50,,,,,,,,,,,,,,17,,,,,C03,,,1,,2,,,84,84,1,12,4,120.681046,24.139427,3
9312,66000,387130000C,(04)23274275,(04)23288582,2025,11,23,18,49,臺中市,和平區,0,1,0,7,1,6,50,13,9,1,5,4,6,6,4,4,9,2,5,1,13,2,9,2,1,C03,7,9,1,10,2,11,11,7,7,1,6,4,120.948752,24.166584,2
9313,66000,387130000C,(04)23274275,(04)23288582,2025,11,23,18,56,臺中市,西屯區,0,0,0,7,,,50,,,,,,,,,,,,,,17,,,,,B03,,,1,,2,,,8,8,1,13,4,120.634864,24.173608,3
9314,66000,387130000C,(04)23274275,(04)23288582,2025,11,23,18,59,臺中市,神岡區,0,1,0,7,1,6,50,5,2,1,5,4,6,6,1,1,5,5,5,1,2,3,10,3,1,B03,7,14,1,8,2,7,,77,77,1,12,4,120.711924,24.258204,2
9315,66000,387130000C,(04)23274275,(04)23288582,2025,11,23,19,6,臺中市,潭子區,0,0,0,7,,,50,,,,,,,,,,,,,,,,,,,B03,,,1,,2,,,49,49,1,13,4,120.701612,24.190054,3
9316,66000,387130000C,(04)23274275,(04)23288582,2025,11,23,19,9,臺中市,太平區,0,0,0,7,,,50,,,,,,,,,,,,,,13,,,,,C03,,,1,,2,,,7,84,1,5,4,120.733262,24.142702,3
9317,66000,387130000C,(04)23274275,(04)23288582,2025,11,23,19,13,臺中市,東區,0,0,0,7,,,50,,,,,,,,,,,,,,13,,,,,B03,,,1,,1,,,84,84,1,12,4,120.69828,24.15073,3
9318,66000,387130000C,(04)23274275,(04)23288582,2025,11,23,19,24,臺中市,霧峰區,0,1,0,7,1,6,50,4,1,1,5,4,6,6,1,1,10,5,5,2,15,2,9,1,1,C03,7,9,1,10,2,14,,21,21,1,12,4,120.694881,24.065976,2
9319,66000,387130000C,(04)23274275,(04)23288582,2025,11,23,19,27,臺中市,大里區,0,0,0,7,,,50,,,,,,,,,,,,,,28,,,,,B03,,,1,,2,,,84,84,1,13,4,120.695521,24.096842,3
9320,66000,387130000C,(04)23274275,(04)23288582,2025,11,23,19,32,臺中市,梧棲區,0,0,0,7,,,30,,,,,,,,,,,,,,11,,,,,B03,,,1,,1,,,8,8,1,12,4,120.533565,24.228339,3
9321,66000,387130000C,(04)23274275,(04)23288582,2025,11,23,19,33,臺中市,太平區,0,0,0,7,,,50,,,,,,,,,,,,,,,,,,,C03,,,1,,1,,,7,7,1,12,4,120.715915,24.124918,3
9322,66000,387130000C,(04)23274275,(04)23288582,2025,11,23,19,34,臺中市,北區,0,2,0,7,1,6,50,4,1,1,5,4,6,6,1,1,10,5,5,2,16,3,10,3,1,B03,7,5,1,8,2,2,,47,47,1,12,4,120.676792,24.155791,2
9323,66000,387130000C,(04)23274275,(04)23288582,2025,11,23,19,49,臺中市,南區,0,1,0,7,1,6,50,3,1,1,5,4,6,6,1,1,10,5,5,2,16,3,10,3,1,B03,7,5,1,8,2,2,,11,11,1,12,4,120.668402,24.114576,2
9324,66000,387130000C,(04)23274275,(04)23288582,2025,11,23,19,51,臺中市,東區,0,1,0,7,1,6,50,13,9,1,5,4,6,6,4,4,9,4,5,2,28,2,9,2,1,C03,7,9,1,10,1,11,,7,7,1,12,4,120.694944,24.135284,2
9325,66000,387130000C,(04)23274275,(04)23288582,2025,11,23,19,52,臺中市,霧峰區,0,0,0,7,,,60,,,,,,,,,,,,,,13,,,,,B03,,,1,,2,,,58,58,1,12,4,120.692521,24.045784,3
9326,66000,387130000C,(04)23274275,(04)23288582,2025,11,23,19,52,臺中市,烏日區,0,1,0,7,1,6,40,11,9,1,5,4,6,6,4,4,1,4,5,1,17,3,10,5,4,B03,7,9,1,8,2,2,,84,84,1,12,4,120.588053,24.113195,2
9327,66000,387130000C,(04)23274275,(04)23288582,2025,11,23,20,0,臺中市,南屯區,0,0,0,7,1,6,50,13,9,1,5,4,6,6,4,4,5,4,5,2,12,,,,,B03,,,1,,1,,,8,8,1,12,4,120.643901,24.138738,3
9328,66000,387130000C,(04)23274275,(04)23288582,2025,11,23,20,2,臺中市,太平區,0,0,0,7,,,50,,,,,,,,,,,,,,14,,,,,B03,,,2,,1,,,82,82,1,12,4,120.711955,24.143458,3
9329,66000,387130000C,(04)23274275,(04)23288582,2025,11,23,20,3,臺中市,西屯區,0,1,0,7,2,6,40,4,1,1,5,4,6,6,1,1,10,5,5,2,13,2,9,5,1,C03,7,9,1,10,2,11,,7,7,1,12,4,120.657892,24.158315,2
9330,66000,387130000C,(04)23274275,(04)23288582,2025,11,23,20,9,臺中市,烏日區,0,0,0,7,1,6,60,13,7,1,5,4,6,6,1,1,1,4,5,2,13,3,10,3,1,B03,7,9,1,8,1,1,,84,84,1,6,4,120.615752,24.105845,3
9331,66000,387130000C,(04)23274275,(04)23288582,2025,11,23,20,14,臺中市,北屯區,0,1,0,7,1,6,50,13,9,1,5,4,6,6,4,4,5,4,5,2,18,2,9,1,1,C03,7,9,1,10,1,12,,82,82,1,12,4,120.701861,24.16999,2
9332,66000,387130000C,(04)23274275,(04)23288582,2025,11,23,20,15,臺中市,南區,0,1,0,7,1,6,50,4,1,1,5,4,6,6,4,4,10,5,5,2,15,2,9,4,1,F01,7,9,7,21,1,11,,12,12,1,2,4,120.675271,24.129227,2
9333,66000,387130000C,(04)23274275,(04)23288582,2025,11,23,20,19,臺中市,大雅區,0,2,0,7,1,6,30,13,9,1,5,4,6,6,4,4,10,5,5,1,17,2,8,2,1,C03,7,1,3,19,5,11,,51,51,1,12,4,120.651897,24.217673,2
9334,66000,387130000C,(04)23274275,(04)23288582,2025,11,23,20,29,臺中市,大肚區,0,1,0,7,1,6,50,13,9,1,5,4,6,6,4,4,9,5,5,2,13,3,10,1,1,C03,7,9,1,10,2,11,,59,59,1,5,4,120.572058,24.155029,2
9335,66000,387130000C,(04)23274275,(04)23288582,2025,11,23,20,41,臺中市,南屯區,0,0,0,7,,,50,,,,,,,,,,,,,,,,,,,C03,,,1,,1,,,84,84,1,13,4,120.649789,24.13805,3
9336,66000,387130000C,(04)23274275,(04)23288582,2025,11,23,20,42,臺中市,北屯區,0,0,0,7,,,50,,,,,,,,,,,,,,14,,,,,B03,,,1,,1,,,49,49,1,6,4,120.711896,24.16108,3
9337,66000,387130000C,(04)23274275,(04)23288582,2025,11,23,20,51,臺中市,太平區,0,0,0,7,,,40,,,,,,,,,,,,,,,,,,,F06,,,7,,2,,,39,39,1,12,4,120.733959,24.14356,3
9338,66000,387130000C,(04)23274275,(04)23288582,2025,11,23,20,53,臺中市,南屯區,0,0,0,7,,,50,,,,,,,,,,,,,,,,,,,C03,,,1,,2,,,12,12,1,12,4,120.635497,24.1498,3
9339,66000,387130000C,(04)23274275,(04)23288582,2025,11,23,20,55,臺中市,沙鹿區,0,0,0,7,,,40,,,,,,,,,,,,,,,,,,,B12,,,1,,2,,,49,49,1,12,4,120.566994,24.22856,3
9340,66000,387130000C,(04)23274275,(04)23288582,2025,11,23,20,56,臺中市,西屯區,0,0,0,7,,,50,,,,,,,,,,,,,,17,,,,,B03,,,1,,1,,,51,51,1,12,4,120.637666,24.163226,3
9341,66000,387130000C,(04)23274275,(04)23288582,2025,11,23,20,59,臺中市,南區,0,0,0,7,,,50,,,,,,,,,,,,,,13,,,,,B03,,,1,,1,,,84,84,1,12,4,120.668876,24.12868,3
9342,66000,387130000C,(04)23274275,(04)23288582,2025,11,23,21,2,臺中市,北區,0,0,0,7,,,50,,,,,,,,,,,,,,15,,,,,B03,,,1,,1,,,21,21,1,6,4,120.684936,24.163695,3
9343,66000,387130000C,(04)23274275,(04)23288582,2025,11,23,21,5,臺中市,沙鹿區,0,0,0,7,1,6,50,13,9,1,5,4,6,6,4,4,4,4,4,2,12,,,,,B03,,,1,,2,,,50,50,1,12,4,120.571442,24.225512,3
9344,66000,387130000C,(04)23274275,(04)23288582,2025,11,23,21,9,臺中市,西區,0,0,0,7,,,50,,,,,,,,,,,,,,,,,,,C03,,,1,,1,,,7,7,1,13,4,120.671994,24.135147,3
9345,66000,387130000C,(04)23274275,(04)23288582,2025,11,23,21,12,臺中市,烏日區,0,1,0,7,1,6,30,4,1,1,4,4,6,6,1,1,5,5,4,2,18,2,9,1,1,C03,7,6,1,10,2,11,12,59,59,1,6,4,120.607647,24.120939,2
9346,66000,387130000C,(04)23274275,(04)23288582,2025,11,23,21,21,臺中市,豐原區,0,1,0,7,1,6,50,13,9,1,5,4,6,6,4,4,5,5,5,1,12,3,10,5,4,B03,7,7,1,8,2,2,,65,65,1,13,4,120.71926,24.242925,2
9347,66000,387130000C,(04)23274275,(04)23288582,2025,11,23,21,22,臺中市,大甲區,0,1,0,7,3,6,40,4,9,1,5,4,6,6,4,4,6,3,5,1,18,2,9,1,1,C03,7,1,1,10,2,11,,51,51,1,12,4,120.649413,24.40865,2
9348,66000,387130000C,(04)23274275,(04)23288582,2025,11,23,21,24,臺中市,南屯區,0,1,0,7,1,6,50,13,9,1,5,4,6,6,1,1,5,5,5,1,17,2,9,1,1,C03,7,9,1,10,2,14,,84,84,1,12,4,120.644087,24.132048,2
9349,66000,387130000C,(04)23274275,(04)23288582,2025,11,23,21,24,臺中市,清水區,0,0,0,7,,,50,,,,,,,,,,,,,,,,,,,B03,,,1,,2,,,49,49,1,12,4,120.572261,24.263669,3
9350,66000,387130000C,(04)23274275,(04)23288582,2025,11,23,21,25,臺中市,太平區,0,0,0,7,,,50,,,,,,,,,,,,,,13,,,,,C03,,,1,,1,,,7,7,1,12,4,120.712336,24.144636,3
9351,66000,387130000C,(04)23274275,(04)23288582,2025,11,23,21,27,臺中市,大里區,0,4,0,6,1,6,50,4,1,1,5,4,6,6,1,1,10,5,5,2,16,2,9,1,1,C03,7,6,1,10,2,14,,25,25,1,12,4,120.684178,24.119041,2
9352,66000,387130000C,(04)23274275,(04)23288582,2025,11,23,21,28,臺中市,清水區,0,1,0,7,1,6,30,13,9,1,5,4,6,6,4,4,10,5,5,2,18,,,,,,,,,,,,,118,118,1,,,120.568692,24.284577,2
9353,66000,387130000C,(04)23274275,(04)23288582,2025,11,23,21,39,臺中市,外埔區,0,1,0,7,1,6,50,4,1,1,5,4,6,6,2,1,5,5,4,1,16,3,10,3,1,B03,7,9,1,8,2,5,,21,21,1,6,4,120.653517,24.331732,2
9354,66000,387130000C,(04)23274275,(04)23288582,2025,11,23,21,40,臺中市,大雅區,0,0,0,7,,,30,,,,,,,,,,,,,,,,,,,B03,,,1,,2,,,8,8,1,12,4,120.646894,24.222617,3
9355,66000,387130000C,(04)23274275,(04)23288582,2025,11,23,21,42,臺中市,南區,0,3,0,7,1,6,40,4,1,1,5,4,6,6,2,1,10,5,5,2,17,2,7,2,1,C03,7,9,1,10,2,14,,84,84,1,5,4,120.650436,24.120225,2
9356,66000,387130000C,(04)23274275,(04)23288582,2025,11,23,21,45,臺中市,豐原區,0,0,0,7,,,50,,,,,,,,,,,,,,17,,,,,B03,,,1,,2,,,49,49,1,6,4,120.709947,24.248474,3
9357,66000,387130000C,(04)23274275,(04)23288582,2025,11,23,21,46,臺中市,東區,0,0,0,7,,,50,,,,,,,,,,,,,,17,,,,,B03,,,1,,1,,,47,47,1,12,4,120.691203,24.134727,3
9358,66000,387130000C,(04)23274275,(04)23288582,2025,11,23,21,49,臺中市,豐原區,0,3,0,7,2,6,50,13,7,1,5,4,6,6,4,4,5,5,4,2,17,2,9,5,4,C03,7,9,1,10,2,11,,7,7,1,13,4,120.722145,24.253643,2
9359,66000,387130000C,(04)23274275,(04)23288582,2025,11,23,21,54,臺中市,南屯區,0,0,0,7,1,6,50,13,9,1,5,4,6,6,1,4,5,2,5,2,12,,,,,C03,,,5,,1,,,7,7,1,12,4,120.638225,24.135262,3
9360,66000,387130000C,(04)23274275,(04)23288582,2025,11,23,22,6,臺中市,南屯區,0,1,0,6,1,6,50,4,4,1,5,4,6,6,2,1,5,5,5,2,18,2,7,1,4,C03,7,14,1,10,2,16,14,54,54,1,6,4,120.642558,24.146824,2
9361,66000,387130000C,(04)23274275,(04)23288582,2025,11,23,22,18,臺中市,太平區,0,1,0,7,1,6,50,3,2,1,5,4,6,6,1,1,5,4,5,1,18,2,9,2,1,C03,7,6,1,10,2,14,,84,84,1,13,4,120.733619,24.145777,2
9362,66000,387130000C,(04)23274275,(04)23288582,2025,11,23,22,23,臺中市,龍井區,0,1,0,7,1,6,30,13,9,1,5,4,6,3,4,4,10,5,5,2,17,2,1,1,1,C03,7,9,1,10,6,12,,8,8,1,6,4,120.591188,24.182281,2
9363,66000,387130000C,(04)23274275,(04)23288582,2025,11,23,22,30,臺中市,龍井區,0,0,0,7,,,50,,,,,,,,,,,,,,,,,,,,,,,,,,,119,119,1,,,120.524448,24.210625,3
9364,66000,387130000C,(04)23274275,(04)23288582,2025,11,23,22,35,臺中市,豐原區,0,1,0,7,1,6,50,13,8,1,5,4,6,6,4,4,5,5,4,2,17,3,10,3,1,B03,7,9,1,8,2,5,,84,84,1,6,4,120.706011,24.249574,2
9365,66000,387130000C,(04)23274275,(04)23288582,2025,11,23,22,45,臺中市,西屯區,0,1,0,7,1,6,50,4,1,1,5,4,6,6,1,1,10,5,5,2,17,3,10,2,1,C03,7,6,1,10,2,16,,11,11,1,12,4,120.618181,24.188024,2
9366,66000,387130000C,(04)23274275,(04)23288582,2025,11,23,23,1,臺中市,南區,0,2,0,7,1,6,50,4,1,1,5,4,6,6,2,1,10,5,5,2,13,3,10,3,1,B03,7,9,1,8,2,8,,84,84,1,12,4,120.653721,24.122887,2
9367,66000,387130000C,(04)23274275,(04)23288582,2025,11,23,23,16,臺中市,霧峰區,0,2,0,7,1,6,30,3,1,1,5,4,6,6,4,4,10,5,5,1,17,2,9,5,4,C03,7,6,1,10,2,11,,84,84,1,13,4,120.679408,24.062684,2
9368,66000,387130000C,(04)23274275,(04)23288582,2025,11,23,23,19,臺中市,北區,0,0,0,7,,,50,,,,,,,,,,,,,,15,,,,,B03,,,1,,2,,,84,84,1,13,4,120.676468,24.161661,3
9369,66000,387130000C,(04)23274275,(04)23288582,2025,11,23,23,30,臺中市,烏日區,0,1,0,7,1,6,50,5,1,1,5,4,6,6,2,1,1,4,4,2,16,3,10,3,1,B03,7,6,1,8,2,5,,11,11,1,9,4,120.616569,24.113805,2
9370,66000,387130000C,(04)23274275,(04)23288582,2025,11,23,23,30,臺中市,沙鹿區,0,0,0,7,1,6,40,3,7,1,5,4,6,6,4,4,1,3,4,2,12,,,,,C03,,,1,,1,,,84,84,1,12,4,120.598167,24.250183,3
9371,66000,387130000C,(04)23274275,(04)23288582,2025,11,23,23,40,臺中市,北屯區,0,1,0,7,1,6,50,5,1,1,5,4,6,6,2,1,1,3,3,2,17,2,9,2,1,C03,7,9,1,10,2,14,12,84,84,1,13,4,120.71823,24.159743,2
9372,66000,387130000C,(04)23274275,(04)23288582,2025,11,23,23,59,臺中市,南屯區,0,0,0,7,1,6,50,13,9,1,5,4,6,6,1,1,5,4,5,2,13,,,,,B03,,,1,,1,,,59,59,1,12,4,120.632642,24.145663,3
9373,66000,387130000C,(04)23274275,(04)23288582,2025,11,24,0,37,臺中市,西區,0,0,0,7,,,50,,,,,,,,,,,,,,,,,,,B03,,,1,,1,,,84,84,1,6,4,120.672929,24.150931,3
9374,66000,387130000C,(04)23274275,(04)23288582,2025,11,24,0,48,臺中市,西屯區,0,0,0,7,,,50,,,,,,,,,,,,,,13,,,,,B02,,,1,,2,,,59,59,1,12,4,120.636528,24.170784,3
9375,66000,387130000C,(04)23274275,(04)23288582,2025,11,24,0,55,臺中市,梧棲區,0,2,0,7,1,6,70,13,12,1,5,4,6,6,1,1,1,4,1,1,13,2,9,1,1,C03,7,9,1,10,2,11,,59,59,1,6,4,120.546085,24.23032,2
9376,66000,387130000C,(04)23274275,(04)23288582,2025,11,24,2,15,臺中市,西區,0,0,0,7,,,50,,,,,,,,,,,,,,14,,,,,B03,,,1,,2,,,50,50,1,12,4,120.663544,24.133018,3
9377,66000,387130000C,(04)23274275,(04)23288582,2025,11,24,2,46,臺中市,西區,0,1,0,6,1,6,40,4,1,1,5,4,6,6,1,1,10,5,5,2,17,2,9,1,1,C03,7,9,1,10,2,11,,84,84,1,13,4,120.662609,24.155678,2
9378,66000,387130000C,(04)23274275,(04)23288582,2025,11,24,2,57,臺中市,東區,0,0,0,7,,,50,,,,,,,,,,,,,,30,,,,,B03,,,5,,9,,,22,22,1,12,4,120.696235,24.138683,3
9379,66000,387130000C,(04)23274275,(04)23288582,2025,11,24,2,58,臺中市,北區,0,0,0,7,,,50,,,,,,,,,,,,,,14,,,,,B03,,,1,,9,,,84,84,1,13,4,120.69761,24.155731,3
9380,66000,387130000C,(04)23274275,(04)23288582,2025,11,24,4,36,臺中市,東區,0,2,0,7,1,6,50,3,1,1,5,4,6,6,4,4,10,5,5,2,25,2,9,3,1,B03,7,5,1,8,8,1,,53,53,1,12,4,120.706859,24.131733,2
9381,66000,387130000C,(04)23274275,(04)23288582,2025,11,24,5,42,臺中市,太平區,0,1,0,7,1,6,50,4,1,1,5,4,6,6,3,1,5,5,5,2,16,3,10,3,1,B03,7,9,1,8,2,8,,24,24,1,12,4,120.716545,24.126517,2
9382,66000,387130000C,(04)23274275,(04)23288582,2025,11,24,5,48,臺中市,大甲區,0,2,0,7,3,6,50,4,1,1,5,4,6,6,1,1,10,5,5,2,17,2,9,1,1,C03,7,9,1,10,2,11,,7,7,1,6,4,120.625433,24.345936,2
9383,66000,387130000C,(04)23274275,(04)23288582,2025,11,24,6,27,臺中市,大里區,0,0,0,,,,,,,,,,,,,,,,,,,3,10,1,1,C03,7,5,3,19,1,14,,14,14,1,13,4,120.704121,24.106685,3
9384,66000,387130000C,(04)23274275,(04)23288582,2025,11,24,6,31,臺中市,神岡區,0,0,0,7,,,40,,,,,,,,,,,,,,30,,,,,F03,,,1,,9,,,4,4,1,13,4,120.704494,24.261707,3
9385,66000,387130000C,(04)23274275,(04)23288582,2025,11,24,6,46,臺中市,豐原區,0,1,0,7,2,6,50,5,1,1,5,4,6,6,1,1,10,5,5,2,12,2,9,2,1,C03,7,8,1,10,2,14,,40,40,1,13,4,120.711182,24.23922,2
9386,66000,387130000C,(04)23274275,(04)23288582,2025,11,24,6,50,臺中市,龍井區,0,1,0,7,2,6,50,13,9,1,5,4,6,6,4,4,8,5,5,1,17,3,10,2,1,C03,7,3,1,10,2,12,,50,50,1,6,4,120.563969,24.196356,2
9387,66000,387130000C,(04)23274275,(04)23288582,2025,11,24,7,6,臺中市,大里區,0,1,0,7,3,9,50,13,9,1,5,4,6,6,4,4,1,5,5,2,13,4,11,1,1,C03,7,9,3,19,2,11,,7,7,1,6,4,120.699738,24.105525,2
9388,66000,387130000C,(04)23274275,(04)23288582,2025,11,24,7,7,臺中市,南區,0,0,0,7,,,50,,,,,,,,,,,,,,,,,,,B03,,,1,,2,,,20,20,1,13,4,120.670022,24.114514,3
9389,66000,387130000C,(04)23274275,(04)23288582,2025,11,24,7,7,臺中市,神岡區,0,1,0,7,2,6,30,13,9,1,5,4,6,6,4,4,10,5,5,1,13,2,9,5,4,C03,7,9,1,10,2,11,,7,7,1,13,4,120.683262,24.273716,2
9390,66000,387130000C,(04)23274275,(04)23288582,2025,11,24,7,9,臺中市,北區,0,0,0,7,,,40,,,,,,,,,,,,,,17,,,,,B03,,,1,,1,,,51,51,1,13,4,120.681711,24.159295,3
9391,66000,387130000C,(04)23274275,(04)23288582,2025,11,24,7,10,臺中市,清水區,0,0,0,7,,,60,,,,,,,,,,,,,,,,,,,A04,,,1,,2,,,8,8,1,12,4,120.589926,24.304002,3
9392,66000,387130000C,(04)23274275,(04)23288582,2025,11,24,7,11,臺中市,西屯區,0,0,0,7,,,50,,,,,,,,,,,,,,14,,,,,B03,,,1,,1,,,49,49,1,13,4,120.63386,24.175867,3
9393,66000,387130000C,(04)23274275,(04)23288582,2025,11,24,7,13,臺中市,豐原區,0,1,0,7,2,6,50,13,9,1,5,4,6,6,4,4,5,4,5,1,17,2,9,2,1,C03,7,9,1,10,2,11,,58,58,1,13,4,120.759232,24.278156,2
9394,66000,387130000C,(04)23274275,(04)23288582,2025,11,24,7,14,臺中市,太平區,0,0,0,7,,,50,,,,,,,,,,,,,,13,,,,,B03,,,1,,2,,,84,84,1,12,4,120.723166,24.149437,3
9395,66000,387130000C,(04)23274275,(04)23288582,2025,11,24,7,18,臺中市,南區,0,0,0,7,,,50,,,,,,,,,,,,,,,,,,,B03,,,3,,1,,,2,2,1,6,4,120.649975,24.120743,3
9396,66000,387130000C,(04)23274275,(04)23288582,2025,11,24,7,19,臺中市,東區,0,0,0,7,,,80,,,,,,,,,,,,,,13,,,,,B03,,,1,,1,,,7,7,1,12,4,120.708594,24.134654,3
9397,66000,387130000C,(04)23274275,(04)23288582,2025,11,24,7,20,臺中市,太平區,0,0,0,7,,,50,,,,,,,,,,,,,,13,,,,,B12,,,1,,2,,,84,84,1,12,4,120.712672,24.125769,3
9398,66000,387130000C,(04)23274275,(04)23288582,2025,11,24,7,22,臺中市,西屯區,0,0,0,7,,,50,,,,,,,,,,,,,,,,,,,C03,,,6,,9,,,84,84,1,12,4,120.645971,24.196175,3
9399,66000,387130000C,(04)23274275,(04)23288582,2025,11,24,7,23,臺中市,石岡區,0,0,0,7,,,70,,,,,,,,,,,,,,,,,,,B03,,,1,,1,,,84,84,1,12,4,120.784814,24.274588,3
9400,66000,387130000C,(04)23274275,(04)23288582,2025,11,24,7,25,臺中市,豐原區,0,1,0,7,2,6,60,13,9,1,5,4,5,6,4,4,1,4,5,1,13,2,9,1,1,C03,7,9,1,10,2,11,,7,7,1,13,4,120.728755,24.276626,2
9401,66000,387130000C,(04)23274275,(04)23288582,2025,11,24,7,29,臺中市,大里區,0,0,0,7,,,50,,,,,,,,,,,,,,14,,,,,B03,,,1,,2,,,49,49,1,12,4,120.699414,24.094166,3
9402,66000,387130000C,(04)23274275,(04)23288582,2025,11,24,7,29,臺中市,大甲區,0,1,0,7,2,6,50,4,1,1,5,4,6,6,1,1,10,5,5,2,17,2,7,2,1,C03,7,4,1,10,2,12,,1,1,1,6,4,120.63213,24.340348,2
9403,66000,387130000C,(04)23274275,(04)23288582,2025,11,24,7,30,臺中市,北屯區,0,0,0,7,,,50,,,,,,,,,,,,,,17,,,,,B03,,,1,,1,,,45,45,1,6,4,120.666021,24.184129,3
9404,66000,387130000C,(04)23274275,(04)23288582,2025,11,24,7,30,臺中市,大里區,0,0,0,7,,,50,,,,,,,,,,,,,,,,,,,C03,,,3,,2,,,8,8,1,12,4,120.692931,24.078534,3
9405,66000,387130000C,(04)23274275,(04)23288582,2025,11,24,7,30,臺中市,太平區,0,0,0,7,,,50,,,,,,,,,,,,,,13,,,,,C03,,,1,,2,,,7,7,1,12,4,120.712857,24.135617,3
9406,66000,387130000C,(04)23274275,(04)23288582,2025,11,24,7,31,臺中市,西區,0,0,0,7,,,50,,,,,,,,,,,,,,13,,,,,B03,,,1,,1,,,84,84,1,6,4,120.659624,24.157665,3
9407,66000,387130000C,(04)23274275,(04)23288582,2025,11,24,7,32,臺中市,大雅區,0,0,0,7,,,30,,,,,,,,,,,,,,,,,,,C03,,,1,,1,,,12,12,1,13,4,120.644919,24.227679,3
9408,66000,387130000C,(04)23274275,(04)23288582,2025,11,24,7,32,臺中市,大雅區,0,1,0,7,3,6,50,13,9,1,5,4,6,6,4,4,9,5,5,1,13,2,1,1,1,F01,7,9,7,21,2,11,,84,84,1,3,4,120.62891,24.229282,2
9409,66000,387130000C,(04)23274275,(04)23288582,2025,11,24,7,32,臺中市,沙鹿區,0,0,0,7,,,60,,,,,,,,,,,,,,,,,,,B03,,,1,,2,,,84,84,1,6,4,120.596652,24.249771,3
9410,66000,387130000C,(04)23274275,(04)23288582,2025,11,24,7,33,臺中市,神岡區,0,1,0,7,1,6,50,3,1,1,5,4,6,6,1,1,5,4,5,2,16,2,8,1,4,C03,7,6,1,10,2,14,,48,48,1,12,4,120.695526,24.236442,2
9411,66000,387130000C,(04)23274275,(04)23288582,2025,11,24,7,34,臺中市,南屯區,0,1,0,7,2,6,50,13,9,1,5,4,6,6,4,4,9,5,5,2,17,3,10,3,1,B03,7,11,1,8,2,5,,45,45,1,13,4,120.611045,24.144922,2
9412,66000,387130000C,(04)23274275,(04)23288582,2025,11,24,7,34,臺中市,大里區,0,2,0,7,2,6,50,3,1,1,5,4,6,6,4,4,10,5,5,2,3,2,9,2,1,C03,7,9,1,10,2,11,,84,84,1,12,4,120.677474,24.107906,2
9413,66000,387130000C,(04)23274275,(04)23288582,2025,11,24,7,34,臺中市,烏日區,0,0,0,7,,,50,,,,,,,,,,,,,,12,,,,,B03,,,1,,2,,,2,2,1,13,4,120.618784,24.116112,3
9414,66000,387130000C,(04)23274275,(04)23288582,2025,11,24,7,35,臺中市,北區,0,1,0,7,2,6,30,4,1,1,5,4,6,6,4,4,10,5,5,2,15,3,10,5,4,B03,7,9,1,8,2,1,,12,12,1,12,4,120.671178,24.170054,2
9415,66000,387130000C,(04)23274275,(04)23288582,2025,11,24,7,37,臺中市,潭子區,0,0,0,7,,3,80,,,,,,,,,,,,,,,,,,,B03,,,1,,2,,,84,84,1,13,4,120.697871,24.201014,3
9416,66000,387130000C,(04)23274275,(04)23288582,2025,11,24,7,37,臺中市,西區,0,1,0,7,2,6,50,4,1,1,5,4,6,6,1,1,10,5,5,2,16,3,10,5,4,C03,7,6,1,10,2,13,,11,11,1,12,4,120.665275,24.147883,2