序號,縣市別代碼,機關代碼,市話,傳真,年,月,日,時,分,縣市,區,死亡數量,受傷數量,2-30,天候,道路照明設備,道路類別,道路速限,道路型態,事故位置,路面鋪裝,路面狀態,路面缺陷,障礙物,視距,號誌種類,號誌動作,分向設施,快車道或一般車道間,快慢車道間,路面邊線,事故類型及型態,受傷程度,主要傷處,保護裝備,行動電話或功能裝置,當事者區分(類別),車輛用途,當事者行動狀態,駕照狀態,駕照種類,飲酒情形,車輛撞擊部位最初,車輛撞擊部位其他,肇事因素個別,肇事因素主要,肇事逃逸,職業,共享經濟或外送平台,GPS座標X,GPS座標Y,事故類別
9417,66000,387130000C,(04)23274275,(04)23288582,2025,11,24,7,40,臺中市,清水區,0,2,0,7,3,6,50,13,9,1,5,4,6,6,4,4,1,5,5,1,17,3,10,3,1,B03,7,3,1,8,9,16,,50,50,1,12,4,120.572522,24.263441,2
9418,66000,387130000C,(04)23274275,(04)23288582,2025,11,24,7,40,臺中市,清水區,0,0,0,7,,,50,,,,,,,,,,,,,,,,,,,B03,,,1,,9,,,51,51,1,12,4,120.57177,24.260901,3
9419,66000,387130000C,(04)23274275,(04)23288582,2025,11,24,7,41,臺中市,大甲區,0,0,0,7,,,30,,,,,,,,,,,,,,14,,,,,B03,,,1,,2,,,49,49,1,6,4,120.646062,24.398772,3
9420,66000,387130000C,(04)23274275,(04)23288582,2025,11,24,7,45,臺中市,西區,0,0,0,7,,,50,,,,,,,,,,,,,,17,,,,,B03,,,1,,1,,,59,59,1,13,4,120.676371,24.137362,3
9421,66000,387130000C,(04)23274275,(04)23288582,2025,11,24,7,46,臺中市,西屯區,0,1,0,7,2,6,40,3,1,1,5,4,6,6,4,4,1,5,1,1,17,3,10,5,4,B03,7,15,1,8,2,15,,42,42,1,13,4,120.651559,24.161349,2
9422,66000,387130000C,(04)23274275,(04)23288582,2025,11,24,7,47,臺中市,西屯區,0,1,0,7,2,6,50,4,2,1,5,4,6,6,1,1,9,5,5,2,17,2,9,2,1,C03,7,9,1,10,2,14,,59,59,1,12,4,120.655428,24.178251,2
9423,66000,387130000C,(04)23274275,(04)23288582,2025,11,24,7,50,臺中市,西屯區,0,0,0,7,,,50,,,,,,,,,,,,,,12,,,,,B03,,,1,,1,,,8,8,1,13,4,120.646758,24.1573,3
9424,66000,387130000C,(04)23274275,(04)23288582,2025,11,24,7,51,臺中市,北區,0,2,0,7,2,6,50,4,1,1,5,4,6,6,1,1,10,5,5,2,12,2,9,1,1,C03,7,10,1,10,2,12,,84,84,1,13,4,120.686804,24.166913,2
9425,66000,387130000C,(04)23274275,(04)23288582,2025,11,24,7,51,臺中市,沙鹿區,0,1,0,7,2,6,30,13,9,1,5,4,6,6,4,4,10,5,5,1,13,2,8,2,1,C03,7,9,1,10,2,11,,7,7,1,6,4,120.58739,24.250845,2
9426,66000,387130000C,(04)23274275,(04)23288582,2025,11,24,7,53,臺中市,太平區,0,1,0,7,2,6,50,4,1,1,5,4,6,6,1,1,10,5,5,2,13,2,9,2,1,C03,7,5,1,10,1,11,,7,7,1,12,4,120.737622,24.131445,2
9427,66000,387130000C,(04)23274275,(04)23288582,2025,11,24,7,56,臺中市,大肚區,0,1,0,7,2,6,30,3,2,1,5,4,6,6,4,4,10,5,5,2,17,3,10,5,4,C03,7,1,1,10,2,16,,51,51,1,12,4,120.575379,24.164773,2
9428,66000,387130000C,(04)23274275,(04)23288582,2025,11,24,7,57,臺中市,西屯區,0,1,0,7,2,6,50,13,9,1,5,4,6,6,4,4,5,4,5,2,18,2,9,5,4,C03,7,9,1,10,2,12,,59,59,1,13,4,120.619031,24.187712,2
9429,66000,387130000C,(04)23274275,(04)23288582,2025,11,24,7,57,臺中市,梧棲區,0,0,0,7,,,70,,,,,,,,,,,,,,13,,,,,B03,,,1,,2,,,7,7,1,6,4,120.548369,24.245663,3
9430,66000,387130000C,(04)23274275,(04)23288582,2025,11,24,8,0,臺中市,東區,0,1,0,7,1,6,50,4,1,1,5,4,6,6,1,1,10,5,5,2,17,3,10,3,1,B03,7,5,1,8,2,2,,84,84,1,12,4,120.709269,24.135319,2
9431,66000,387130000C,(04)23274275,(04)23288582,2025,11,24,8,0,臺中市,豐原區,0,1,0,7,2,6,50,13,14,1,5,4,6,6,4,4,1,4,5,1,17,2,9,2,1,C03,7,9,1,10,2,14,,39,39,1,13,4,120.728382,24.250463,2
9432,66000,387130000C,(04)23274275,(04)23288582,2025,11,24,8,2,臺中市,北屯區,0,0,0,7,,,50,,,,,,,,,,,,,,13,,,,,B03,,,1,,2,,,59,59,1,6,4,120.681033,24.172424,3
9433,66000,387130000C,(04)23274275,(04)23288582,2025,11,24,8,5,臺中市,西屯區,0,0,0,7,,,50,,,,,,,,,,,,,,13,,,,,B03,,,1,,1,,,7,7,1,12,4,120.616321,24.189011,3
9434,66000,387130000C,(04)23274275,(04)23288582,2025,11,24,8,6,臺中市,北區,0,0,0,7,,,50,,,,,,,,,,,,,,30,,,,,B02,,,1,,2,,,84,84,1,12,1,120.690489,24.155687,3
9435,66000,387130000C,(04)23274275,(04)23288582,2025,11,24,8,8,臺中市,南屯區,0,0,0,7,,,50,,,,,,,,,,,,,,13,,,,,B03,,,1,,1,,,59,59,1,12,4,120.620972,24.144885,4
9436,66000,387130000C,(04)23274275,(04)23288582,2025,11,24,8,10,臺中市,烏日區,0,2,0,7,2,6,50,4,1,1,5,4,6,6,2,1,5,4,5,1,17,2,9,1,1,C03,7,6,1,10,2,14,,48,48,1,6,4,120.628749,24.101918,2
9437,66000,387130000C,(04)23274275,(04)23288582,2025,11,24,8,10,臺中市,豐原區,0,0,0,7,,,50,,,,,,,,,,,,,,,,,,,B03,,,1,,2,,,7,7,1,13,4,120.743002,24.270511,3
9438,66000,387130000C,(04)23274275,(04)23288582,2025,11,24,8,11,臺中市,南屯區,0,0,0,7,,,50,,,,,,,,,,,,,,17,,,,,B03,,,1,,2,,,51,51,1,12,4,120.644296,24.139778,3
9439,66000,387130000C,(04)23274275,(04)23288582,2025,11,24,8,16,臺中市,西區,0,1,0,7,1,6,50,4,1,1,5,4,6,6,1,1,10,5,5,2,17,2,8,1,1,C03,7,9,1,10,2,16,,73,73,1,13,4,120.657261,24.139286,2
9440,66000,387130000C,(04)23274275,(04)23288582,2025,11,24,8,16,臺中市,太平區,0,2,0,7,2,6,50,4,1,1,5,4,6,6,1,1,5,4,5,1,16,2,9,2,1,C03,7,6,2,19,2,12,,11,11,1,12,4,120.703605,24.153289,2
9441,66000,387130000C,(04)23274275,(04)23288582,2025,11,24,8,17,臺中市,南屯區,0,1,0,7,2,6,50,13,8,1,5,4,6,6,4,4,1,4,1,2,13,2,9,1,1,C03,7,7,1,10,2,11,,84,84,1,12,4,120.623241,24.137107,2
9442,66000,387130000C,(04)23274275,(04)23288582,2025,11,24,8,19,臺中市,沙鹿區,0,2,0,7,2,6,50,13,9,1,5,4,6,6,1,1,5,5,5,1,13,3,10,3,1,B03,7,9,1,8,2,5,,59,59,1,12,4,120.566729,24.203001,2
9443,66000,387130000C,(04)23274275,(04)23288582,2025,11,24,8,20,臺中市,潭子區,0,1,0,7,3,6,30,4,1,1,5,4,3,6,4,4,10,5,5,2,17,2,8,2,1,C03,7,5,1,10,2,11,,85,85,1,13,4,120.71107,24.206565,2
9444,66000,387130000C,(04)23274275,(04)23288582,2025,11,24,8,20,臺中市,南屯區,0,1,0,7,2,6,50,4,1,1,5,4,6,6,2,1,10,5,5,2,3,3,10,3,1,B13,7,6,1,7,2,8,,10,10,1,13,4,120.611728,24.135717,2
9445,66000,387130000C,(04)23274275,(04)23288582,2025,11,24,8,20,臺中市,北屯區,0,0,0,7,,,50,,,,,,,,,,,,,,,,,,,,,,,,,,,119,119,1,,,120.726909,24.161904,3
9446,66000,387130000C,(04)23274275,(04)23288582,2025,11,24,8,21,臺中市,神岡區,0,1,0,7,2,6,50,3,1,1,5,4,6,6,1,1,10,5,5,2,16,2,9,5,4,F01,7,6,7,21,2,11,14,11,11,1,13,4,120.656581,24.278857,2
9447,66000,387130000C,(04)23274275,(04)23288582,2025,11,24,8,22,臺中市,西屯區,0,0,0,7,,,50,,,,,,,,,,,,,,17,,,,,B03,,,1,,2,,,40,40,1,12,4,120.632549,24.182806,3
9448,66000,387130000C,(04)23274275,(04)23288582,2025,11,24,8,24,臺中市,北屯區,0,1,0,7,2,6,30,4,1,1,5,4,6,6,4,4,10,5,5,2,15,3,10,1,1,C03,7,9,1,10,2,12,,12,12,1,6,4,120.673344,24.181456,2
9449,66000,387130000C,(04)23274275,(04)23288582,2025,11,24,8,24,臺中市,大里區,0,0,0,7,,,50,,,,,,,,,,,,,,13,,,,,B03,,,1,,2,,,84,84,1,12,4,120.728016,24.090705,3
9450,66000,387130000C,(04)23274275,(04)23288582,2025,11,24,8,28,臺中市,大雅區,0,1,0,7,3,6,50,13,9,1,5,4,6,6,4,4,3,4,5,2,17,2,9,5,1,C03,7,4,1,10,2,14,,84,84,1,12,4,120.650259,24.211216,2
9451,66000,387130000C,(04)23274275,(04)23288582,2025,11,24,8,28,臺中市,太平區,0,0,0,7,,,50,,,,,,,,,,,,,,13,,,,,B03,,,1,,2,,,7,7,1,12,4,120.713459,24.125092,3
9452,66000,387130000C,(04)23274275,(04)23288582,2025,11,24,8,29,臺中市,北屯區,0,0,0,7,,,50,,,,,,,,,,,,,,,,,,,C03,,,1,,1,,,7,7,1,13,4,120.719159,24.175783,3
9453,66000,387130000C,(04)23274275,(04)23288582,2025,11,24,8,30,臺中市,北區,0,1,0,7,2,6,50,3,1,1,5,4,6,6,1,1,10,5,5,1,12,3,10,5,4,B12,7,9,1,8,2,6,,8,8,1,13,4,120.67379,24.159051,2
9454,66000,387130000C,(04)23274275,(04)23288582,2025,11,24,8,31,臺中市,西屯區,0,0,0,7,,,40,,,,,,,,,,,,,,17,,,,,B03,,,1,,2,,,49,49,1,13,4,120.615019,24.172546,3
9455,66000,387130000C,(04)23274275,(04)23288582,2025,11,24,8,33,臺中市,太平區,0,0,0,7,,,40,,,,,,,,,,,,,,17,,,,,F01,,,7,,2,,,59,59,1,12,4,120.704103,24.147329,3
9456,66000,387130000C,(04)23274275,(04)23288582,2025,11,24,8,34,臺中市,西屯區,0,0,0,7,,,70,,,,,,,,,,,,,,13,,,,,B03,,,1,,1,,,7,7,1,12,4,120.599156,24.182986,3
9457,66000,387130000C,(04)23274275,(04)23288582,2025,11,24,8,37,臺中市,西屯區,0,0,0,7,,,50,,,,,,,,,,,,,,17,,,,,B03,,,1,,2,,,8,8,1,13,4,120.617688,24.185943,3
9458,66000,387130000C,(04)23274275,(04)23288582,2025,11,24,8,38,臺中市,北區,0,2,0,7,2,6,50,5,4,1,5,4,6,6,1,1,2,4,4,2,13,2,9,5,4,C03,7,9,1,10,2,14,,7,7,1,12,4,120.686307,24.154888,2
9459,66000,387130000C,(04)23274275,(04)23288582,2025,11,24,8,39,臺中市,西屯區,0,2,0,7,2,6,50,4,9,1,5,4,6,6,2,1,5,4,5,2,13,2,9,5,4,C03,7,9,1,10,2,12,,59,59,1,12,4,120.644513,24.171644,2
9460,66000,387130000C,(04)23274275,(04)23288582,2025,11,24,8,40,臺中市,西屯區,0,0,0,7,,,50,,,,,,,,,,,,,,16,,,,,C03,,,1,,2,,,48,48,1,12,4,120.615412,24.174493,3
9461,66000,387130000C,(04)23274275,(04)23288582,2025,11,24,8,40,臺中市,沙鹿區,0,1,0,7,2,6,30,3,1,1,5,4,6,6,4,4,10,5,5,2,16,3,10,2,1,C03,7,5,1,10,2,11,,12,12,1,6,4,120.570612,24.252679,2
9462,66000,387130000C,(04)23274275,(04)23288582,2025,11,24,8,40,臺中市,清水區,0,0,0,7,,,50,,,,,,,,,,,,,,17,,,,,B03,,,1,,2,,,51,51,1,12,4,120.558936,24.270485,3
9463,66000,387130000C,(04)23274275,(04)23288582,2025,11,24,8,40,臺中市,大甲區,0,0,0,7,,,50,,,,,,,,,,,,,,,,,,,B03,,,1,,2,,,50,50,1,6,4,120.623738,24.342539,4
9464,66000,387130000C,(04)23274275,(04)23288582,2025,11,24,8,41,臺中市,南屯區,0,2,0,7,2,6,50,4,1,1,5,4,6,6,2,1,1,4,5,2,12,2,9,1,1,C03,7,15,1,10,2,12,,8,8,1,12,4,120.646629,24.140096,2
9465,66000,387130000C,(04)23274275,(04)23288582,2025,11,24,8,42,臺中市,大里區,0,0,0,7,,3,80,,,,,,,,,,,,,,13,,,,,B12,,,1,,2,,,7,7,1,12,4,120.690704,24.098029,3
9466,66000,387130000C,(04)23274275,(04)23288582,2025,11,24,8,42,臺中市,豐原區,0,1,0,7,2,6,30,4,1,1,5,4,6,6,4,4,5,5,5,1,16,2,9,1,1,C03,7,6,1,10,2,11,14,14,14,1,13,4,120.718798,24.268138,2
9467,66000,387130000C,(04)23274275,(04)23288582,2025,11,24,8,45,臺中市,大里區,0,0,0,7,,3,80,,,,,,,,,,,,,,13,,,,,A05,,,1,,2,,,7,7,1,6,4,120.700624,24.119506,3
9468,66000,387130000C,(04)23274275,(04)23288582,2025,11,24,8,46,臺中市,梧棲區,0,1,0,7,3,6,50,4,1,1,5,4,6,6,1,1,10,5,5,2,16,3,10,3,1,B03,7,5,1,8,2,2,,11,11,1,6,4,120.532817,24.25985,2
9469,66000,387130000C,(04)23274275,(04)23288582,2025,11,24,8,47,臺中市,南區,0,2,0,7,3,6,50,13,9,1,5,4,6,6,4,4,1,4,5,2,13,2,9,1,1,C04,7,9,1,10,2,11,,7,7,1,6,4,120.649633,24.121286,2
9470,66000,387130000C,(04)23274275,(04)23288582,2025,11,24,8,49,臺中市,北區,0,1,0,7,2,6,50,4,1,1,5,4,6,6,1,1,10,5,5,2,15,3,10,3,1,B03,7,9,1,8,2,8,,21,21,1,13,4,120.676567,24.160407,2
9471,66000,387130000C,(04)23274275,(04)23288582,2025,11,24,8,49,臺中市,北屯區,0,0,0,7,,,50,,,,,,,,,,,,,,13,,,,,C01,,,1,,1,,,7,7,1,6,4,120.699484,24.16401,4
9472,66000,387130000C,(04)23274275,(04)23288582,2025,11,24,8,50,臺中市,大肚區,0,1,0,7,2,6,30,3,1,1,5,4,6,6,4,4,10,5,5,2,3,3,10,6,5,H04,8,20,7,21,2,16,,98,98,1,12,5,120.544931,24.155864,2
9473,66000,387130000C,(04)23274275,(04)23288582,2025,11,24,8,51,臺中市,北區,0,0,0,7,,,50,,,,,,,,,,,,,,12,,,,,C03,,,1,,1,,,8,8,1,12,4,120.665132,24.160464,3
9474,66000,387130000C,(04)23274275,(04)23288582,2025,11,24,9,0,臺中市,梧棲區,0,1,0,7,3,6,30,4,1,1,5,4,6,6,4,4,10,5,5,2,16,3,10,1,1,C03,7,5,1,10,2,13,,14,14,1,6,4,120.557954,24.2422,2
9475,66000,387130000C,(04)23274275,(04)23288582,2025,11,24,9,2,臺中市,西屯區,0,1,0,7,2,6,40,13,8,1,5,4,6,6,4,4,1,4,1,2,17,3,10,5,4,B02,7,9,1,4,5,5,,7,7,1,13,4,120.653603,24.160643,2
9476,66000,387130000C,(04)23274275,(04)23288582,2025,11,24,9,2,臺中市,西屯區,0,1,0,7,2,6,50,4,1,1,5,4,6,6,1,1,8,4,1,1,17,3,10,5,4,C03,7,6,1,10,2,11,,59,59,1,13,4,120.648931,24.174855,2
9477,66000,387130000C,(04)23274275,(04)23288582,2025,11,24,9,5,臺中市,大雅區,0,2,0,7,3,6,50,3,2,1,5,4,6,6,4,4,10,5,5,1,17,2,9,1,1,C03,7,6,1,10,2,14,,14,14,1,12,4,120.649293,24.224831,2
9478,66000,387130000C,(04)23274275,(04)23288582,2025,11,24,9,8,臺中市,西區,0,0,0,7,,,50,,,,,,,,,,,,,,,,,,,,,,,,,,,86,86,1,,,120.662845,24.152328,3
9479,66000,387130000C,(04)23274275,(04)23288582,2025,11,24,9,12,臺中市,豐原區,0,0,0,7,,,50,,,,,,,,,,,,,,13,,,,,C03,,,1,,2,,,7,7,1,13,4,120.716188,24.256428,3
9480,66000,387130000C,(04)23274275,(04)23288582,2025,11,24,9,16,臺中市,東區,0,3,0,7,3,6,50,13,9,1,5,4,6,6,4,4,5,2,5,2,13,2,9,2,1,C03,7,9,1,10,2,12,,7,7,1,13,4,120.684016,24.132964,2
9481,66000,387130000C,(04)23274275,(04)23288582,2025,11,24,9,17,臺中市,大里區,0,2,0,7,2,6,50,13,9,1,5,4,6,6,4,4,9,5,5,2,17,3,10,3,1,B03,7,3,1,8,2,1,,50,50,1,12,4,120.687512,24.105412,2
9482,66000,387130000C,(04)23274275,(04)23288582,2025,11,24,9,23,臺中市,北區,0,2,0,7,2,6,50,4,1,1,5,4,6,6,4,4,10,5,5,2,15,2,9,3,1,B03,7,9,1,4,2,1,,12,12,1,12,4,120.671739,24.168767,2
9483,66000,387130000C,(04)23274275,(04)23288582,2025,11,24,9,23,臺中市,大里區,0,0,0,7,,,30,,,,,,,,,,,,,,11,,,,,B03,,,1,,2,,,8,8,1,13,4,120.685291,24.113531,3
9484,66000,387130000C,(04)23274275,(04)23288582,2025,11,24,9,24,臺中市,西屯區,0,1,0,7,2,6,50,4,1,1,5,4,6,6,2,1,10,5,5,2,16,3,10,5,4,C03,7,6,1,10,2,12,,11,11,1,12,4,120.619857,24.182752,2
9485,66000,387130000C,(04)23274275,(04)23288582,2025,11,24,9,24,臺中市,西屯區,0,1,0,7,2,6,50,4,2,1,5,4,6,6,2,1,1,4,5,2,12,3,10,5,4,C03,7,7,1,10,2,13,,40,40,1,13,4,120.647384,24.159428,2
9486,66000,387130000C,(04)23274275,(04)23288582,2025,11,24,9,25,臺中市,大雅區,0,0,0,7,,,50,,,,,,,,,,,,,,,,,,,A41,,,1,,2,,,8,8,1,13,4,120.613822,24.235943,3
9487,66000,387130000C,(04)23274275,(04)23288582,2025,11,24,9,34,臺中市,大里區,0,0,0,7,,,50,,,,,,,,,,,,,,12,,,,,B03,,,1,,2,,,8,8,1,12,4,120.681907,24.112856,3
9488,66000,387130000C,(04)23274275,(04)23288582,2025,11,24,9,34,臺中市,豐原區,0,0,0,7,,,30,,,,,,,,,,,,,,,,,,,A12,,,1,,2,,,8,8,1,13,4,120.718458,24.268266,3
9489,66000,387130000C,(04)23274275,(04)23288582,2025,11,24,9,40,臺中市,南屯區,0,0,0,7,,,50,,,,,,,,,,,,,,16,,,,,B12,,,1,,9,,,84,84,1,12,4,120.632786,24.123904,3
9490,66000,387130000C,(04)23274275,(04)23288582,2025,11,24,9,41,臺中市,烏日區,0,0,0,7,,,50,,,,,,,,,,,,,,12,,,,,B03,,,1,,2,,,20,20,1,13,4,120.643445,24.078478,3
9491,66000,387130000C,(04)23274275,(04)23288582,2025,11,24,9,48,臺中市,沙鹿區,0,2,0,7,2,6,30,4,1,1,5,4,6,6,4,4,10,5,5,2,15,2,3,3,1,B03,7,9,1,8,2,8,,12,12,1,12,4,120.565136,24.250441,2
9492,66000,387130000C,(04)23274275,(04)23288582,2025,11,24,9,50,臺中市,大肚區,0,0,0,7,,,50,,,,,,,,,,,,,,,,,,,B03,,,1,,2,,,78,78,1,12,4,120.58096,24.168564,4
9493,66000,387130000C,(04)23274275,(04)23288582,2025,11,24,9,51,臺中市,西屯區,0,0,0,7,,,50,,,,,,,,,,,,,,14,,,,,B03,,,1,,2,,,49,49,1,12,4,120.666427,24.172701,3
9494,66000,387130000C,(04)23274275,(04)23288582,2025,11,24,9,52,臺中市,沙鹿區,0,0,0,7,,,60,,,,,,,,,,,,,,13,,,,,B12,,,1,,2,,,7,7,1,6,4,120.590731,24.250139,3
9495,66000,387130000C,(04)23274275,(04)23288582,2025,11,24,9,54,臺中市,西屯區,0,1,0,7,2,6,50,5,1,1,5,4,6,6,1,1,8,3,5,1,17,2,9,5,4,C03,7,1,1,10,2,11,,51,51,1,12,4,120.665272,24.166822,2
9496,66000,387130000C,(04)23274275,(04)23288582,2025,11,24,10,1,臺中市,大里區,0,0,0,7,,,50,,,,,,,,,,,,,,,,,,,B12,,,1,,2,,,50,50,1,12,4,120.69915,24.122961,3
9497,66000,387130000C,(04)23274275,(04)23288582,2025,11,24,10,6,臺中市,豐原區,0,0,0,7,,,50,,,,,,,,,,,,,,17,,,,,B03,,,1,,2,,,8,8,1,13,4,120.70461,24.24906,3
9498,66000,387130000C,(04)23274275,(04)23288582,2025,11,24,10,10,臺中市,北屯區,0,0,0,7,,3,80,,,,,,,,,,,,,,13,,,,,B03,,,1,,1,,,7,7,1,6,4,120.721089,24.179259,3
9499,66000,387130000C,(04)23274275,(04)23288582,2025,11,24,10,10,臺中市,烏日區,0,0,0,7,,,50,,,,,,,,,,,,,,16,,,,,B03,,,1,,2,,,11,11,1,6,4,120.646617,24.110346,3
9500,66000,387130000C,(04)23274275,(04)23288582,2025,11,24,10,13,臺中市,大甲區,0,0,0,7,,,50,,,,,,,,,,,,,,,,,,,,,,,,,,,119,119,1,,,120.620299,24.344853,3
9501,66000,387130000C,(04)23274275,(04)23288582,2025,11,24,10,19,臺中市,沙鹿區,0,2,0,7,2,6,50,13,7,1,5,4,6,6,4,4,5,5,4,2,17,2,9,2,1,C03,7,6,1,10,2,14,,34,34,1,6,4,120.563728,24.237248,2
9502,66000,387130000C,(04)23274275,(04)23288582,2025,11,24,10,22,臺中市,大里區,0,1,0,7,3,6,50,3,1,1,5,4,6,6,4,4,5,4,5,2,16,3,10,1,1,C03,7,5,1,10,2,13,,14,14,1,12,4,120.695634,24.111232,2
9503,66000,387130000C,(04)23274275,(04)23288582,2025,11,24,10,24,臺中市,大肚區,0,1,0,6,2,6,30,4,1,1,5,4,6,6,4,4,10,5,5,2,15,2,9,1,1,C03,7,9,1,10,2,12,,12,12,1,6,4,120.545124,24.153369,2
9504,66000,387130000C,(04)23274275,(04)23288582,2025,11,24,10,25,臺中市,霧峰區,0,0,0,7,,,30,,,,,,,,,,,,,,,,,,,A12,,,1,,2,,,49,49,1,12,4,120.699546,24.063262,3
9505,66000,387130000C,(04)23274275,(04)23288582,2025,11,24,10,26,臺中市,太平區,0,0,0,7,,,30,,,,,,,,,,,,,,16,,,,,C03,,,1,,2,,,12,12,1,13,4,120.724067,24.142406,3
9506,66000,387130000C,(04)23274275,(04)23288582,2025,11,24,10,28,臺中市,西屯區,0,1,0,7,2,6,40,4,1,1,5,4,6,6,1,1,10,5,5,2,12,2,8,2,1,C03,7,6,1,10,2,14,,48,48,1,12,4,120.621932,24.186402,2
9507,66000,387130000C,(04)23274275,(04)23288582,2025,11,24,10,30,臺中市,西屯區,0,0,0,7,,,60,,,,,,,,,,,,,,13,,,,,A11,,,1,,2,,,7,7,1,13,4,120.646454,24.164454,3
9508,66000,387130000C,(04)23274275,(04)23288582,2025,11,24,10,30,臺中市,大甲區,0,1,0,7,2,6,50,13,9,1,5,4,6,6,4,4,5,5,5,1,18,2,9,1,1,C03,7,9,1,10,2,14,,58,58,1,6,4,120.621163,24.344316,2
9509,66000,387130000C,(04)23274275,(04)23288582,2025,11,24,10,35,臺中市,大雅區,0,0,0,7,,,0,,,,,,,,,,,,,,,,,,,C03,,,1,,2,,,84,84,1,12,4,120.652705,24.226393,3
9510,66000,387130000C,(04)23274275,(04)23288582,2025,11,24,10,35,臺中市,西屯區,0,0,0,7,,,50,,,,,,,,,,,,,,30,,,,,B12,,,1,,2,,,59,59,1,12,4,120.614281,24.177009,3
9511,66000,387130000C,(04)23274275,(04)23288582,2025,11,24,10,37,臺中市,太平區,0,2,0,7,2,6,50,4,1,1,5,4,6,6,4,4,10,5,5,1,15,2,9,1,1,C03,7,15,1,10,2,11,,14,14,1,12,4,120.717879,24.128294,2
9512,66000,387130000C,(04)23274275,(04)23288582,2025,11,24,10,47,臺中市,霧峰區,0,0,0,7,,,50,,,,,,,,,,,,,,,,,,,B03,,,1,,1,,,51,51,1,12,4,120.686397,24.053442,3
9513,66000,387130000C,(04)23274275,(04)23288582,2025,11,24,10,49,臺中市,神岡區,0,0,0,7,,,50,,,,,,,,,,,,,,16,,,,,A12,,,1,,2,,,8,8,1,13,4,120.664905,24.273753,3
9514,66000,387130000C,(04)23274275,(04)23288582,2025,11,24,10,51,臺中市,北區,0,0,0,7,,,50,,,,,,,,,,,,,,13,,,,,B03,,,1,,1,,,7,7,1,13,4,120.68713,24.154385,3
9515,66000,387130000C,(04)23274275,(04)23288582,2025,11,24,10,52,臺中市,北屯區,0,1,0,7,2,6,30,4,1,1,5,4,6,6,3,1,10,5,5,2,15,2,9,1,1,C03,7,9,1,10,2,11,,24,24,1,6,4,120.698291,24.166786,2
9516,66000,387130000C,(04)23274275,(04)23288582,2025,11,24,10,58,臺中市,北屯區,0,4,0,7,2,6,50,4,1,1,5,4,6,6,4,4,10,5,5,2,15,2,9,3,1,B03,7,9,1,8,2,1,,13,13,1,6,4,120.7225,24.170341,2
9517,66000,387130000C,(04)23274275,(04)23288582,2025,11,24,11,0,臺中市,大里區,0,0,0,7,,,50,,,,,,,,,,,,,,13,,,,,B12,,,1,,2,,,59,59,1,6,4,120.674078,24.097499,3
9518,66000,387130000C,(04)23274275,(04)23288582,2025,11,24,11,3,臺中市,西屯區,0,1,0,7,2,6,50,13,9,1,5,4,6,6,1,1,5,4,4,2,13,2,8,5,4,C03,7,9,1,10,2,11,,59,59,1,12,4,120.649683,24.167701,2
9519,66000,387130000C,(04)23274275,(04)23288582,2025,11,24,11,4,臺中市,北區,0,0,0,7,,,50,,,,,,,,,,,,,,13,,,,,B03,,,1,,2,,,84,84,1,12,4,120.686329,24.154677,3
9520,66000,387130000C,(04)23274275,(04)23288582,2025,11,24,11,8,臺中市,北屯區,0,1,0,7,2,6,30,11,9,1,5,4,6,6,4,4,10,5,5,2,12,3,10,3,1,B12,7,9,1,7,2,4,,85,85,1,6,4,120.783623,24.17906,2
9521,66000,387130000C,(04)23274275,(04)23288582,2025,11,24,11,9,臺中市,沙鹿區,0,1,0,7,2,6,40,5,1,1,5,4,6,6,1,1,10,5,5,2,16,3,10,3,1,B03,7,5,1,8,2,5,,84,84,1,6,4,120.569303,24.237224,2
9522,66000,387130000C,(04)23274275,(04)23288582,2025,11,24,11,10,臺中市,梧棲區,0,0,0,7,,,30,,,,,,,,,,,,,,15,,,,,B03,,,1,,1,,,15,15,1,6,4,120.531599,24.24049,3
9523,66000,387130000C,(04)23274275,(04)23288582,2025,11,24,11,14,臺中市,神岡區,0,0,0,7,,,50,,,,,,,,,,,,,,16,,,,,B03,,,1,,2,,,40,40,1,13,4,120.662806,24.272158,3
9524,66000,387130000C,(04)23274275,(04)23288582,2025,11,24,11,16,臺中市,太平區,0,2,0,7,2,9,30,13,9,1,5,4,6,6,4,4,10,5,5,2,10,2,9,1,1,C03,7,9,1,10,2,11,,84,84,1,12,4,120.796564,24.100674,2
9525,66000,387130000C,(04)23274275,(04)23288582,2025,11,24,11,18,臺中市,北區,0,1,0,7,2,6,50,3,1,1,5,4,6,6,4,4,5,5,5,2,13,2,9,1,1,C02,7,9,1,9,2,11,,59,59,1,12,4,120.687636,24.166905,2
9526,66000,387130000C,(04)23274275,(04)23288582,2025,11,24,11,19,臺中市,北區,0,0,0,7,,,0,,,,,,,,,,,,,,17,,,,,C03,,,7,,10,,,85,85,1,13,4,120.663583,24.161589,3
9527,66000,387130000C,(04)23274275,(04)23288582,2025,11,24,11,19,臺中市,南屯區,0,0,0,7,,,50,,,,,,,,,,,,,,14,,,,,A11,,,1,,1,,,84,84,1,12,4,120.623241,24.137107,3
9528,66000,387130000C,(04)23274275,(04)23288582,2025,11,24,11,20,臺中市,豐原區,0,0,0,7,,,50,,,,,,,,,,,,,,17,,,,,C01,,,1,,2,,,8,8,1,13,4,120.749545,24.268486,4
9529,66000,387130000C,(04)23274275,(04)23288582,2025,11,24,11,22,臺中市,豐原區,0,2,0,7,2,6,50,13,5,1,5,4,6,6,4,4,5,4,4,2,17,2,7,1,1,C03,7,6,1,10,2,14,,65,65,1,13,4,120.724038,24.247399,2