序號,縣市別代碼,機關代碼,市話,傳真,年,月,日,時,分,縣市,區,死亡數量,受傷數量,2-30,天候,道路照明設備,道路類別,道路速限,道路型態,事故位置,路面鋪裝,路面狀態,路面缺陷,障礙物,視距,號誌種類,號誌動作,分向設施,快車道或一般車道間,快慢車道間,路面邊線,事故類型及型態,受傷程度,主要傷處,保護裝備,行動電話或功能裝置,當事者區分(類別),車輛用途,當事者行動狀態,駕照狀態,駕照種類,飲酒情形,車輛撞擊部位最初,車輛撞擊部位其他,肇事因素個別,肇事因素主要,肇事逃逸,職業,共享經濟或外送平台,GPS座標X,GPS座標Y,事故類別
9530,66000,387130000C,(04)23274275,(04)23288582,2025,11,24,11,25,臺中市,大里區,0,2,0,7,2,6,30,3,1,1,5,4,6,6,4,4,10,5,5,1,11,2,7,2,1,C03,7,6,1,10,2,11,,41,41,1,12,4,120.706699,24.092278,2
9531,66000,387130000C,(04)23274275,(04)23288582,2025,11,24,11,27,臺中市,西區,0,1,0,7,2,6,40,4,1,1,5,4,6,6,1,1,10,5,5,2,17,2,9,5,4,C03,7,9,1,10,2,16,,85,85,1,12,4,120.669784,24.13844,2
9532,66000,387130000C,(04)23274275,(04)23288582,2025,11,24,11,29,臺中市,潭子區,0,0,0,7,,,60,,,,,,,,,,,,,,,,,,,B12,,,1,,2,,,49,49,1,13,4,120.712049,24.213565,3
9533,66000,387130000C,(04)23274275,(04)23288582,2025,11,24,11,31,臺中市,北區,0,0,0,7,,,50,,,,,,,,,,,,,,13,,,,,C03,,,3,,2,,,84,84,1,12,4,120.688113,24.151003,3
9534,66000,387130000C,(04)23274275,(04)23288582,2025,11,24,11,33,臺中市,南屯區,0,1,0,7,2,6,50,4,1,1,5,4,6,6,4,4,10,5,5,2,17,3,10,3,1,B03,7,11,1,8,2,8,,45,45,1,12,4,120.652387,24.1333,2
9535,66000,387130000C,(04)23274275,(04)23288582,2025,11,24,11,36,臺中市,西區,0,0,0,7,,,40,,,,,,,,,,,,,,13,,,,,C03,,,1,,1,,,59,59,1,13,4,120.658288,24.158113,3
9536,66000,387130000C,(04)23274275,(04)23288582,2025,11,24,11,38,臺中市,南屯區,0,2,0,7,2,6,50,4,1,1,5,4,6,6,2,1,10,5,5,2,15,2,9,1,1,C03,7,9,3,19,2,11,,21,21,1,13,4,120.64662,24.1468,2
9537,66000,387130000C,(04)23274275,(04)23288582,2025,11,24,11,38,臺中市,龍井區,0,1,0,7,2,6,30,13,9,1,5,4,6,6,4,4,10,5,5,2,17,2,8,5,4,C03,7,1,1,9,2,11,,20,20,1,6,4,120.592335,24.188401,2
9538,66000,387130000C,(04)23274275,(04)23288582,2025,11,24,11,41,臺中市,新社區,0,2,0,7,3,6,40,3,1,1,5,4,6,6,4,4,9,5,5,1,16,2,9,5,4,C03,7,9,1,10,2,11,,6,6,1,12,4,120.797833,24.226818,2
9539,66000,387130000C,(04)23274275,(04)23288582,2025,11,24,11,45,臺中市,南屯區,0,1,0,7,2,6,50,13,9,1,5,4,6,6,4,4,9,4,5,2,12,2,9,1,1,C03,7,1,1,10,2,11,,51,51,1,12,4,120.649621,24.142731,2
9540,66000,387130000C,(04)23274275,(04)23288582,2025,11,24,11,45,臺中市,大里區,0,1,0,7,2,6,50,13,9,1,5,4,6,6,1,1,9,4,4,2,12,3,10,3,1,B03,7,7,1,8,2,5,,20,20,1,12,4,120.69183,24.100458,2
9541,66000,387130000C,(04)23274275,(04)23288582,2025,11,24,11,48,臺中市,沙鹿區,0,0,0,7,,,30,,,,,,,,,,,,,,,,,,,B03,,,1,,2,,,12,12,1,6,4,120.565136,24.250441,3
9542,66000,387130000C,(04)23274275,(04)23288582,2025,11,24,11,51,臺中市,西區,0,1,0,7,2,6,50,4,1,1,5,4,6,6,4,4,9,4,5,2,17,3,10,3,1,B03,7,6,1,8,2,8,,14,14,1,12,4,120.66884,24.142036,2
9543,66000,387130000C,(04)23274275,(04)23288582,2025,11,24,11,52,臺中市,太平區,0,1,0,7,2,6,50,3,1,1,5,4,6,6,4,4,10,5,5,1,16,2,7,1,1,C03,7,6,1,10,2,12,,14,14,1,12,4,120.718743,24.126471,2
9544,66000,387130000C,(04)23274275,(04)23288582,2025,11,24,12,0,臺中市,西屯區,0,0,0,7,,,50,,,,,,,,,,,,,,17,,,,,A12,,,1,,1,,,51,51,1,12,4,120.659722,24.174689,3
9545,66000,387130000C,(04)23274275,(04)23288582,2025,11,24,12,1,臺中市,南屯區,0,1,0,7,2,6,50,13,9,1,5,4,6,6,2,1,7,4,5,2,17,2,8,1,1,C03,7,11,1,10,2,12,,39,39,1,12,4,120.646613,24.140964,2
9546,66000,387130000C,(04)23274275,(04)23288582,2025,11,24,12,3,臺中市,北屯區,0,0,0,7,,,50,,,,,,,,,,,,,,,,,,,B03,,,1,,1,,,7,7,1,13,4,120.727174,24.166997,3
9547,66000,387130000C,(04)23274275,(04)23288582,2025,11,24,12,8,臺中市,南屯區,0,0,0,7,,,50,,,,,,,,,,,,,,17,,,,,B02,,,1,,1,,,45,45,1,12,4,120.629946,24.145796,3
9548,66000,387130000C,(04)23274275,(04)23288582,2025,11,24,12,8,臺中市,后里區,0,1,0,7,3,6,30,3,1,1,5,4,6,6,4,4,10,5,5,2,16,3,10,3,1,B03,7,6,1,8,2,1,,14,14,1,6,4,120.735359,24.330558,2
9549,66000,387130000C,(04)23274275,(04)23288582,2025,11,24,12,15,臺中市,北屯區,0,0,0,7,,,50,,,,,,,,,,,,,,14,,,,,B03,,,1,,1,,,49,49,1,12,4,120.719534,24.178038,3
9550,66000,387130000C,(04)23274275,(04)23288582,2025,11,24,12,18,臺中市,南屯區,0,0,0,7,,,50,,,,,,,,,,,,,,12,,,,,B03,,,1,,1,,,40,40,1,12,4,120.616264,24.153565,3
9551,66000,387130000C,(04)23274275,(04)23288582,2025,11,24,12,20,臺中市,北屯區,0,0,0,7,,,50,,,,,,,,,,,,,,13,,,,,B03,,,1,,1,,,7,7,1,6,4,120.679388,24.173745,3
9552,66000,387130000C,(04)23274275,(04)23288582,2025,11,24,12,25,臺中市,北屯區,0,0,0,7,,,50,,,,,,,,,,,,,,17,,,,,B03,,,1,,2,,,18,18,1,6,4,120.739801,24.178845,3
9553,66000,387130000C,(04)23274275,(04)23288582,2025,11,24,12,31,臺中市,東區,0,0,0,7,,,50,,,,,,,,,,,,,,,,,,,C03,,,1,,9,,,7,7,2,13,4,120.706328,24.129559,3
9554,66000,387130000C,(04)23274275,(04)23288582,2025,11,24,12,33,臺中市,北屯區,0,1,0,7,2,6,50,4,1,1,5,4,6,6,4,4,10,5,5,2,15,2,7,1,1,C03,7,9,1,10,2,11,,15,15,1,6,4,120.677404,24.174849,2
9555,66000,387130000C,(04)23274275,(04)23288582,2025,11,24,12,33,臺中市,烏日區,0,0,0,7,,,50,,,,,,,,,,,,,,13,,,,,B01,,,1,,1,,,7,7,1,6,4,120.624166,24.104072,3
9556,66000,387130000C,(04)23274275,(04)23288582,2025,11,24,12,34,臺中市,南屯區,0,0,0,7,2,6,50,4,1,1,5,4,6,6,1,1,10,5,5,2,16,,,1,1,C04,7,6,1,11,2,12,,48,48,1,12,4,120.646763,24.153551,4
9557,66000,387130000C,(04)23274275,(04)23288582,2025,11,24,12,34,臺中市,西屯區,0,0,0,7,,,50,,,,,,,,,,,,,,15,,,,,B03,,,1,,1,,,13,13,1,12,4,120.623581,24.176904,3
9558,66000,387130000C,(04)23274275,(04)23288582,2025,11,24,12,35,臺中市,沙鹿區,0,1,0,7,2,6,50,13,9,1,5,4,6,6,4,4,5,5,5,1,12,2,9,2,1,C03,7,15,1,10,1,11,,84,84,1,6,4,120.574363,24.228067,2
9559,66000,387130000C,(04)23274275,(04)23288582,2025,11,24,12,36,臺中市,南屯區,0,0,0,7,,,50,,,,,,,,,,,,,,,,,,,B03,,,1,,2,,,59,59,1,13,4,120.64403,24.136883,3
9560,66000,387130000C,(04)23274275,(04)23288582,2025,11,24,12,40,臺中市,北屯區,0,0,0,7,,,50,,,,,,,,,,,,,,12,,,,,B03,,,1,,2,,,8,8,1,6,4,120.692892,24.167951,3
9561,66000,387130000C,(04)23274275,(04)23288582,2025,11,24,12,40,臺中市,大肚區,0,1,0,7,2,6,50,5,1,1,5,4,6,6,1,1,10,5,5,2,16,3,10,3,1,A11,7,6,1,7,2,8,,25,25,1,6,4,120.577777,24.118276,2
9562,66000,387130000C,(04)23274275,(04)23288582,2025,11,24,12,44,臺中市,南區,0,0,0,7,,,50,,,,,,,,,,,,,,13,,,,,B12,,,1,,1,,,7,7,1,12,4,120.655016,24.115588,3
9563,66000,387130000C,(04)23274275,(04)23288582,2025,11,24,12,44,臺中市,南屯區,0,1,0,7,3,6,50,13,9,1,5,4,6,6,4,4,9,5,5,2,17,2,9,2,1,C03,7,1,1,10,2,12,,51,51,1,13,4,120.609997,24.141013,2
9564,66000,387130000C,(04)23274275,(04)23288582,2025,11,24,12,45,臺中市,大甲區,0,0,0,7,,,50,,,,,,,,,,,,,,14,,,,,B03,,,1,,1,,,49,49,1,6,4,120.652856,24.391231,3
9565,66000,387130000C,(04)23274275,(04)23288582,2025,11,24,12,45,臺中市,豐原區,0,2,0,7,2,6,50,3,1,1,5,4,6,6,4,4,10,5,5,2,16,2,9,1,1,C03,7,6,1,10,2,14,,84,84,1,13,4,120.706277,24.244113,2
9566,66000,387130000C,(04)23274275,(04)23288582,2025,11,24,12,49,臺中市,南屯區,0,0,0,7,,,50,,,,,,,,,,,,,,16,,,,,C03,,,1,,2,,,11,11,1,5,4,120.610334,24.136308,4
9567,66000,387130000C,(04)23274275,(04)23288582,2025,11,24,12,52,臺中市,大肚區,0,0,0,6,,,70,,,,,,,,,,,,,,,,,,,A12,,,1,,1,,,8,8,1,6,4,120.548517,24.142415,3
9568,66000,387130000C,(04)23274275,(04)23288582,2025,11,24,12,54,臺中市,神岡區,0,0,0,7,1,6,50,5,2,1,5,4,6,6,1,1,1,5,5,1,13,,,,,A32,,,1,,2,,,7,7,1,12,4,120.664699,24.273367,3
9569,66000,387130000C,(04)23274275,(04)23288582,2025,11,24,12,56,臺中市,西屯區,0,0,0,7,,,50,,,,,,,,,,,,,,13,,,,,B03,,,1,,1,,,7,7,1,12,4,120.652963,24.167376,3
9570,66000,387130000C,(04)23274275,(04)23288582,2025,11,24,13,0,臺中市,北屯區,0,2,0,7,3,6,30,4,1,1,5,4,6,6,4,4,10,5,5,2,16,2,9,1,1,C03,7,6,1,10,2,12,,14,14,1,6,4,120.66631,24.183619,2
9571,66000,387130000C,(04)23274275,(04)23288582,2025,11,24,13,1,臺中市,潭子區,0,0,0,7,,,50,,,,,,,,,,,,,,,,,,,B03,,,1,,2,,,84,84,1,13,4,120.709703,24.200927,3
9572,66000,387130000C,(04)23274275,(04)23288582,2025,11,24,13,1,臺中市,北屯區,0,0,0,7,,,50,,,,,,,,,,,,,,17,,,,,C03,,,1,,2,,,84,84,1,6,4,120.67445,24.188979,4
9573,66000,387130000C,(04)23274275,(04)23288582,2025,11,24,13,2,臺中市,北屯區,0,0,0,7,,,50,,,,,,,,,,,,,,17,,,,,B01,,,1,,2,,,45,45,1,6,4,120.693563,24.185452,3
9574,66000,387130000C,(04)23274275,(04)23288582,2025,11,24,13,4,臺中市,北屯區,0,2,0,7,1,6,50,3,2,1,5,4,6,6,4,4,5,4,4,2,13,2,9,1,1,C03,7,9,1,10,2,11,,7,7,1,13,4,120.667103,24.178309,2
9575,66000,387130000C,(04)23274275,(04)23288582,2025,11,24,13,8,臺中市,北區,0,2,0,7,2,6,50,3,1,1,5,4,6,6,4,4,9,4,5,2,13,2,9,1,1,C03,7,9,1,10,2,11,,7,7,1,13,4,120.683859,24.148057,2
9576,66000,387130000C,(04)23274275,(04)23288582,2025,11,24,13,8,臺中市,西屯區,0,2,0,7,2,6,50,3,1,1,5,4,6,6,4,4,5,4,5,2,13,2,9,5,4,C03,7,9,1,10,2,11,,7,7,1,13,4,120.645304,24.176883,2
9577,66000,387130000C,(04)23274275,(04)23288582,2025,11,24,13,10,臺中市,大里區,0,2,0,7,2,6,50,3,1,1,5,4,6,6,1,1,10,5,5,2,17,2,7,3,1,B12,7,6,1,8,2,6,,11,11,1,12,4,120.729875,24.091497,2
9578,66000,387130000C,(04)23274275,(04)23288582,2025,11,24,13,14,臺中市,西屯區,0,0,0,7,,,50,,,,,,,,,,,,,,17,,,,,B03,,,1,,1,,,51,51,1,13,4,120.654631,24.157233,3
9579,66000,387130000C,(04)23274275,(04)23288582,2025,11,24,13,15,臺中市,北屯區,0,0,0,7,,,50,,,,,,,,,,,,,,13,,,,,C03,,,1,,2,,,7,7,1,6,4,120.69759,24.170037,3
9580,66000,387130000C,(04)23274275,(04)23288582,2025,11,24,13,15,臺中市,北屯區,0,0,0,7,,,50,,,,,,,,,,,,,,13,,,,,B12,,,1,,1,,,7,7,1,6,4,120.700737,24.165138,4
9581,66000,387130000C,(04)23274275,(04)23288582,2025,11,24,13,19,臺中市,大甲區,0,0,0,7,,,50,,,,,,,,,,,,,,,,,,,C04,,,1,,2,,,39,39,1,6,4,120.619677,24.34793,4
9582,66000,387130000C,(04)23274275,(04)23288582,2025,11,24,13,32,臺中市,北屯區,0,0,0,7,,,50,,,,,,,,,,,,,,,,,,,C03,,,1,,1,,,7,7,1,13,4,120.697056,24.170555,3
9583,66000,387130000C,(04)23274275,(04)23288582,2025,11,24,13,35,臺中市,大里區,0,1,0,7,3,6,50,4,1,1,5,4,6,6,2,1,1,4,5,1,17,2,9,1,1,C03,7,1,1,10,2,14,,51,51,1,12,4,120.68876,24.119793,2
9584,66000,387130000C,(04)23274275,(04)23288582,2025,11,24,13,37,臺中市,南屯區,0,0,0,7,,,50,,,,,,,,,,,,,,17,,,,,A12,,,1,,1,,,88,88,1,6,4,120.646685,24.129548,3
9585,66000,387130000C,(04)23274275,(04)23288582,2025,11,24,13,39,臺中市,梧棲區,0,1,0,7,3,6,50,3,9,1,5,4,6,6,1,1,5,5,5,2,13,3,10,1,1,C03,7,9,1,10,2,12,,6,6,1,6,4,120.538858,24.24999,2
9586,66000,387130000C,(04)23274275,(04)23288582,2025,11,24,13,40,臺中市,西屯區,0,0,0,7,,3,80,,,,,,,,,,,,,,30,,,,,B03,,,1,,1,,,87,87,1,12,4,120.634948,24.179291,3
9587,66000,387130000C,(04)23274275,(04)23288582,2025,11,24,13,49,臺中市,東區,0,1,0,7,3,6,50,3,1,1,5,4,6,6,4,4,5,5,5,2,17,3,10,4,1,F01,7,6,7,21,2,11,,12,12,1,13,1,120.707041,24.131691,2
9588,66000,387130000C,(04)23274275,(04)23288582,2025,11,24,13,55,臺中市,烏日區,0,1,0,7,2,6,30,13,9,1,5,4,6,6,4,4,10,5,5,2,17,3,10,1,1,C03,7,9,1,10,2,14,,42,42,1,6,4,120.649252,24.055492,2
9589,66000,387130000C,(04)23274275,(04)23288582,2025,11,24,13,59,臺中市,南區,0,1,0,7,3,6,50,13,9,1,5,4,6,6,4,4,10,5,5,2,11,3,10,2,1,C03,7,11,1,10,2,11,,45,45,1,6,4,120.650486,24.113019,2
9590,66000,387130000C,(04)23274275,(04)23288582,2025,11,24,14,1,臺中市,東區,0,0,0,7,,,50,,,,,,,,,,,,,,,,,,,C03,,,1,,1,,,7,7,1,12,4,120.689073,24.134029,3
9591,66000,387130000C,(04)23274275,(04)23288582,2025,11,24,14,1,臺中市,西屯區,0,1,0,7,2,6,30,11,9,1,5,4,6,6,4,4,10,5,5,2,18,2,9,5,4,C03,7,14,1,10,2,16,,59,59,1,12,4,120.619655,24.16598,2
9592,66000,387130000C,(04)23274275,(04)23288582,2025,11,24,14,2,臺中市,太平區,0,0,0,7,2,6,50,3,2,1,5,4,6,6,2,1,10,5,5,2,12,3,10,1,1,C03,7,9,1,10,2,14,,42,42,2,12,4,120.73262,24.134757,3
9593,66000,387130000C,(04)23274275,(04)23288582,2025,11,24,14,5,臺中市,大雅區,0,0,0,7,,,50,,,,,,,,,,,,,,,,,,,B12,,,1,,2,,,49,49,1,13,4,120.645845,24.225776,3
9594,66000,387130000C,(04)23274275,(04)23288582,2025,11,24,14,6,臺中市,南屯區,0,0,0,7,3,6,50,13,9,1,5,4,6,6,4,4,5,5,5,2,12,,,,,B03,,,1,,1,,,84,84,1,12,4,120.653564,24.138788,3
9595,66000,387130000C,(04)23274275,(04)23288582,2025,11,24,14,7,臺中市,南屯區,0,0,0,7,,,60,,,,,,,,,,,,,,11,,,,,B03,,,1,,1,,,25,25,1,12,4,120.62267,24.140394,3
9596,66000,387130000C,(04)23274275,(04)23288582,2025,11,24,14,10,臺中市,北區,0,0,0,7,,,50,,,,,,,,,,,,,,17,,,,,B01,,,1,,1,,,51,51,1,13,4,120.692954,24.157211,3
9597,66000,387130000C,(04)23274275,(04)23288582,2025,11,24,14,12,臺中市,西屯區,0,0,0,7,,,50,,,,,,,,,,,,,,13,,,,,C03,,,1,,1,,,7,7,1,13,4,120.649739,24.162974,3
9598,66000,387130000C,(04)23274275,(04)23288582,2025,11,24,14,15,臺中市,北屯區,0,0,0,7,,,50,,,,,,,,,,,,,,16,,,,,B12,,,1,,1,,,11,11,1,6,4,120.720953,24.169893,3
9599,66000,387130000C,(04)23274275,(04)23288582,2025,11,24,14,21,臺中市,北區,0,1,0,7,2,6,50,4,2,1,5,4,6,6,1,1,5,4,5,2,16,3,10,3,1,B03,7,5,1,8,2,2,,11,11,1,12,4,120.686345,24.152433,2
9600,66000,387130000C,(04)23274275,(04)23288582,2025,11,24,14,21,臺中市,大里區,0,0,0,7,3,6,50,13,14,1,5,4,6,6,4,4,5,4,5,1,12,,,,,B03,,,1,,2,,,59,59,1,12,4,120.674892,24.105211,3
9601,66000,387130000C,(04)23274275,(04)23288582,2025,11,24,14,22,臺中市,豐原區,0,1,0,7,2,6,50,13,9,1,5,4,6,6,1,1,1,2,5,2,13,3,10,5,4,B03,7,9,1,8,2,1,,7,7,1,13,4,120.721134,24.251956,2
9602,66000,387130000C,(04)23274275,(04)23288582,2025,11,24,14,25,臺中市,太平區,0,1,0,7,2,6,50,4,1,1,5,4,6,6,1,1,10,5,5,2,12,3,10,3,1,B12,7,9,1,8,2,6,,8,8,1,13,4,120.716034,24.124562,2
9603,66000,387130000C,(04)23274275,(04)23288582,2025,11,24,14,29,臺中市,龍井區,0,0,0,7,,,30,,,,,,,,,,,,,,14,,,,,B02,,,1,,2,,,49,49,1,6,4,120.588116,24.180135,3
9604,66000,387130000C,(04)23274275,(04)23288582,2025,11,24,14,30,臺中市,大里區,0,2,0,7,2,6,50,3,2,1,5,4,6,6,1,1,10,5,5,2,16,2,9,2,1,C03,7,1,1,10,2,11,,84,84,1,12,4,120.689811,24.112739,2
9605,66000,387130000C,(04)23274275,(04)23288582,2025,11,24,14,34,臺中市,龍井區,0,0,0,7,,,40,,,,,,,,,,,,,,,,,,,A11,,,1,,2,,,49,49,1,6,4,120.51981,24.209778,3
9606,66000,387130000C,(04)23274275,(04)23288582,2025,11,24,14,36,臺中市,豐原區,0,0,0,7,,,50,,,,,,,,,,,,,,,,,,,B03,,,1,,2,,,50,50,1,13,4,120.724695,24.24524,3
9607,66000,387130000C,(04)23274275,(04)23288582,2025,11,24,14,39,臺中市,烏日區,0,1,0,7,3,6,30,4,1,1,5,4,6,6,4,4,10,5,5,2,15,2,9,2,1,C03,7,9,1,10,2,11,,15,15,1,6,4,120.629636,24.102532,2
9608,66000,387130000C,(04)23274275,(04)23288582,2025,11,24,14,40,臺中市,南屯區,0,0,0,7,,,50,,,,,,,,,,,,,,12,,,,,B03,,,1,,2,,,39,39,1,12,4,120.62237,24.140371,3
9609,66000,387130000C,(04)23274275,(04)23288582,2025,11,24,14,45,臺中市,北屯區,0,0,0,7,,,50,,,,,,,,,,,,,,13,,,,,B03,,,1,,2,,,56,56,1,6,4,120.686504,24.193219,3
9610,66000,387130000C,(04)23274275,(04)23288582,2025,11,24,14,45,臺中市,西屯區,0,1,0,7,2,6,50,13,9,1,5,4,6,6,4,4,9,5,5,1,17,2,9,1,1,C03,7,9,1,10,2,11,,59,59,1,13,4,120.631977,24.183038,2
9611,66000,387130000C,(04)23274275,(04)23288582,2025,11,24,14,47,臺中市,清水區,0,0,0,7,,,70,,,,,,,,,,,,,,,,,,,B03,,,1,,1,,,8,8,1,12,4,120.566404,24.26802,3
9612,66000,387130000C,(04)23274275,(04)23288582,2025,11,24,14,48,臺中市,西區,0,1,0,7,3,6,50,13,9,1,5,4,6,6,4,4,5,4,5,2,12,2,8,1,1,C03,7,8,5,19,1,14,,40,40,1,6,4,120.660534,24.146801,2
9613,66000,387130000C,(04)23274275,(04)23288582,2025,11,24,14,52,臺中市,潭子區,0,0,0,7,,,60,,,,,,,,,,,,,,,,,,,A12,,,1,,2,,,56,56,1,13,4,120.690129,24.225186,3
9614,66000,387130000C,(04)23274275,(04)23288582,2025,11,24,14,52,臺中市,大里區,0,2,0,7,3,6,50,13,9,1,5,4,6,6,4,4,5,4,5,1,17,2,8,1,1,C03,7,1,1,10,2,14,,51,51,1,12,4,120.68976,24.111581,2
9615,66000,387130000C,(04)23274275,(04)23288582,2025,11,24,14,52,臺中市,大安區,0,0,0,7,,,50,,,,,,,,,,,,,,12,,,,,B03,,,1,,2,,,50,50,1,6,4,120.593648,24.370391,3
9616,66000,387130000C,(04)23274275,(04)23288582,2025,11,24,14,57,臺中市,南屯區,0,0,0,7,,,50,,,,,,,,,,,,,,,,,,,C03,,,2,,1,,,84,84,1,12,4,120.612808,24.138613,3
9617,66000,387130000C,(04)23274275,(04)23288582,2025,11,24,14,59,臺中市,沙鹿區,0,0,0,7,,,40,,,,,,,,,,,,,,,,,,,B03,,,1,,2,,,7,7,1,12,4,120.573527,24.262795,3
9618,66000,387130000C,(04)23274275,(04)23288582,2025,11,24,15,3,臺中市,中區,0,0,0,7,,,50,,,,,,,,,,,,,,13,,,,,C03,,,1,,1,,,7,7,1,12,4,120.679681,24.142809,3
9619,66000,387130000C,(04)23274275,(04)23288582,2025,11,24,15,7,臺中市,北屯區,0,1,0,7,3,6,50,3,1,1,5,4,6,6,4,4,1,4,5,2,16,2,8,1,1,C03,7,5,1,10,2,14,,12,12,1,12,4,120.694058,24.164538,2
9620,66000,387130000C,(04)23274275,(04)23288582,2025,11,24,15,9,臺中市,大里區,0,0,0,7,,,50,,,,,,,,,,,,,,17,,,,,C03,,,1,,2,,,84,84,1,12,4,120.674703,24.109903,3
9621,66000,387130000C,(04)23274275,(04)23288582,2025,11,24,15,12,臺中市,北區,0,1,0,7,3,6,50,4,2,1,5,4,6,6,4,4,5,4,5,2,15,2,9,5,4,C03,7,9,1,10,2,11,,15,15,1,13,4,120.677345,24.162789,2
9622,66000,387130000C,(04)23274275,(04)23288582,2025,11,24,15,14,臺中市,西屯區,0,0,0,7,,,50,,,,,,,,,,,,,,12,,,,,B03,,,1,,2,,,8,8,1,12,4,120.650297,24.163835,3
9623,66000,387130000C,(04)23274275,(04)23288582,2025,11,24,15,20,臺中市,北屯區,0,0,0,7,,3,40,,,,,,,,,,,,,,13,,,,,B03,,,1,,2,,,7,7,1,6,4,120.680816,24.200896,3
9624,66000,387130000C,(04)23274275,(04)23288582,2025,11,24,15,20,臺中市,西屯區,0,0,0,7,,,60,,,,,,,,,,,,,,13,,,,,B03,,,1,,1,,,7,7,1,12,4,120.633478,24.173718,3
9625,66000,387130000C,(04)23274275,(04)23288582,2025,11,24,15,22,臺中市,北屯區,0,1,0,7,2,6,50,4,1,1,5,4,6,6,1,1,10,5,5,2,13,2,1,1,1,C03,7,9,1,10,1,11,,7,7,1,12,4,120.719077,24.175148,2
9626,66000,387130000C,(04)23274275,(04)23288582,2025,11,24,15,23,臺中市,豐原區,0,1,0,7,2,6,30,3,1,1,5,4,6,6,4,4,1,4,5,1,17,3,10,5,4,B03,7,1,1,3,2,5,,51,51,1,12,4,120.710391,24.236676,2
9627,66000,387130000C,(04)23274275,(04)23288582,2025,11,24,15,23,臺中市,神岡區,0,2,0,7,1,6,30,3,1,1,5,4,6,6,4,4,10,5,5,2,12,2,9,1,1,C03,7,6,1,10,2,14,,85,85,1,12,4,120.690604,24.24715,2
9628,66000,387130000C,(04)23274275,(04)23288582,2025,11,24,15,26,臺中市,南屯區,0,1,0,7,2,6,50,4,7,1,5,4,6,6,2,1,5,4,4,2,17,2,8,4,1,F01,7,1,7,21,2,14,,51,51,1,12,4,120.63627,24.140958,2
9629,66000,387130000C,(04)23274275,(04)23288582,2025,11,24,15,29,臺中市,西區,0,3,0,7,2,6,50,3,1,1,5,4,6,6,4,4,9,4,5,2,13,2,9,1,1,C04,7,12,1,10,2,11,,7,7,1,12,4,120.658105,24.146581,2
9630,66000,387130000C,(04)23274275,(04)23288582,2025,11,24,15,30,臺中市,北屯區,0,0,0,7,,,50,,,,,,,,,,,,,,,,,,,B03,,,1,,1,,,82,82,1,13,4,120.72543,24.166897,3
9631,66000,387130000C,(04)23274275,(04)23288582,2025,11,24,15,30,臺中市,大里區,0,0,0,7,3,6,50,11,9,1,5,4,6,6,4,4,5,4,5,2,13,,,,,A41,,,1,,2,,,59,59,1,12,4,120.694026,24.098823,3
9632,66000,387130000C,(04)23274275,(04)23288582,2025,11,24,15,35,臺中市,烏日區,0,0,0,7,,,50,,,,,,,,,,,,,,17,,,,,B11,,,1,,1,,,51,51,1,13,4,120.611695,24.107498,3
9633,66000,387130000C,(04)23274275,(04)23288582,2025,11,24,15,37,臺中市,東勢區,0,0,0,7,,,60,,,,,,,,,,,,,,13,,,,,B03,,,1,,1,,,84,84,1,6,4,120.823167,24.261359,3
9634,66000,387130000C,(04)23274275,(04)23288582,2025,11,24,15,39,臺中市,沙鹿區,0,3,0,7,2,6,30,11,9,1,5,4,6,6,4,4,10,5,5,2,17,2,9,2,1,C03,7,5,1,10,2,12,,43,43,1,6,4,120.57952,24.224372,2
9635,66000,387130000C,(04)23274275,(04)23288582,2025,11,24,15,41,臺中市,北區,0,2,0,7,2,6,50,4,2,1,5,4,6,6,2,1,10,5,5,2,12,2,9,2,1,C03,7,6,1,10,2,14,,84,84,1,13,4,120.67687,24.169919,2
9636,66000,387130000C,(04)23274275,(04)23288582,2025,11,24,15,46,臺中市,太平區,0,0,0,7,,3,40,,,,,,,,,,,,,,13,,,,,B12,,,1,,1,,,7,7,1,12,4,120.714097,24.14843,3
9637,66000,387130000C,(04)23274275,(04)23288582,2025,11,24,15,49,臺中市,潭子區,0,0,0,7,,,50,,,,,,,,,,,,,,,,,,,C04,,,1,,2,,,84,84,1,13,4,120.693833,24.219235,3
9638,66000,387130000C,(04)23274275,(04)23288582,2025,11,24,15,50,臺中市,南屯區,0,0,0,7,,,50,,,,,,,,,,,,,,14,,,,,B03,,,1,,1,,,49,49,1,12,4,120.651553,24.13755,3
9639,66000,387130000C,(04)23274275,(04)23288582,2025,11,24,15,50,臺中市,沙鹿區,0,0,0,7,2,6,60,3,7,1,5,4,6,6,1,1,4,3,1,2,13,,,,,C03,,,1,,1,,,7,7,1,12,4,120.579565,24.221673,3
9640,66000,387130000C,(04)23274275,(04)23288582,2025,11,24,15,53,臺中市,東區,0,1,0,7,2,6,30,3,2,1,5,4,6,6,4,4,10,5,5,2,17,3,10,3,1,B12,7,1,1,8,2,1,,51,51,1,12,4,120.703362,24.125501,2
9641,66000,387130000C,(04)23274275,(04)23288582,2025,11,24,15,55,臺中市,太平區,0,1,0,7,2,6,30,13,9,1,5,4,6,6,4,4,10,5,5,2,14,3,10,3,1,B03,7,2,1,8,2,3,,49,49,1,13,4,120.716771,24.145643,2