序號,縣市別代碼,機關代碼,市話,傳真,年,月,日,時,分,縣市,區,死亡數量,受傷數量,2-30,天候,道路照明設備,道路類別,道路速限,道路型態,事故位置,路面鋪裝,路面狀態,路面缺陷,障礙物,視距,號誌種類,號誌動作,分向設施,快車道或一般車道間,快慢車道間,路面邊線,事故類型及型態,受傷程度,主要傷處,保護裝備,行動電話或功能裝置,當事者區分(類別),車輛用途,當事者行動狀態,駕照狀態,駕照種類,飲酒情形,車輛撞擊部位最初,車輛撞擊部位其他,肇事因素個別,肇事因素主要,肇事逃逸,職業,共享經濟或外送平台,GPS座標X,GPS座標Y,事故類別
9642,66000,387130000C,(04)23274275,(04)23288582,2025,11,24,15,56,臺中市,東區,0,1,0,7,1,6,50,3,1,1,5,4,6,6,3,1,10,5,5,2,17,3,10,5,4,B03,7,9,1,8,2,1,,8,8,1,12,4,120.684398,24.123118,2
9643,66000,387130000C,(04)23274275,(04)23288582,2025,11,24,16,0,臺中市,北屯區,0,2,0,7,2,6,50,13,9,1,5,4,6,6,4,4,5,4,5,1,13,2,9,1,1,C03,7,8,1,10,2,13,,40,40,1,13,4,120.694071,24.166365,2
9644,66000,387130000C,(04)23274275,(04)23288582,2025,11,24,16,1,臺中市,西屯區,0,0,0,7,,,50,,,,,,,,,,,,,,13,,,,,B03,,,1,,1,,,7,7,1,12,4,120.648365,24.168318,3
9645,66000,387130000C,(04)23274275,(04)23288582,2025,11,24,16,4,臺中市,潭子區,0,1,0,7,3,6,50,4,8,1,5,4,6,6,4,4,5,5,4,2,13,2,9,2,1,C03,7,6,5,19,9,11,,84,84,2,13,4,120.681289,24.207664,2
9646,66000,387130000C,(04)23274275,(04)23288582,2025,11,24,16,4,臺中市,西屯區,0,0,0,7,,,40,,,,,,,,,,,,,,17,,,,,C03,,,1,,1,,,84,84,1,13,4,120.64597,24.16441,3
9647,66000,387130000C,(04)23274275,(04)23288582,2025,11,24,16,4,臺中市,沙鹿區,0,0,0,7,,,50,,,,,,,,,,,,,,,,,,,B03,,,1,,2,,,82,82,1,12,4,120.565248,24.240851,3
9648,66000,387130000C,(04)23274275,(04)23288582,2025,11,24,16,11,臺中市,西區,0,1,0,7,2,6,40,13,8,1,5,4,6,6,4,4,5,5,4,2,17,2,9,1,1,C03,7,9,1,10,2,11,,84,84,1,13,4,120.664494,24.136684,2
9649,66000,387130000C,(04)23274275,(04)23288582,2025,11,24,16,15,臺中市,后里區,0,0,0,7,2,6,30,13,9,1,5,4,6,6,4,4,10,5,5,2,14,3,10,3,1,B03,7,2,1,8,2,3,,84,84,1,12,4,120.728487,24.310383,3
9650,66000,387130000C,(04)23274275,(04)23288582,2025,11,24,16,16,臺中市,西區,0,0,0,7,,,50,,,,,,,,,,,,,,2,,,,,B03,,,1,,1,,,8,8,1,6,4,120.656131,24.136488,3
9651,66000,387130000C,(04)23274275,(04)23288582,2025,11,24,16,18,臺中市,北屯區,0,1,0,7,2,3,40,10,17,1,5,4,6,6,4,4,1,5,5,1,13,3,10,3,1,B03,7,9,1,8,2,8,,84,84,1,6,4,120.720418,24.165371,2
9652,66000,387130000C,(04)23274275,(04)23288582,2025,11,24,16,23,臺中市,大里區,0,0,0,7,,,50,,,,,,,,,,,,,,13,,,,,B03,,,1,,2,,,7,7,1,13,4,120.686075,24.095531,3
9653,66000,387130000C,(04)23274275,(04)23288582,2025,11,24,16,24,臺中市,神岡區,0,0,0,7,,,30,,,,,,,,,,,,,,16,,,,,F03,,,1,,2,,,14,14,1,12,4,120.697709,24.270257,3
9654,66000,387130000C,(04)23274275,(04)23288582,2025,11,24,16,25,臺中市,西區,0,1,0,7,2,6,50,4,1,1,5,4,6,6,1,1,10,5,5,2,12,2,9,5,4,C03,7,10,1,10,2,14,,40,40,1,12,4,120.673668,24.147719,2
9655,66000,387130000C,(04)23274275,(04)23288582,2025,11,24,16,29,臺中市,東區,0,0,0,7,,,50,,,,,,,,,,,,,,30,,,,,B03,,,1,,1,,,51,51,1,12,4,120.68839,24.132065,3
9656,66000,387130000C,(04)23274275,(04)23288582,2025,11,24,16,30,臺中市,西屯區,0,0,0,7,,,50,,,,,,,,,,,,,,12,,,,,B03,,,1,6,2,,,8,8,1,13,4,120.620415,24.187017,3
9657,66000,387130000C,(04)23274275,(04)23288582,2025,11,24,16,37,臺中市,南區,0,1,0,7,3,6,50,3,2,1,5,4,6,6,2,1,5,4,4,2,18,2,9,2,1,C03,7,9,1,9,2,16,,5,5,1,6,4,120.665919,24.127038,2
9658,66000,387130000C,(04)23274275,(04)23288582,2025,11,24,16,37,臺中市,西屯區,0,1,0,7,2,6,50,3,2,1,5,4,6,6,4,4,10,5,5,2,20,2,9,5,4,C03,7,9,1,10,2,11,,56,56,1,13,4,120.639518,24.188694,2
9659,66000,387130000C,(04)23274275,(04)23288582,2025,11,24,16,41,臺中市,西區,0,0,0,6,,,50,,,,,,,,,,,,,,,,,,,B12,,,1,,1,,,84,84,1,13,4,120.667166,24.132846,3
9660,66000,387130000C,(04)23274275,(04)23288582,2025,11,24,16,46,臺中市,西屯區,0,1,0,7,2,6,50,4,9,1,5,4,6,6,1,1,5,2,5,2,17,2,9,2,1,C03,7,8,1,10,2,14,,35,35,1,12,4,120.608758,24.155701,2
9661,66000,387130000C,(04)23274275,(04)23288582,2025,11,24,16,47,臺中市,大雅區,0,0,0,7,,,50,,,,,,,,,,,,,,,,,,,C01,,,1,,2,,,82,82,1,12,4,120.613702,24.236117,3
9662,66000,387130000C,(04)23274275,(04)23288582,2025,11,24,16,48,臺中市,南屯區,0,0,0,7,,,50,,,,,,,,,,,,,,,,,,,C03,,,1,,1,,,84,84,1,12,4,120.6118,24.13842,3
9663,66000,387130000C,(04)23274275,(04)23288582,2025,11,24,16,50,臺中市,西區,0,0,0,7,,,50,,,,,,,,,,,,,,12,,,,,B03,,,1,,1,,,40,40,1,12,4,120.659359,24.157194,3
9664,66000,387130000C,(04)23274275,(04)23288582,2025,11,24,16,50,臺中市,北屯區,0,0,0,7,,,50,,,,,,,,,,,,,,14,,,,,B03,,,1,,1,,,49,49,1,12,4,120.720953,24.175383,3
9665,66000,387130000C,(04)23274275,(04)23288582,2025,11,24,16,51,臺中市,沙鹿區,0,2,0,7,2,6,30,3,1,1,5,4,6,6,4,4,10,5,5,2,16,2,8,2,1,C03,7,6,3,19,2,11,,14,14,1,6,4,120.567756,24.252277,2
9666,66000,387130000C,(04)23274275,(04)23288582,2025,11,24,16,52,臺中市,北區,0,0,0,7,2,6,50,4,2,1,5,4,6,6,1,1,2,4,5,2,16,3,10,3,1,B03,7,5,1,8,1,2,,11,11,1,12,4,120.665808,24.166814,4
9667,66000,387130000C,(04)23274275,(04)23288582,2025,11,24,16,52,臺中市,大里區,0,0,0,7,,,50,,,,,,,,,,,,,,13,,,,,B03,,,3,,2,,,84,84,1,12,4,120.700825,24.110508,3
9668,66000,387130000C,(04)23274275,(04)23288582,2025,11,24,16,54,臺中市,北屯區,0,0,0,7,,,50,,,,,,,,,,,,,,13,,,,,B13,,,1,,1,,,84,84,1,6,4,120.668211,24.179195,3
9669,66000,387130000C,(04)23274275,(04)23288582,2025,11,24,16,55,臺中市,霧峰區,0,2,0,7,2,6,40,13,9,1,5,4,6,6,4,4,10,5,4,2,13,2,9,2,1,C03,7,9,1,10,2,11,,7,7,1,4,4,120.661694,24.052741,2
9670,66000,387130000C,(04)23274275,(04)23288582,2025,11,24,17,1,臺中市,西屯區,0,1,0,7,2,6,40,3,1,1,5,4,6,6,1,1,1,2,1,2,17,3,10,3,1,B03,7,15,1,8,2,16,,25,25,1,12,4,120.611806,24.184404,2
9671,66000,387130000C,(04)23274275,(04)23288582,2025,11,24,17,4,臺中市,北區,0,0,0,7,,,50,,,,,,,,,,,,,,,,,,,C03,,,1,,1,,,14,14,1,13,4,120.685093,24.162653,3
9672,66000,387130000C,(04)23274275,(04)23288582,2025,11,24,17,5,臺中市,沙鹿區,0,1,0,7,1,6,60,13,7,1,5,4,6,6,4,4,1,3,1,2,13,2,9,2,1,C03,7,9,1,10,2,11,,7,7,1,12,4,120.571993,24.24359,2
9673,66000,387130000C,(04)23274275,(04)23288582,2025,11,24,17,6,臺中市,南屯區,0,1,0,7,2,6,50,13,9,1,5,4,6,6,4,4,9,5,5,2,12,3,10,3,1,B03,7,5,1,8,2,2,,20,20,1,12,4,120.636168,24.154323,2
9674,66000,387130000C,(04)23274275,(04)23288582,2025,11,24,17,6,臺中市,西屯區,0,1,0,7,1,6,40,3,2,1,5,4,6,6,1,1,5,4,4,2,12,2,9,2,4,C03,7,5,1,10,2,11,,84,84,1,12,4,120.642613,24.187325,2
9675,66000,387130000C,(04)23274275,(04)23288582,2025,11,24,17,8,臺中市,太平區,0,0,0,7,1,6,50,13,9,1,5,4,6,6,2,1,10,4,5,2,13,,,,,B03,,,1,,2,,,84,84,1,12,4,120.718368,24.156662,3
9676,66000,387130000C,(04)23274275,(04)23288582,2025,11,24,17,9,臺中市,大雅區,0,0,0,7,,,70,,,,,,,,,,,,,,,,,,,B03,,,1,,1,,,84,84,1,13,4,120.635904,24.235355,3
9677,66000,387130000C,(04)23274275,(04)23288582,2025,11,24,17,10,臺中市,太平區,0,1,0,7,1,6,40,11,9,1,5,4,6,6,4,4,5,5,5,1,18,2,9,2,1,C03,7,5,1,10,2,14,,6,6,1,12,4,120.779911,24.108239,2
9678,66000,387130000C,(04)23274275,(04)23288582,2025,11,24,17,10,臺中市,沙鹿區,0,1,0,7,1,6,50,4,1,1,5,4,6,6,1,1,10,5,5,2,16,3,10,3,1,B03,7,6,1,8,2,1,,11,11,1,12,4,120.565165,24.242965,2
9679,66000,387130000C,(04)23274275,(04)23288582,2025,11,24,17,12,臺中市,東區,0,1,0,7,3,9,40,4,1,1,5,4,6,6,4,4,10,5,5,2,13,3,10,2,1,C03,7,9,1,10,2,11,,7,7,1,12,4,120.703283,24.142671,2
9680,66000,387130000C,(04)23274275,(04)23288582,2025,11,24,17,12,臺中市,西屯區,0,1,0,7,2,6,40,3,1,1,5,4,6,6,4,4,1,4,5,2,16,2,9,2,1,C03,7,5,1,10,2,14,,14,14,1,12,4,120.65019,24.1638,2
9681,66000,387130000C,(04)23274275,(04)23288582,2025,11,24,17,15,臺中市,南屯區,0,0,0,7,,,50,,,,,,,,,,,,,,,,,,,B03,,,1,,1,,,49,49,1,6,4,120.648448,24.14676,3
9682,66000,387130000C,(04)23274275,(04)23288582,2025,11,24,17,15,臺中市,西屯區,0,2,0,7,2,6,30,4,1,1,5,4,6,6,4,4,10,5,5,2,15,2,9,1,1,C03,7,9,1,10,2,12,,12,12,1,5,4,120.644238,24.180008,2
9683,66000,387130000C,(04)23274275,(04)23288582,2025,11,24,17,18,臺中市,太平區,0,0,0,7,,,50,,,,,,,,,,,,,,13,,,,,C03,,,1,,2,,,84,84,1,13,4,120.712589,24.149836,3
9684,66000,387130000C,(04)23274275,(04)23288582,2025,11,24,17,20,臺中市,南屯區,0,1,0,7,2,6,50,13,9,1,5,4,6,6,4,4,9,4,5,2,12,2,9,1,1,C03,7,9,1,10,2,11,,8,8,1,12,4,120.649761,24.142327,2
9685,66000,387130000C,(04)23274275,(04)23288582,2025,11,24,17,20,臺中市,西屯區,0,0,0,7,,,50,,,,,,,,,,,,,,17,,,,,A11,,,1,,2,,,40,40,1,12,4,120.653036,24.160502,3
9686,66000,387130000C,(04)23274275,(04)23288582,2025,11,24,17,21,臺中市,太平區,0,1,0,7,1,6,50,13,9,1,5,4,6,6,4,4,5,4,5,2,12,2,9,1,1,C03,7,9,1,10,2,15,,85,85,1,12,4,120.72421,24.149671,2
9687,66000,387130000C,(04)23274275,(04)23288582,2025,11,24,17,22,臺中市,北區,0,0,0,7,1,6,50,3,1,1,5,4,6,6,2,1,10,5,5,2,17,,,,,B02,,,1,,1,,,48,48,1,13,4,120.672565,24.168787,3
9688,66000,387130000C,(04)23274275,(04)23288582,2025,11,24,17,24,臺中市,北區,0,1,0,7,2,6,50,4,2,1,5,4,6,6,2,1,10,5,5,2,17,3,10,3,1,B01,7,1,1,4,2,7,,51,51,1,13,4,120.687656,24.155574,2
9689,66000,387130000C,(04)23274275,(04)23288582,2025,11,24,17,25,臺中市,大雅區,0,2,0,7,1,6,50,3,9,1,5,4,6,6,4,4,10,5,5,2,17,2,5,2,1,C03,7,6,1,10,2,14,,14,14,1,12,4,120.648505,24.22633,2
9690,66000,387130000C,(04)23274275,(04)23288582,2025,11,24,17,25,臺中市,大雅區,0,0,0,7,,,0,,,,,,,,,,,,,,,,,,,B03,,,1,,9,,,84,84,1,13,4,120.648277,24.229346,3
9691,66000,387130000C,(04)23274275,(04)23288582,2025,11,24,17,26,臺中市,大雅區,0,1,0,7,1,6,50,13,9,1,5,4,6,6,4,4,9,4,5,1,12,2,9,2,1,C03,7,6,1,10,2,14,,26,26,2,13,4,120.648261,24.224993,2
9692,66000,387130000C,(04)23274275,(04)23288582,2025,11,24,17,27,臺中市,南屯區,0,0,0,7,,,40,,,,,,,,,,,,,,,,,,,B03,,,1,,2,,,8,8,1,12,4,120.639288,24.151439,3
9693,66000,387130000C,(04)23274275,(04)23288582,2025,11,24,17,27,臺中市,龍井區,0,1,0,7,2,6,40,13,9,1,5,4,6,6,4,4,9,5,5,1,2,3,10,3,1,B03,7,9,1,8,7,2,,8,8,1,12,4,120.507831,24.200171,2
9694,66000,387130000C,(04)23274275,(04)23288582,2025,11,24,17,29,臺中市,南區,0,1,0,7,1,6,50,13,9,1,5,4,6,6,4,4,10,5,5,2,17,3,10,3,1,B12,7,2,1,8,2,3,,49,49,1,12,4,120.674828,24.12932,2
9695,66000,387130000C,(04)23274275,(04)23288582,2025,11,24,17,29,臺中市,西屯區,0,1,0,7,1,6,50,4,1,1,5,4,6,6,2,1,10,5,5,2,16,3,10,5,4,B03,7,5,1,8,2,2,,47,47,1,13,4,120.614391,24.186605,2
9696,66000,387130000C,(04)23274275,(04)23288582,2025,11,24,17,29,臺中市,豐原區,0,0,0,7,,,50,,,,,,,,,,,,,,13,,,,,B12,,,1,,2,,,7,7,1,13,4,120.73685,24.26102,3
9697,66000,387130000C,(04)23274275,(04)23288582,2025,11,24,17,31,臺中市,霧峰區,0,1,0,7,1,6,50,12,9,1,5,4,6,6,4,4,5,5,5,1,13,2,8,1,1,C03,7,9,1,10,2,11,,7,7,1,12,4,120.715755,24.072335,2
9698,66000,387130000C,(04)23274275,(04)23288582,2025,11,24,17,31,臺中市,大甲區,0,1,0,7,1,6,50,3,1,1,5,4,6,6,4,4,5,5,4,1,16,3,10,3,1,B12,7,6,1,8,2,5,,14,14,1,7,4,120.631637,24.354965,2
9699,66000,387130000C,(04)23274275,(04)23288582,2025,11,24,17,35,臺中市,烏日區,0,0,0,7,,,50,,,,,,,,,,,,,,13,,,,,B03,,,1,,2,,,7,7,1,6,4,120.650829,24.09397,3
9700,66000,387130000C,(04)23274275,(04)23288582,2025,11,24,17,36,臺中市,太平區,0,0,0,7,,3,80,,,,,,,,,,,,,,13,,,,,B03,,,1,,1,,,59,59,1,13,4,120.714097,24.14843,3
9701,66000,387130000C,(04)23274275,(04)23288582,2025,11,24,17,38,臺中市,西屯區,0,0,0,7,,,50,,,,,,,,,,,,,,14,,,,,B12,,,1,,1,,,59,59,1,13,4,120.662237,24.170119,3
9702,66000,387130000C,(04)23274275,(04)23288582,2025,11,24,17,39,臺中市,北屯區,0,0,0,7,,,50,,,,,,,,,,,,,,13,,,,,C03,,,1,,9,,,7,7,1,13,4,120.685269,24.168213,3
9703,66000,387130000C,(04)23274275,(04)23288582,2025,11,24,17,40,臺中市,西屯區,0,0,0,7,,,40,,,,,,,,,,,,,,,,,,,C03,,,1,,1,,,7,7,1,12,4,120.631682,24.169452,3
9704,66000,387130000C,(04)23274275,(04)23288582,2025,11,24,17,40,臺中市,大里區,0,1,0,7,1,6,50,13,14,1,5,4,6,6,4,4,9,4,5,1,13,3,10,2,1,C03,7,9,1,10,1,11,,8,8,1,13,4,120.716702,24.10003,2
9705,66000,387130000C,(04)23274275,(04)23288582,2025,11,24,17,40,臺中市,太平區,0,0,0,7,1,6,50,13,9,1,5,4,6,6,1,1,5,5,4,2,13,,,,,B03,,,1,,2,,,84,84,1,12,4,120.716491,24.105621,3
9706,66000,387130000C,(04)23274275,(04)23288582,2025,11,24,17,40,臺中市,太平區,0,0,0,7,,,50,,,,,,,,,,,,,,9,,,,,C03,,,1,,2,,,82,82,1,12,4,120.711548,24.126509,3
9707,66000,387130000C,(04)23274275,(04)23288582,2025,11,24,17,40,臺中市,沙鹿區,0,0,0,7,1,6,60,3,9,1,5,4,6,6,1,1,1,3,4,1,12,,,,,B03,,,1,,1,,,47,47,1,12,4,120.615128,24.244076,3
9708,66000,387130000C,(04)23274275,(04)23288582,2025,11,24,17,42,臺中市,西屯區,0,1,0,7,1,6,40,13,8,1,5,4,6,6,4,4,1,4,1,2,13,2,9,5,4,C03,7,9,1,10,2,12,,7,7,1,12,4,120.603782,24.18296,2
9709,66000,387130000C,(04)23274275,(04)23288582,2025,11,24,17,45,臺中市,南屯區,0,0,0,7,,,50,,,,,,,,,,,,,,13,,,,,B03,,,1,,1,,,84,84,1,12,4,120.628632,24.147606,3
9710,66000,387130000C,(04)23274275,(04)23288582,2025,11,24,17,45,臺中市,西屯區,0,1,0,7,1,6,0,13,21,2,5,4,6,6,4,4,10,5,5,2,17,2,9,2,1,C03,7,9,1,10,2,11,,39,39,1,12,4,120.60041,24.181995,2
9711,66000,387130000C,(04)23274275,(04)23288582,2025,11,24,17,46,臺中市,大里區,0,0,0,7,,,50,,,,,,,,,,,,,,,,,,,C03,,,1,,1,,,7,7,1,6,4,120.69371,24.090038,3
9712,66000,387130000C,(04)23274275,(04)23288582,2025,11,24,17,49,臺中市,大里區,0,1,0,7,1,6,50,3,2,1,5,4,6,6,2,1,5,4,5,1,13,2,9,5,4,C03,7,9,1,10,2,11,,7,7,1,13,4,120.695708,24.104113,2
9713,66000,387130000C,(04)23274275,(04)23288582,2025,11,24,17,50,臺中市,東區,0,0,0,7,,,50,,,,,,,,,,,,,,,,,,,B03,,,1,,1,,,43,43,1,6,4,120.689183,24.137073,3
9714,66000,387130000C,(04)23274275,(04)23288582,2025,11,24,17,50,臺中市,大肚區,0,2,0,6,1,6,50,13,9,1,5,4,6,6,4,4,5,4,5,1,28,2,9,2,1,C03,7,9,1,10,2,11,,7,7,1,6,4,120.543866,24.158136,2
9715,66000,387130000C,(04)23274275,(04)23288582,2025,11,24,17,51,臺中市,南屯區,0,1,0,7,1,6,50,13,9,1,5,4,6,6,4,4,1,4,5,2,13,3,10,1,1,C03,7,9,1,10,2,11,,7,7,1,6,4,120.616559,24.145894,2
9716,66000,387130000C,(04)23274275,(04)23288582,2025,11,24,17,52,臺中市,南屯區,0,0,0,7,,,50,,,,,,,,,,,,,,12,,,,,C03,,,1,,2,,,59,59,1,12,4,120.63777,24.142441,3
9717,66000,387130000C,(04)23274275,(04)23288582,2025,11,24,17,53,臺中市,西屯區,0,0,0,7,,,50,,,,,,,,,,,,,,16,,,,,C03,,,1,,1,,,11,11,1,12,4,120.61573,24.184607,3
9718,66000,387130000C,(04)23274275,(04)23288582,2025,11,24,17,54,臺中市,烏日區,1,1,0,7,1,6,40,4,1,1,5,4,6,6,1,1,10,5,5,1,16,3,10,3,1,B03,7,6,1,8,2,5,,11,11,1,6,4,120.654831,24.095142,1
9719,66000,387130000C,(04)23274275,(04)23288582,2025,11,24,17,55,臺中市,南屯區,0,0,0,7,,,60,,,,,,,,,,,,,,12,,,,,B03,,,1,,1,,,8,8,1,12,4,120.615277,24.147652,3
9720,66000,387130000C,(04)23274275,(04)23288582,2025,11,24,17,55,臺中市,北屯區,0,1,0,7,1,6,50,4,1,1,5,4,6,6,2,1,10,5,5,2,16,3,10,3,1,B03,7,5,1,8,2,5,,11,11,1,12,4,120.720736,24.174976,2
9721,66000,387130000C,(04)23274275,(04)23288582,2025,11,24,17,56,臺中市,西屯區,0,1,0,7,1,6,50,3,1,1,5,4,6,6,1,1,10,5,5,2,13,3,10,3,1,B03,7,9,1,8,2,5,,59,59,1,12,4,120.655364,24.172917,2
9722,66000,387130000C,(04)23274275,(04)23288582,2025,11,24,17,56,臺中市,西屯區,0,0,0,7,,,50,,,,,,,,,,,,,,13,,,,,B03,,,1,,1,,,7,7,1,13,4,120.626369,24.184361,3
9723,66000,387130000C,(04)23274275,(04)23288582,2025,11,24,17,56,臺中市,豐原區,0,2,0,7,1,6,50,3,1,1,5,4,6,6,2,1,1,4,5,1,17,2,9,1,1,C03,7,9,1,10,2,12,,21,21,1,12,4,120.713045,24.241756,2
9724,66000,387130000C,(04)23274275,(04)23288582,2025,11,24,17,58,臺中市,西屯區,0,2,0,7,1,6,30,4,1,1,5,4,6,6,4,4,10,5,5,2,15,2,7,2,1,C03,7,9,1,10,2,11,,15,15,1,12,4,120.652654,24.16483,2
9725,66000,387130000C,(04)23274275,(04)23288582,2025,11,24,17,59,臺中市,北屯區,0,0,0,7,,3,80,,,,,,,,,,,,,,13,,,,,B03,,,1,,1,,,7,7,1,6,4,120.722377,24.189211,3
9726,66000,387130000C,(04)23274275,(04)23288582,2025,11,24,17,59,臺中市,西屯區,0,2,0,7,1,6,50,13,9,1,5,4,6,6,4,4,9,5,5,1,13,2,9,1,1,C03,7,9,1,10,2,11,,59,59,1,13,4,120.65631,24.159958,2
9727,66000,387130000C,(04)23274275,(04)23288582,2025,11,24,17,59,臺中市,大里區,0,1,0,6,1,6,0,13,14,1,5,4,6,6,4,4,1,4,5,1,13,3,10,1,1,C03,7,7,1,10,2,13,,84,84,1,12,4,120.682772,24.099934,2
9728,66000,387130000C,(04)23274275,(04)23288582,2025,11,24,18,0,臺中市,大雅區,0,1,0,7,1,6,0,3,1,1,5,4,6,6,4,4,10,5,5,1,17,3,10,5,4,B03,7,1,1,8,2,8,,20,20,1,13,4,120.645573,24.208311,2
9729,66000,387130000C,(04)23274275,(04)23288582,2025,11,24,18,0,臺中市,南屯區,0,1,0,7,2,6,50,4,1,1,5,4,6,6,2,1,5,4,5,2,16,3,10,2,1,C03,7,6,1,10,1,14,,11,11,1,12,4,120.643877,24.138301,2
9730,66000,387130000C,(04)23274275,(04)23288582,2025,11,24,18,0,臺中市,梧棲區,0,1,0,7,1,6,70,4,1,1,5,4,6,6,1,1,10,5,5,2,23,2,9,3,1,B03,7,7,1,8,2,1,,58,58,1,12,4,120.527887,24.261715,2
9731,66000,387130000C,(04)23274275,(04)23288582,2025,11,24,18,3,臺中市,北屯區,0,0,0,7,,,50,,,,,,,,,,,,,,13,,,,,C03,,,1,,1,,,7,7,1,12,4,120.686546,24.172227,3
9732,66000,387130000C,(04)23274275,(04)23288582,2025,11,24,18,3,臺中市,西屯區,0,0,0,7,,,50,,,,,,,,,,,,,,,,,,,B12,,,1,,2,,,49,49,1,12,4,120.652212,24.163672,3
9733,66000,387130000C,(04)23274275,(04)23288582,2025,11,24,18,4,臺中市,大甲區,0,1,0,7,2,6,50,13,9,1,5,4,6,6,4,4,5,5,5,1,16,3,10,2,1,C03,7,9,2,19,2,11,,7,7,1,4,4,120.620643,24.348585,2
9734,66000,387130000C,(04)23274275,(04)23288582,2025,11,24,18,5,臺中市,沙鹿區,0,1,0,7,2,6,50,13,7,1,5,4,6,6,4,4,1,4,4,2,17,3,10,3,1,B03,7,1,1,8,2,8,,20,20,1,6,4,120.560212,24.239451,2
9735,66000,387130000C,(04)23274275,(04)23288582,2025,11,24,18,6,臺中市,太平區,0,0,0,7,,,50,,,,,,,,,,,,,,16,,,,,B03,,,1,,1,,,45,45,1,6,4,120.715334,24.136609,3
9736,66000,387130000C,(04)23274275,(04)23288582,2025,11,24,18,10,臺中市,清水區,0,0,0,7,,,30,,,,,,,,,,,,,,12,,,,,B03,,,1,,1,,,8,8,1,13,4,120.569569,24.288356,3
9737,66000,387130000C,(04)23274275,(04)23288582,2025,11,24,18,11,臺中市,西屯區,0,0,0,7,,,50,,,,,,,,,,,,,,12,,,,,C03,,,1,,2,,,42,42,1,12,4,120.64886,24.174857,3
9738,66000,387130000C,(04)23274275,(04)23288582,2025,11,24,18,12,臺中市,北區,0,2,0,7,3,6,50,13,9,1,5,4,6,6,4,4,5,5,5,2,17,2,9,5,4,B03,7,9,1,8,11,1,,84,84,1,13,4,120.670205,24.166121,2
9739,66000,387130000C,(04)23274275,(04)23288582,2025,11,24,18,19,臺中市,西屯區,0,0,0,7,,,40,,,,,,,,,,,,,,13,,,,,C03,,,1,,1,,,59,59,1,12,4,120.643726,24.165633,3
9740,66000,387130000C,(04)23274275,(04)23288582,2025,11,24,18,20,臺中市,太平區,0,2,0,7,1,6,50,3,1,1,5,4,6,6,4,4,5,5,5,1,13,2,8,1,1,C03,7,9,1,10,2,11,,7,7,1,12,4,120.715468,24.136491,2
9741,66000,387130000C,(04)23274275,(04)23288582,2025,11,24,18,23,臺中市,北區,0,1,0,7,3,6,50,4,1,1,5,4,6,6,2,1,10,5,5,2,17,3,10,5,4,B03,7,5,5,19,1,6,,47,47,1,13,4,120.676238,24.157495,2
9742,66000,387130000C,(04)23274275,(04)23288582,2025,11,24,18,24,臺中市,太平區,0,0,0,7,1,6,50,13,,1,5,4,6,6,4,4,5,5,5,1,13,,,,,C03,,,1,,2,,,7,7,1,12,4,120.72505,24.144581,3
9743,66000,387130000C,(04)23274275,(04)23288582,2025,11,24,18,25,臺中市,大雅區,0,0,0,7,,,0,,,,,,,,,,,,,,,,,,,C03,,,1,,9,,,87,87,1,13,4,120.652402,24.219105,3
9744,66000,387130000C,(04)23274275,(04)23288582,2025,11,24,18,25,臺中市,北屯區,0,0,0,7,,,50,,,,,,,,,,,,,,17,,,,,B03,,,1,,2,,,34,34,1,12,4,120.688197,24.175707,3
9745,66000,387130000C,(04)23274275,(04)23288582,2025,11,24,18,25,臺中市,西屯區,0,2,0,7,1,6,50,13,9,1,5,4,6,6,1,1,5,2,5,2,13,2,9,2,1,C03,7,9,1,10,2,12,,85,85,1,12,4,120.629064,24.205772,2
9746,66000,387130000C,(04)23274275,(04)23288582,2025,11,24,18,30,臺中市,清水區,0,2,0,7,1,6,30,3,2,1,4,4,2,6,4,4,10,4,5,1,18,2,9,1,1,C03,7,9,1,10,2,16,,87,87,1,12,4,120.567022,24.322862,2
9747,66000,387130000C,(04)23274275,(04)23288582,2025,11,24,18,30,臺中市,豐原區,0,1,0,7,1,6,50,3,1,1,5,4,6,6,4,4,5,4,5,1,18,2,9,1,1,C03,7,5,1,10,2,11,,84,84,1,6,4,120.725713,24.257306,2
9748,66000,387130000C,(04)23274275,(04)23288582,2025,11,24,18,31,臺中市,南屯區,0,1,0,7,1,6,0,3,21,4,5,4,6,6,4,4,10,5,5,2,9,3,10,1,1,F03,7,9,7,21,2,11,,84,84,1,6,4,120.633507,24.152322,2
9749,66000,387130000C,(04)23274275,(04)23288582,2025,11,24,18,31,臺中市,霧峰區,0,0,0,7,,,50,,,,,,,,,,,,,,13,,,,,B03,,,1,,1,,,58,58,1,12,4,120.694713,24.059277,3
9750,66000,387130000C,(04)23274275,(04)23288582,2025,11,24,18,37,臺中市,北屯區,0,1,0,7,1,6,50,3,2,1,5,4,6,6,2,1,10,4,5,1,17,2,9,2,1,C03,7,9,1,10,2,11,,84,84,1,12,4,120.697416,24.165042,2
9751,66000,387130000C,(04)23274275,(04)23288582,2025,11,24,18,40,臺中市,北區,0,1,0,7,2,6,50,4,2,1,5,4,6,6,2,1,10,5,5,2,11,3,10,3,1,B03,7,5,1,8,2,5,,84,84,1,13,4,120.669402,24.164819,2
9752,66000,387130000C,(04)23274275,(04)23288582,2025,11,24,18,41,臺中市,霧峰區,0,1,0,7,1,6,25,12,8,1,5,4,6,6,4,4,9,4,4,1,17,3,10,2,1,C03,7,1,1,10,1,14,,51,51,1,13,4,120.715676,24.07101,2