序號,縣市別代碼,機關代碼,市話,傳真,年,月,日,時,分,縣市,區,死亡數量,受傷數量,2-30,天候,道路照明設備,道路類別,道路速限,道路型態,事故位置,路面鋪裝,路面狀態,路面缺陷,障礙物,視距,號誌種類,號誌動作,分向設施,快車道或一般車道間,快慢車道間,路面邊線,事故類型及型態,受傷程度,主要傷處,保護裝備,行動電話或功能裝置,當事者區分(類別),車輛用途,當事者行動狀態,駕照狀態,駕照種類,飲酒情形,車輛撞擊部位最初,車輛撞擊部位其他,肇事因素個別,肇事因素主要,肇事逃逸,職業,共享經濟或外送平台,GPS座標X,GPS座標Y,事故類別
9753,66000,387130000C,(04)23274275,(04)23288582,2025,11,24,18,45,臺中市,太平區,0,0,0,7,,,30,,,,,,,,,,,,,,15,,,,,C03,,,1,,1,,,15,15,1,6,2,120.718218,24.148103,3
9754,66000,387130000C,(04)23274275,(04)23288582,2025,11,24,18,45,臺中市,烏日區,0,2,0,7,1,6,40,3,2,1,5,4,6,6,2,1,1,4,4,1,13,2,9,5,4,C03,7,9,3,19,2,11,,59,59,1,13,4,120.636202,24.107265,2
9755,66000,387130000C,(04)23274275,(04)23288582,2025,11,24,18,50,臺中市,西區,0,0,0,7,,,50,,,,,,,,,,,,,,,,,,,B03,,,1,8,1,,,84,84,1,13,4,120.673792,24.134974,3
9756,66000,387130000C,(04)23274275,(04)23288582,2025,11,24,18,50,臺中市,南屯區,0,0,0,7,,,50,,,,,,,,,,,,,,14,,,,,B03,,,1,,1,,,49,49,1,12,4,120.636274,24.132128,3
9757,66000,387130000C,(04)23274275,(04)23288582,2025,11,24,18,50,臺中市,西屯區,0,0,0,7,,,50,,,,,,,,,,,,,,,,,,,B03,,,1,,1,,,7,7,1,12,4,120.631841,24.170456,3
9758,66000,387130000C,(04)23274275,(04)23288582,2025,11,24,18,50,臺中市,龍井區,0,2,0,7,1,6,50,3,1,1,5,4,6,6,4,4,10,5,5,2,13,2,9,1,1,C03,7,9,1,10,2,11,,7,7,1,6,4,120.592698,24.182087,2
9759,66000,387130000C,(04)23274275,(04)23288582,2025,11,24,18,56,臺中市,北區,0,0,0,7,1,6,50,13,9,1,5,4,6,6,4,4,5,4,5,1,13,3,10,1,1,C03,7,9,1,10,1,11,,84,84,1,12,4,120.670387,24.15919,3
9760,66000,387130000C,(04)23274275,(04)23288582,2025,11,24,18,59,臺中市,北屯區,0,1,0,7,1,6,50,13,9,1,5,4,6,6,4,4,5,5,5,2,3,2,1,6,5,H01,8,16,7,21,10,17,,95,95,1,13,5,120.67366,24.177667,2
9761,66000,387130000C,(04)23274275,(04)23288582,2025,11,24,18,59,臺中市,西屯區,0,0,0,7,,,50,,,,,,,,,,,,,,12,,,,,B03,,,1,,1,,,8,8,1,12,4,120.608678,24.191886,4
9762,66000,387130000C,(04)23274275,(04)23288582,2025,11,24,19,0,臺中市,西屯區,0,0,0,7,,,50,,,,,,,,,,,,,,,,,,,B03,,,1,,1,,,59,59,1,12,4,120.602971,24.18276,3
9763,66000,387130000C,(04)23274275,(04)23288582,2025,11,24,19,0,臺中市,梧棲區,0,0,0,7,,,50,,,,,,,,,,,,,,13,,,,,C03,,,1,,2,,,7,7,1,6,4,120.544769,24.240478,3
9764,66000,387130000C,(04)23274275,(04)23288582,2025,11,24,19,2,臺中市,大雅區,0,1,0,7,1,6,50,4,1,1,5,4,6,6,1,1,9,4,5,1,11,3,10,3,1,B03,7,6,1,8,2,8,,11,11,1,13,4,120.648335,24.221244,2
9765,66000,387130000C,(04)23274275,(04)23288582,2025,11,24,19,2,臺中市,南區,0,2,0,7,1,6,50,4,1,1,5,4,6,6,4,4,10,5,5,2,17,2,9,5,4,C03,7,9,1,10,2,14,,15,15,1,12,4,120.654409,24.125297,2
9766,66000,387130000C,(04)23274275,(04)23288582,2025,11,24,19,4,臺中市,豐原區,0,3,0,7,1,6,50,3,7,1,5,4,6,6,1,1,5,5,4,2,12,3,10,5,4,B03,7,5,1,8,2,8,,22,22,1,13,4,120.719194,24.238433,2
9767,66000,387130000C,(04)23274275,(04)23288582,2025,11,24,19,5,臺中市,西屯區,0,1,0,7,1,6,50,3,2,4,5,4,6,6,2,1,5,5,4,2,16,3,10,3,1,B03,7,9,1,8,2,4,,20,20,1,12,4,120.646462,24.178825,2
9768,66000,387130000C,(04)23274275,(04)23288582,2025,11,24,19,6,臺中市,南屯區,0,1,0,7,2,6,30,13,9,1,5,4,6,6,4,4,9,4,5,2,12,2,9,1,1,C03,7,9,1,10,2,11,,59,59,1,12,4,120.611421,24.138023,2
9769,66000,387130000C,(04)23274275,(04)23288582,2025,11,24,19,12,臺中市,太平區,0,1,0,7,1,6,50,13,8,1,5,4,6,6,4,4,5,5,4,1,16,3,10,2,1,C03,7,7,1,10,2,13,,40,40,1,13,4,120.733099,24.117607,2
9770,66000,387130000C,(04)23274275,(04)23288582,2025,11,24,19,17,臺中市,西屯區,0,0,0,7,,,50,,,,,,,,,,,,,,12,,,,,B03,,,1,,1,,,8,8,1,12,4,120.643943,24.171523,3
9771,66000,387130000C,(04)23274275,(04)23288582,2025,11,24,19,18,臺中市,西屯區,0,0,0,7,,,50,,,,,,,,,,,,,,13,,,,,C03,,,1,,2,,,59,59,1,12,2,120.649549,24.17173,3
9772,66000,387130000C,(04)23274275,(04)23288582,2025,11,24,19,20,臺中市,大雅區,0,0,0,7,,,50,,,,,,,,,,,,,,,,,,,C03,,,2,,1,,,7,7,1,12,4,120.647977,24.222977,3
9773,66000,387130000C,(04)23274275,(04)23288582,2025,11,24,19,22,臺中市,大雅區,0,1,0,7,3,6,50,3,4,1,5,4,6,6,1,1,9,4,5,1,13,3,10,2,1,F03,7,9,7,21,2,11,,7,7,1,13,4,120.649438,24.224316,2
9774,66000,387130000C,(04)23274275,(04)23288582,2025,11,24,19,23,臺中市,潭子區,0,0,0,7,,,50,,,,,,,,,,,,,,,,,,,C03,,,1,,2,,,7,7,1,12,4,120.697634,24.216572,4
9775,66000,387130000C,(04)23274275,(04)23288582,2025,11,24,19,32,臺中市,沙鹿區,0,0,0,7,,,50,,,,,,,,,,,,,,,,,,,C03,,,1,,2,,,7,7,1,5,4,120.559202,24.234575,3
9776,66000,387130000C,(04)23274275,(04)23288582,2025,11,24,19,36,臺中市,太平區,0,2,0,7,1,6,30,3,1,1,5,4,6,6,4,4,10,5,5,2,16,2,9,1,1,C03,7,6,1,10,2,14,,14,14,1,12,4,120.716499,24.146325,2
9777,66000,387130000C,(04)23274275,(04)23288582,2025,11,24,19,40,臺中市,太平區,0,0,0,7,,,30,,,,,,,,,,,,,,14,,,,,B12,,,1,,1,,,49,49,1,12,4,120.725538,24.14593,3
9778,66000,387130000C,(04)23274275,(04)23288582,2025,11,24,19,46,臺中市,太平區,0,1,0,7,1,6,30,13,9,1,5,4,6,6,4,4,10,5,5,2,11,2,7,2,1,C03,7,9,1,10,2,15,,8,8,2,13,4,120.726591,24.149641,2
9779,66000,387130000C,(04)23274275,(04)23288582,2025,11,24,19,48,臺中市,東區,0,0,0,7,,,40,,,,,,,,,,,,,,17,,,,,B03,,,1,,2,,,84,84,1,12,4,120.690704,24.126433,3
9780,66000,387130000C,(04)23274275,(04)23288582,2025,11,24,19,52,臺中市,東區,0,1,0,7,1,6,50,4,1,1,5,4,6,6,4,4,10,5,5,2,16,3,10,2,1,C03,7,5,1,10,2,13,,14,14,1,12,4,120.689789,24.132246,2
9781,66000,387130000C,(04)23274275,(04)23288582,2025,11,24,19,53,臺中市,潭子區,0,1,0,6,1,6,50,3,1,1,5,4,6,6,4,4,5,4,4,2,17,3,10,2,1,C03,7,9,1,10,2,11,,85,85,1,13,4,120.703363,24.209382,2
9782,66000,387130000C,(04)23274275,(04)23288582,2025,11,24,20,0,臺中市,南屯區,0,2,0,7,2,6,50,13,9,1,5,4,6,6,4,4,1,4,5,2,13,2,8,3,1,B03,7,9,1,2,2,1,,84,84,1,12,4,120.642039,24.141033,2
9783,66000,387130000C,(04)23274275,(04)23288582,2025,11,24,20,0,臺中市,西屯區,0,1,0,7,1,6,50,13,9,1,5,4,6,6,4,4,10,5,5,2,18,2,9,2,1,C03,7,9,1,9,2,16,,59,59,1,12,4,120.620373,24.187567,2
9784,66000,387130000C,(04)23274275,(04)23288582,2025,11,24,20,10,臺中市,烏日區,0,0,0,7,,,30,,,,,,,,,,,,,,14,,,,,B12,,,1,,2,,,49,49,1,6,4,120.600717,24.112085,3
9785,66000,387130000C,(04)23274275,(04)23288582,2025,11,24,20,16,臺中市,北區,0,2,0,7,3,6,50,4,2,1,5,4,6,6,1,1,5,4,5,2,13,2,8,5,4,C03,7,9,1,10,2,11,,7,7,1,13,4,120.685079,24.151991,2
9786,66000,387130000C,(04)23274275,(04)23288582,2025,11,24,20,34,臺中市,南屯區,0,0,0,7,1,6,40,13,8,1,5,4,6,6,4,4,5,5,4,2,14,,,,,B13,,,1,,2,,,49,49,1,12,4,120.610887,24.145395,3
9787,66000,387130000C,(04)23274275,(04)23288582,2025,11,24,20,42,臺中市,大里區,0,0,0,7,,,50,,,,,,,,,,,,,,13,,,,,C03,,,1,,2,,,7,7,1,13,4,120.679265,24.115997,3
9788,66000,387130000C,(04)23274275,(04)23288582,2025,11,24,20,43,臺中市,南屯區,0,0,0,6,,,50,,,,,,,,,,,,,,,,,,,B03,,,1,,2,,,12,12,1,6,4,120.650655,24.133311,3
9789,66000,387130000C,(04)23274275,(04)23288582,2025,11,24,20,51,臺中市,北屯區,0,2,0,7,1,6,50,4,1,1,5,4,6,6,1,1,10,5,5,2,16,3,10,3,1,B03,7,5,1,8,2,5,,11,11,1,12,4,120.713448,24.160725,2
9790,66000,387130000C,(04)23274275,(04)23288582,2025,11,24,20,51,臺中市,西屯區,0,1,0,7,1,6,50,13,9,1,5,4,6,6,4,4,5,5,5,2,17,2,9,2,1,C03,7,2,1,10,2,12,,84,84,1,12,4,120.640075,24.177489,2
9791,66000,387130000C,(04)23274275,(04)23288582,2025,11,24,20,51,臺中市,龍井區,0,1,0,7,1,6,50,13,7,1,5,4,6,6,4,4,4,5,4,2,17,3,10,3,1,B03,7,11,1,8,2,5,,39,39,1,6,4,120.564378,24.200752,2
9792,66000,387130000C,(04)23274275,(04)23288582,2025,11,24,20,52,臺中市,大里區,0,0,0,7,,,50,,,,,,,,,,,,,,,,,,,B03,,,1,,2,,,49,49,1,6,4,120.696374,24.096954,3
9793,66000,387130000C,(04)23274275,(04)23288582,2025,11,24,20,54,臺中市,大里區,0,2,0,6,1,6,30,4,1,1,5,4,6,6,4,4,10,5,5,2,15,2,9,1,1,C03,7,9,1,10,2,12,,15,15,1,12,4,120.704723,24.104467,2
9794,66000,387130000C,(04)23274275,(04)23288582,2025,11,24,20,58,臺中市,烏日區,0,0,0,7,,,30,,,,,,,,,,,,,,2,,,,,B03,,,1,,2,,,84,84,1,12,4,120.608122,24.117627,3
9795,66000,387130000C,(04)23274275,(04)23288582,2025,11,24,21,0,臺中市,大甲區,0,2,0,7,1,6,40,3,9,1,5,4,6,6,4,4,6,3,5,1,13,2,9,1,1,C03,7,9,1,10,2,11,,7,7,1,12,4,120.629524,24.350542,2
9796,66000,387130000C,(04)23274275,(04)23288582,2025,11,24,21,4,臺中市,潭子區,0,1,0,7,1,6,60,4,2,1,5,4,6,6,2,1,3,4,4,1,12,2,9,1,1,C03,7,9,1,10,2,11,,7,7,1,12,4,120.708717,24.233086,2
9797,66000,387130000C,(04)23274275,(04)23288582,2025,11,24,21,4,臺中市,龍井區,0,0,0,7,,,50,,,,,,,,,,,,,,13,,,,,B03,,,1,,1,,,59,59,1,6,4,120.579832,24.193747,3
9798,66000,387130000C,(04)23274275,(04)23288582,2025,11,24,21,7,臺中市,清水區,0,1,0,7,1,6,50,13,8,1,5,4,6,6,1,1,8,3,4,2,13,2,9,1,1,C03,7,9,1,10,2,11,,7,7,1,12,4,120.574022,24.26524,2
9799,66000,387130000C,(04)23274275,(04)23288582,2025,11,24,21,8,臺中市,西屯區,0,1,0,7,1,6,40,4,1,1,5,4,6,6,1,1,1,4,1,2,13,2,8,5,4,C03,7,9,1,10,2,11,,7,7,1,12,4,120.655886,24.15954,2
9800,66000,387130000C,(04)23274275,(04)23288582,2025,11,24,21,8,臺中市,龍井區,0,0,0,7,,,50,,,,,,,,,,,,,,13,,,,,B03,,,1,,1,,,59,59,1,6,4,120.579838,24.193742,3
9801,66000,387130000C,(04)23274275,(04)23288582,2025,11,24,21,9,臺中市,大里區,0,1,0,7,1,6,50,4,2,1,5,4,6,6,1,1,5,5,4,2,17,2,9,1,1,C03,7,9,1,10,2,11,,84,84,1,12,4,120.69459,24.11153,2
9802,66000,387130000C,(04)23274275,(04)23288582,2025,11,24,21,20,臺中市,烏日區,0,0,0,6,,,30,,,,,,,,,,,,,,14,,,,,B12,,,1,,2,,,49,49,1,12,4,120.586559,24.112813,3
9803,66000,387130000C,(04)23274275,(04)23288582,2025,11,24,21,20,臺中市,豐原區,0,0,0,7,,,50,,,,,,,,,,,,,,17,,,,,B03,,,1,,1,,,77,77,1,6,4,120.731633,24.268825,3
9804,66000,387130000C,(04)23274275,(04)23288582,2025,11,24,21,23,臺中市,北區,0,2,0,7,2,6,50,18,24,1,5,4,6,6,4,4,10,5,5,2,17,2,8,5,4,C03,7,9,2,19,2,14,,85,85,1,13,4,120.677835,24.149949,2
9805,66000,387130000C,(04)23274275,(04)23288582,2025,11,24,21,23,臺中市,北屯區,0,2,0,7,1,6,50,4,2,1,5,4,6,6,1,1,5,5,4,2,16,2,9,1,1,C03,7,6,5,19,2,11,,34,34,1,6,4,120.670774,24.178856,2
9806,66000,387130000C,(04)23274275,(04)23288582,2025,11,24,21,29,臺中市,中區,0,0,0,6,,,50,,,,,,,,,,,,,,,,,,,C01,,,1,,1,,,7,7,1,13,4,120.681779,24.144574,3
9807,66000,387130000C,(04)23274275,(04)23288582,2025,11,24,21,30,臺中市,北屯區,0,1,0,7,3,6,30,13,9,1,5,4,6,6,4,4,10,5,5,2,11,3,10,3,1,B02,7,9,1,8,2,4,,85,85,1,6,4,120.73772,24.175807,2
9808,66000,387130000C,(04)23274275,(04)23288582,2025,11,24,21,34,臺中市,北屯區,0,0,0,7,,,50,,,,,,,,,,,,,,13,,,,,B03,,,1,,1,,,84,84,1,13,4,120.687482,24.183877,3
9809,66000,387130000C,(04)23274275,(04)23288582,2025,11,24,21,34,臺中市,沙鹿區,0,2,0,7,2,6,40,13,9,1,5,4,6,6,4,4,1,5,4,2,13,2,8,1,1,C02,7,9,1,10,2,11,,7,7,1,5,4,120.581333,24.20805,2
9810,66000,387130000C,(04)23274275,(04)23288582,2025,11,24,21,41,臺中市,大里區,0,0,0,7,,,50,,,,,,,,,,,,,,13,,,,,C03,,,1,,2,,,85,85,1,13,4,120.674277,24.114835,3
9811,66000,387130000C,(04)23274275,(04)23288582,2025,11,24,21,43,臺中市,清水區,0,1,0,7,1,6,30,13,9,1,5,4,6,6,4,4,10,5,5,1,17,2,9,2,1,C03,7,9,1,10,2,14,,84,84,1,12,4,120.612044,24.30443,2
9812,66000,387130000C,(04)23274275,(04)23288582,2025,11,24,21,44,臺中市,中區,0,1,0,6,1,6,50,13,8,1,5,4,6,6,4,4,5,5,4,2,17,3,10,1,1,C03,7,9,1,10,2,14,,7,7,1,12,4,120.675794,24.144034,2
9813,66000,387130000C,(04)23274275,(04)23288582,2025,11,24,21,49,臺中市,中區,0,0,0,6,,,50,,,,,,,,,,,,,,,,,,,C03,,,1,,2,,,34,34,1,13,4,120.676568,24.145044,3
9814,66000,387130000C,(04)23274275,(04)23288582,2025,11,24,21,56,臺中市,北屯區,0,1,0,7,1,6,50,4,1,1,5,4,6,6,2,1,10,5,5,2,16,3,10,3,1,B03,7,6,1,8,2,8,,11,11,1,12,4,120.702401,24.186508,2
9815,66000,387130000C,(04)23274275,(04)23288582,2025,11,24,22,8,臺中市,西屯區,0,1,0,7,1,6,50,3,4,1,5,4,6,6,2,1,10,5,5,2,13,3,10,5,4,B03,7,9,1,8,11,1,,59,59,2,13,4,120.643142,24.160092,2
9816,66000,387130000C,(04)23274275,(04)23288582,2025,11,24,22,9,臺中市,北區,0,1,0,7,1,6,50,4,2,1,5,4,6,6,2,1,10,5,5,2,12,2,9,2,1,C03,7,9,1,10,2,11,,7,7,1,13,4,120.665971,24.166979,2
9817,66000,387130000C,(04)23274275,(04)23288582,2025,11,24,22,11,臺中市,大里區,0,0,0,7,,,50,,,,,,,,,,,,,,17,,,,,F03,,,7,,2,,,84,84,1,4,4,120.679112,24.114612,3
9818,66000,387130000C,(04)23274275,(04)23288582,2025,11,24,22,23,臺中市,北區,0,1,0,7,3,6,50,13,24,1,5,4,6,6,4,4,5,5,5,2,17,3,10,5,4,B03,7,9,1,8,2,1,,7,7,1,13,4,120.686025,24.153485,2
9819,66000,387130000C,(04)23274275,(04)23288582,2025,11,24,22,30,臺中市,西屯區,0,1,0,7,1,6,30,4,1,1,5,4,6,6,4,4,10,5,5,2,15,3,10,3,1,B03,7,9,1,8,2,8,,12,12,1,12,4,120.653685,24.16135,2
9820,66000,387130000C,(04)23274275,(04)23288582,2025,11,24,22,42,臺中市,西區,0,0,0,7,,,50,,,,,,,,,,,,,,,,,,,B03,,,1,,1,,,84,84,1,6,4,120.660581,24.147701,3
9821,66000,387130000C,(04)23274275,(04)23288582,2025,11,24,23,5,臺中市,西屯區,0,0,0,7,,,50,,,,,,,,,,,,,,12,,,,,B03,,,1,,2,,,8,8,1,12,4,120.666071,24.174678,3
9822,66000,387130000C,(04)23274275,(04)23288582,2025,11,24,23,5,臺中市,東勢區,0,0,0,7,,,60,,,,,,,,,,,,,,17,,,,,A42,,,1,,9,,,73,73,1,13,4,120.805936,24.303716,3
9823,66000,387130000C,(04)23274275,(04)23288582,2025,11,24,23,7,臺中市,龍井區,0,1,0,7,1,6,50,13,9,1,4,4,6,6,4,4,9,5,5,1,18,2,9,1,1,C03,7,9,1,10,2,16,,59,59,1,6,4,120.59229,24.181512,2
9824,66000,387130000C,(04)23274275,(04)23288582,2025,11,24,23,12,臺中市,東區,0,1,0,7,1,6,50,4,1,1,5,4,6,6,1,1,9,4,5,2,18,2,9,1,1,C03,7,9,1,10,2,14,,7,7,1,12,4,120.701504,24.14022,2
9825,66000,387130000C,(04)23274275,(04)23288582,2025,11,24,23,15,臺中市,北區,0,1,0,7,1,6,50,13,9,1,5,4,6,6,4,4,5,4,5,2,17,2,9,5,4,C04,7,9,1,10,2,12,,84,84,1,13,4,120.676326,24.16713,2
9826,66000,387130000C,(04)23274275,(04)23288582,2025,11,24,23,32,臺中市,梧棲區,0,3,0,7,1,6,50,4,2,1,5,4,6,6,1,1,10,5,5,2,16,2,9,1,1,C03,7,6,1,10,2,12,,11,11,1,6,4,120.534774,24.257705,2
9827,66000,387130000C,(04)23274275,(04)23288582,2025,11,24,23,33,臺中市,南區,0,1,0,7,1,6,50,4,1,1,5,4,6,6,2,1,10,5,5,2,16,2,9,2,1,C03,7,6,1,10,2,13,12,48,48,1,12,4,120.677783,24.129415,2
9828,66000,387130000C,(04)23274275,(04)23288582,2025,11,24,23,37,臺中市,潭子區,0,1,0,6,1,6,30,13,9,1,5,4,6,6,4,4,10,5,5,2,9,2,9,1,1,F01,7,12,7,21,2,12,,84,84,1,13,4,120.70374,24.195825,2
9829,66000,387130000C,(04)23274275,(04)23288582,2025,11,24,23,43,臺中市,西區,0,3,0,6,1,6,50,3,1,1,5,4,6,6,1,1,10,5,5,2,17,2,9,6,1,F01,7,15,7,21,2,12,,4,4,1,13,4,120.669814,24.15025,2
9830,66000,387130000C,(04)23274275,(04)23288582,2025,11,24,23,43,臺中市,北區,0,0,0,7,,,50,,,,,,,,,,,,,,17,,,,,B03,,,1,,1,,,7,7,1,13,4,120.68396,24.146313,3
9831,66000,387130000C,(04)23274275,(04)23288582,2025,11,25,0,46,臺中市,太平區,0,2,0,7,1,6,50,3,1,1,1,4,6,6,1,1,5,4,5,1,13,2,9,1,1,C03,7,9,1,10,2,11,,84,84,1,12,4,120.728656,24.134868,2
9832,66000,387130000C,(04)23274275,(04)23288582,2025,11,25,1,10,臺中市,豐原區,0,2,0,7,1,6,50,13,9,1,5,4,6,6,4,4,5,5,5,2,17,2,9,1,1,C03,7,9,1,10,2,11,,39,39,1,6,4,120.720917,24.250324,2
9833,66000,387130000C,(04)23274275,(04)23288582,2025,11,25,1,15,臺中市,大肚區,0,1,0,7,1,6,50,11,9,1,5,4,6,6,4,4,9,4,5,2,27,3,10,3,1,B03,7,5,1,8,2,5,,59,59,1,6,4,120.571273,24.153601,2
9834,66000,387130000C,(04)23274275,(04)23288582,2025,11,25,2,44,臺中市,大里區,0,1,0,7,1,6,40,3,1,1,5,4,6,6,4,4,5,5,5,2,27,2,9,1,1,C03,7,9,1,10,2,11,,54,54,1,13,4,120.678,24.116555,2
9835,66000,387130000C,(04)23274275,(04)23288582,2025,11,25,2,53,臺中市,南屯區,0,1,0,7,1,6,50,4,1,1,5,4,6,6,1,1,8,3,4,1,17,3,10,3,1,B03,7,6,1,8,2,8,,23,23,1,12,4,120.633589,24.141391,2
9836,66000,387130000C,(04)23274275,(04)23288582,2025,11,25,2,54,臺中市,西屯區,0,0,0,7,,,50,,,,,,,,,,,,,,16,,,,,B03,,,1,,2,,,25,25,1,12,4,120.647835,24.196107,3
9837,66000,387130000C,(04)23274275,(04)23288582,2025,11,25,4,31,臺中市,東勢區,0,1,0,7,1,6,50,13,9,1,5,4,6,6,4,4,5,5,5,1,30,2,9,1,1,C03,7,9,1,10,2,11,,84,84,1,12,4,120.857045,24.160817,2
9838,66000,387130000C,(04)23274275,(04)23288582,2025,11,25,4,34,臺中市,潭子區,0,2,0,6,3,6,50,3,1,1,5,4,6,6,1,1,1,4,5,2,17,2,9,2,1,C03,7,9,1,10,2,11,,84,84,1,13,4,120.707094,24.200399,2
9839,66000,387130000C,(04)23274275,(04)23288582,2025,11,25,5,39,臺中市,東區,0,1,0,7,1,6,50,3,2,1,5,4,6,6,1,1,9,4,5,2,11,2,9,1,1,C03,7,9,1,10,2,11,12,84,84,1,12,4,120.694316,24.136933,2
9840,66000,387130000C,(04)23274275,(04)23288582,2025,11,25,5,51,臺中市,新社區,0,1,0,7,1,6,50,3,1,1,5,4,6,6,4,4,4,5,5,2,16,3,10,3,1,B03,7,9,1,8,2,4,,12,12,1,12,4,120.805866,24.237454,2
9841,66000,387130000C,(04)23274275,(04)23288582,2025,11,25,6,22,臺中市,潭子區,0,2,0,6,1,6,50,4,1,1,5,4,6,6,1,1,5,4,4,2,3,2,9,2,1,C03,7,9,1,10,2,11,,10,10,1,13,4,120.706818,24.207054,2
9842,66000,387130000C,(04)23274275,(04)23288582,2025,11,25,6,31,臺中市,大里區,0,1,0,7,3,6,50,13,14,1,5,4,6,6,4,4,5,5,5,1,27,2,9,1,1,C03,7,9,1,10,6,11,,53,53,1,12,4,120.726977,24.091522,2
9843,66000,387130000C,(04)23274275,(04)23288582,2025,11,25,6,44,臺中市,南屯區,0,1,0,7,3,6,50,13,9,1,5,4,6,6,4,4,5,5,5,2,17,2,9,1,1,C03,7,1,1,10,2,14,,51,51,1,12,4,120.640526,24.13831,2
9844,66000,387130000C,(04)23274275,(04)23288582,2025,11,25,6,50,臺中市,潭子區,0,0,0,7,,,50,,,,,,,,,,,,,,,,,,,C03,,,1,,2,,,84,84,1,13,4,120.71477,24.218859,3
9845,66000,387130000C,(04)23274275,(04)23288582,2025,11,25,6,51,臺中市,大雅區,0,3,0,7,3,6,50,13,9,1,5,4,6,6,4,4,5,2,5,1,17,2,9,1,1,C03,7,9,1,10,2,11,,59,59,1,12,4,120.650611,24.218561,2
9846,66000,387130000C,(04)23274275,(04)23288582,2025,11,25,6,52,臺中市,大里區,0,0,0,7,,,50,,,,,,,,,,,,,,17,,,,,B03,,,1,,1,,,40,40,1,6,4,120.701468,24.12411,3
9847,66000,387130000C,(04)23274275,(04)23288582,2025,11,25,6,56,臺中市,大安區,0,2,0,7,2,6,50,13,8,1,5,4,6,6,4,4,5,4,4,1,17,3,10,3,1,B03,7,5,1,8,2,6,,20,20,1,6,4,120.590609,24.378063,2
9848,66000,387130000C,(04)23274275,(04)23288582,2025,11,25,7,2,臺中市,龍井區,0,1,0,7,2,6,50,4,1,1,5,4,6,6,1,1,5,5,5,1,10,3,10,1,1,F02,7,9,7,21,2,11,,21,21,1,4,4,120.547429,24.209187,2
9849,66000,387130000C,(04)23274275,(04)23288582,2025,11,25,7,4,臺中市,梧棲區,0,1,0,7,2,6,60,4,1,1,5,4,6,6,1,1,10,5,5,2,15,3,10,3,1,B03,7,9,1,8,2,8,,21,21,1,6,4,120.527054,24.222287,2
9850,66000,387130000C,(04)23274275,(04)23288582,2025,11,25,7,5,臺中市,后里區,0,0,0,7,,,30,,,,,,,,,,,,,,17,,,,,B03,,,1,,1,,,8,8,1,6,4,120.721194,24.30801,3
9851,66000,387130000C,(04)23274275,(04)23288582,2025,11,25,7,6,臺中市,霧峰區,0,1,0,7,2,6,50,4,1,1,5,4,6,6,1,1,10,5,5,2,16,3,10,2,1,C03,7,6,1,10,2,12,,11,11,1,6,4,120.686902,24.053996,2
9852,66000,387130000C,(04)23274275,(04)23288582,2025,11,25,7,10,臺中市,后里區,0,0,0,7,,,30,,,,,,,,,,,,,,13,,,,,B03,,,1,,2,,,7,7,1,6,4,120.721718,24.307816,3
9853,66000,387130000C,(04)23274275,(04)23288582,2025,11,25,7,12,臺中市,大雅區,0,1,0,7,3,6,50,4,2,1,5,4,6,6,1,1,5,2,5,2,17,3,10,1,1,C03,7,9,1,10,2,11,,7,7,1,12,4,120.650231,24.221625,2
9854,66000,387130000C,(04)23274275,(04)23288582,2025,11,25,7,16,臺中市,南屯區,0,0,0,7,,,40,,,,,,,,,,,,,,17,,,,,B03,,,1,,2,,,51,51,1,13,4,120.640539,24.14513,3
9855,66000,387130000C,(04)23274275,(04)23288582,2025,11,25,7,17,臺中市,沙鹿區,0,2,0,7,2,6,30,4,1,1,5,4,6,6,4,4,10,5,5,2,15,3,10,3,1,B03,7,9,1,4,2,5,,20,20,1,6,4,120.567746,24.216504,2
9856,66000,387130000C,(04)23274275,(04)23288582,2025,11,25,7,18,臺中市,北屯區,0,1,0,7,3,6,50,4,2,1,5,4,6,6,2,1,10,5,5,2,12,3,10,2,1,C02,7,9,1,9,2,14,,84,84,1,6,4,120.687527,24.181847,2
9857,66000,387130000C,(04)23274275,(04)23288582,2025,11,25,7,22,臺中市,龍井區,0,1,0,7,1,6,50,13,9,1,5,4,6,6,1,1,9,5,5,1,13,2,9,1,1,C03,7,9,1,10,2,11,,7,7,1,6,4,120.583294,24.186912,2
9858,66000,387130000C,(04)23274275,(04)23288582,2025,11,25,7,23,臺中市,潭子區,0,1,0,7,2,6,60,4,4,1,5,4,6,6,2,1,1,4,4,1,13,2,8,1,1,C03,7,9,1,10,2,11,,7,7,1,13,4,120.70525,24.215366,2
9859,66000,387130000C,(04)23274275,(04)23288582,2025,11,25,7,23,臺中市,南屯區,0,1,0,7,2,6,50,4,1,1,5,4,6,6,2,1,10,5,5,2,12,3,10,3,1,B03,7,9,1,8,2,2,,8,8,1,13,4,120.638262,24.147059,2
9860,66000,387130000C,(04)23274275,(04)23288582,2025,11,25,7,23,臺中市,南屯區,0,0,0,7,3,6,50,13,9,1,5,4,6,6,1,1,5,4,5,1,12,,,,,B03,,,1,,1,,,20,20,1,12,4,120.625987,24.140615,3
9861,66000,387130000C,(04)23274275,(04)23288582,2025,11,25,7,24,臺中市,南區,0,1,0,7,2,6,0,13,9,1,5,4,6,6,4,4,1,4,5,2,30,,,,,,,,,,,,,119,119,1,,,120.653181,24.117587,2
9862,66000,387130000C,(04)23274275,(04)23288582,2025,11,25,7,25,臺中市,北屯區,0,1,0,7,3,6,50,4,2,1,5,4,6,6,1,1,1,4,5,2,13,2,9,2,1,C03,7,9,1,10,2,14,,7,7,1,6,4,120.727737,24.160459,2