序號,縣市別代碼,機關代碼,市話,傳真,年,月,日,時,分,縣市,區,死亡數量,受傷數量,2-30,天候,道路照明設備,道路類別,道路速限,道路型態,事故位置,路面鋪裝,路面狀態,路面缺陷,障礙物,視距,號誌種類,號誌動作,分向設施,快車道或一般車道間,快慢車道間,路面邊線,事故類型及型態,受傷程度,主要傷處,保護裝備,行動電話或功能裝置,當事者區分(類別),車輛用途,當事者行動狀態,駕照狀態,駕照種類,飲酒情形,車輛撞擊部位最初,車輛撞擊部位其他,肇事因素個別,肇事因素主要,肇事逃逸,職業,共享經濟或外送平台,GPS座標X,GPS座標Y,事故類別
9863,66000,387130000C,(04)23274275,(04)23288582,2025,11,25,7,25,臺中市,太平區,0,1,0,7,3,6,30,13,9,1,5,4,6,6,4,4,10,5,5,2,13,2,9,2,1,C03,7,9,1,10,2,12,,7,7,1,12,4,120.71216,24.142818,2
9864,66000,387130000C,(04)23274275,(04)23288582,2025,11,25,7,28,臺中市,沙鹿區,0,1,0,7,2,6,40,13,9,1,5,4,6,6,4,4,1,5,5,1,12,3,10,1,1,C03,7,9,1,10,2,14,,85,85,1,6,4,120.595536,24.249913,2
9865,66000,387130000C,(04)23274275,(04)23288582,2025,11,25,7,29,臺中市,西屯區,0,2,0,7,2,6,50,4,1,1,5,4,6,6,1,1,5,4,5,2,16,2,9,1,1,C03,7,6,1,10,2,11,,11,11,1,12,4,120.646909,24.17486,2
9866,66000,387130000C,(04)23274275,(04)23288582,2025,11,25,7,29,臺中市,西屯區,0,0,0,7,,,50,,,,,,,,,,,,,,17,,,,,B03,,,1,,1,,,59,59,1,12,4,120.615086,24.182192,3
9867,66000,387130000C,(04)23274275,(04)23288582,2025,11,25,7,29,臺中市,霧峰區,0,0,0,7,,,40,,,,,,,,,,,,,,13,,,,,B03,,,1,,2,,,84,84,1,12,4,120.662944,24.063028,3
9868,66000,387130000C,(04)23274275,(04)23288582,2025,11,25,7,29,臺中市,太平區,0,2,0,7,2,6,50,13,8,1,5,4,6,6,4,4,9,4,4,2,17,3,10,2,1,C03,7,9,1,10,2,11,,8,8,1,12,4,120.700113,24.151338,2
9869,66000,387130000C,(04)23274275,(04)23288582,2025,11,25,7,30,臺中市,沙鹿區,0,1,0,7,2,6,50,3,1,1,5,4,6,6,4,4,10,5,5,2,16,3,10,3,1,B03,7,6,1,8,2,8,,14,14,1,6,4,120.563518,24.235944,2
9870,66000,387130000C,(04)23274275,(04)23288582,2025,11,25,7,31,臺中市,大雅區,0,2,0,7,2,6,50,3,1,1,5,4,6,6,1,3,5,5,5,1,13,2,7,2,1,C03,7,9,1,10,2,11,,7,7,1,13,4,120.664442,24.207117,2
9871,66000,387130000C,(04)23274275,(04)23288582,2025,11,25,7,31,臺中市,大里區,0,0,0,7,,,50,,,,,,,,,,,,,,,,,,,B03,,,1,,2,,,8,8,1,12,4,120.674447,24.102139,3
9872,66000,387130000C,(04)23274275,(04)23288582,2025,11,25,7,32,臺中市,西屯區,0,1,0,7,2,6,30,3,1,1,5,4,6,6,4,4,10,5,5,1,18,2,9,5,4,C03,7,9,1,10,2,12,,84,84,1,13,4,120.634293,24.194599,2
9873,66000,387130000C,(04)23274275,(04)23288582,2025,11,25,7,33,臺中市,豐原區,0,2,0,7,2,6,50,3,1,1,5,4,6,6,4,4,10,5,5,2,17,2,8,1,1,C03,7,9,1,10,2,11,,7,7,1,13,4,120.723202,24.240097,2
9874,66000,387130000C,(04)23274275,(04)23288582,2025,11,25,7,34,臺中市,南區,0,1,0,7,3,6,50,5,1,1,5,4,6,6,1,1,10,5,5,2,13,3,10,2,1,C03,7,9,1,10,2,11,,7,7,1,12,4,120.669998,24.124665,2
9875,66000,387130000C,(04)23274275,(04)23288582,2025,11,25,7,34,臺中市,龍井區,0,1,0,7,2,6,50,4,1,1,5,4,6,6,4,4,5,5,5,1,11,3,10,1,1,C03,7,9,1,10,2,12,,12,12,1,6,4,120.546927,24.205255,2
9876,66000,387130000C,(04)23274275,(04)23288582,2025,11,25,7,35,臺中市,大里區,0,0,0,7,,,50,,,,,,,,,,,,,,,,,,,C03,,,1,,1,,,84,84,1,13,4,120.710492,24.082763,3
9877,66000,387130000C,(04)23274275,(04)23288582,2025,11,25,7,35,臺中市,大里區,0,0,0,7,,3,80,,,,,,,,,,,,,,13,,,,,B03,,,1,,1,,,59,59,1,6,4,120.69921,24.113849,3
9878,66000,387130000C,(04)23274275,(04)23288582,2025,11,25,7,37,臺中市,西屯區,0,0,0,7,,,60,,,,,,,,,,,,,,13,,,,,B03,,,1,,1,,,56,56,1,12,4,120.646547,24.16438,3
9879,66000,387130000C,(04)23274275,(04)23288582,2025,11,25,7,37,臺中市,后里區,0,2,0,7,3,6,50,13,7,1,5,4,6,6,1,1,1,4,4,1,13,2,8,1,1,C03,7,9,1,10,2,11,,7,7,1,6,4,120.723184,24.286951,2
9880,66000,387130000C,(04)23274275,(04)23288582,2025,11,25,7,40,臺中市,西區,0,1,0,7,3,6,50,3,2,1,5,4,6,6,1,1,10,5,5,2,13,2,8,2,1,C03,7,9,1,10,1,11,,7,7,1,12,4,120.674306,24.137399,2
9881,66000,387130000C,(04)23274275,(04)23288582,2025,11,25,7,42,臺中市,大里區,0,3,0,7,2,6,30,3,1,1,5,4,6,6,4,4,10,5,5,2,16,2,9,2,1,C03,7,9,1,10,2,12,,1,1,1,6,4,120.696109,24.093172,2
9882,66000,387130000C,(04)23274275,(04)23288582,2025,11,25,7,42,臺中市,烏日區,0,1,0,7,2,6,40,13,8,1,5,4,6,6,4,4,1,5,1,1,18,2,9,5,4,C03,7,9,1,10,2,14,,59,59,1,13,4,120.626664,24.0978,2
9883,66000,387130000C,(04)23274275,(04)23288582,2025,11,25,7,42,臺中市,龍井區,0,1,0,7,2,6,50,4,9,1,5,4,6,6,4,4,10,5,5,1,12,3,10,1,1,C03,7,9,1,10,2,13,,2,2,1,5,4,120.52808,24.208055,2
9884,66000,387130000C,(04)23274275,(04)23288582,2025,11,25,7,42,臺中市,梧棲區,0,2,0,7,3,6,50,13,14,1,5,4,6,6,4,4,5,5,5,1,13,2,9,1,1,C03,7,9,1,10,2,11,,7,7,1,6,4,120.523974,24.236271,2
9885,66000,387130000C,(04)23274275,(04)23288582,2025,11,25,7,43,臺中市,潭子區,0,0,0,7,,,60,,,,,,,,,,,,,,13,,,,,C03,,,1,,2,,,7,7,1,13,4,120.704552,24.205131,3
9886,66000,387130000C,(04)23274275,(04)23288582,2025,11,25,7,43,臺中市,西區,0,0,0,7,,,50,,,,,,,,,,,,,,13,,,,,B03,,,1,,1,,,84,84,1,6,4,120.674655,24.137515,3
9887,66000,387130000C,(04)23274275,(04)23288582,2025,11,25,7,44,臺中市,霧峰區,0,1,0,7,2,6,40,4,1,1,5,4,6,6,1,1,5,5,5,1,16,3,10,3,1,B03,7,6,1,8,2,5,,48,48,1,12,4,120.709237,24.080686,2
9888,66000,387130000C,(04)23274275,(04)23288582,2025,11,25,7,44,臺中市,霧峰區,0,1,0,7,2,6,40,13,8,1,5,4,6,6,4,4,3,4,4,1,17,3,10,2,1,C03,7,9,1,10,2,11,,39,39,1,6,4,120.693293,24.047807,2
9889,66000,387130000C,(04)23274275,(04)23288582,2025,11,25,7,45,臺中市,大里區,0,1,0,7,2,6,50,13,9,1,5,4,6,6,4,4,9,5,5,1,12,2,9,2,1,C03,7,9,1,10,2,16,,84,84,1,13,4,120.709654,24.088924,2
9890,66000,387130000C,(04)23274275,(04)23288582,2025,11,25,7,45,臺中市,神岡區,0,2,0,7,3,6,50,3,1,1,5,4,6,6,4,4,10,5,5,2,16,2,9,5,4,C03,7,6,1,10,2,11,,48,48,1,12,4,120.675423,24.25167,2
9891,66000,387130000C,(04)23274275,(04)23288582,2025,11,25,7,47,臺中市,潭子區,0,0,0,7,,,30,,,,,,,,,,,,,,,,,,,B03,,,1,,2,,,51,51,1,13,4,120.708399,24.233214,3
9892,66000,387130000C,(04)23274275,(04)23288582,2025,11,25,7,47,臺中市,西屯區,0,0,0,7,,6,30,3,1,1,5,4,6,6,4,4,10,5,5,2,15,,,,,B03,,,1,,1,,,14,14,1,13,4,120.625557,24.200495,3
9893,66000,387130000C,(04)23274275,(04)23288582,2025,11,25,7,47,臺中市,西屯區,0,2,0,7,2,6,30,3,1,1,5,4,6,6,4,4,10,5,5,2,16,2,9,5,4,C03,7,5,1,10,2,13,,13,13,1,12,4,120.62174,24.185969,2
9894,66000,387130000C,(04)23274275,(04)23288582,2025,11,25,7,48,臺中市,后里區,0,2,0,7,3,6,30,13,9,1,5,4,6,6,4,4,10,5,5,2,16,3,10,1,1,C03,7,1,1,10,2,11,,51,51,1,6,4,120.719481,24.307475,2
9895,66000,387130000C,(04)23274275,(04)23288582,2025,11,25,7,49,臺中市,南區,0,2,0,7,1,6,50,3,1,1,5,4,6,6,1,1,10,5,5,2,17,2,9,5,4,C03,7,11,1,10,2,13,,45,45,1,13,4,120.66577,24.113901,2
9896,66000,387130000C,(04)23274275,(04)23288582,2025,11,25,7,49,臺中市,大甲區,0,2,0,7,1,6,50,5,1,1,5,4,6,6,1,1,5,4,4,1,17,2,9,1,1,C03,7,1,3,19,2,11,,51,51,1,12,4,120.639296,24.363071,2
9897,66000,387130000C,(04)23274275,(04)23288582,2025,11,25,7,50,臺中市,霧峰區,0,0,0,7,,,50,,,,,,,,,,,,,,16,,,,,B03,,,1,,1,,,84,84,1,12,4,120.709198,24.076754,3
9898,66000,387130000C,(04)23274275,(04)23288582,2025,11,25,7,50,臺中市,豐原區,0,1,0,7,2,6,60,4,2,1,5,4,1,6,2,1,1,2,5,2,13,3,10,5,4,B03,7,9,1,8,2,5,,84,84,1,13,4,120.704949,24.255313,2
9899,66000,387130000C,(04)23274275,(04)23288582,2025,11,25,7,51,臺中市,南區,0,2,0,7,3,6,50,13,8,1,5,4,6,6,1,1,1,5,5,2,13,2,8,2,1,C03,7,9,1,10,2,11,,84,84,1,6,4,120.679226,24.118998,2
9900,66000,387130000C,(04)23274275,(04)23288582,2025,11,25,7,52,臺中市,南屯區,0,0,0,7,,,50,,,,,,,,,,,,,,14,,,,,B03,,,1,,1,,,49,49,1,12,4,120.610887,24.145395,4
9901,66000,387130000C,(04)23274275,(04)23288582,2025,11,25,7,53,臺中市,大雅區,0,0,0,7,,,30,,,,,,,,,,,,,,,,,,,C03,,,1,,1,,,7,7,1,12,4,120.65038,24.230527,3
9902,66000,387130000C,(04)23274275,(04)23288582,2025,11,25,7,53,臺中市,西屯區,0,0,0,7,,,50,,,,,,,,,,,,,,17,,,,,B03,,,1,,2,,,84,84,1,12,4,120.63167,24.158316,4
9903,66000,387130000C,(04)23274275,(04)23288582,2025,11,25,7,53,臺中市,西屯區,0,1,0,7,2,6,50,3,9,1,5,4,6,6,1,1,5,2,5,2,13,2,8,2,1,C04,7,9,1,10,2,11,,59,59,1,12,4,120.605367,24.171321,2
9904,66000,387130000C,(04)23274275,(04)23288582,2025,11,25,7,54,臺中市,太平區,0,0,0,7,,,50,,,,,,,,,,,,,,13,,,,,B03,,,1,,2,,,87,87,1,12,4,120.727039,24.149946,3
9905,66000,387130000C,(04)23274275,(04)23288582,2025,11,25,7,57,臺中市,西屯區,0,0,0,7,,,30,,,,,,,,,,,,,,17,,,,,B01,,,1,,1,,,51,51,1,13,4,120.624064,24.179891,3
9906,66000,387130000C,(04)23274275,(04)23288582,2025,11,25,7,58,臺中市,西屯區,0,2,0,7,2,6,30,3,1,1,5,4,6,6,4,4,10,5,5,2,16,2,8,5,4,C03,7,9,1,10,2,11,,85,85,1,13,4,120.648179,24.183507,2
9907,66000,387130000C,(04)23274275,(04)23288582,2025,11,25,7,58,臺中市,神岡區,0,1,0,7,2,6,50,13,7,1,5,4,6,6,4,4,5,4,4,1,17,3,10,5,4,B12,7,11,1,8,2,8,,39,39,1,13,4,120.672126,24.255383,2
9908,66000,387130000C,(04)23274275,(04)23288582,2025,11,25,8,1,臺中市,沙鹿區,0,0,0,7,,,60,,,,,,,,,,,,,,,,,,,B03,,,1,,2,,,7,7,1,6,4,120.574295,24.229982,3
9909,66000,387130000C,(04)23274275,(04)23288582,2025,11,25,8,2,臺中市,南屯區,0,3,0,7,3,6,50,13,9,1,5,4,6,6,4,4,7,4,5,2,13,3,10,3,1,B03,7,9,1,8,2,5,,59,59,1,13,4,120.640204,24.134875,2
9910,66000,387130000C,(04)23274275,(04)23288582,2025,11,25,8,2,臺中市,南屯區,0,2,0,7,2,6,50,13,9,1,5,4,6,6,4,4,5,5,5,2,17,2,9,2,1,C03,7,1,1,10,2,11,,51,51,1,13,4,120.651292,24.143073,2
9911,66000,387130000C,(04)23274275,(04)23288582,2025,11,25,8,6,臺中市,西屯區,0,1,0,7,2,6,50,13,9,1,5,4,6,6,4,4,5,4,5,2,12,3,10,5,4,B03,7,7,1,8,2,2,,8,8,1,12,4,120.608676,24.154961,2
9912,66000,387130000C,(04)23274275,(04)23288582,2025,11,25,8,8,臺中市,潭子區,0,1,0,7,2,6,50,13,9,1,5,4,6,6,4,4,9,5,5,1,13,2,9,1,1,C03,7,9,1,10,2,11,,7,7,1,13,4,120.698973,24.205882,2
9913,66000,387130000C,(04)23274275,(04)23288582,2025,11,25,8,10,臺中市,西屯區,0,0,0,7,,,50,,,,,,,,,,,,,,13,,,,,B03,,,1,,1,,,59,59,1,12,4,120.607156,24.160166,3
9914,66000,387130000C,(04)23274275,(04)23288582,2025,11,25,8,10,臺中市,梧棲區,0,0,0,7,,,40,,,,,,,,,,,,,,13,,,,,B03,,,1,,1,,,7,7,1,6,4,120.522747,24.224181,3
9915,66000,387130000C,(04)23274275,(04)23288582,2025,11,25,8,10,臺中市,沙鹿區,0,2,0,7,2,6,40,13,8,1,5,4,6,6,1,1,1,4,4,1,17,2,9,1,1,C03,7,9,3,19,2,11,,58,58,1,6,4,120.617863,24.243103,2
9916,66000,387130000C,(04)23274275,(04)23288582,2025,11,25,8,11,臺中市,西屯區,0,0,0,7,,,50,,,,,,,,,,,,,,17,,,,,C03,,,1,,1,,,40,40,1,12,4,120.654345,24.194323,3
9917,66000,387130000C,(04)23274275,(04)23288582,2025,11,25,8,12,臺中市,豐原區,0,0,0,7,,,50,,,,,,,,,,,,,,14,,,,,B03,,,1,,2,,,49,49,1,12,4,120.725959,24.255306,3
9918,66000,387130000C,(04)23274275,(04)23288582,2025,11,25,8,13,臺中市,北區,0,1,0,7,2,6,50,3,1,1,5,4,6,6,2,1,10,5,5,2,3,2,9,6,5,H01,8,16,7,21,10,17,,96,96,1,12,5,120.683437,24.15371,2
9919,66000,387130000C,(04)23274275,(04)23288582,2025,11,25,8,13,臺中市,西屯區,0,0,0,7,,,50,,,,,,,,,,,,,,13,,,,,C03,,,1,,1,,,7,7,1,13,4,120.623839,24.18241,3
9920,66000,387130000C,(04)23274275,(04)23288582,2025,11,25,8,13,臺中市,西屯區,0,1,0,7,2,6,50,13,9,1,5,4,6,6,4,4,2,4,5,2,13,2,8,5,4,C02,7,9,1,9,2,11,,7,7,1,12,4,120.627036,24.172331,2
9921,66000,387130000C,(04)23274275,(04)23288582,2025,11,25,8,14,臺中市,北屯區,0,2,0,7,2,6,50,13,9,1,5,4,6,6,4,4,1,4,5,2,13,2,8,1,1,C03,7,9,1,10,2,13,,7,7,1,6,4,120.686579,24.182076,2
9922,66000,387130000C,(04)23274275,(04)23288582,2025,11,25,8,16,臺中市,北區,0,1,0,7,3,6,50,5,1,1,5,4,6,6,1,1,10,5,5,2,13,2,9,1,1,C03,7,9,1,10,2,13,,84,84,1,12,4,120.686245,24.154437,2
9923,66000,387130000C,(04)23274275,(04)23288582,2025,11,25,8,18,臺中市,大甲區,0,4,0,7,2,6,50,3,2,1,5,4,6,6,4,4,5,5,5,1,17,2,9,2,1,C03,7,9,1,10,2,11,,39,39,1,6,4,120.626746,24.350176,2
9924,66000,387130000C,(04)23274275,(04)23288582,2025,11,25,8,23,臺中市,大雅區,0,3,0,7,2,6,50,3,2,1,5,4,6,6,4,4,5,5,5,1,17,2,9,2,1,C03,7,1,5,19,2,11,,51,51,1,13,4,120.625553,24.23666,2
9925,66000,387130000C,(04)23274275,(04)23288582,2025,11,25,8,24,臺中市,烏日區,0,0,0,7,,,50,,,,,,,,,,,,,,17,,,,,,,,,,,,,85,85,1,,,120.649312,24.086299,3
9926,66000,387130000C,(04)23274275,(04)23288582,2025,11,25,8,24,臺中市,豐原區,0,2,0,7,2,6,50,13,9,1,5,4,6,6,4,4,5,5,5,2,17,2,9,2,1,C04,7,9,1,11,2,11,,58,58,1,13,4,120.714634,24.248813,2
9927,66000,387130000C,(04)23274275,(04)23288582,2025,11,25,8,26,臺中市,大雅區,0,2,0,7,3,6,0,3,1,1,5,4,6,6,3,1,5,2,5,1,17,2,9,1,1,C03,7,9,1,10,2,11,,21,21,1,12,4,120.656911,24.230545,2
9928,66000,387130000C,(04)23274275,(04)23288582,2025,11,25,8,26,臺中市,太平區,0,0,0,7,,,50,,,,,,,,,,,,,,16,,,,,B03,,,1,,2,,,51,51,1,12,4,120.705916,24.117035,3
9929,66000,387130000C,(04)23274275,(04)23288582,2025,11,25,8,26,臺中市,神岡區,0,0,0,7,,,30,,,,,,,,,,,,,,16,,,,,B12,,,1,,1,,,14,14,1,13,4,120.708141,24.271808,3
9930,66000,387130000C,(04)23274275,(04)23288582,2025,11,25,8,27,臺中市,西屯區,0,0,0,7,,,50,,,,,,,,,,,,,,14,,,,,B03,,,1,,2,,,49,49,1,12,4,120.610246,24.18793,3
9931,66000,387130000C,(04)23274275,(04)23288582,2025,11,25,8,28,臺中市,潭子區,0,0,0,7,,,60,,,,,,,,,,,,,,,,,,,A05,,,1,,9,,,84,84,1,13,4,120.705751,24.21779,3
9932,66000,387130000C,(04)23274275,(04)23288582,2025,11,25,8,28,臺中市,清水區,0,0,0,7,,,50,,,,,,,,,,,,,,,,,,,,,,,,,,,116,116,1,,,120.558645,24.269113,3
9933,66000,387130000C,(04)23274275,(04)23288582,2025,11,25,8,30,臺中市,神岡區,0,0,0,7,,,30,,,,,,,,,,,,,,12,,,,,A11,,,1,,10,,,93,93,1,12,4,120.685161,24.244117,3
9934,66000,387130000C,(04)23274275,(04)23288582,2025,11,25,8,31,臺中市,大雅區,0,1,0,7,2,6,40,3,2,1,5,4,6,6,1,1,3,4,4,1,13,2,8,2,1,C03,7,9,1,10,2,11,,59,59,1,13,4,120.64752,24.220611,2
9935,66000,387130000C,(04)23274275,(04)23288582,2025,11,25,8,31,臺中市,北屯區,0,0,0,7,,3,80,,,,,,,,,,,,,,,,,,,B03,,,1,,1,,,7,7,1,12,4,120.66845,24.201162,3
9936,66000,387130000C,(04)23274275,(04)23288582,2025,11,25,8,31,臺中市,西屯區,0,1,0,7,2,6,40,4,8,1,5,4,6,6,2,1,5,4,4,2,16,3,10,2,1,C03,7,5,1,10,2,13,,47,47,1,12,4,120.6442,24.161373,2
9937,66000,387130000C,(04)23274275,(04)23288582,2025,11,25,8,31,臺中市,大甲區,0,1,0,7,1,6,50,4,1,1,5,4,6,6,1,1,5,5,5,1,16,3,10,1,1,C03,7,6,1,10,2,15,,85,85,1,12,4,120.626427,24.349455,2
9938,66000,387130000C,(04)23274275,(04)23288582,2025,11,25,8,32,臺中市,石岡區,0,0,0,7,,,50,,,,,,,,,,,,,,,,,,,B03,,,1,,2,,,39,39,1,12,4,120.773562,24.270712,3
9939,66000,387130000C,(04)23274275,(04)23288582,2025,11,25,8,35,臺中市,北屯區,0,0,0,7,,,50,,,,,,,,,,,,,,13,,,,,C03,,,1,,2,,,7,7,1,6,4,120.698107,24.171927,3
9940,66000,387130000C,(04)23274275,(04)23288582,2025,11,25,8,37,臺中市,北區,0,0,0,7,,,50,,,,,,,,,,,,,,17,,,,,B03,,,1,,1,,,8,8,1,12,4,120.680285,24.154028,3
9941,66000,387130000C,(04)23274275,(04)23288582,2025,11,25,8,40,臺中市,沙鹿區,0,1,0,7,2,6,50,13,9,1,5,4,6,6,4,4,9,5,5,1,17,3,10,3,1,B03,7,11,1,8,2,8,,45,45,1,6,4,120.55683,24.208617,2
9942,66000,387130000C,(04)23274275,(04)23288582,2025,11,25,8,42,臺中市,大里區,0,0,0,7,,,50,,,,,,,,,,,,,,16,,,,,B03,,,1,,2,,,84,84,1,6,4,120.687987,24.094251,3
9943,66000,387130000C,(04)23274275,(04)23288582,2025,11,25,8,44,臺中市,大雅區,0,2,0,7,3,6,30,4,2,1,5,4,6,6,4,4,5,2,5,1,17,2,9,1,1,C03,7,9,1,10,2,14,,6,6,1,12,4,120.647117,24.218036,2
9944,66000,387130000C,(04)23274275,(04)23288582,2025,11,25,8,44,臺中市,大里區,0,0,0,7,,,50,,,,,,,,,,,,,,,,,,,B03,,,1,,2,,,8,8,1,12,4,120.679114,24.116601,4
9945,66000,387130000C,(04)23274275,(04)23288582,2025,11,25,8,48,臺中市,西屯區,0,2,0,7,2,6,50,3,3,1,5,4,6,6,1,1,10,5,5,2,17,2,9,5,4,C03,7,9,1,10,2,11,,59,59,1,12,4,120.613517,24.172724,2
9946,66000,387130000C,(04)23274275,(04)23288582,2025,11,25,8,53,臺中市,西屯區,0,0,0,7,2,6,40,13,8,1,5,4,6,6,2,1,1,5,1,2,18,,,,,C03,,,1,,2,,,56,56,1,13,4,120.624383,24.178531,3
9947,66000,387130000C,(04)23274275,(04)23288582,2025,11,25,8,55,臺中市,北屯區,0,0,0,7,,,50,,,,,,,,,,,,,,13,,,,,B03,,,1,8,2,,,82,82,1,6,4,120.663557,24.186078,3
9948,66000,387130000C,(04)23274275,(04)23288582,2025,11,25,8,55,臺中市,烏日區,0,0,0,7,,,30,,,,,,,,,,,,,,1,,,,,C03,,,1,,2,,,8,8,1,6,4,120.639943,24.083843,3
9949,66000,387130000C,(04)23274275,(04)23288582,2025,11,25,8,55,臺中市,豐原區,0,1,0,7,2,6,50,13,9,1,5,4,6,6,3,1,5,2,5,2,27,2,9,1,1,C03,7,9,1,10,2,11,,54,54,1,13,4,120.719823,24.261574,2
9950,66000,387130000C,(04)23274275,(04)23288582,2025,11,25,8,59,臺中市,豐原區,0,1,0,7,2,6,50,5,1,1,5,4,6,6,2,1,5,5,4,2,17,2,9,2,1,C03,7,15,1,10,2,11,14,84,84,1,12,4,120.706056,24.242854,2
9951,66000,387130000C,(04)23274275,(04)23288582,2025,11,25,9,0,臺中市,外埔區,0,1,0,7,3,6,30,3,1,1,5,4,6,6,4,4,10,5,5,2,16,3,10,3,1,B03,7,5,1,3,2,4,,12,12,1,6,4,120.641741,24.34112,2
9952,66000,387130000C,(04)23274275,(04)23288582,2025,11,25,9,3,臺中市,北區,0,0,0,7,,,50,,,,,,,,,,,,,,2,,,,,B03,,,1,,1,,,40,40,1,13,4,120.671934,24.163333,3
9953,66000,387130000C,(04)23274275,(04)23288582,2025,11,25,9,5,臺中市,北屯區,0,0,0,7,,,50,,,,,,,,,,,,,,17,,,,,B03,,,1,,1,,,40,40,1,6,4,120.699599,24.1648,3
9954,66000,387130000C,(04)23274275,(04)23288582,2025,11,25,9,7,臺中市,大雅區,0,1,0,7,2,6,50,4,1,1,5,4,6,6,1,1,5,5,5,1,16,2,9,2,1,C03,7,6,1,10,2,11,,11,11,1,13,4,120.645204,24.236187,2
9955,66000,387130000C,(04)23274275,(04)23288582,2025,11,25,9,10,臺中市,東區,0,1,0,7,2,6,50,13,7,1,5,4,6,6,4,4,1,4,4,2,12,3,10,2,1,C03,7,7,1,10,9,13,,40,40,1,6,4,120.690345,24.129388,2
9956,66000,387130000C,(04)23274275,(04)23288582,2025,11,25,9,14,臺中市,潭子區,0,0,0,7,,,50,,,,,,,,,,,,,,,,,,,B03,,,1,,2,,,50,50,1,13,4,120.706148,24.22661,3
9957,66000,387130000C,(04)23274275,(04)23288582,2025,11,25,9,16,臺中市,潭子區,0,1,0,7,2,6,50,13,9,1,5,4,6,6,4,4,9,5,5,1,13,2,9,1,1,C03,7,9,5,10,2,11,,7,7,1,13,4,120.694935,24.203824,2
9958,66000,387130000C,(04)23274275,(04)23288582,2025,11,25,9,20,臺中市,南區,0,0,0,7,,,50,,,,,,,,,,,,,,,,,,,B13,,,1,,2,,,7,7,1,13,4,120.678982,24.127842,3
9959,66000,387130000C,(04)23274275,(04)23288582,2025,11,25,9,29,臺中市,烏日區,0,1,0,7,2,6,50,13,9,1,5,4,6,6,4,4,5,4,5,1,12,3,10,5,4,C03,7,7,3,19,2,13,,40,40,1,13,4,120.642158,24.064303,2
9960,66000,387130000C,(04)23274275,(04)23288582,2025,11,25,9,30,臺中市,北屯區,0,0,0,7,,,60,,,,,,,,,,,,,,13,,,,,B03,,,1,,2,,,84,84,1,6,4,120.700981,24.165061,4
9961,66000,387130000C,(04)23274275,(04)23288582,2025,11,25,9,30,臺中市,北屯區,0,0,0,7,,,50,,,,,,,,,,,,,,,,,,,B03,,,1,,2,,,51,51,1,6,4,120.730319,24.177141,3
9962,66000,387130000C,(04)23274275,(04)23288582,2025,11,25,9,34,臺中市,西屯區,0,1,0,7,2,6,50,13,9,1,5,4,6,6,4,4,5,5,5,2,17,3,10,3,1,B03,7,1,1,8,2,8,,51,51,1,12,4,120.637409,24.178646,2
9963,66000,387130000C,(04)23274275,(04)23288582,2025,11,25,9,40,臺中市,清水區,0,2,0,7,1,6,30,4,1,1,5,4,6,6,4,4,10,5,5,1,17,3,10,3,1,B03,7,9,1,8,2,8,,12,12,1,12,4,120.581752,24.269127,2
9964,66000,387130000C,(04)23274275,(04)23288582,2025,11,25,9,41,臺中市,西區,0,0,0,7,,,50,,,,,,,,,,,,,,12,,,,,A11,,,1,,2,,,84,84,1,12,4,120.671238,24.145508,3
9965,66000,387130000C,(04)23274275,(04)23288582,2025,11,25,9,44,臺中市,北屯區,0,1,0,6,2,6,50,4,2,1,5,4,6,6,2,1,1,1,4,2,16,3,10,3,1,B03,7,5,1,8,2,2,,11,11,1,12,4,120.686343,24.18169,2
9966,66000,387130000C,(04)23274275,(04)23288582,2025,11,25,9,44,臺中市,北屯區,0,2,0,7,3,6,50,13,9,1,5,4,6,6,4,4,9,4,5,2,17,2,9,1,1,C03,7,1,1,10,2,11,,51,51,1,12,4,120.707022,24.167409,2
9967,66000,387130000C,(04)23274275,(04)23288582,2025,11,25,9,47,臺中市,西區,0,0,0,7,,,50,,,,,,,,,,,,,,,,,,,B03,,,1,,1,,,7,7,1,12,4,120.67173,24.145276,3
9968,66000,387130000C,(04)23274275,(04)23288582,2025,11,25,9,50,臺中市,太平區,0,1,0,7,1,6,50,4,1,1,5,4,6,6,1,1,10,5,5,2,16,2,9,2,1,C03,7,9,1,10,2,14,,21,21,1,12,4,120.717882,24.12879,2
9969,66000,387130000C,(04)23274275,(04)23288582,2025,11,25,9,52,臺中市,西屯區,0,1,0,7,2,6,50,13,9,1,5,4,6,6,4,4,3,4,5,2,17,3,10,3,1,B03,7,1,1,8,1,3,,51,51,1,12,4,120.642116,24.173022,2
9970,66000,387130000C,(04)23274275,(04)23288582,2025,11,25,9,53,臺中市,太平區,0,1,0,7,2,6,50,13,9,1,5,4,6,6,4,4,5,4,5,2,17,2,9,2,1,C03,7,9,1,10,2,11,,59,59,1,12,4,120.709938,24.127369,2
9971,66000,387130000C,(04)23274275,(04)23288582,2025,11,25,9,55,臺中市,烏日區,0,0,0,7,,,30,,,,,,,,,,,,,,14,,,,,B12,,,1,,1,,,49,49,1,6,4,120.646897,24.06697,3
9972,66000,387130000C,(04)23274275,(04)23288582,2025,11,25,9,59,臺中市,西屯區,0,1,0,7,2,6,50,4,1,1,5,4,6,6,2,1,10,5,5,2,16,3,10,5,4,B03,7,6,1,7,2,2,,11,11,1,13,4,120.645657,24.170091,2
9973,66000,387130000C,(04)23274275,(04)23288582,2025,11,25,10,0,臺中市,北屯區,0,0,0,7,,3,40,,,,,,,,,,,,,,13,,,,,B03,,,1,,1,,,7,7,1,6,4,120.689289,24.201184,3