序號,縣市別代碼,機關代碼,市話,傳真,年,月,日,時,分,縣市,區,死亡數量,受傷數量,2-30,天候,道路照明設備,道路類別,道路速限,道路型態,事故位置,路面鋪裝,路面狀態,路面缺陷,障礙物,視距,號誌種類,號誌動作,分向設施,快車道或一般車道間,快慢車道間,路面邊線,事故類型及型態,受傷程度,主要傷處,保護裝備,行動電話或功能裝置,當事者區分(類別),車輛用途,當事者行動狀態,駕照狀態,駕照種類,飲酒情形,車輛撞擊部位最初,車輛撞擊部位其他,肇事因素個別,肇事因素主要,肇事逃逸,職業,共享經濟或外送平台,GPS座標X,GPS座標Y,事故類別
9974,66000,387130000C,(04)23274275,(04)23288582,2025,11,25,10,2,臺中市,西屯區,0,2,0,7,2,6,50,13,9,1,5,4,6,6,4,4,9,5,5,2,13,2,8,5,4,C03,7,9,1,10,2,11,,7,7,1,12,4,120.649296,24.181975,2
9975,66000,387130000C,(04)23274275,(04)23288582,2025,11,25,10,3,臺中市,北屯區,0,1,0,7,3,6,50,11,9,1,5,4,6,6,4,4,1,5,5,1,12,3,10,3,1,B03,7,9,1,8,2,2,,8,8,1,6,4,120.792976,24.205263,2
9976,66000,387130000C,(04)23274275,(04)23288582,2025,11,25,10,5,臺中市,大雅區,0,1,0,7,3,6,30,4,2,1,5,4,6,6,1,1,5,2,5,1,17,2,9,1,1,C03,7,9,1,10,1,11,,87,87,1,12,4,120.638301,24.219296,2
9977,66000,387130000C,(04)23274275,(04)23288582,2025,11,25,10,7,臺中市,西區,0,1,0,7,3,6,50,3,1,1,5,4,6,6,4,4,9,5,5,2,16,2,9,2,1,C03,7,9,1,10,1,12,,84,84,1,12,4,120.670257,24.138834,2
9978,66000,387130000C,(04)23274275,(04)23288582,2025,11,25,10,9,臺中市,西區,0,2,0,7,3,6,50,4,1,1,5,4,6,6,4,4,10,5,5,2,15,2,9,1,1,C03,7,9,1,10,2,12,,15,15,1,6,4,120.667365,24.137506,2
9979,66000,387130000C,(04)23274275,(04)23288582,2025,11,25,10,13,臺中市,龍井區,0,0,0,7,,,50,,,,,,,,,,,,,,,,,,,A11,,,1,,2,,,8,8,1,6,4,120.55043,24.209931,3
9980,66000,387130000C,(04)23274275,(04)23288582,2025,11,25,10,15,臺中市,北區,0,2,0,7,2,6,50,3,1,1,5,4,6,6,4,4,5,5,5,2,17,2,1,1,1,C03,7,1,3,19,2,11,,51,51,1,12,4,120.676943,24.16404,2
9981,66000,387130000C,(04)23274275,(04)23288582,2025,11,25,10,15,臺中市,南區,0,0,0,7,1,6,50,4,1,1,5,4,6,6,1,1,10,5,5,2,17,3,10,3,1,B03,7,5,1,8,1,8,,84,84,1,12,4,120.669104,24.128595,3
9982,66000,387130000C,(04)23274275,(04)23288582,2025,11,25,10,15,臺中市,南屯區,0,0,0,7,,,50,,,,,,,,,,,,,,13,,,,,B03,,,1,,1,,,7,7,1,13,4,120.64982,24.132076,3
9983,66000,387130000C,(04)23274275,(04)23288582,2025,11,25,10,19,臺中市,西屯區,0,0,0,7,,,50,,,,,,,,,,,,,,12,,,,,A42,,,1,,2,,,49,49,1,12,4,120.594236,24.167281,3
9984,66000,387130000C,(04)23274275,(04)23288582,2025,11,25,10,20,臺中市,大雅區,0,1,0,7,2,6,30,3,2,1,5,4,6,6,4,4,10,5,5,1,17,2,8,2,1,C03,7,5,1,10,2,11,,12,12,1,13,4,120.599639,24.222202,2
9985,66000,387130000C,(04)23274275,(04)23288582,2025,11,25,10,20,臺中市,南屯區,0,0,0,7,,,50,,,,,,,,,,,,,,,,,,,B03,,,1,,1,,,40,40,1,13,4,120.649934,24.134814,3
9986,66000,387130000C,(04)23274275,(04)23288582,2025,11,25,10,20,臺中市,霧峰區,0,0,0,7,,,50,,,,,,,,,,,,,,13,,,,,B03,,,1,,2,,,7,7,1,6,4,120.699656,24.075589,3
9987,66000,387130000C,(04)23274275,(04)23288582,2025,11,25,10,22,臺中市,梧棲區,0,1,0,7,3,6,50,13,14,1,5,4,6,6,4,4,1,4,4,1,13,2,7,1,1,C03,7,9,1,10,2,11,,59,59,1,6,4,120.553667,24.252016,2
9988,66000,387130000C,(04)23274275,(04)23288582,2025,11,25,10,24,臺中市,西屯區,0,0,0,7,,,50,,,,,,,,,,,,,,13,,,,,B03,,,1,,1,,,59,59,1,12,4,120.618889,24.184696,3
9989,66000,387130000C,(04)23274275,(04)23288582,2025,11,25,10,24,臺中市,西屯區,0,1,0,7,2,6,40,3,1,1,5,4,6,6,2,1,10,5,5,2,12,3,10,1,1,C03,7,9,1,10,2,13,,42,42,1,12,4,120.609756,24.184266,2
9990,66000,387130000C,(04)23274275,(04)23288582,2025,11,25,10,28,臺中市,南屯區,0,0,0,7,,,50,,,,,,,,,,,,,,17,,,,,B03,,,1,,1,,,59,59,1,13,4,120.640377,24.148176,3
9991,66000,387130000C,(04)23274275,(04)23288582,2025,11,25,10,29,臺中市,西區,0,0,0,7,,,50,,,,,,,,,,,,,,14,,,,,B12,,,1,,2,,,49,49,1,12,4,120.680417,24.135937,3
9992,66000,387130000C,(04)23274275,(04)23288582,2025,11,25,10,30,臺中市,中區,0,2,0,7,2,6,50,4,1,1,5,4,6,6,2,1,7,2,5,2,16,2,9,2,1,C03,7,6,1,9,2,13,,39,39,1,12,4,120.683807,24.138724,2
9993,66000,387130000C,(04)23274275,(04)23288582,2025,11,25,10,30,臺中市,北區,0,0,0,7,,,50,,,,,,,,,,,,,,13,,,,,B03,,,1,,1,,,59,59,1,12,4,120.685456,24.163099,3
9994,66000,387130000C,(04)23274275,(04)23288582,2025,11,25,10,32,臺中市,西屯區,0,2,0,7,2,6,50,4,1,1,5,4,6,6,1,1,5,4,5,2,15,2,9,1,1,C03,7,9,3,19,2,11,,21,21,1,12,4,120.645505,24.192401,2
9995,66000,387130000C,(04)23274275,(04)23288582,2025,11,25,10,32,臺中市,沙鹿區,0,1,0,7,2,6,50,4,1,1,5,4,6,6,1,1,10,5,5,2,16,2,9,2,1,C03,7,9,1,10,2,12,,21,21,1,6,2,120.553024,24.217214,2
9996,66000,387130000C,(04)23274275,(04)23288582,2025,11,25,10,37,臺中市,烏日區,0,1,0,7,2,6,40,4,2,1,5,4,6,6,2,1,1,4,4,1,13,3,10,5,4,C03,7,9,1,10,2,11,,59,59,1,13,4,120.614464,24.106578,2
9997,66000,387130000C,(04)23274275,(04)23288582,2025,11,25,10,38,臺中市,潭子區,0,1,0,7,2,6,50,13,9,1,5,4,6,6,4,4,1,4,5,1,18,2,9,1,1,C03,7,9,1,10,2,12,,57,57,1,13,4,120.719862,24.226836,2
9998,66000,387130000C,(04)23274275,(04)23288582,2025,11,25,10,38,臺中市,東區,0,0,0,7,,,30,,,,,,,,,,,,,,17,,,,,B03,,,1,,2,,,48,48,1,12,4,120.69416,24.128396,3
9999,66000,387130000C,(04)23274275,(04)23288582,2025,11,25,10,38,臺中市,霧峰區,0,0,0,7,,,50,,,,,,,,,,,,,,,,,,,B03,,,1,,2,,,7,7,1,13,4,120.685591,24.054046,3
10000,66000,387130000C,(04)23274275,(04)23288582,2025,11,25,10,39,臺中市,西屯區,0,1,0,7,2,6,50,3,1,1,5,4,6,6,1,1,10,5,5,2,18,2,9,5,4,C03,7,9,3,19,2,12,,84,84,1,13,4,120.597427,24.191516,2
10001,66000,387130000C,(04)23274275,(04)23288582,2025,11,25,10,40,臺中市,南屯區,0,0,0,7,,,50,,,,,,,,,,,,,,12,,,,,B03,,,1,,2,,,40,40,1,12,4,120.598422,24.155204,3
10002,66000,387130000C,(04)23274275,(04)23288582,2025,11,25,10,54,臺中市,大雅區,0,1,0,7,3,9,50,4,2,1,5,4,6,6,1,1,5,2,5,1,17,3,10,1,1,C03,7,9,3,19,2,11,,7,7,1,12,4,120.649891,24.226982,2
10003,66000,387130000C,(04)23274275,(04)23288582,2025,11,25,10,54,臺中市,西屯區,0,0,0,7,,,50,,,,,,,,,,,,,,13,,,,,B03,,,1,,1,,,7,7,1,13,4,120.648127,24.169515,3
10004,66000,387130000C,(04)23274275,(04)23288582,2025,11,25,10,55,臺中市,南區,0,0,0,7,,,50,,,,,,,,,,,,,,,,,,,B03,,,1,,1,,,47,47,1,13,4,120.661711,24.121704,4
10005,66000,387130000C,(04)23274275,(04)23288582,2025,11,25,10,56,臺中市,南區,0,1,0,7,1,6,50,4,1,1,5,4,6,6,1,1,10,5,5,2,17,3,10,3,1,B12,7,6,1,8,2,2,,11,11,1,12,4,120.659119,24.130198,2
10006,66000,387130000C,(04)23274275,(04)23288582,2025,11,25,11,0,臺中市,神岡區,0,0,0,7,,,50,,,,,,,,,,,,,,14,,,,,A21,,,1,,2,,,49,49,1,6,4,120.696401,24.234001,3
10007,66000,387130000C,(04)23274275,(04)23288582,2025,11,25,11,5,臺中市,烏日區,0,1,0,7,2,6,50,3,1,1,5,4,6,6,1,1,1,4,4,2,16,3,10,3,1,B03,7,5,1,8,2,6,,11,11,1,6,4,120.641791,24.115612,2
10008,66000,387130000C,(04)23274275,(04)23288582,2025,11,25,11,7,臺中市,大雅區,0,1,0,7,3,6,50,3,1,1,5,4,6,6,1,1,10,5,5,2,17,2,9,3,1,B12,7,6,3,19,2,5,,11,11,1,12,4,120.613962,24.215243,2
10009,66000,387130000C,(04)23274275,(04)23288582,2025,11,25,11,9,臺中市,西屯區,0,0,0,7,,,50,,,,,,,,,,,,,,13,,,,,B03,,,1,,1,,,59,59,1,12,4,120.642093,24.158002,3
10010,66000,387130000C,(04)23274275,(04)23288582,2025,11,25,11,10,臺中市,大雅區,0,0,0,7,,,70,,,,,,,,,,,,,,,,,,,B03,,,1,,2,,,40,40,1,13,4,120.643328,24.228104,3
10011,66000,387130000C,(04)23274275,(04)23288582,2025,11,25,11,10,臺中市,北屯區,0,1,0,7,3,6,50,4,4,1,5,4,6,6,2,1,5,5,5,2,12,2,9,2,1,C03,7,8,3,19,2,14,,40,40,1,12,4,120.680175,24.189007,2
10012,66000,387130000C,(04)23274275,(04)23288582,2025,11,25,11,11,臺中市,北區,0,3,0,7,2,6,50,4,1,1,5,4,6,6,1,1,5,5,5,2,17,2,9,1,1,C03,7,11,1,10,2,14,,34,34,1,13,4,120.683508,24.148272,2
10013,66000,387130000C,(04)23274275,(04)23288582,2025,11,25,11,14,臺中市,西屯區,0,1,0,7,2,6,50,4,1,1,5,4,6,6,2,1,10,5,5,2,16,3,10,5,4,B03,7,5,1,8,2,2,,11,11,1,13,4,120.652011,24.176209,2
10014,66000,387130000C,(04)23274275,(04)23288582,2025,11,25,11,16,臺中市,西屯區,0,0,0,7,,,50,,,,,,,,,,,,,,14,,,,,B02,,,1,,2,,,49,49,1,12,4,120.624907,24.181895,3
10015,66000,387130000C,(04)23274275,(04)23288582,2025,11,25,11,19,臺中市,西區,0,1,0,7,2,6,50,13,7,1,5,4,6,6,4,4,1,4,5,2,17,3,10,3,1,B03,7,9,1,8,1,1,,84,84,1,13,4,120.672471,24.149506,2
10016,66000,387130000C,(04)23274275,(04)23288582,2025,11,25,11,19,臺中市,烏日區,0,0,0,7,,,50,,,,,,,,,,,,,,12,,,,,B12,,,1,,9,,,8,8,1,6,4,120.642858,24.072754,3
10017,66000,387130000C,(04)23274275,(04)23288582,2025,11,25,11,19,臺中市,豐原區,0,0,0,7,,,60,,,,,,,,,,,,,,,,,,,B12,,,1,,2,,,7,7,1,13,4,120.735912,24.260557,3
10018,66000,387130000C,(04)23274275,(04)23288582,2025,11,25,11,20,臺中市,北屯區,0,1,0,7,3,6,50,4,1,1,5,4,6,6,1,1,10,5,4,2,12,3,10,3,1,B12,7,5,1,8,2,2,,11,11,1,6,4,120.660002,24.188565,2
10019,66000,387130000C,(04)23274275,(04)23288582,2025,11,25,11,34,臺中市,潭子區,0,1,0,7,2,6,50,3,2,1,5,4,6,6,4,4,5,4,5,1,17,3,10,3,1,B03,7,13,1,8,2,4,,76,76,1,13,4,120.700482,24.212362,2
10020,66000,387130000C,(04)23274275,(04)23288582,2025,11,25,11,35,臺中市,南屯區,0,0,0,7,,,50,,,,,,,,,,,,,,17,,,,,B03,,,1,,2,,,76,76,1,13,4,120.610219,24.133912,3
10021,66000,387130000C,(04)23274275,(04)23288582,2025,11,25,11,35,臺中市,太平區,0,1,0,7,3,6,30,13,9,1,5,4,6,6,4,4,10,5,5,2,17,2,9,1,1,C03,7,9,5,10,2,11,,59,59,1,6,4,120.730636,24.153733,2
10022,66000,387130000C,(04)23274275,(04)23288582,2025,11,25,11,37,臺中市,西屯區,0,0,0,7,2,6,50,13,9,1,5,4,6,6,4,4,5,4,5,2,14,,,,,B12,,,1,,1,,,49,49,1,13,4,120.61947,24.187232,3
10023,66000,387130000C,(04)23274275,(04)23288582,2025,11,25,11,44,臺中市,西區,0,1,0,7,2,6,50,4,2,1,5,4,6,6,4,4,9,4,5,2,13,3,10,1,1,C03,7,12,3,19,2,11,,7,7,1,12,4,120.661366,24.150311,2
10024,66000,387130000C,(04)23274275,(04)23288582,2025,11,25,11,44,臺中市,南區,0,2,0,7,2,6,50,13,7,1,5,4,6,6,4,4,9,4,4,2,11,2,9,2,1,C03,7,9,3,19,8,14,,4,4,1,12,4,120.661089,24.116908,2
10025,66000,387130000C,(04)23274275,(04)23288582,2025,11,25,11,44,臺中市,后里區,0,0,0,7,,,50,,,,,,,,,,,,,,12,,,,,B03,,,1,,2,,,48,48,1,6,4,120.723015,24.311178,3
10026,66000,387130000C,(04)23274275,(04)23288582,2025,11,25,11,49,臺中市,太平區,0,1,0,7,2,6,50,3,2,1,5,4,6,6,2,1,5,4,5,2,12,2,9,2,1,C03,7,9,1,10,2,11,,85,85,1,12,4,120.716385,24.148825,2
10027,66000,387130000C,(04)23274275,(04)23288582,2025,11,25,11,50,臺中市,西區,0,2,0,7,3,6,50,5,1,1,5,4,6,6,4,4,10,5,5,2,15,2,9,2,1,C03,7,9,1,10,2,12,,15,15,1,12,4,120.666485,24.137963,2
10028,66000,387130000C,(04)23274275,(04)23288582,2025,11,25,11,50,臺中市,北區,0,1,0,7,2,6,50,5,1,1,5,4,6,6,2,1,10,5,5,2,12,2,9,1,1,C03,7,9,1,10,2,14,,84,84,1,12,4,120.686252,24.15482,2
10029,66000,387130000C,(04)23274275,(04)23288582,2025,11,25,11,50,臺中市,霧峰區,0,1,0,7,2,6,60,3,1,1,5,4,6,6,1,1,1,4,4,1,16,3,10,3,1,B03,7,5,1,8,2,5,,11,11,1,12,4,120.69228,24.044748,2
10030,66000,387130000C,(04)23274275,(04)23288582,2025,11,25,11,57,臺中市,西屯區,0,1,0,7,2,6,50,4,1,1,5,4,6,6,1,1,5,5,5,2,16,3,10,5,4,C03,7,6,1,10,2,11,,11,11,1,12,4,120.638868,24.180184,2
10031,66000,387130000C,(04)23274275,(04)23288582,2025,11,25,11,57,臺中市,豐原區,0,0,0,7,,,50,,,,,,,,,,,,,,,,,,,B03,,,1,,2,,,20,20,1,13,4,120.712149,24.251497,3
10032,66000,387130000C,(04)23274275,(04)23288582,2025,11,25,11,58,臺中市,南區,0,0,0,7,,,50,,,,,,,,,,,,,,,,,,,C03,,,1,,1,,,8,85,1,13,4,120.671811,24.119156,3
10033,66000,387130000C,(04)23274275,(04)23288582,2025,11,25,11,59,臺中市,南屯區,0,0,0,7,,,50,,,,,,,,,,,,,,13,,,,,B03,,,1,,1,,,84,84,1,13,4,120.611822,24.138378,3
10034,66000,387130000C,(04)23274275,(04)23288582,2025,11,25,12,2,臺中市,東區,0,1,0,7,1,6,50,4,1,1,5,4,6,6,2,1,10,5,5,2,17,3,10,5,4,C03,7,9,1,10,2,11,,85,85,1,13,4,120.6902,24.124702,2
10035,66000,387130000C,(04)23274275,(04)23288582,2025,11,25,12,5,臺中市,太平區,0,0,0,7,,,50,,,,,,,,,,,,,,16,,,,,C03,,,1,,2,,,51,51,1,12,4,120.733331,24.142681,3
10036,66000,387130000C,(04)23274275,(04)23288582,2025,11,25,12,5,臺中市,太平區,0,1,0,7,3,6,50,13,9,1,5,4,6,6,4,4,5,2,5,1,17,2,1,1,1,C03,7,9,1,10,2,11,,58,58,1,6,4,120.713989,24.138459,2
10037,66000,387130000C,(04)23274275,(04)23288582,2025,11,25,12,6,臺中市,神岡區,0,1,0,7,2,6,30,3,1,1,5,4,6,6,4,4,10,5,5,1,16,2,9,5,4,C03,7,5,1,10,2,11,,14,14,1,12,4,120.678397,24.251704,2
10038,66000,387130000C,(04)23274275,(04)23288582,2025,11,25,12,7,臺中市,西屯區,0,0,0,7,,,60,,,,,,,,,,,,,,13,,,,,B03,,,1,,1,,,59,59,1,12,4,120.629082,24.163374,3
10039,66000,387130000C,(04)23274275,(04)23288582,2025,11,25,12,11,臺中市,烏日區,0,0,0,7,,,50,,,,,,,,,,,,,,14,,,,,B03,,,4,,1,,,49,49,1,13,4,120.589659,24.112201,3
10040,66000,387130000C,(04)23274275,(04)23288582,2025,11,25,12,12,臺中市,南屯區,0,1,0,7,3,6,50,4,1,1,5,4,6,6,1,1,10,5,5,2,16,3,10,3,1,B03,7,6,1,8,2,4,,20,20,1,13,4,120.648785,24.14999,2
10041,66000,387130000C,(04)23274275,(04)23288582,2025,11,25,12,15,臺中市,中區,0,2,0,7,3,6,50,13,9,1,5,4,6,6,4,4,10,4,5,2,12,3,10,3,1,B03,7,9,1,8,2,2,,84,84,1,6,4,120.680995,24.141728,2
10042,66000,387130000C,(04)23274275,(04)23288582,2025,11,25,12,15,臺中市,東區,0,0,0,7,1,6,50,3,9,1,5,4,6,6,4,4,10,5,5,2,17,3,10,3,1,B12,7,15,1,8,1,4,,84,84,1,12,4,120.698548,24.143999,3
10043,66000,387130000C,(04)23274275,(04)23288582,2025,11,25,12,16,臺中市,西區,0,0,0,7,,,50,,,,,,,,,,,,,,14,,,,,B03,,,1,,2,,,49,49,1,12,4,120.675449,24.137388,3
10044,66000,387130000C,(04)23274275,(04)23288582,2025,11,25,12,20,臺中市,東區,0,1,0,7,2,6,50,4,2,1,5,4,6,6,2,1,10,5,5,2,12,2,9,2,1,C03,7,9,1,10,2,14,,84,84,1,6,4,120.7053,24.13773,2
10045,66000,387130000C,(04)23274275,(04)23288582,2025,11,25,12,20,臺中市,西屯區,0,0,0,7,,,50,,,,,,,,,,,,,,13,,,,,B03,,,1,,2,,,59,59,1,13,4,120.661084,24.164202,3
10046,66000,387130000C,(04)23274275,(04)23288582,2025,11,25,12,23,臺中市,霧峰區,0,1,0,7,2,6,30,3,9,1,5,4,6,6,4,4,10,5,5,2,16,2,9,2,1,C03,7,5,1,10,2,11,,14,14,1,13,4,120.716657,24.074449,2
10047,66000,387130000C,(04)23274275,(04)23288582,2025,11,25,12,25,臺中市,南屯區,0,0,0,7,,,60,,,,,,,,,,,,,,17,,,,,C03,,,1,,1,,,8,8,1,12,4,120.60975,24.130278,3
10048,66000,387130000C,(04)23274275,(04)23288582,2025,11,25,12,25,臺中市,烏日區,0,0,0,7,,,30,,,,,,,,,,,,,,9,,,,,B03,,,1,,2,,,59,59,1,6,4,120.634113,24.106822,3
10049,66000,387130000C,(04)23274275,(04)23288582,2025,11,25,12,25,臺中市,清水區,0,1,0,7,3,6,50,13,9,1,5,4,6,6,4,4,5,5,5,1,18,2,9,5,1,F01,7,9,7,21,2,12,,84,84,1,12,4,120.579445,24.264111,2
10050,66000,387130000C,(04)23274275,(04)23288582,2025,11,25,12,26,臺中市,南區,0,1,0,7,3,6,40,13,8,1,5,4,6,6,4,4,5,5,4,2,17,3,10,2,1,C03,7,9,1,10,2,11,,7,7,1,13,4,120.650785,24.120383,2
10051,66000,387130000C,(04)23274275,(04)23288582,2025,11,25,12,26,臺中市,西屯區,0,2,0,7,2,6,50,3,1,1,5,4,6,6,1,1,5,4,5,2,16,2,7,3,1,B03,7,6,1,8,2,2,,11,11,1,12,4,120.623411,24.193218,2
10052,66000,387130000C,(04)23274275,(04)23288582,2025,11,25,12,27,臺中市,大甲區,0,0,0,7,,,50,,,,,,,,,,,,,,12,,,,,,,,,,,,,8,8,1,,,120.620405,24.340123,3
10053,66000,387130000C,(04)23274275,(04)23288582,2025,11,25,12,28,臺中市,北區,0,0,0,7,,,50,,,,,,,,,,,,,,17,,,,,B03,,,1,,1,,,50,50,1,12,4,120.679928,24.168365,3
10054,66000,387130000C,(04)23274275,(04)23288582,2025,11,25,12,28,臺中市,北屯區,0,1,0,7,3,6,30,4,1,1,5,4,6,6,4,4,10,5,5,2,15,2,7,1,1,C03,7,9,3,19,2,11,,15,15,1,6,4,120.668512,24.179763,2
10055,66000,387130000C,(04)23274275,(04)23288582,2025,11,25,12,28,臺中市,西屯區,0,0,0,7,,,30,,,,,,,,,,,,,,11,,,,,B12,,,1,,2,,,76,76,1,12,4,120.640381,24.169183,3
10056,66000,387130000C,(04)23274275,(04)23288582,2025,11,25,12,36,臺中市,西屯區,0,0,0,7,2,6,50,4,1,1,5,4,6,6,2,1,1,4,1,2,13,,,,,B02,,,1,,2,,,7,7,1,13,4,120.643619,24.165682,3
10057,66000,387130000C,(04)23274275,(04)23288582,2025,11,25,12,38,臺中市,烏日區,0,1,0,7,2,6,40,13,14,1,5,4,6,6,4,4,1,4,4,1,17,2,9,1,1,C03,7,9,1,10,2,12,,84,84,2,6,4,120.605341,24.109236,2
10058,66000,387130000C,(04)23274275,(04)23288582,2025,11,25,12,42,臺中市,北屯區,0,2,0,7,1,6,50,13,9,1,5,4,6,6,4,4,3,4,5,2,12,2,9,1,1,C03,7,9,1,10,2,11,,7,7,1,13,4,120.684075,24.172585,2
10059,66000,387130000C,(04)23274275,(04)23288582,2025,11,25,12,50,臺中市,大甲區,0,0,0,7,,,50,,,,,,,,,,,,,,,,,,,B03,,,1,,2,,,50,50,1,6,4,120.653323,24.381527,3
10060,66000,387130000C,(04)23274275,(04)23288582,2025,11,25,12,53,臺中市,大里區,0,4,0,7,2,6,40,4,2,1,5,4,6,6,1,1,5,5,4,2,17,2,9,2,1,C03,7,1,1,10,2,14,,51,51,1,6,4,120.713903,24.095204,2
10061,66000,387130000C,(04)23274275,(04)23288582,2025,11,25,12,53,臺中市,大里區,0,1,0,7,3,3,80,10,7,1,5,4,6,6,4,4,1,3,5,1,13,2,7,3,1,B03,7,9,1,8,2,5,,84,84,1,6,4,120.700219,24.117863,2
10062,66000,387130000C,(04)23274275,(04)23288582,2025,11,25,12,54,臺中市,豐原區,0,0,0,7,,,30,,,,,,,,,,,,,,12,,,,,B03,,,1,,2,,,8,8,1,12,4,120.706966,24.2448,3
10063,66000,387130000C,(04)23274275,(04)23288582,2025,11,25,12,56,臺中市,西屯區,0,0,0,7,,,50,,,,,,,,,,,,,,13,,,,,C03,,,1,,1,,,48,48,1,12,4,120.66318,24.176289,3
10064,66000,387130000C,(04)23274275,(04)23288582,2025,11,25,12,58,臺中市,大里區,0,0,0,7,,,50,,,,,,,,,,,,,,13,,,,,C03,,,1,,2,,,7,7,1,6,4,120.713896,24.095126,3
10065,66000,387130000C,(04)23274275,(04)23288582,2025,11,25,12,59,臺中市,西屯區,0,0,0,7,,,50,,,,,,,,,,,,,,17,,,,,B03,,,1,,2,,,47,47,1,12,4,120.642462,24.184989,3
10066,66000,387130000C,(04)23274275,(04)23288582,2025,11,25,13,0,臺中市,北屯區,0,0,0,7,,,30,,,,,,,,,,,,,,14,,,,,B03,,,5,,1,,,49,49,1,12,4,120.690645,24.177459,3
10067,66000,387130000C,(04)23274275,(04)23288582,2025,11,25,13,1,臺中市,西屯區,0,0,0,7,,,50,,,,,,,,,,,,,,16,,,,,B02,,,1,,1,,,45,45,1,12,4,120.638179,24.156455,3
10068,66000,387130000C,(04)23274275,(04)23288582,2025,11,25,13,5,臺中市,北屯區,0,0,0,7,,,,,,,,,,,,,,,,,15,,,,,,,,,,,,,21,21,1,,,120.679753,24.17478,4
10069,66000,387130000C,(04)23274275,(04)23288582,2025,11,25,13,16,臺中市,西屯區,0,0,0,7,,,60,,,,,,,,,,,,,,17,,,,,B03,,,1,,1,,,59,59,1,13,4,120.651961,24.161267,3
10070,66000,387130000C,(04)23274275,(04)23288582,2025,11,25,13,16,臺中市,大里區,0,1,0,7,2,6,50,4,4,1,5,4,6,6,1,1,3,4,5,2,13,3,10,2,1,C03,7,9,1,10,2,11,,7,7,1,13,4,120.690387,24.092662,2
10071,66000,387130000C,(04)23274275,(04)23288582,2025,11,25,13,27,臺中市,西區,0,0,0,7,,,50,,,,,,,,,,,,,,17,,,,,B03,,,1,,1,,,50,50,1,12,4,120.660681,24.1403,3
10072,66000,387130000C,(04)23274275,(04)23288582,2025,11,25,13,30,臺中市,大雅區,0,0,0,7,,,50,,,,,,,,,,,,,,,,,,,B03,,,1,,1,,,84,84,1,12,4,120.643968,24.207889,3
10073,66000,387130000C,(04)23274275,(04)23288582,2025,11,25,13,31,臺中市,北屯區,0,0,0,7,,,50,,,,,,,,,,,,,,14,,,,,B03,,,1,,1,,,49,49,1,12,4,120.68338,24.191681,3
10074,66000,387130000C,(04)23274275,(04)23288582,2025,11,25,13,32,臺中市,潭子區,0,0,0,7,3,6,60,3,1,1,5,4,6,6,1,1,1,4,4,1,17,3,10,3,1,B02,7,9,1,8,4,8,,84,84,1,13,4,120.702633,24.196934,3
10075,66000,387130000C,(04)23274275,(04)23288582,2025,11,25,13,32,臺中市,神岡區,0,1,0,7,2,6,50,3,9,1,5,4,6,6,4,4,9,4,5,1,16,3,10,5,4,B12,7,11,1,8,2,1,,34,34,1,12,4,120.659005,24.274746,2
10076,66000,387130000C,(04)23274275,(04)23288582,2025,11,25,13,33,臺中市,神岡區,0,2,0,7,2,6,50,4,1,1,5,4,6,6,1,1,10,5,5,2,16,2,9,5,4,C03,7,9,1,10,2,11,,84,84,1,12,4,120.701294,24.251376,2
10077,66000,387130000C,(04)23274275,(04)23288582,2025,11,25,13,36,臺中市,潭子區,0,1,0,7,2,6,50,11,9,1,5,4,6,5,4,4,5,5,5,1,12,3,10,3,1,B03,7,1,1,8,2,1,,51,51,1,13,4,120.710578,24.214753,2
10078,66000,387130000C,(04)23274275,(04)23288582,2025,11,25,13,36,臺中市,西區,0,1,0,7,2,6,50,4,1,1,5,4,6,6,1,1,10,5,5,2,17,3,10,3,1,B03,7,15,1,8,2,4,,84,84,1,12,4,120.670902,24.140244,2
10079,66000,387130000C,(04)23274275,(04)23288582,2025,11,25,13,36,臺中市,太平區,0,0,0,7,,,30,,,,,,,,,,,,,,17,,,,,B03,,,1,,2,,,84,84,1,12,4,120.729875,24.108077,3
10080,66000,387130000C,(04)23274275,(04)23288582,2025,11,25,13,42,臺中市,梧棲區,0,0,0,7,,,60,,,,,,,,,,,,,,17,,,,,B03,,,1,,1,,,59,59,1,12,4,120.527101,24.222406,4
10081,66000,387130000C,(04)23274275,(04)23288582,2025,11,25,13,52,臺中市,南屯區,0,2,0,7,3,6,50,13,9,1,5,4,6,6,4,4,5,5,5,2,17,2,9,1,1,C03,7,1,1,10,2,14,,51,51,1,12,4,120.63877,24.143827,2
10082,66000,387130000C,(04)23274275,(04)23288582,2025,11,25,13,52,臺中市,西屯區,0,1,0,7,2,6,50,4,9,1,5,4,6,6,1,1,5,5,5,2,18,2,9,5,4,C03,7,9,1,10,2,16,,84,84,1,12,4,120.656041,24.165513,2
10083,66000,387130000C,(04)23274275,(04)23288582,2025,11,25,13,55,臺中市,太平區,0,2,0,7,3,6,30,3,1,1,5,4,6,6,4,4,10,5,5,2,16,2,9,1,1,C03,7,6,1,10,2,11,,13,13,1,6,4,120.721598,24.133768,2