序號,縣市別代碼,機關代碼,市話,傳真,年,月,日,時,分,縣市,區,死亡數量,受傷數量,2-30,天候,道路照明設備,道路類別,道路速限,道路型態,事故位置,路面鋪裝,路面狀態,路面缺陷,障礙物,視距,號誌種類,號誌動作,分向設施,快車道或一般車道間,快慢車道間,路面邊線,事故類型及型態,受傷程度,主要傷處,保護裝備,行動電話或功能裝置,當事者區分(類別),車輛用途,當事者行動狀態,駕照狀態,駕照種類,飲酒情形,車輛撞擊部位最初,車輛撞擊部位其他,肇事因素個別,肇事因素主要,肇事逃逸,職業,共享經濟或外送平台,GPS座標X,GPS座標Y,事故類別
10084,66000,387130000C,(04)23274275,(04)23288582,2025,11,25,13,55,臺中市,烏日區,0,0,0,7,,,50,,,,,,,,,,,,,,16,,,,,B12,,,1,,1,,,11,11,1,6,4,120.649129,24.093503,3
10085,66000,387130000C,(04)23274275,(04)23288582,2025,11,25,13,58,臺中市,神岡區,0,0,0,7,,,50,,,,,,,,,,,,,,2,,,,,B03,,,1,,2,,,40,40,1,12,4,120.665229,24.274047,3
10086,66000,387130000C,(04)23274275,(04)23288582,2025,11,25,14,0,臺中市,大甲區,0,1,0,7,2,6,50,13,8,1,5,4,6,6,4,4,3,5,4,1,16,3,10,2,1,C03,7,5,1,10,2,13,,84,84,1,6,4,120.611595,24.330218,2
10087,66000,387130000C,(04)23274275,(04)23288582,2025,11,25,14,2,臺中市,太平區,0,0,0,7,,,30,,,,,,,,,,,,,,14,,,,,B03,,,1,,2,,,62,62,1,12,4,120.720369,24.14966,3
10088,66000,387130000C,(04)23274275,(04)23288582,2025,11,25,14,3,臺中市,大雅區,0,0,0,7,,,30,,,,,,,,,,,,,,,,,,,C03,,,1,,1,,,84,84,1,13,2,120.667379,24.239654,3
10089,66000,387130000C,(04)23274275,(04)23288582,2025,11,25,14,6,臺中市,西區,0,0,0,7,,,,,,,,,,,,,,,,,17,,,,,,,,,,,,,86,86,1,,,120.659054,24.145036,3
10090,66000,387130000C,(04)23274275,(04)23288582,2025,11,25,14,6,臺中市,大肚區,0,0,0,7,2,6,50,4,7,1,5,4,6,6,2,1,3,4,3,2,13,,,,,B03,,,1,,1,,,82,82,1,6,4,120.583069,24.168247,3
10091,66000,387130000C,(04)23274275,(04)23288582,2025,11,25,14,7,臺中市,南屯區,0,2,0,7,2,6,50,4,1,1,5,4,6,6,2,1,5,4,5,2,12,2,9,2,1,C03,7,9,1,10,2,12,,7,7,1,12,4,120.638553,24.147234,2
10092,66000,387130000C,(04)23274275,(04)23288582,2025,11,25,14,9,臺中市,西屯區,0,0,0,7,2,6,40,4,2,1,5,4,6,6,2,1,1,4,1,2,12,,,,,B03,,,1,,1,,,40,40,1,13,4,120.635876,24.182136,3
10093,66000,387130000C,(04)23274275,(04)23288582,2025,11,25,14,10,臺中市,大雅區,0,0,0,7,,,60,,,,,,,,,,,,,,,,,,,B12,,,1,,9,,,40,40,1,13,4,120.648913,24.218033,3
10094,66000,387130000C,(04)23274275,(04)23288582,2025,11,25,14,10,臺中市,沙鹿區,0,0,0,7,2,6,40,13,8,1,5,4,6,6,4,4,1,3,4,2,12,,,,,B01,,,1,,2,,,50,50,1,12,4,120.560292,24.240373,3
10095,66000,387130000C,(04)23274275,(04)23288582,2025,11,25,14,10,臺中市,清水區,0,0,0,7,,,50,,,,,,,,,,,,,,17,,,,,B11,,,1,,2,,,40,40,1,12,4,120.587574,24.303244,3
10096,66000,387130000C,(04)23274275,(04)23288582,2025,11,25,14,11,臺中市,西區,0,2,0,7,3,6,50,3,1,1,5,4,6,6,1,1,10,5,5,2,16,3,10,2,1,C03,7,5,1,10,2,12,,84,84,1,12,4,120.671315,24.1426,2
10097,66000,387130000C,(04)23274275,(04)23288582,2025,11,25,14,11,臺中市,清水區,0,1,0,7,3,6,60,3,1,1,5,4,6,6,2,1,1,4,3,1,16,2,9,1,1,C03,7,9,1,10,2,11,,21,21,1,12,4,120.596337,24.303959,2
10098,66000,387130000C,(04)23274275,(04)23288582,2025,11,25,14,15,臺中市,北屯區,0,0,0,7,,,50,,,,,,,,,,,,,,17,,,,,C01,,,1,,9,,,84,84,1,12,4,120.719023,24.175349,3
10099,66000,387130000C,(04)23274275,(04)23288582,2025,11,25,14,16,臺中市,新社區,0,1,0,7,2,6,50,13,9,1,5,4,6,6,4,4,5,5,5,1,17,2,9,4,1,F01,7,1,7,21,2,11,,51,51,1,12,4,120.802844,24.197078,2
10100,66000,387130000C,(04)23274275,(04)23288582,2025,11,25,14,18,臺中市,梧棲區,0,0,0,7,,,50,,,,,,,,,,,,,,13,,,,,B03,,,1,,1,,,56,56,1,12,4,120.534628,24.267864,3
10101,66000,387130000C,(04)23274275,(04)23288582,2025,11,25,14,20,臺中市,潭子區,0,1,0,7,3,6,60,5,2,1,5,4,6,6,1,1,1,4,5,1,17,2,9,2,1,C03,7,9,1,10,2,11,,84,84,1,13,4,120.702368,24.194771,2
10102,66000,387130000C,(04)23274275,(04)23288582,2025,11,25,14,23,臺中市,西屯區,0,0,0,7,,,50,,,,,,,,,,,,,,13,,,,,B02,,,1,,1,,,59,59,1,12,4,120.645009,24.172998,3
10103,66000,387130000C,(04)23274275,(04)23288582,2025,11,25,14,26,臺中市,烏日區,0,0,0,7,,,50,,,,,,,,,,,,,,12,,,,,B03,,,1,,1,,,59,59,1,13,4,120.608847,24.104393,3
10104,66000,387130000C,(04)23274275,(04)23288582,2025,11,25,14,27,臺中市,大雅區,0,1,0,7,3,6,30,5,2,1,5,4,6,6,4,4,9,4,5,1,16,2,7,2,1,C03,7,5,1,10,2,14,,20,20,1,13,4,120.669918,24.237494,2
10105,66000,387130000C,(04)23274275,(04)23288582,2025,11,25,14,30,臺中市,南區,0,0,0,7,,,50,,,,,,,,,,,,,,,,,,,B03,,,1,,1,,,7,7,1,13,4,120.656037,24.125452,3
10106,66000,387130000C,(04)23274275,(04)23288582,2025,11,25,14,32,臺中市,北屯區,0,1,0,7,3,6,50,13,9,1,5,4,6,6,4,4,5,4,5,2,12,2,9,2,1,C03,7,9,3,19,2,12,,83,83,1,6,4,120.71872,24.186858,2
10107,66000,387130000C,(04)23274275,(04)23288582,2025,11,25,14,35,臺中市,潭子區,0,1,0,7,2,3,40,12,17,1,5,4,6,6,4,4,10,5,5,1,13,2,7,3,1,B03,7,9,1,8,2,1,,7,7,1,13,4,120.701812,24.201161,2
10108,66000,387130000C,(04)23274275,(04)23288582,2025,11,25,14,35,臺中市,西區,0,0,0,7,,,50,,,,,,,,,,,,,,,,,,,B02,,,1,,2,,,84,84,1,6,4,120.662489,24.13303,3
10109,66000,387130000C,(04)23274275,(04)23288582,2025,11,25,14,39,臺中市,南屯區,0,0,0,7,,,50,,,,,,,,,,,,,,,,,,,B03,,,1,,1,,,51,51,1,6,4,120.649606,24.133725,3
10110,66000,387130000C,(04)23274275,(04)23288582,2025,11,25,14,41,臺中市,大里區,0,0,0,7,,,50,,,,,,,,,,,,,,17,,,,,B03,,,1,,9,,,77,77,1,12,4,120.712103,24.084809,3
10111,66000,387130000C,(04)23274275,(04)23288582,2025,11,25,14,45,臺中市,西屯區,0,0,0,7,,,50,,,,,,,,,,,,,,13,,,,,B12,,,1,,1,,,7,7,1,12,4,120.613216,24.171574,3
10112,66000,387130000C,(04)23274275,(04)23288582,2025,11,25,14,48,臺中市,太平區,0,0,0,7,,,50,,,,,,,,,,,,,,13,,,,,B01,,,1,,2,,,84,84,1,12,4,120.725204,24.108672,4
10113,66000,387130000C,(04)23274275,(04)23288582,2025,11,25,14,49,臺中市,南屯區,0,0,0,7,,,50,,,,,,,,,,,,,,12,,,,,B03,,,1,,1,,,8,8,1,12,4,120.650126,24.15093,3
10114,66000,387130000C,(04)23274275,(04)23288582,2025,11,25,14,56,臺中市,南區,0,0,0,7,,,50,,,,,,,,,,,,,,14,,,,,B12,,,1,,1,,,49,49,1,12,4,120.661415,24.121351,3
10115,66000,387130000C,(04)23274275,(04)23288582,2025,11,25,14,57,臺中市,西屯區,0,2,0,7,2,6,40,13,8,1,5,4,6,6,2,1,1,5,1,2,13,2,7,5,4,C03,7,9,1,10,2,11,,7,7,1,13,4,120.603809,24.182846,2
10116,66000,387130000C,(04)23274275,(04)23288582,2025,11,25,14,58,臺中市,神岡區,0,0,0,7,,,30,,,,,,,,,,,,,,16,,,,,B03,,,1,,2,,,12,12,1,12,4,120.654517,24.271911,3
10117,66000,387130000C,(04)23274275,(04)23288582,2025,11,25,15,0,臺中市,烏日區,0,0,0,7,,,50,,,,,,,,,,,,,,13,,,,,B02,,,1,,1,,,51,51,1,12,4,120.61615,24.11214,3
10118,66000,387130000C,(04)23274275,(04)23288582,2025,11,25,15,0,臺中市,豐原區,0,0,0,7,,,50,,,,,,,,,,,,,,17,,,,,B03,,,1,,2,,,15,15,1,6,4,120.719915,24.252733,3
10119,66000,387130000C,(04)23274275,(04)23288582,2025,11,25,15,3,臺中市,沙鹿區,0,0,0,7,,,50,,,,,,,,,,,,,,12,,,,,B03,,,1,,2,,,40,40,1,6,4,120.569642,24.201457,3
10120,66000,387130000C,(04)23274275,(04)23288582,2025,11,25,15,11,臺中市,大雅區,0,0,0,7,,,50,,,,,,,,,,,,,,,,,,,B03,,,1,,9,,,84,84,1,12,4,120.648386,24.229345,3
10121,66000,387130000C,(04)23274275,(04)23288582,2025,11,25,15,13,臺中市,潭子區,0,1,0,7,3,6,40,13,9,1,5,4,6,6,4,4,9,4,5,1,13,2,8,1,1,C03,7,9,1,10,2,11,,7,7,1,12,4,120.696317,24.204504,2
10122,66000,387130000C,(04)23274275,(04)23288582,2025,11,25,15,14,臺中市,北屯區,0,1,0,7,3,6,50,4,2,1,5,4,6,6,4,4,1,4,4,2,13,3,10,3,1,B03,7,9,1,8,1,1,,7,7,1,12,4,120.713924,24.16431,2
10123,66000,387130000C,(04)23274275,(04)23288582,2025,11,25,15,15,臺中市,大雅區,0,0,0,7,,,0,,,,,,,,,,,,,,,,,,,C03,,,1,,1,,,49,49,1,13,4,120.644807,24.226924,3
10124,66000,387130000C,(04)23274275,(04)23288582,2025,11,25,15,17,臺中市,西屯區,0,1,0,7,2,6,50,13,9,1,5,4,6,6,4,4,5,5,4,2,13,2,8,1,1,C03,7,9,1,10,2,11,,7,7,1,13,4,120.644403,24.187404,2
10125,66000,387130000C,(04)23274275,(04)23288582,2025,11,25,15,18,臺中市,潭子區,0,0,0,7,,,50,,,,,,,,,,,,,,,,,,,B12,,,1,,2,,,1,1,1,13,4,120.692201,24.222258,3
10126,66000,387130000C,(04)23274275,(04)23288582,2025,11,25,15,24,臺中市,太平區,0,0,0,7,,,50,,,,,,,,,,,,,,17,,,,,B03,,,1,,2,,,45,45,1,12,4,120.716893,24.127913,3
10127,66000,387130000C,(04)23274275,(04)23288582,2025,11,25,15,26,臺中市,北區,0,0,0,7,,,50,,,,,,,,,,,,,,15,,,,,C03,,,1,,2,,,20,20,1,12,4,120.679954,24.157503,3
10128,66000,387130000C,(04)23274275,(04)23288582,2025,11,25,15,28,臺中市,大甲區,0,1,0,7,1,6,50,13,9,1,5,4,6,6,4,4,5,5,5,1,17,2,9,1,1,C03,7,9,1,10,2,12,,84,84,1,12,4,120.637884,24.346755,2
10129,66000,387130000C,(04)23274275,(04)23288582,2025,11,25,15,29,臺中市,太平區,0,0,0,7,,,50,,,,,,,,,,,,,,13,,,,,B03,,,1,,9,,,84,84,1,12,4,120.715246,24.158775,3
10130,66000,387130000C,(04)23274275,(04)23288582,2025,11,25,15,29,臺中市,大肚區,0,0,0,7,,,30,,,,,,,,,,,,,,10,,,,,C03,,,1,,2,,,6,6,1,12,4,120.576767,24.170726,3
10131,66000,387130000C,(04)23274275,(04)23288582,2025,11,25,15,30,臺中市,潭子區,0,0,0,7,,,50,,,,,,,,,,,,,,,,,,,C03,,,1,,2,,,51,51,1,13,4,120.709579,24.204254,3
10132,66000,387130000C,(04)23274275,(04)23288582,2025,11,25,15,31,臺中市,北區,0,1,0,7,2,6,50,3,2,1,5,4,6,6,4,4,10,5,5,2,17,3,10,3,1,B03,7,1,1,8,2,8,,51,51,1,13,4,120.687369,24.156952,2
10133,66000,387130000C,(04)23274275,(04)23288582,2025,11,25,15,34,臺中市,北區,0,1,0,7,2,6,40,13,8,1,5,4,6,6,4,4,1,4,4,2,13,2,7,2,1,C02,7,9,1,10,2,11,,39,39,1,12,4,120.675774,24.159535,2
10134,66000,387130000C,(04)23274275,(04)23288582,2025,11,25,15,35,臺中市,南屯區,0,3,0,7,2,6,50,4,1,1,5,4,6,6,2,1,5,4,5,2,16,2,9,3,1,B02,7,6,1,8,2,5,,11,11,1,12,4,120.620823,24.140026,2
10135,66000,387130000C,(04)23274275,(04)23288582,2025,11,25,15,37,臺中市,烏日區,0,0,0,7,,,30,,,,,,,,,,,,,,25,,,,,B03,,,1,,2,,,59,59,1,13,4,120.653923,24.090287,3
10136,66000,387130000C,(04)23274275,(04)23288582,2025,11,25,15,44,臺中市,西屯區,0,1,0,7,2,6,30,4,1,1,5,4,6,6,4,4,10,5,5,2,15,3,10,5,4,B03,7,9,1,8,2,2,,15,15,1,13,4,120.643868,24.181668,2
10137,66000,387130000C,(04)23274275,(04)23288582,2025,11,25,15,48,臺中市,清水區,0,2,0,7,2,6,50,13,9,1,5,4,6,6,4,4,8,4,4,2,12,2,9,6,1,F01,7,11,7,21,2,14,,32,32,1,12,4,120.572436,24.264512,2
10138,66000,387130000C,(04)23274275,(04)23288582,2025,11,25,15,58,臺中市,太平區,0,0,0,7,,3,40,,,,,,,,,,,,,,13,,,,,B03,,,1,,1,,,7,7,1,12,4,120.714097,24.14843,3
10139,66000,387130000C,(04)23274275,(04)23288582,2025,11,25,15,59,臺中市,大里區,0,0,0,7,2,6,40,13,9,1,5,4,6,6,4,4,5,4,5,1,17,3,10,3,1,B12,7,1,1,7,6,1,,51,51,1,6,4,120.688674,24.103133,3
10140,66000,387130000C,(04)23274275,(04)23288582,2025,11,25,16,0,臺中市,南屯區,0,0,0,7,,,40,,,,,,,,,,,,,,12,,,,,B03,,,1,,2,,,51,51,1,12,4,120.642901,24.143013,3
10141,66000,387130000C,(04)23274275,(04)23288582,2025,11,25,16,0,臺中市,西屯區,0,1,0,7,2,6,50,3,1,1,5,4,6,6,1,1,3,2,5,2,18,2,9,2,1,C03,7,5,1,10,2,12,,59,59,1,12,4,120.651969,24.18526,2
10142,66000,387130000C,(04)23274275,(04)23288582,2025,11,25,16,0,臺中市,太平區,0,0,0,7,,3,80,,,,,,,,,,,,,,13,,,,,B03,,,1,,1,,,58,58,1,6,4,120.716984,24.155288,3
10143,66000,387130000C,(04)23274275,(04)23288582,2025,11,25,16,8,臺中市,神岡區,0,1,0,7,2,6,50,13,9,1,5,4,6,6,4,4,3,4,4,2,12,3,10,5,4,C03,7,9,1,10,2,12,,8,8,1,12,4,120.66661,24.275131,2
10144,66000,387130000C,(04)23274275,(04)23288582,2025,11,25,16,10,臺中市,南屯區,0,0,0,7,,,50,,,,,,,,,,,,,,12,,,,,C03,,,1,,1,,,40,40,1,12,4,120.640273,24.146981,3
10145,66000,387130000C,(04)23274275,(04)23288582,2025,11,25,16,10,臺中市,龍井區,0,0,0,7,,,60,,,,,,,,,,,,,,13,,,,,B03,,,1,,1,,,84,84,1,6,4,120.58051,24.188881,3
10146,66000,387130000C,(04)23274275,(04)23288582,2025,11,25,16,10,臺中市,烏日區,0,0,0,7,,,40,,,,,,,,,,,,,,9,,,,,B03,,,1,,1,,,14,14,1,6,4,120.647369,24.110106,3
10147,66000,387130000C,(04)23274275,(04)23288582,2025,11,25,16,16,臺中市,南區,0,1,0,7,2,6,50,4,1,1,5,4,6,6,2,1,3,4,5,2,13,2,9,1,1,C03,7,9,1,10,2,11,,84,84,1,13,4,120.6489,24.122213,2
10148,66000,387130000C,(04)23274275,(04)23288582,2025,11,25,16,18,臺中市,西區,0,2,0,7,2,6,50,13,7,1,5,4,6,6,4,4,3,4,5,2,17,2,9,1,1,C03,7,8,1,10,2,14,,40,40,1,12,4,120.679404,24.134554,2
10149,66000,387130000C,(04)23274275,(04)23288582,2025,11,25,16,23,臺中市,大甲區,0,0,0,7,,,50,,,,,,,,,,,,,,13,,,,,B03,,,1,,1,,,59,59,1,6,4,120.638161,24.361163,3
10150,66000,387130000C,(04)23274275,(04)23288582,2025,11,25,16,28,臺中市,西屯區,0,0,0,7,,,50,,,,,,,,,,,,,,13,,,,,B03,,,1,,1,,,59,59,1,13,4,120.635897,24.181704,3
10151,66000,387130000C,(04)23274275,(04)23288582,2025,11,25,16,30,臺中市,西屯區,0,0,0,7,,,50,,,,,,,,,,,,,,9,,,,,C03,,,1,,9,,,50,50,1,12,4,120.63766,24.163301,3
10152,66000,387130000C,(04)23274275,(04)23288582,2025,11,25,16,31,臺中市,北屯區,0,1,0,7,3,6,30,4,1,1,5,4,6,6,4,4,10,5,5,2,16,2,8,1,1,C03,7,6,1,10,2,12,,84,84,1,6,4,120.662546,24.191838,2
10153,66000,387130000C,(04)23274275,(04)23288582,2025,11,25,16,33,臺中市,南屯區,0,2,0,7,2,6,50,4,2,1,5,4,6,6,2,1,5,5,5,2,13,2,9,2,1,C03,7,9,5,10,2,11,,7,7,1,12,4,120.612681,24.140117,2
10154,66000,387130000C,(04)23274275,(04)23288582,2025,11,25,16,33,臺中市,東勢區,0,1,0,7,2,6,50,13,9,1,5,4,6,6,4,4,8,5,5,1,12,3,10,3,1,B03,7,9,1,8,2,5,,84,84,1,12,4,120.82887,24.252054,2
10155,66000,387130000C,(04)23274275,(04)23288582,2025,11,25,16,34,臺中市,大里區,0,1,0,6,2,6,50,4,1,1,5,4,6,6,1,1,10,5,5,2,17,2,9,1,1,C03,7,6,1,10,2,12,,84,84,1,12,4,120.694878,24.111386,2
10156,66000,387130000C,(04)23274275,(04)23288582,2025,11,25,16,37,臺中市,豐原區,0,0,0,7,,,60,,,,,,,,,,,,,,13,,,,,B03,,,1,,1,,,7,7,1,12,4,120.73308,24.246793,3
10157,66000,387130000C,(04)23274275,(04)23288582,2025,11,25,16,41,臺中市,北屯區,0,0,0,7,,3,50,,,,,,,,,,,,,,,,,,,B03,,,1,,1,,,84,84,1,13,4,120.718839,24.162,3
10158,66000,387130000C,(04)23274275,(04)23288582,2025,11,25,16,42,臺中市,西區,0,1,0,7,2,6,50,4,1,1,5,4,6,6,4,4,9,4,5,2,17,3,10,3,1,B01,7,11,1,4,2,16,,85,85,1,12,4,120.66003,24.146814,2
10159,66000,387130000C,(04)23274275,(04)23288582,2025,11,25,16,43,臺中市,大甲區,0,1,0,7,2,6,60,5,1,1,5,4,6,6,1,1,10,5,5,2,16,2,9,1,1,C03,7,6,5,19,2,14,,48,48,1,12,4,120.61814,24.33879,2
10160,66000,387130000C,(04)23274275,(04)23288582,2025,11,25,16,44,臺中市,太平區,0,0,0,7,,,50,,,,,,,,,,,,,,13,,,,,B03,,,4,,2,,,55,55,1,12,4,120.711929,24.144054,3
10161,66000,387130000C,(04)23274275,(04)23288582,2025,11,25,16,48,臺中市,南屯區,0,1,0,7,2,6,50,4,1,1,5,4,6,6,2,1,5,5,5,2,16,3,10,3,1,B03,7,6,1,10,2,1,,11,11,1,6,4,120.635507,24.150039,2
10162,66000,387130000C,(04)23274275,(04)23288582,2025,11,25,16,50,臺中市,西屯區,0,0,0,7,,,30,,,,,,,,,,,,,,,,,,,B03,,,1,,1,,,49,49,1,12,4,120.613206,24.175255,3
10163,66000,387130000C,(04)23274275,(04)23288582,2025,11,25,16,50,臺中市,西屯區,0,1,0,7,2,6,40,4,1,1,5,4,6,6,1,1,10,5,5,2,13,2,8,2,1,C02,7,9,1,9,2,11,,7,7,1,12,4,120.641018,24.167806,2
10164,66000,387130000C,(04)23274275,(04)23288582,2025,11,25,16,57,臺中市,北屯區,0,1,0,7,1,6,50,3,2,1,5,4,6,6,1,1,3,4,4,2,12,3,10,1,1,C03,7,1,1,10,2,12,,51,51,1,13,4,120.694268,24.161678,2
10165,66000,387130000C,(04)23274275,(04)23288582,2025,11,25,17,0,臺中市,新社區,0,0,0,7,2,6,50,13,9,1,5,4,6,6,4,4,10,5,5,2,11,,,,,C03,,,1,,1,,,6,6,1,12,4,120.805527,24.234686,3
10166,66000,387130000C,(04)23274275,(04)23288582,2025,11,25,17,0,臺中市,豐原區,0,0,0,7,,,50,,,,,,,,,,,,,,17,,,,,B03,,,1,,2,,,84,84,1,6,4,120.749853,24.268327,3
10167,66000,387130000C,(04)23274275,(04)23288582,2025,11,25,17,3,臺中市,北屯區,0,0,0,7,,,50,,,,,,,,,,,,,,15,,,,,C03,,,1,,2,,,12,12,1,6,4,120.718973,24.180148,3
10168,66000,387130000C,(04)23274275,(04)23288582,2025,11,25,17,5,臺中市,北屯區,0,0,0,7,,,50,,,,,,,,,,,,,,13,,,,,C03,,,1,,1,,,84,84,1,12,4,120.738373,24.161157,3
10169,66000,387130000C,(04)23274275,(04)23288582,2025,11,25,17,7,臺中市,太平區,0,1,0,7,1,6,50,3,1,1,5,4,6,6,4,4,10,5,5,1,17,3,10,3,1,B03,7,11,1,8,2,8,,45,45,1,12,4,120.743579,24.15768,2
10170,66000,387130000C,(04)23274275,(04)23288582,2025,11,25,17,10,臺中市,大里區,0,2,0,7,1,6,50,13,9,1,5,4,6,6,4,4,9,4,5,1,17,2,9,4,1,F01,7,9,7,21,1,11,,84,84,1,12,4,120.711406,24.085991,2
10171,66000,387130000C,(04)23274275,(04)23288582,2025,11,25,17,11,臺中市,北屯區,0,1,0,7,2,6,50,13,9,1,5,4,6,6,4,4,5,5,5,2,17,3,10,6,1,F01,7,11,7,21,2,12,,34,34,1,12,4,120.66264,24.188801,2
10172,66000,387130000C,(04)23274275,(04)23288582,2025,11,25,17,12,臺中市,沙鹿區,0,1,0,7,2,6,50,13,9,1,5,4,6,6,4,4,9,5,5,1,16,3,10,1,1,C03,7,6,1,10,2,12,,20,20,1,5,4,120.575734,24.225858,2
10173,66000,387130000C,(04)23274275,(04)23288582,2025,11,25,17,15,臺中市,龍井區,0,0,0,7,,,50,,,,,,,,,,,,,,12,,,,,C03,,,1,,1,,,51,51,1,6,4,120.588204,24.180982,4
10174,66000,387130000C,(04)23274275,(04)23288582,2025,11,25,17,17,臺中市,中區,0,0,0,7,,,50,,,,,,,,,,,,,,,,,,,B03,,,1,,1,,,84,84,1,13,4,120.682343,24.135824,3
10175,66000,387130000C,(04)23274275,(04)23288582,2025,11,25,17,17,臺中市,龍井區,0,2,0,7,1,6,40,5,1,1,5,4,6,6,4,4,5,5,5,1,11,2,9,1,1,C03,7,9,1,10,2,11,,84,84,1,6,4,120.54347,24.202353,2
10176,66000,387130000C,(04)23274275,(04)23288582,2025,11,25,17,19,臺中市,豐原區,0,1,0,7,2,6,50,13,14,1,5,4,6,6,1,1,1,4,5,1,13,2,9,2,1,C03,7,9,1,10,2,14,,59,59,1,13,4,120.709202,24.25321,2
10177,66000,387130000C,(04)23274275,(04)23288582,2025,11,25,17,22,臺中市,西屯區,0,0,0,7,,3,80,,,,,,,,,,,,,,12,,,,,B03,,,1,,1,,,40,40,1,12,4,120.634948,24.179291,3
10178,66000,387130000C,(04)23274275,(04)23288582,2025,11,25,17,23,臺中市,北屯區,0,1,0,7,1,6,50,4,2,1,5,4,6,6,4,4,5,4,5,2,13,2,9,1,1,C03,7,9,1,10,2,11,,84,84,1,13,4,120.696248,24.182548,2
10179,66000,387130000C,(04)23274275,(04)23288582,2025,11,25,17,23,臺中市,太平區,0,1,0,7,1,6,30,3,2,1,5,4,6,6,4,4,10,5,5,2,16,2,9,1,1,C03,7,6,1,10,2,12,,12,12,1,6,4,120.712629,24.125838,2
10180,66000,387130000C,(04)23274275,(04)23288582,2025,11,25,17,24,臺中市,西屯區,0,4,0,7,1,6,30,4,1,1,5,4,6,6,4,4,10,5,5,2,15,2,9,2,1,C03,7,9,1,10,2,12,,15,15,1,12,4,120.615932,24.188226,2
10181,66000,387130000C,(04)23274275,(04)23288582,2025,11,25,17,25,臺中市,南屯區,0,0,0,7,,,40,,,,,,,,,,,,,,14,,,,,B03,,,1,,1,,,59,59,1,12,4,120.623241,24.137107,4
10182,66000,387130000C,(04)23274275,(04)23288582,2025,11,25,17,25,臺中市,西屯區,0,0,0,6,,,50,,,,,,,,,,,,,,17,,,,,B12,,,1,,2,,,78,78,1,12,4,120.586828,24.173381,3
10183,66000,387130000C,(04)23274275,(04)23288582,2025,11,25,17,26,臺中市,后里區,0,1,0,7,1,6,50,4,1,1,5,4,6,6,1,1,1,4,4,1,16,2,9,2,1,C03,7,6,1,10,2,14,,48,48,1,12,4,120.722896,24.311205,2
10184,66000,387130000C,(04)23274275,(04)23288582,2025,11,25,17,28,臺中市,西區,0,0,0,7,,,50,,,,,,,,,,,,,,12,,,,,C03,,,1,,1,,,1,1,1,12,4,120.668065,24.12966,3
10185,66000,387130000C,(04)23274275,(04)23288582,2025,11,25,17,28,臺中市,北屯區,0,1,0,7,1,6,50,13,9,1,5,4,6,6,4,4,5,4,5,2,16,3,10,3,1,B03,7,11,1,8,2,5,,34,34,1,12,4,120.690909,24.171151,2
10186,66000,387130000C,(04)23274275,(04)23288582,2025,11,25,17,29,臺中市,北屯區,0,1,0,7,1,6,50,13,9,1,5,4,6,6,4,4,1,4,5,2,12,3,10,3,1,B03,7,4,1,8,2,2,,8,8,1,6,4,120.709286,24.182096,2
10187,66000,387130000C,(04)23274275,(04)23288582,2025,11,25,17,29,臺中市,石岡區,0,1,0,7,1,6,50,13,7,1,5,4,6,6,4,4,1,4,4,1,13,3,10,3,1,B03,7,9,1,8,2,1,,7,7,1,12,4,120.772041,24.274915,2
10188,66000,387130000C,(04)23274275,(04)23288582,2025,11,25,17,31,臺中市,大雅區,0,0,0,7,,,40,,,,,,,,,,,,,,,,,,,C03,,,1,,1,,,84,84,1,13,4,120.628228,24.229291,3
10189,66000,387130000C,(04)23274275,(04)23288582,2025,11,25,17,31,臺中市,西區,0,0,0,7,1,6,50,4,9,1,5,4,6,6,2,1,6,1,5,2,12,,,,,B03,,,1,,1,,,84,84,1,13,4,120.657427,24.13929,3
10190,66000,387130000C,(04)23274275,(04)23288582,2025,11,25,17,33,臺中市,潭子區,0,1,0,7,1,6,60,4,2,1,5,4,6,6,2,1,3,4,4,1,13,2,9,1,1,C03,7,5,1,10,2,11,,7,7,1,12,4,120.709288,24.233248,2
10191,66000,387130000C,(04)23274275,(04)23288582,2025,11,25,17,33,臺中市,大里區,0,0,0,7,,,60,,,,,,,,,,,,,,12,,,,,B03,,,1,,2,,,40,40,1,12,4,120.674699,24.101978,3
10192,66000,387130000C,(04)23274275,(04)23288582,2025,11,25,17,33,臺中市,烏日區,0,1,0,7,1,6,50,3,1,1,5,4,6,6,4,4,10,5,5,2,12,3,10,5,4,B03,7,11,1,8,2,1,,45,45,1,13,4,120.642031,24.068047,2
10193,66000,387130000C,(04)23274275,(04)23288582,2025,11,25,17,35,臺中市,北屯區,0,3,0,7,3,6,50,4,2,1,5,4,6,6,4,4,5,5,4,2,17,2,9,1,1,C03,7,1,1,10,2,14,,51,51,1,6,4,120.695912,24.176262,2
10194,66000,387130000C,(04)23274275,(04)23288582,2025,11,25,17,36,臺中市,西屯區,0,2,0,7,1,6,50,3,2,1,5,4,6,6,4,4,10,5,5,2,13,2,9,1,1,C03,7,9,1,10,1,11,,7,7,1,13,4,120.645212,24.172806,2
10195,66000,387130000C,(04)23274275,(04)23288582,2025,11,25,17,36,臺中市,太平區,0,0,0,7,,,50,,,,,,,,,,,,,,13,,,,,C03,,,1,,2,,,7,7,1,12,4,120.708375,24.153576,3