序號,縣市別代碼,機關代碼,市話,傳真,年,月,日,時,分,縣市,區,死亡數量,受傷數量,2-30,天候,道路照明設備,道路類別,道路速限,道路型態,事故位置,路面鋪裝,路面狀態,路面缺陷,障礙物,視距,號誌種類,號誌動作,分向設施,快車道或一般車道間,快慢車道間,路面邊線,事故類型及型態,受傷程度,主要傷處,保護裝備,行動電話或功能裝置,當事者區分(類別),車輛用途,當事者行動狀態,駕照狀態,駕照種類,飲酒情形,車輛撞擊部位最初,車輛撞擊部位其他,肇事因素個別,肇事因素主要,肇事逃逸,職業,共享經濟或外送平台,GPS座標X,GPS座標Y,事故類別
10196,66000,387130000C,(04)23274275,(04)23288582,2025,11,25,17,39,臺中市,大雅區,0,1,0,7,1,6,0,13,9,1,5,4,6,6,4,4,5,5,5,1,16,3,10,2,1,C03,7,1,1,10,2,11,,51,51,1,12,4,120.657247,24.223733,2
10197,66000,387130000C,(04)23274275,(04)23288582,2025,11,25,17,39,臺中市,北區,0,2,0,7,1,6,30,4,1,1,5,4,6,6,1,1,10,5,5,2,15,2,9,5,4,C03,7,9,3,19,2,12,,15,15,1,13,4,120.675109,24.170743,2
10198,66000,387130000C,(04)23274275,(04)23288582,2025,11,25,17,39,臺中市,西屯區,0,1,0,7,1,6,50,3,1,1,5,4,6,6,2,1,10,5,5,2,12,2,9,1,1,C03,7,6,1,8,2,14,,48,48,1,13,4,120.638283,24.167647,2
10199,66000,387130000C,(04)23274275,(04)23288582,2025,11,25,17,40,臺中市,西區,0,0,0,7,,,,,,,,,,,,,,,,,17,,,,,,,,,,,,,119,119,1,,,120.65941,24.137148,3
10200,66000,387130000C,(04)23274275,(04)23288582,2025,11,25,17,40,臺中市,南屯區,0,1,0,7,1,6,40,13,8,1,5,4,6,6,4,4,5,5,4,2,18,2,9,1,1,F01,7,9,7,21,1,14,,59,59,1,12,4,120.63767,24.139325,2
10201,66000,387130000C,(04)23274275,(04)23288582,2025,11,25,17,40,臺中市,西屯區,0,2,0,7,1,6,30,3,1,1,5,4,6,6,4,4,10,5,5,2,16,2,9,2,1,C03,7,4,1,10,2,11,,34,34,1,12,4,120.653845,24.179053,2
10202,66000,387130000C,(04)23274275,(04)23288582,2025,11,25,17,40,臺中市,烏日區,0,0,0,7,,,50,,,,,,,,,,,,,,9,,,,,B03,,,1,,2,,,87,87,1,6,4,120.620958,24.105692,3
10203,66000,387130000C,(04)23274275,(04)23288582,2025,11,25,17,42,臺中市,北屯區,0,1,0,7,1,6,50,3,1,1,5,4,6,6,1,3,10,5,5,2,18,2,9,1,1,C03,7,9,1,10,2,14,,84,84,1,12,4,120.764079,24.178868,2
10204,66000,387130000C,(04)23274275,(04)23288582,2025,11,25,17,44,臺中市,西區,0,0,0,7,,,50,,,,,,,,,,,,,,13,,,,,C03,,,1,,1,,,7,7,1,12,4,120.67637,24.140861,3
10205,66000,387130000C,(04)23274275,(04)23288582,2025,11,25,17,44,臺中市,北屯區,0,2,0,7,1,6,50,3,1,1,5,4,6,6,4,4,5,5,5,2,16,2,8,2,1,C03,7,6,1,10,2,14,,14,14,1,12,4,120.710008,24.183827,2
10206,66000,387130000C,(04)23274275,(04)23288582,2025,11,25,17,44,臺中市,西屯區,0,0,0,7,,,0,,,,,,,,,,,,,,,,,,,C03,,,1,,1,,,39,39,1,12,4,120.593368,24.182171,3
10207,66000,387130000C,(04)23274275,(04)23288582,2025,11,25,17,45,臺中市,北區,0,1,0,7,1,6,30,3,2,1,5,4,6,6,4,4,10,5,5,2,17,3,10,2,1,C03,7,5,1,8,2,11,,14,14,1,13,4,120.687455,24.157787,2
10208,66000,387130000C,(04)23274275,(04)23288582,2025,11,25,17,48,臺中市,大肚區,0,1,0,7,3,6,50,4,9,5,5,4,6,6,2,1,10,5,5,2,15,2,8,2,1,F03,7,9,7,21,2,12,,21,21,1,12,4,120.544208,24.15414,2
10209,66000,387130000C,(04)23274275,(04)23288582,2025,11,25,17,50,臺中市,北屯區,0,0,0,7,,,50,,,,,,,,,,,,,,,,,,,B03,,,1,,1,,,8,,1,13,4,120.692794,24.162343,3
10210,66000,387130000C,(04)23274275,(04)23288582,2025,11,25,17,50,臺中市,大里區,0,0,0,7,,,50,,,,,,,,,,,,,,,,,,,C03,,,1,,1,,,20,20,1,6,4,120.692636,24.089439,3
10211,66000,387130000C,(04)23274275,(04)23288582,2025,11,25,17,52,臺中市,大里區,0,0,0,7,2,6,50,4,1,1,5,4,6,6,1,1,5,5,4,2,2,,,,,H04,,,7,,1,,,109,109,1,13,4,120.703479,24.107793,3
10212,66000,387130000C,(04)23274275,(04)23288582,2025,11,25,17,53,臺中市,北區,0,1,0,7,1,6,40,3,1,1,5,4,6,6,2,1,3,4,4,2,13,3,10,1,1,C03,7,9,1,10,2,11,,7,7,1,12,4,120.694446,24.158399,2
10213,66000,387130000C,(04)23274275,(04)23288582,2025,11,25,17,54,臺中市,梧棲區,0,0,0,7,,,30,,,,,,,,,,,,,,13,,,,,B03,,,1,,1,,,7,7,1,6,4,120.540147,24.260172,3
10214,66000,387130000C,(04)23274275,(04)23288582,2025,11,25,17,55,臺中市,西屯區,0,0,0,6,,,50,,,,,,,,,,,,,,13,,,,,B12,,,1,,1,,,59,59,1,12,4,120.64393,24.171323,3
10215,66000,387130000C,(04)23274275,(04)23288582,2025,11,25,17,57,臺中市,大雅區,0,1,0,7,1,6,50,3,1,1,5,4,6,6,4,4,10,5,5,2,17,3,10,2,1,C03,7,9,3,19,2,12,,84,84,1,12,4,120.647994,24.223527,2
10216,66000,387130000C,(04)23274275,(04)23288582,2025,11,25,17,57,臺中市,西屯區,0,0,0,7,,,50,,,,,,,,,,,,,,16,,,,,B03,,,1,,1,,,11,11,1,12,4,120.636672,24.171333,3
10217,66000,387130000C,(04)23274275,(04)23288582,2025,11,25,17,58,臺中市,梧棲區,0,0,0,7,,,50,,,,,,,,,,,,,,16,,,,,B03,,,1,,1,,,12,12,1,12,4,120.53423,24.246529,3
10218,66000,387130000C,(04)23274275,(04)23288582,2025,11,25,17,59,臺中市,沙鹿區,0,0,0,7,,,50,,,,,,,,,,,,,,,,,,,B03,,,1,,2,,,50,50,1,12,4,120.564625,24.224908,3
10219,66000,387130000C,(04)23274275,(04)23288582,2025,11,25,18,0,臺中市,大雅區,0,1,0,7,1,6,50,3,2,1,5,4,6,6,4,4,9,4,5,1,3,3,10,3,1,B03,7,9,1,8,2,4,,84,84,1,13,4,120.666632,24.236041,2
10220,66000,387130000C,(04)23274275,(04)23288582,2025,11,25,18,0,臺中市,大里區,0,0,0,7,,,50,,,,,,,,,,,,,,16,,,,,B03,,,1,,2,,,11,11,1,12,4,120.674268,24.114836,3
10221,66000,387130000C,(04)23274275,(04)23288582,2025,11,25,18,0,臺中市,沙鹿區,0,0,0,7,1,6,50,13,9,1,5,4,6,6,,4,4,4,5,1,13,,,,,C03,,,1,,2,,,7,7,1,12,4,120.570251,24.222882,3
10222,66000,387130000C,(04)23274275,(04)23288582,2025,11,25,18,5,臺中市,大里區,0,0,0,7,,,50,,,,,,,,,,,,,,17,,,,,B12,,,1,,2,,,7,7,1,12,4,120.699728,24.123254,3
10223,66000,387130000C,(04)23274275,(04)23288582,2025,11,25,18,10,臺中市,東區,0,0,0,7,,,50,,,,,,,,,,,,,,13,,,,,C03,,,1,,2,,,7,7,1,12,4,120.69657,24.135085,3
10224,66000,387130000C,(04)23274275,(04)23288582,2025,11,25,18,10,臺中市,北屯區,0,1,0,7,1,6,50,4,1,1,5,4,6,6,1,1,10,5,5,2,16,3,10,3,1,B03,7,6,1,8,2,8,,11,11,1,12,4,120.689664,24.188229,2
10225,66000,387130000C,(04)23274275,(04)23288582,2025,11,25,18,10,臺中市,太平區,0,1,0,7,1,6,50,3,1,1,5,4,6,6,4,4,10,5,5,2,17,2,9,1,1,F03,7,9,7,21,2,14,,84,84,1,12,4,120.719804,24.15031,2
10226,66000,387130000C,(04)23274275,(04)23288582,2025,11,25,18,10,臺中市,沙鹿區,0,1,0,7,1,6,1,13,9,1,5,4,6,6,4,4,5,5,5,2,30,,,,,,,,,,,,,116,116,1,,,120.571851,24.214543,2
10227,66000,387130000C,(04)23274275,(04)23288582,2025,11,25,18,11,臺中市,北區,0,3,0,7,1,6,50,3,1,1,5,4,6,6,1,1,5,4,5,2,16,2,9,1,1,C03,7,6,1,10,2,11,,11,11,1,12,4,120.687156,24.148842,2
10228,66000,387130000C,(04)23274275,(04)23288582,2025,11,25,18,11,臺中市,西屯區,0,0,0,7,,,60,,,,,,,,,,,,,,13,,,,,B03,,,1,,1,,,59,59,1,13,4,120.646309,24.155365,3
10229,66000,387130000C,(04)23274275,(04)23288582,2025,11,25,18,14,臺中市,潭子區,0,1,0,7,1,6,60,13,8,1,5,4,6,6,4,4,1,4,4,1,12,3,10,3,1,B03,7,7,1,8,2,5,,40,40,1,13,4,120.705251,24.212326,2
10230,66000,387130000C,(04)23274275,(04)23288582,2025,11,25,18,14,臺中市,北屯區,0,0,0,7,,3,80,,,,,,,,,,,,,,13,,,,,B03,,,1,,2,,,7,7,1,6,4,120.722422,24.188813,3
10231,66000,387130000C,(04)23274275,(04)23288582,2025,11,25,18,15,臺中市,東區,0,1,0,7,1,6,50,5,1,1,5,4,6,6,1,1,10,5,5,2,17,2,9,5,4,F01,7,6,7,21,2,15,,84,84,1,12,4,120.685882,24.135716,2
10232,66000,387130000C,(04)23274275,(04)23288582,2025,11,25,18,15,臺中市,大里區,0,0,0,6,,,30,,,,,,,,,,,,,,17,,,,,B03,,,1,,2,,,8,8,1,13,4,120.70407,24.091022,3
10233,66000,387130000C,(04)23274275,(04)23288582,2025,11,25,18,15,臺中市,清水區,0,0,0,7,,,40,,,,,,,,,,,,,,17,,,,,B12,,,1,,1,,,50,50,1,12,4,120.587173,24.289727,3
10234,66000,387130000C,(04)23274275,(04)23288582,2025,11,25,18,16,臺中市,西屯區,0,1,0,7,1,6,50,13,9,1,5,4,6,6,1,1,5,4,5,2,17,3,10,3,1,B03,7,15,1,8,1,5,,59,59,1,12,4,120.624147,24.194249,2
10235,66000,387130000C,(04)23274275,(04)23288582,2025,11,25,18,16,臺中市,烏日區,0,0,0,7,,,50,,,,,,,,,,,,,,13,,,,,B03,,,1,,1,,,59,59,1,13,4,120.598525,24.108031,3
10236,66000,387130000C,(04)23274275,(04)23288582,2025,11,25,18,17,臺中市,西屯區,0,1,0,7,1,6,50,4,1,1,5,4,6,6,1,1,10,5,5,2,3,3,10,3,1,B03,7,6,1,8,2,1,,10,10,1,12,4,120.635358,24.176122,2
10237,66000,387130000C,(04)23274275,(04)23288582,2025,11,25,18,18,臺中市,北屯區,0,0,0,7,,3,80,,,,,,,,,,,,,,13,,,,,B03,,,1,,1,,,7,7,1,12,4,120.722407,24.188779,3
10238,66000,387130000C,(04)23274275,(04)23288582,2025,11,25,18,19,臺中市,西區,0,0,0,7,,,50,,,,,,,,,,,,,,,,,,,B03,,,1,,2,,,84,84,1,13,4,120.657755,24.157862,3
10239,66000,387130000C,(04)23274275,(04)23288582,2025,11,25,18,21,臺中市,后里區,0,1,0,7,1,6,50,3,1,1,5,4,6,6,4,4,5,5,5,1,16,3,10,3,1,B03,7,6,1,8,2,1,,14,14,1,12,4,120.732579,24.304258,2
10240,66000,387130000C,(04)23274275,(04)23288582,2025,11,25,18,23,臺中市,豐原區,0,1,0,7,1,6,50,3,1,1,5,4,6,6,4,4,5,5,4,2,16,2,9,5,4,C03,7,6,1,10,2,14,,14,14,1,12,4,120.727055,24.255972,2
10241,66000,387130000C,(04)23274275,(04)23288582,2025,11,25,18,25,臺中市,大雅區,0,0,0,7,,,,,,,,,,,,,,,,,,,,,,,,,,,,,,119,119,1,,,120.635277,24.204921,3
10242,66000,387130000C,(04)23274275,(04)23288582,2025,11,25,18,29,臺中市,北屯區,0,0,0,7,,3,50,,,,,,,,,,,,,,13,,,,,B03,,,1,,2,,,47,47,1,6,4,120.685286,24.174473,3
10243,66000,387130000C,(04)23274275,(04)23288582,2025,11,25,18,30,臺中市,清水區,0,0,0,7,1,6,50,4,2,1,5,4,6,6,1,1,8,4,5,2,13,,,,,B03,,,1,,1,,,7,7,1,12,4,120.548734,24.262384,3
10244,66000,387130000C,(04)23274275,(04)23288582,2025,11,25,18,34,臺中市,北區,0,1,0,7,1,6,50,13,9,1,5,4,6,6,4,4,4,5,5,2,17,3,10,5,4,C03,7,15,1,10,2,12,,42,42,1,13,4,120.665847,24.157888,2
10245,66000,387130000C,(04)23274275,(04)23288582,2025,11,25,18,39,臺中市,北屯區,0,1,0,7,1,6,50,5,1,1,5,4,6,6,2,1,10,5,5,2,18,2,9,1,1,C03,7,9,1,10,2,12,,84,84,1,12,4,120.730231,24.17709,2
10246,66000,387130000C,(04)23274275,(04)23288582,2025,11,25,18,40,臺中市,后里區,0,1,0,7,1,6,50,4,1,1,5,4,6,6,4,4,5,5,5,2,15,2,6,2,1,C03,7,9,1,10,2,12,,15,15,1,12,4,120.720065,24.304925,2
10247,66000,387130000C,(04)23274275,(04)23288582,2025,11,25,18,46,臺中市,南屯區,0,0,0,7,,,50,,,,,,,,,,,,,,13,,,,,B03,,,1,,2,,,59,59,1,12,4,120.634099,24.158386,3
10248,66000,387130000C,(04)23274275,(04)23288582,2025,11,25,18,46,臺中市,西屯區,0,1,0,7,1,6,50,13,9,1,5,4,6,6,4,4,5,4,5,2,13,2,9,2,1,C03,7,9,1,10,2,11,,7,7,1,12,4,120.645644,24.175694,2
10249,66000,387130000C,(04)23274275,(04)23288582,2025,11,25,18,48,臺中市,北屯區,0,0,0,7,,,50,,,,,,,,,,,,,,17,,,,,B03,,,1,,2,,,84,84,1,12,4,120.685942,24.202768,3
10250,66000,387130000C,(04)23274275,(04)23288582,2025,11,25,19,10,臺中市,中區,0,1,0,7,1,6,50,4,2,1,5,4,6,6,2,1,8,3,5,2,13,2,9,2,1,C03,7,9,1,10,2,11,,7,7,1,12,4,120.679379,24.142505,2
10251,66000,387130000C,(04)23274275,(04)23288582,2025,11,25,19,10,臺中市,西區,0,0,0,7,,,,,,,,,,,,,,,,,17,,,,,,,,,,,,,86,86,1,,,120.659545,24.13412,3
10252,66000,387130000C,(04)23274275,(04)23288582,2025,11,25,19,10,臺中市,大里區,0,0,0,7,1,6,50,3,1,1,5,4,6,6,4,4,5,5,4,2,13,,,,,C03,,,1,,2,,,7,7,1,13,4,120.678933,24.095205,3
10253,66000,387130000C,(04)23274275,(04)23288582,2025,11,25,19,10,臺中市,沙鹿區,0,0,0,7,,,50,,,,,,,,,,,,,,13,,,,,C03,,,1,,2,,,7,7,1,12,4,120.577624,24.223097,4
10254,66000,387130000C,(04)23274275,(04)23288582,2025,11,25,19,12,臺中市,西區,0,3,0,7,1,6,50,4,1,1,5,4,6,6,4,4,10,5,5,2,15,2,9,2,1,C03,7,9,1,10,2,11,,12,12,1,12,4,120.664305,24.149021,2
10255,66000,387130000C,(04)23274275,(04)23288582,2025,11,25,19,14,臺中市,大里區,0,0,0,6,,,50,,,,,,,,,,,,,,17,,,,,B03,,,1,,2,,,7,7,1,12,4,120.696998,24.100674,3
10256,66000,387130000C,(04)23274275,(04)23288582,2025,11,25,19,16,臺中市,太平區,0,0,0,7,,,50,,,,,,,,,,,,,,17,,,,,B12,,,1,,2,,,84,84,1,12,4,120.73224,24.134639,3
10257,66000,387130000C,(04)23274275,(04)23288582,2025,11,25,19,17,臺中市,西屯區,0,0,0,7,,,50,,,,,,,,,,,,,,13,,,,,B03,,,1,,1,,,59,59,1,13,4,120.644271,24.17138,3
10258,66000,387130000C,(04)23274275,(04)23288582,2025,11,25,19,18,臺中市,大里區,0,1,0,7,1,6,50,13,9,2,5,4,6,6,4,4,10,5,5,2,18,2,8,1,1,C03,7,1,1,10,2,12,,51,51,1,13,4,120.691229,24.111432,2
10259,66000,387130000C,(04)23274275,(04)23288582,2025,11,25,19,22,臺中市,沙鹿區,0,1,0,7,1,6,50,4,1,1,5,4,6,6,1,3,10,5,5,2,16,3,10,3,1,B03,7,6,1,8,2,8,,48,48,1,12,4,120.571078,24.203898,2
10260,66000,387130000C,(04)23274275,(04)23288582,2025,11,25,19,23,臺中市,潭子區,0,1,0,6,3,6,0,18,24,1,5,4,6,6,4,4,1,5,5,2,17,2,9,2,1,C03,7,15,1,10,2,12,,84,84,1,13,4,120.704457,24.213753,2
10261,66000,387130000C,(04)23274275,(04)23288582,2025,11,25,19,23,臺中市,東區,0,0,0,7,,,50,,,,,,,,,,,,,,17,,,,,C03,,,1,,2,,,50,50,1,12,4,120.688818,24.134938,3
10262,66000,387130000C,(04)23274275,(04)23288582,2025,11,25,19,25,臺中市,北屯區,0,1,0,7,1,6,50,13,7,1,5,4,6,6,4,4,5,4,4,2,12,3,10,3,1,B03,7,11,1,8,2,4,,85,85,1,13,4,120.658434,24.188423,2
10263,66000,387130000C,(04)23274275,(04)23288582,2025,11,25,19,25,臺中市,西屯區,0,1,0,7,1,6,50,4,2,1,5,4,6,6,2,1,10,5,5,2,9,3,10,5,4,B03,7,9,1,8,2,1,,10,10,1,13,4,120.654571,24.156991,2
10264,66000,387130000C,(04)23274275,(04)23288582,2025,11,25,19,26,臺中市,南屯區,0,0,0,7,,,50,,,,,,,,,,,,,,,,,,,B03,,,1,,1,,,56,56,1,6,4,120.638528,24.132241,3
10265,66000,387130000C,(04)23274275,(04)23288582,2025,11,25,19,27,臺中市,沙鹿區,0,1,0,7,2,6,50,3,1,1,5,4,6,6,4,4,10,5,5,2,16,2,8,1,1,C03,7,9,1,10,2,11,14,85,85,1,12,4,120.570398,24.217263,2
10266,66000,387130000C,(04)23274275,(04)23288582,2025,11,25,19,32,臺中市,南屯區,0,0,0,7,,,40,,,,,,,,,,,,,,12,,,,,B03,,,1,,1,,,7,7,1,12,4,120.64989,24.146809,3
10267,66000,387130000C,(04)23274275,(04)23288582,2025,11,25,19,36,臺中市,太平區,0,0,0,7,,,50,,,,,,,,,,,,,,9,,,,,C03,,,1,,9,,,51,51,1,12,4,120.729228,24.106718,3
10268,66000,387130000C,(04)23274275,(04)23288582,2025,11,25,19,40,臺中市,大雅區,0,0,0,7,,,0,,,,,,,,,,,,,,17,,,,,C03,,,1,,1,,,84,84,1,12,4,120.644522,24.204417,3
10269,66000,387130000C,(04)23274275,(04)23288582,2025,11,25,19,46,臺中市,東區,0,0,0,7,,,50,,,,,,,,,,,,,,13,,,,,B03,,,1,,1,,,84,84,1,13,4,120.710611,24.141796,3
10270,66000,387130000C,(04)23274275,(04)23288582,2025,11,25,19,46,臺中市,東區,0,1,0,7,1,6,50,4,2,1,5,4,6,6,2,1,5,5,4,2,13,3,10,3,1,B03,7,9,1,8,2,1,,59,59,1,12,4,120.708776,24.144466,2
10271,66000,387130000C,(04)23274275,(04)23288582,2025,11,25,19,56,臺中市,大雅區,0,2,0,7,1,6,30,4,9,1,5,4,6,6,4,4,10,5,5,2,15,2,9,2,1,F03,7,9,7,21,2,11,,12,12,1,13,4,120.638447,24.221111,2
10272,66000,387130000C,(04)23274275,(04)23288582,2025,11,25,20,0,臺中市,南屯區,0,0,0,7,,,40,,,,,,,,,,,,,,17,,,,,B03,,,1,,2,,,50,50,1,13,4,120.612267,24.138304,3
10273,66000,387130000C,(04)23274275,(04)23288582,2025,11,25,20,1,臺中市,北區,0,0,0,7,,,50,,,,,,,,,,,,,,13,,,,,B03,,,1,,2,,,58,58,1,13,4,120.676801,24.155268,3
10274,66000,387130000C,(04)23274275,(04)23288582,2025,11,25,20,6,臺中市,大雅區,0,1,0,7,1,6,50,4,1,1,5,4,6,6,1,1,10,5,5,2,17,2,9,2,1,C03,7,5,1,10,2,12,11,84,84,1,12,4,120.645451,24.221847,2
10275,66000,387130000C,(04)23274275,(04)23288582,2025,11,25,20,9,臺中市,北區,0,0,0,7,1,6,50,4,1,1,5,4,6,6,1,1,1,4,5,2,13,3,10,3,1,B03,7,5,1,8,2,3,,47,47,1,12,4,120.676824,24.155756,3
10276,66000,387130000C,(04)23274275,(04)23288582,2025,11,25,20,19,臺中市,大雅區,0,1,0,7,3,6,50,13,9,1,5,4,6,6,4,4,9,4,5,1,13,2,9,2,1,C03,7,9,1,10,2,11,,7,7,1,13,4,120.612929,24.236049,2
10277,66000,387130000C,(04)23274275,(04)23288582,2025,11,25,20,25,臺中市,豐原區,0,2,0,7,1,6,50,3,1,1,5,4,6,6,1,1,5,4,4,2,17,2,9,1,1,C04,7,9,1,11,2,12,,21,21,1,6,4,120.7196,24.241897,2
10278,66000,387130000C,(04)23274275,(04)23288582,2025,11,25,20,31,臺中市,太平區,0,2,0,7,1,6,50,4,4,1,5,4,6,6,2,1,5,2,5,2,13,2,9,2,1,C03,7,9,1,10,2,11,,7,7,1,12,4,120.70978,24.134966,2
10279,66000,387130000C,(04)23274275,(04)23288582,2025,11,25,20,35,臺中市,南屯區,0,1,0,7,1,6,50,13,8,1,5,4,6,6,4,4,5,4,4,2,12,3,10,3,1,B03,7,7,1,8,2,6,,40,40,1,12,4,120.634921,24.131109,2
10280,66000,387130000C,(04)23274275,(04)23288582,2025,11,25,20,36,臺中市,西屯區,0,1,0,7,1,6,50,4,9,1,5,4,6,6,1,1,5,2,5,2,16,2,7,2,1,C03,7,9,1,10,2,11,14,7,7,1,12,4,120.607264,24.16013,2
10281,66000,387130000C,(04)23274275,(04)23288582,2025,11,25,20,48,臺中市,西屯區,0,1,0,7,1,6,30,4,1,1,5,4,6,6,4,4,10,5,5,2,16,2,9,1,1,C03,7,5,1,10,2,13,,20,20,1,12,4,120.643824,24.173953,2
10282,66000,387130000C,(04)23274275,(04)23288582,2025,11,25,20,52,臺中市,龍井區,0,1,0,7,1,6,50,13,9,1,5,4,6,6,4,4,8,5,5,1,13,2,8,2,1,C03,7,9,1,10,2,11,,7,7,1,6,4,120.52984,24.185874,2
10283,66000,387130000C,(04)23274275,(04)23288582,2025,11,25,20,54,臺中市,西區,0,0,0,7,,,50,,,,,,,,,,,,,,,,,,,B03,,,1,8,2,,,8,8,1,13,4,120.659687,24.157317,3
10284,66000,387130000C,(04)23274275,(04)23288582,2025,11,25,20,57,臺中市,大里區,0,1,0,6,1,6,50,13,7,1,5,4,6,6,4,4,5,5,4,2,17,2,9,4,1,F01,7,6,7,21,2,13,,39,39,1,12,4,120.690327,24.104385,2
10285,66000,387130000C,(04)23274275,(04)23288582,2025,11,25,21,5,臺中市,北區,0,0,0,7,,,50,,,,,,,,,,,,,,17,,,,,B01,,,6,,2,,,85,85,1,13,4,120.670234,24.158965,4
10286,66000,387130000C,(04)23274275,(04)23288582,2025,11,25,21,7,臺中市,西屯區,0,1,0,7,1,6,40,4,1,1,5,4,6,6,2,1,10,5,5,2,12,2,9,1,1,C03,7,9,1,10,2,12,,84,84,1,13,4,120.646454,24.164454,2
10287,66000,387130000C,(04)23274275,(04)23288582,2025,11,25,21,7,臺中市,西屯區,0,1,0,7,1,6,50,4,1,1,5,4,6,6,3,1,10,5,5,2,11,3,10,5,4,B01,7,6,1,8,2,6,,11,11,1,12,4,120.665123,24.178287,2
10288,66000,387130000C,(04)23274275,(04)23288582,2025,11,25,21,10,臺中市,南區,0,0,0,7,,,50,,,,,,,,,,,,,,13,,,,,C03,,,1,,2,,,7,7,1,12,4,120.668683,24.12953,3
10289,66000,387130000C,(04)23274275,(04)23288582,2025,11,25,21,13,臺中市,北屯區,0,0,0,7,,,50,,,,,,,,,,,,,,17,,,,,B12,,,1,,2,,,84,84,1,12,4,120.682438,24.191938,3
10290,66000,387130000C,(04)23274275,(04)23288582,2025,11,25,21,16,臺中市,北屯區,0,2,0,7,1,6,50,13,7,1,5,4,6,6,4,4,5,5,4,2,16,2,9,2,1,C03,7,11,1,10,2,11,,84,84,1,12,4,120.695121,24.17943,2
10291,66000,387130000C,(04)23274275,(04)23288582,2025,11,25,21,21,臺中市,南屯區,0,0,0,7,,,50,,,,,,,,,,,,,,,,,,,B03,,,1,,1,,,40,40,1,13,4,120.623141,24.145201,3
10292,66000,387130000C,(04)23274275,(04)23288582,2025,11,25,21,29,臺中市,太平區,0,2,0,7,1,6,50,3,1,1,5,4,6,6,4,4,10,5,5,2,16,2,9,1,4,C03,7,1,1,10,2,14,,51,51,1,13,4,120.733721,24.143227,2
10293,66000,387130000C,(04)23274275,(04)23288582,2025,11,25,21,35,臺中市,西屯區,0,0,0,7,,,30,,,,,,,,,,,,,,1,,,,,C03,,,1,,1,,,59,59,1,13,4,120.597978,24.193028,3
10294,66000,387130000C,(04)23274275,(04)23288582,2025,11,25,21,40,臺中市,南屯區,0,1,0,7,2,6,50,5,1,1,5,4,6,6,1,1,9,4,5,2,12,3,10,3,1,B03,7,5,5,19,2,2,,8,8,1,12,4,120.613124,24.140067,2
10295,66000,387130000C,(04)23274275,(04)23288582,2025,11,25,21,46,臺中市,北屯區,0,2,0,7,1,6,50,3,2,1,5,4,6,6,4,4,10,5,5,2,17,2,9,1,1,C03,7,6,1,10,2,11,,14,14,1,13,4,120.678914,24.17726,2
10296,66000,387130000C,(04)23274275,(04)23288582,2025,11,25,21,56,臺中市,西屯區,0,1,0,7,1,6,50,3,9,1,5,4,6,6,4,4,5,4,4,2,16,3,10,3,1,B03,7,6,1,8,2,8,,48,48,1,12,4,120.657477,24.157701,2
10297,66000,387130000C,(04)23274275,(04)23288582,2025,11,25,22,5,臺中市,東區,0,1,0,7,1,6,50,4,1,1,5,4,5,6,1,1,10,5,5,2,17,3,10,3,1,B12,7,6,1,8,2,8,,11,11,1,12,4,120.698745,24.133072,2
10298,66000,387130000C,(04)23274275,(04)23288582,2025,11,25,22,6,臺中市,西區,0,0,0,6,,,50,,,,,,,,,,,,,,,,,,,B03,,,1,,2,,,49,49,1,12,4,120.654983,24.150176,3
10299,66000,387130000C,(04)23274275,(04)23288582,2025,11,25,22,10,臺中市,沙鹿區,0,1,0,7,3,6,40,13,9,1,5,4,6,6,1,1,1,4,4,2,9,3,10,3,1,A04,7,3,1,1,2,16,,87,87,1,12,4,120.570874,24.258915,2
10300,66000,387130000C,(04)23274275,(04)23288582,2025,11,25,22,20,臺中市,清水區,0,2,0,7,1,6,50,13,8,1,5,4,6,6,3,1,8,4,4,2,12,2,9,1,1,C03,7,11,2,19,9,11,,84,84,1,12,4,120.57365,24.265159,2
10301,66000,387130000C,(04)23274275,(04)23288582,2025,11,25,22,29,臺中市,北屯區,0,2,0,7,1,6,30,4,1,1,5,4,6,6,2,1,10,5,5,2,16,2,8,1,1,C03,7,6,3,19,2,12,,11,11,1,12,4,120.658779,24.178092,2
10302,66000,387130000C,(04)23274275,(04)23288582,2025,11,25,22,36,臺中市,大里區,0,1,0,7,1,6,40,13,9,1,5,4,5,6,4,4,1,5,5,1,18,,,,,,,,,,,,,119,119,1,,,120.664039,24.086076,2
10303,66000,387130000C,(04)23274275,(04)23288582,2025,11,25,22,43,臺中市,北區,0,1,0,7,1,6,50,4,1,1,5,4,6,6,2,1,1,4,5,2,17,3,10,3,1,B03,7,11,1,8,2,4,,11,11,1,12,4,120.694345,24.153539,2
10304,66000,387130000C,(04)23274275,(04)23288582,2025,11,25,23,4,臺中市,北屯區,0,1,0,7,1,6,0,13,21,4,5,4,6,6,4,4,10,5,5,2,9,3,10,6,1,F01,7,9,7,21,7,11,,84,84,1,13,4,120.696776,24.170607,2
10305,66000,387130000C,(04)23274275,(04)23288582,2025,11,25,23,20,臺中市,東區,0,0,0,7,,,50,,,,,,,,,,,,,,,,,,,C03,,,1,,2,,,7,7,1,6,4,120.709713,24.149601,4