序號,縣市別代碼,機關代碼,市話,傳真,年,月,日,時,分,縣市,區,死亡數量,受傷數量,2-30,天候,道路照明設備,道路類別,道路速限,道路型態,事故位置,路面鋪裝,路面狀態,路面缺陷,障礙物,視距,號誌種類,號誌動作,分向設施,快車道或一般車道間,快慢車道間,路面邊線,事故類型及型態,受傷程度,主要傷處,保護裝備,行動電話或功能裝置,當事者區分(類別),車輛用途,當事者行動狀態,駕照狀態,駕照種類,飲酒情形,車輛撞擊部位最初,車輛撞擊部位其他,肇事因素個別,肇事因素主要,肇事逃逸,職業,共享經濟或外送平台,GPS座標X,GPS座標Y,事故類別
10306,66000,387130000C,(04)23274275,(04)23288582,2025,11,25,23,25,臺中市,大雅區,0,1,0,7,1,6,50,3,14,1,5,4,6,6,4,4,5,5,5,1,30,2,9,1,1,C03,7,9,3,19,2,12,11,84,84,1,12,4,120.655144,24.236897,2
10307,66000,387130000C,(04)23274275,(04)23288582,2025,11,25,23,30,臺中市,西屯區,0,0,0,7,,,50,,,,,,,,,,,,,,13,,,,,B02,,,1,,2,,,59,59,1,12,4,120.615788,24.189024,3
10308,66000,387130000C,(04)23274275,(04)23288582,2025,11,26,0,4,臺中市,霧峰區,0,2,0,7,1,6,50,4,2,1,5,4,6,6,1,1,5,2,5,1,13,2,8,2,1,C03,7,9,1,10,2,14,,7,7,1,13,4,120.709285,24.080698,2
10309,66000,387130000C,(04)23274275,(04)23288582,2025,11,26,0,33,臺中市,北區,0,0,0,7,3,6,50,18,24,1,5,4,6,6,4,4,10,5,4,2,17,,,,,B03,,,1,,2,,,7,7,1,13,4,120.685316,24.147379,3
10310,66000,387130000C,(04)23274275,(04)23288582,2025,11,26,1,26,臺中市,西屯區,0,0,0,7,,,30,,,,,,,,,,,,,,14,,,,,A12,,,1,,1,,,49,49,1,12,4,120.652742,24.161774,3
10311,66000,387130000C,(04)23274275,(04)23288582,2025,11,26,4,23,臺中市,北區,0,2,0,7,1,6,50,4,1,1,5,4,6,6,2,1,1,5,5,2,15,2,7,3,1,B03,7,9,5,19,1,4,,21,21,1,6,4,120.669201,24.162841,2
10312,66000,387130000C,(04)23274275,(04)23288582,2025,11,26,4,51,臺中市,清水區,0,1,0,7,1,6,40,13,14,1,5,4,6,6,4,4,1,4,4,1,13,2,9,2,1,C03,7,15,1,10,2,11,,84,84,1,12,4,120.562522,24.263031,2
10313,66000,387130000C,(04)23274275,(04)23288582,2025,11,26,5,30,臺中市,石岡區,0,1,0,6,1,6,70,4,2,1,5,4,6,6,2,1,1,2,5,1,13,3,10,3,1,B03,7,9,1,1,2,1,,7,7,1,6,4,120.791167,24.272675,2
10314,66000,387130000C,(04)23274275,(04)23288582,2025,11,26,6,30,臺中市,豐原區,0,0,0,7,,,60,,,,,,,,,,,,,,,,,,,B03,,,1,,2,,,7,7,1,13,4,120.720227,24.236722,3
10315,66000,387130000C,(04)23274275,(04)23288582,2025,11,26,6,45,臺中市,沙鹿區,0,0,0,7,,,50,,,,,,,,,,,,,,,,,,,B01,,,1,,2,,,7,7,1,6,4,120.605503,24.245301,3
10316,66000,387130000C,(04)23274275,(04)23288582,2025,11,26,6,45,臺中市,新社區,0,0,0,7,,,30,,,,,,,,,,,,,,17,,,,,B03,,,1,,2,,,12,12,1,6,4,120.798349,24.203244,3
10317,66000,387130000C,(04)23274275,(04)23288582,2025,11,26,6,50,臺中市,大雅區,0,2,0,7,3,6,60,4,1,1,5,4,6,6,1,1,10,5,5,2,17,2,5,2,1,C03,7,9,1,10,2,11,,7,7,1,12,4,120.670249,24.237645,2
10318,66000,387130000C,(04)23274275,(04)23288582,2025,11,26,6,50,臺中市,南區,0,1,0,7,1,6,50,3,1,1,5,4,6,6,3,1,9,4,5,2,16,3,10,3,1,B03,7,6,1,8,2,8,4,48,48,1,12,4,120.666396,24.113051,2
10319,66000,387130000C,(04)23274275,(04)23288582,2025,11,26,6,53,臺中市,西屯區,0,1,0,7,2,6,50,5,1,1,5,4,6,6,4,4,5,5,5,2,15,3,10,3,1,B03,7,9,1,8,2,5,,15,15,1,12,4,120.61946,24.177198,2
10320,66000,387130000C,(04)23274275,(04)23288582,2025,11,26,6,55,臺中市,南屯區,0,0,0,7,,,40,,,,,,,,,,,,,,13,,,,,B03,,,1,,1,,,7,7,1,13,4,120.585909,24.166508,3
10321,66000,387130000C,(04)23274275,(04)23288582,2025,11,26,7,9,臺中市,太平區,0,0,0,7,2,6,50,,,,,,,,,,,,,,,,,,,A05,,,1,,2,8,,7,7,2,12,4,120.734389,24.148881,3
10322,66000,387130000C,(04)23274275,(04)23288582,2025,11,26,7,14,臺中市,北區,0,1,0,7,3,6,50,4,1,1,5,4,6,6,1,1,1,4,4,2,17,3,10,3,1,B03,7,11,1,8,2,5,,45,45,1,12,4,120.68512,24.163927,2
10323,66000,387130000C,(04)23274275,(04)23288582,2025,11,26,7,15,臺中市,南屯區,0,0,0,7,,,50,,,,,,,,,,,,,,,,,,,A04,,,1,,1,,,8,8,1,13,4,120.638231,24.14028,3
10324,66000,387130000C,(04)23274275,(04)23288582,2025,11,26,7,16,臺中市,沙鹿區,0,0,0,7,,,40,,,,,,,,,,,,,,,,,,,B03,,,1,,2,,,82,82,1,13,4,120.569877,24.236935,3
10325,66000,387130000C,(04)23274275,(04)23288582,2025,11,26,7,17,臺中市,西屯區,0,1,0,7,2,6,50,3,1,1,5,4,6,6,4,4,10,5,5,2,16,2,8,1,1,C03,7,6,3,19,2,14,12,14,14,1,12,4,120.593271,24.179964,2
10326,66000,387130000C,(04)23274275,(04)23288582,2025,11,26,7,23,臺中市,潭子區,0,1,0,7,2,6,50,3,1,1,5,4,6,6,4,4,10,5,5,2,13,2,8,1,1,C03,7,9,1,10,2,11,,7,7,1,13,4,120.70691,24.208033,2
10327,66000,387130000C,(04)23274275,(04)23288582,2025,11,26,7,28,臺中市,大雅區,0,0,0,7,,,30,,,,,,,,,,,,,,,,,,,B03,,,1,,1,,,8,8,1,12,4,120.663395,24.209081,3
10328,66000,387130000C,(04)23274275,(04)23288582,2025,11,26,7,30,臺中市,東勢區,0,1,0,7,3,6,50,13,9,1,5,4,6,6,4,4,5,5,5,1,17,2,9,2,1,C03,7,9,1,10,2,15,,84,84,1,6,4,120.780004,24.285734,2
10329,66000,387130000C,(04)23274275,(04)23288582,2025,11,26,7,31,臺中市,西屯區,0,0,0,7,,,50,,,,,,,,,,,,,,13,,,,,C03,,,1,,1,,,7,7,1,13,4,120.641103,24.173546,3
10330,66000,387130000C,(04)23274275,(04)23288582,2025,11,26,7,32,臺中市,西屯區,0,0,0,7,,,50,,,,,,,,,,,,,,13,,,,,B03,,,1,,1,,,59,59,1,12,4,120.58915,24.175285,3
10331,66000,387130000C,(04)23274275,(04)23288582,2025,11,26,7,32,臺中市,烏日區,0,0,0,7,,,50,,,,,,,,,,,,,,12,,,,,B03,,,1,,1,,,40,40,1,6,4,120.634769,24.106473,3
10332,66000,387130000C,(04)23274275,(04)23288582,2025,11,26,7,32,臺中市,龍井區,0,0,0,7,,,60,,,,,,,,,,,,,,,,,,,B12,,,1,,1,,,82,82,1,12,4,120.546385,24.217555,3
10333,66000,387130000C,(04)23274275,(04)23288582,2025,11,26,7,33,臺中市,太平區,0,1,0,7,1,6,50,4,1,1,5,4,6,6,1,1,5,5,5,1,12,2,8,2,1,C03,7,6,1,10,2,13,,39,39,1,12,4,120.713652,24.125165,2
10334,66000,387130000C,(04)23274275,(04)23288582,2025,11,26,7,34,臺中市,西屯區,0,0,0,7,,,50,,,,,,,,,,,,,,13,,,,,B03,,,1,,1,,,7,7,1,13,4,120.628191,24.176633,3
10335,66000,387130000C,(04)23274275,(04)23288582,2025,11,26,7,36,臺中市,西屯區,0,0,0,7,,,50,,,,,,,,,,,,,,12,,,,,B03,,,1,,1,,,20,20,1,13,4,120.636647,24.172335,3
10336,66000,387130000C,(04)23274275,(04)23288582,2025,11,26,7,38,臺中市,北屯區,0,0,0,7,,,50,,,,,,,,,,,,,,12,,,,,B03,,,1,8,9,,,8,8,1,6,4,120.69855,24.173534,3
10337,66000,387130000C,(04)23274275,(04)23288582,2025,11,26,7,39,臺中市,龍井區,0,0,0,7,,,50,,,,,,,,,,,,,,14,,,,,B03,,,1,,1,,,49,49,1,6,4,120.591047,24.190154,3
10338,66000,387130000C,(04)23274275,(04)23288582,2025,11,26,7,40,臺中市,神岡區,0,1,0,7,2,6,50,4,1,1,5,4,6,6,1,1,10,5,5,2,17,3,10,2,1,C03,7,6,1,10,2,11,,48,48,1,6,4,120.680372,24.244634,2
10339,66000,387130000C,(04)23274275,(04)23288582,2025,11,26,7,43,臺中市,大肚區,0,0,0,7,,,50,,,,,,,,,,,,,,13,,,,,B12,,,1,,2,,,7,7,1,6,4,120.580336,24.172117,3
10340,66000,387130000C,(04)23274275,(04)23288582,2025,11,26,7,43,臺中市,梧棲區,0,0,0,7,,,50,,,,,,,,,,,,,,13,,,,,C03,,,1,,1,,,7,7,1,12,4,120.539065,24.250694,3
10341,66000,387130000C,(04)23274275,(04)23288582,2025,11,26,7,43,臺中市,豐原區,0,0,0,7,,,30,,,,,,,,,,,,,,12,,,,,B03,,,1,,2,,,50,50,1,6,4,120.726014,24.23365,3
10342,66000,387130000C,(04)23274275,(04)23288582,2025,11,26,7,48,臺中市,大里區,0,0,0,7,,,50,,,,,,,,,,,,,,13,,,,,B12,,,1,,2,,,7,7,1,6,4,120.692852,24.114516,3
10343,66000,387130000C,(04)23274275,(04)23288582,2025,11,26,7,49,臺中市,太平區,0,1,0,7,2,6,50,3,1,1,5,4,6,6,1,1,10,5,5,2,16,2,9,2,1,C03,7,4,1,10,2,14,,84,84,1,12,4,120.712725,24.158252,2
10344,66000,387130000C,(04)23274275,(04)23288582,2025,11,26,7,50,臺中市,烏日區,0,1,0,7,2,6,50,11,9,1,5,4,6,6,4,4,4,4,5,2,17,3,10,3,1,B12,7,3,1,8,2,7,,90,90,1,6,4,120.609836,24.11219,2
10345,66000,387130000C,(04)23274275,(04)23288582,2025,11,26,7,50,臺中市,沙鹿區,0,0,0,7,,,40,,,,,,,,,,,,,,,,,,,B01,,,1,,2,,,49,49,1,6,4,120.583309,24.217542,3
10346,66000,387130000C,(04)23274275,(04)23288582,2025,11,26,7,53,臺中市,西區,0,2,0,7,1,6,50,13,8,1,5,4,6,6,4,4,5,4,4,2,16,2,8,1,1,C03,7,7,1,10,2,13,,40,40,1,13,4,120.665356,24.147075,2
10347,66000,387130000C,(04)23274275,(04)23288582,2025,11,26,7,53,臺中市,梧棲區,0,2,0,7,3,6,50,3,1,1,5,4,6,6,4,4,10,5,5,2,16,2,8,1,1,C03,7,9,1,10,2,11,,7,7,1,6,4,120.519682,24.228476,2
10348,66000,387130000C,(04)23274275,(04)23288582,2025,11,26,7,55,臺中市,太平區,0,2,0,7,3,6,30,13,9,1,5,4,6,6,4,4,10,5,5,2,16,2,8,2,1,C03,7,1,1,10,1,14,,51,51,1,12,4,120.722891,24.149624,2
10349,66000,387130000C,(04)23274275,(04)23288582,2025,11,26,7,56,臺中市,東區,0,1,0,7,2,6,50,3,2,1,5,4,6,6,4,4,1,4,4,2,12,2,9,2,1,C03,7,8,1,10,2,14,,40,40,1,6,4,120.691253,24.132133,2
10350,66000,387130000C,(04)23274275,(04)23288582,2025,11,26,7,56,臺中市,后里區,0,2,0,7,3,6,30,4,1,1,5,4,6,6,4,4,10,5,5,2,15,3,10,3,1,B12,7,9,1,8,2,6,,20,20,1,6,4,120.692377,24.296533,2
10351,66000,387130000C,(04)23274275,(04)23288582,2025,11,26,7,57,臺中市,霧峰區,0,0,0,7,,,50,,,,,,,,,,,,,,17,,,,,B03,,,1,,2,,,7,7,1,6,4,120.699378,24.070055,3
10352,66000,387130000C,(04)23274275,(04)23288582,2025,11,26,7,57,臺中市,大里區,0,0,0,7,,,50,,,,,,,,,,,,,,12,,,,,C03,,,1,,2,,,84,84,1,13,4,120.686243,24.095568,3
10353,66000,387130000C,(04)23274275,(04)23288582,2025,11,26,7,58,臺中市,沙鹿區,0,0,0,7,,,60,,,,,,,,,,,,,,,,,,,B03,,,1,,2,,,59,59,1,13,4,120.573532,24.230701,3
10354,66000,387130000C,(04)23274275,(04)23288582,2025,11,26,7,59,臺中市,北屯區,0,1,0,7,3,6,40,13,8,1,5,4,6,6,4,4,1,4,3,2,18,2,9,2,1,C03,7,9,1,10,2,12,,5,5,1,6,4,120.723517,24.187212,2
10355,66000,387130000C,(04)23274275,(04)23288582,2025,11,26,8,0,臺中市,北屯區,0,1,0,7,2,6,50,4,1,1,5,4,6,6,2,1,10,5,5,2,16,3,10,1,1,C03,7,5,1,10,2,12,,84,84,1,6,4,120.678248,24.200795,2
10356,66000,387130000C,(04)23274275,(04)23288582,2025,11,26,8,2,臺中市,后里區,0,1,0,7,3,6,50,4,1,1,5,4,6,6,1,1,10,5,5,2,16,3,10,3,1,B03,7,6,1,8,2,5,,11,11,1,6,4,120.691901,24.317896,2
10357,66000,387130000C,(04)23274275,(04)23288582,2025,11,26,8,3,臺中市,北區,0,2,0,7,2,6,50,4,1,1,5,4,6,6,2,1,10,5,5,2,12,2,9,1,1,C03,7,9,1,10,2,14,,42,42,1,12,4,120.664807,24.164743,2
10358,66000,387130000C,(04)23274275,(04)23288582,2025,11,26,8,3,臺中市,南屯區,0,2,0,7,3,6,50,4,1,1,5,4,6,6,1,1,10,5,5,2,16,2,9,2,1,C03,7,6,1,10,2,12,,11,11,1,13,4,120.611736,24.135737,2
10359,66000,387130000C,(04)23274275,(04)23288582,2025,11,26,8,10,臺中市,西屯區,0,2,0,7,2,6,50,13,9,1,5,4,6,6,4,4,3,4,5,2,12,2,9,5,4,C03,7,7,1,10,2,12,,40,40,1,12,4,120.633333,24.179684,2
10360,66000,387130000C,(04)23274275,(04)23288582,2025,11,26,8,10,臺中市,烏日區,0,0,0,7,,,30,,,,,,,,,,,,,,14,,,,,B12,,,1,,1,,,49,49,1,6,4,120.604336,24.115622,3
10361,66000,387130000C,(04)23274275,(04)23288582,2025,11,26,8,11,臺中市,烏日區,0,2,0,7,2,6,50,13,7,1,5,4,6,6,4,4,9,4,4,2,13,2,9,1,1,C03,7,9,1,10,2,11,,84,84,1,6,4,120.59851,24.11007,2
10362,66000,387130000C,(04)23274275,(04)23288582,2025,11,26,8,12,臺中市,西屯區,0,0,0,7,2,6,40,4,2,1,5,4,6,6,2,1,1,4,1,2,13,,,,,B12,,,1,,1,,,7,7,1,13,4,120.62904,24.163157,3
10363,66000,387130000C,(04)23274275,(04)23288582,2025,11,26,8,13,臺中市,西屯區,0,1,0,7,2,6,50,4,1,1,5,4,6,6,4,4,10,5,5,2,16,3,10,3,1,B03,7,9,1,8,2,5,,59,59,1,12,4,120.586816,24.173933,2
10364,66000,387130000C,(04)23274275,(04)23288582,2025,11,26,8,15,臺中市,南屯區,0,0,0,7,,,40,,,,,,,,,,,,,,13,,,,,B03,,,1,,1,,,58,58,1,13,4,120.585609,24.16636,3
10365,66000,387130000C,(04)23274275,(04)23288582,2025,11,26,8,16,臺中市,東勢區,0,2,0,7,3,6,50,13,9,1,5,4,5,6,4,4,9,5,5,1,13,2,8,5,4,C03,7,15,1,10,2,13,,7,7,1,12,4,120.828347,24.257022,2
10366,66000,387130000C,(04)23274275,(04)23288582,2025,11,26,8,18,臺中市,北屯區,0,0,0,7,,,60,,,,,,,,,,,,,,13,,,,,B03,,,1,,1,,,61,61,1,6,4,120.686552,24.201865,3
10367,66000,387130000C,(04)23274275,(04)23288582,2025,11,26,8,20,臺中市,西區,0,1,0,7,3,6,50,13,9,1,5,4,6,6,4,4,10,4,5,2,12,2,9,2,1,C03,7,8,1,10,1,14,,65,65,1,12,4,120.67626,24.135847,2
10368,66000,387130000C,(04)23274275,(04)23288582,2025,11,26,8,20,臺中市,南屯區,0,1,0,7,2,6,50,13,9,1,5,4,6,6,4,4,1,4,5,2,17,3,10,1,1,C03,7,9,3,19,2,11,,85,85,1,13,4,120.646931,24.138532,2
10369,66000,387130000C,(04)23274275,(04)23288582,2025,11,26,8,20,臺中市,太平區,0,0,0,7,,,50,,,,,,,,,,,,,,17,,,,,B12,,,1,,2,,,8,8,1,12,4,120.725877,24.141719,3
10370,66000,387130000C,(04)23274275,(04)23288582,2025,11,26,8,20,臺中市,烏日區,0,0,0,7,,,50,,,,,,,,,,,,,,13,,,,,C03,,,1,,1,,,7,7,1,6,4,120.625701,24.110002,4
10371,66000,387130000C,(04)23274275,(04)23288582,2025,11,26,8,22,臺中市,大甲區,0,1,0,7,2,6,30,3,1,1,5,4,6,6,1,1,10,5,5,2,16,3,10,3,1,B03,7,6,1,8,2,4,,4,4,1,6,4,120.6414,24.403068,2
10372,66000,387130000C,(04)23274275,(04)23288582,2025,11,26,8,24,臺中市,西屯區,0,2,0,7,2,6,30,4,1,1,5,4,6,6,4,4,10,5,5,2,15,2,9,2,1,C03,7,9,1,10,2,12,,15,15,1,12,4,120.618453,24.176155,2
10373,66000,387130000C,(04)23274275,(04)23288582,2025,11,26,8,25,臺中市,北屯區,0,0,0,7,,,50,,,,,,,,,,,,,,13,,,,,B03,,,1,,1,,,7,7,1,6,4,120.692794,24.162343,3
10374,66000,387130000C,(04)23274275,(04)23288582,2025,11,26,8,28,臺中市,南屯區,0,1,0,7,3,6,50,13,9,1,5,4,6,6,4,4,9,5,5,2,12,3,10,3,1,B03,7,4,1,8,2,5,,1,1,1,13,4,120.638614,24.143422,2
10375,66000,387130000C,(04)23274275,(04)23288582,2025,11,26,8,29,臺中市,大雅區,0,2,0,7,2,6,30,5,1,1,5,4,6,6,4,4,10,4,5,1,17,2,9,1,1,C03,7,6,1,10,2,14,,14,14,1,12,4,120.655808,24.227257,2
10376,66000,387130000C,(04)23274275,(04)23288582,2025,11,26,8,32,臺中市,南屯區,0,0,0,7,,,50,,,,,,,,,,,,,,12,,,,,B03,,,1,,1,,,40,40,1,13,4,120.58393,24.167732,3
10377,66000,387130000C,(04)23274275,(04)23288582,2025,11,26,8,33,臺中市,龍井區,0,0,0,7,,,30,,,,,,,,,,,,,,14,,,,,B03,,,1,,2,,,49,49,1,6,4,120.587973,24.180213,3
10378,66000,387130000C,(04)23274275,(04)23288582,2025,11,26,8,35,臺中市,西區,0,1,0,7,3,6,50,3,1,1,5,4,6,6,4,4,10,5,5,2,16,3,10,3,1,B03,7,5,1,8,2,2,,84,84,1,6,4,120.664446,24.149915,2
10379,66000,387130000C,(04)23274275,(04)23288582,2025,11,26,8,38,臺中市,南屯區,0,0,0,7,,,50,,,,,,,,,,,,,,13,,,,,C03,,,1,,1,,,7,7,1,13,4,120.638854,24.135129,4
10380,66000,387130000C,(04)23274275,(04)23288582,2025,11,26,8,38,臺中市,清水區,0,0,0,7,,,40,,,,,,,,,,,,,,,,,,,B12,,,1,,1,,,49,49,1,12,4,120.558908,24.27417,3
10381,66000,387130000C,(04)23274275,(04)23288582,2025,11,26,8,42,臺中市,北區,0,1,0,7,3,6,50,5,1,1,5,4,6,6,1,1,10,5,5,2,12,3,10,3,1,B11,7,5,1,8,2,8,,59,59,1,12,4,120.686245,24.154437,2
10382,66000,387130000C,(04)23274275,(04)23288582,2025,11,26,8,45,臺中市,南屯區,0,0,0,7,,,50,,,,,,,,,,,,,,17,,,,,B12,,,1,,1,,,59,59,1,13,4,120.623434,24.14458,3
10383,66000,387130000C,(04)23274275,(04)23288582,2025,11,26,8,45,臺中市,西屯區,0,0,0,7,,,50,,,,,,,,,,,,,,13,,,,,B13,,,1,,1,,,7,7,1,12,4,120.607319,24.192444,3
10384,66000,387130000C,(04)23274275,(04)23288582,2025,11,26,8,52,臺中市,大雅區,0,1,0,7,3,6,50,13,9,1,5,4,6,6,4,4,9,5,5,2,17,3,10,3,1,B03,7,11,1,8,2,8,,45,45,1,12,4,120.645605,24.221293,2
10385,66000,387130000C,(04)23274275,(04)23288582,2025,11,26,8,57,臺中市,太平區,0,1,0,7,2,6,50,3,2,1,5,4,6,6,4,4,5,5,4,1,13,2,8,2,1,C03,7,9,1,10,2,11,12,7,7,1,12,4,120.726877,24.149821,2
10386,66000,387130000C,(04)23274275,(04)23288582,2025,11,26,9,1,臺中市,南屯區,0,1,0,7,3,6,50,3,1,1,5,4,6,6,4,4,10,5,5,2,16,3,10,3,1,B03,7,6,1,8,2,8,,13,13,1,13,4,120.635938,24.133729,2
10387,66000,387130000C,(04)23274275,(04)23288582,2025,11,26,9,2,臺中市,南區,0,0,0,7,,,50,,,,,,,,,,,,,,,,,,,B01,,,1,,2,,,8,8,1,13,4,120.659055,24.126091,3
10388,66000,387130000C,(04)23274275,(04)23288582,2025,11,26,9,2,臺中市,南屯區,0,0,0,7,,,50,,,,,,,,,,,,,,,,,,,B12,,,1,,2,,,78,78,1,13,4,120.625015,24.116099,3
10389,66000,387130000C,(04)23274275,(04)23288582,2025,11,26,9,3,臺中市,西屯區,0,0,0,7,,,30,,,,,,,,,,,,,,17,,,,,B12,,,1,,2,,,8,8,1,13,4,120.621664,24.184056,3
10390,66000,387130000C,(04)23274275,(04)23288582,2025,11,26,9,3,臺中市,龍井區,0,0,0,7,,,30,,,,,,,,,,,,,,16,,,,,C03,,,1,,2,,,14,14,1,6,4,120.59168,24.18127,4
10391,66000,387130000C,(04)23274275,(04)23288582,2025,11,26,9,4,臺中市,龍井區,0,2,0,7,1,6,50,13,9,1,5,4,6,6,1,1,9,4,5,1,2,2,9,1,1,C03,7,9,1,10,2,12,,59,59,1,6,4,120.58302,24.178835,2
10392,66000,387130000C,(04)23274275,(04)23288582,2025,11,26,9,6,臺中市,北屯區,0,1,0,7,2,6,50,4,1,1,5,4,6,6,2,1,1,5,5,2,11,3,10,1,1,C03,7,6,1,10,2,11,,11,11,1,6,4,120.690956,24.162865,2
10393,66000,387130000C,(04)23274275,(04)23288582,2025,11,26,9,6,臺中市,北屯區,0,0,0,7,,3,40,,,,,,,,,,,,,,,,,,,B03,,,5,,2,,,84,84,1,6,4,120.721003,24.173441,4
10394,66000,387130000C,(04)23274275,(04)23288582,2025,11,26,9,7,臺中市,太平區,0,2,0,7,3,6,50,4,1,1,5,4,6,6,4,4,5,5,5,2,13,2,8,2,1,C03,7,9,1,10,2,11,,7,7,1,12,4,120.732391,24.141326,2
10395,66000,387130000C,(04)23274275,(04)23288582,2025,11,26,9,9,臺中市,西屯區,0,1,0,7,2,6,50,3,1,1,5,4,6,6,1,1,10,5,5,2,15,2,9,2,4,C03,7,9,1,10,2,12,,21,21,1,13,4,120.632586,24.182828,2
10396,66000,387130000C,(04)23274275,(04)23288582,2025,11,26,9,12,臺中市,南屯區,0,1,0,7,3,6,50,13,9,1,5,4,6,6,4,4,3,4,5,2,12,2,9,1,1,C03,7,8,1,10,1,14,,40,40,1,12,4,120.622987,24.149727,2
10397,66000,387130000C,(04)23274275,(04)23288582,2025,11,26,9,14,臺中市,西區,0,0,0,7,,,50,,,,,,,,,,,,,,,,,,,,,,,,,,,86,86,1,,,120.670206,24.150978,3
10398,66000,387130000C,(04)23274275,(04)23288582,2025,11,26,9,15,臺中市,北區,0,0,0,7,,,40,,,,,,,,,,,,,,17,,,,,B03,,,1,,1,,,84,84,1,12,4,120.684197,24.162869,3
10399,66000,387130000C,(04)23274275,(04)23288582,2025,11,26,9,18,臺中市,龍井區,0,2,0,7,1,6,30,3,1,1,5,4,6,6,4,4,10,5,5,2,12,2,9,1,1,C03,7,7,1,10,2,12,,8,8,1,6,4,120.584004,24.181207,2
10400,66000,387130000C,(04)23274275,(04)23288582,2025,11,26,9,20,臺中市,豐原區,0,1,0,7,2,6,50,13,9,1,5,4,6,6,4,4,5,4,5,1,12,3,10,3,1,B02,7,11,1,8,2,7,,39,39,1,12,4,120.720919,24.239853,2
10401,66000,387130000C,(04)23274275,(04)23288582,2025,11,26,9,26,臺中市,中區,0,0,0,7,,,50,,,,,,,,,,,,,,12,,,,,B03,,,1,,2,,,8,8,1,13,4,120.680013,24.139272,3
10402,66000,387130000C,(04)23274275,(04)23288582,2025,11,26,9,28,臺中市,北區,0,1,0,7,3,6,50,13,9,1,5,4,6,6,4,4,7,5,5,2,17,3,10,3,1,B03,7,1,1,8,2,8,,51,51,1,12,4,120.676566,24.172822,2
10403,66000,387130000C,(04)23274275,(04)23288582,2025,11,26,9,28,臺中市,西屯區,0,0,0,7,,,50,,,,,,,,,,,,,,17,,,,,B11,,,1,,1,,,84,84,1,13,4,120.608677,24.157389,3
10404,66000,387130000C,(04)23274275,(04)23288582,2025,11,26,9,36,臺中市,西區,0,1,0,7,3,6,50,4,1,1,5,4,6,6,1,1,10,5,5,2,13,3,10,3,1,B03,7,9,1,8,2,1,,84,84,1,12,4,120.658452,24.150853,2
10405,66000,387130000C,(04)23274275,(04)23288582,2025,11,26,9,41,臺中市,西屯區,0,1,0,6,2,6,50,3,9,1,5,4,6,6,1,1,5,4,5,2,17,3,10,5,4,B03,7,9,1,8,2,5,,59,59,1,12,4,120.613667,24.173182,2
10406,66000,387130000C,(04)23274275,(04)23288582,2025,11,26,9,42,臺中市,南屯區,0,0,0,7,,,50,,,,,,,,,,,,,,13,,,,,B03,,,1,,1,,,20,20,1,13,4,120.620854,24.13999,3
10407,66000,387130000C,(04)23274275,(04)23288582,2025,11,26,9,45,臺中市,北屯區,0,0,0,7,,,50,,,,,,,,,,,,,,12,,,,,F03,,,7,,1,,,45,45,1,12,4,120.722519,24.175717,3
10408,66000,387130000C,(04)23274275,(04)23288582,2025,11,26,9,50,臺中市,大甲區,0,0,0,7,,,30,,,,,,,,,,,,,,35,,,,,B03,,,1,,2,,,8,8,1,12,4,120.619297,24.344666,3
10409,66000,387130000C,(04)23274275,(04)23288582,2025,11,26,9,51,臺中市,西屯區,0,0,0,7,,,40,,,,,,,,,,,,,,12,,,,,B12,,,1,,1,,,40,40,1,12,4,120.616456,24.182453,3
10410,66000,387130000C,(04)23274275,(04)23288582,2025,11,26,9,54,臺中市,西屯區,0,0,0,7,,,50,,,,,,,,,,,,,,14,,,,,A11,,,1,,2,,,49,49,1,12,4,120.660886,24.172445,3
10411,66000,387130000C,(04)23274275,(04)23288582,2025,11,26,9,54,臺中市,西屯區,0,1,0,7,2,6,50,13,9,1,5,4,6,6,4,4,3,4,5,2,13,2,4,1,1,C04,7,8,1,10,1,11,,7,7,1,5,4,120.657466,24.190967,2
10412,66000,387130000C,(04)23274275,(04)23288582,2025,11,26,9,54,臺中市,大里區,0,1,0,7,2,6,50,13,9,1,5,4,6,6,4,4,9,4,4,1,30,2,9,2,1,C03,7,9,1,10,2,16,,84,84,1,12,4,120.701034,24.121207,2
10413,66000,387130000C,(04)23274275,(04)23288582,2025,11,26,9,58,臺中市,南屯區,0,0,0,7,,,50,,,,,,,,,,,,,,13,,,,,C03,,,1,,1,,,7,7,1,13,4,120.644564,24.139953,4
10414,66000,387130000C,(04)23274275,(04)23288582,2025,11,26,10,8,臺中市,烏日區,0,1,0,7,2,6,60,3,1,1,5,4,6,6,4,4,1,5,5,2,16,3,10,3,1,B03,7,5,1,8,2,8,,14,14,1,6,4,120.639103,24.108166,2
10415,66000,387130000C,(04)23274275,(04)23288582,2025,11,26,10,9,臺中市,大甲區,0,0,0,7,,,30,,,,,,,,,,,,,,14,,,,,B03,,,1,,2,,,49,49,1,6,4,120.611532,24.349492,3
10416,66000,387130000C,(04)23274275,(04)23288582,2025,11,26,10,11,臺中市,北屯區,0,1,0,7,2,6,50,13,9,1,5,4,6,6,4,4,5,4,5,2,18,2,9,1,1,C03,7,9,1,10,2,12,,82,82,1,6,4,120.670346,24.188853,2
10417,66000,387130000C,(04)23274275,(04)23288582,2025,11,26,10,11,臺中市,大里區,0,2,0,7,3,6,60,3,8,1,5,4,6,6,4,4,1,4,4,2,17,2,9,1,1,C03,7,12,1,10,2,14,,84,84,1,12,4,120.663558,24.107943,2