序號,縣市別代碼,機關代碼,市話,傳真,年,月,日,時,分,縣市,區,死亡數量,受傷數量,2-30,天候,道路照明設備,道路類別,道路速限,道路型態,事故位置,路面鋪裝,路面狀態,路面缺陷,障礙物,視距,號誌種類,號誌動作,分向設施,快車道或一般車道間,快慢車道間,路面邊線,事故類型及型態,受傷程度,主要傷處,保護裝備,行動電話或功能裝置,當事者區分(類別),車輛用途,當事者行動狀態,駕照狀態,駕照種類,飲酒情形,車輛撞擊部位最初,車輛撞擊部位其他,肇事因素個別,肇事因素主要,肇事逃逸,職業,共享經濟或外送平台,GPS座標X,GPS座標Y,事故類別
10418,66000,387130000C,(04)23274275,(04)23288582,2025,11,26,10,18,臺中市,沙鹿區,0,1,0,7,2,6,50,13,9,1,5,4,6,6,4,4,5,5,5,2,17,3,10,3,1,B03,7,11,1,8,2,1,,34,34,1,6,4,120.571202,24.2298,2
10419,66000,387130000C,(04)23274275,(04)23288582,2025,11,26,10,19,臺中市,南屯區,0,0,0,7,,,50,,,,,,,,,,,,,,13,,,,,B03,,,1,,1,,,59,59,1,12,4,120.652984,24.140432,3
10420,66000,387130000C,(04)23274275,(04)23288582,2025,11,26,10,20,臺中市,霧峰區,0,1,0,7,2,6,50,3,9,1,5,4,6,6,1,1,3,2,5,1,17,3,10,3,1,B03,7,5,3,19,9,2,,26,26,1,6,4,120.699766,24.073821,2
10421,66000,387130000C,(04)23274275,(04)23288582,2025,11,26,10,24,臺中市,豐原區,0,0,0,7,,,50,,,,,,,,,,,,,,13,,,,,C03,,,1,,2,,,7,7,1,6,4,120.720932,24.252101,3
10422,66000,387130000C,(04)23274275,(04)23288582,2025,11,26,10,25,臺中市,西區,0,1,0,7,3,6,50,4,1,1,5,4,6,6,1,1,10,5,5,2,16,3,10,3,1,B03,7,5,1,8,1,2,,47,47,1,12,4,120.669817,24.149576,2
10423,66000,387130000C,(04)23274275,(04)23288582,2025,11,26,10,25,臺中市,南屯區,0,0,0,7,,,40,,,,,,,,,,,,,,17,,,,,B12,,,1,,1,,,84,84,1,13,4,120.615818,24.1504,3
10424,66000,387130000C,(04)23274275,(04)23288582,2025,11,26,10,26,臺中市,大里區,0,1,0,7,3,6,50,4,1,1,5,4,6,6,1,1,10,5,5,2,12,2,9,1,1,C03,7,6,1,10,2,14,,48,48,1,13,4,120.67887,24.112304,2
10425,66000,387130000C,(04)23274275,(04)23288582,2025,11,26,10,26,臺中市,沙鹿區,0,2,0,7,2,6,50,4,2,1,5,4,6,6,4,4,8,3,5,2,17,2,9,5,4,C03,7,6,1,10,2,13,,48,48,1,13,4,120.579967,24.214489,2
10426,66000,387130000C,(04)23274275,(04)23288582,2025,11,26,10,27,臺中市,龍井區,0,0,0,7,,,60,,,,,,,,,,,,,,13,,,,,B02,,,1,,1,,,78,78,1,6,4,120.574229,24.183807,3
10427,66000,387130000C,(04)23274275,(04)23288582,2025,11,26,10,28,臺中市,西區,0,1,0,7,1,6,50,3,7,1,5,4,6,6,4,4,7,4,4,2,17,3,10,1,1,C03,7,1,5,10,2,14,,51,51,1,13,4,120.661862,24.137276,2
10428,66000,387130000C,(04)23274275,(04)23288582,2025,11,26,10,32,臺中市,后里區,0,0,0,7,,,50,,,,,,,,,,,,,,15,,,,,B03,,,1,,2,,,15,15,1,13,4,120.684863,24.297725,3
10429,66000,387130000C,(04)23274275,(04)23288582,2025,11,26,10,33,臺中市,后里區,0,0,0,7,,,50,,,,,,,,,,,,,,17,,,,,B03,,,1,,2,,,8,8,1,6,4,120.724621,24.30761,3
10430,66000,387130000C,(04)23274275,(04)23288582,2025,11,26,10,36,臺中市,北屯區,0,1,0,7,3,6,50,4,1,1,5,4,6,6,1,3,10,5,5,2,15,2,8,2,1,C03,7,9,1,10,2,12,,15,15,1,6,4,120.705794,24.178224,2
10431,66000,387130000C,(04)23274275,(04)23288582,2025,11,26,10,39,臺中市,潭子區,0,0,0,7,,,30,,,,,,,,,,,,,,14,,,,,A12,,,1,,2,,,49,49,1,13,4,120.711571,24.232207,3
10432,66000,387130000C,(04)23274275,(04)23288582,2025,11,26,10,39,臺中市,沙鹿區,0,1,0,7,2,6,50,4,2,1,5,4,6,6,4,4,5,5,5,2,17,2,8,5,1,B01,7,14,1,8,1,4,,76,76,1,6,4,120.562214,24.239303,2
10433,66000,387130000C,(04)23274275,(04)23288582,2025,11,26,10,40,臺中市,梧棲區,0,0,0,7,,,50,,,,,,,,,,,,,,14,,,,,C03,,,1,,1,,,49,49,1,12,4,120.532549,24.254075,3
10434,66000,387130000C,(04)23274275,(04)23288582,2025,11,26,10,45,臺中市,大雅區,0,1,0,7,3,6,30,13,8,1,5,4,6,6,4,4,10,5,5,2,18,2,5,6,1,F01,7,9,7,21,2,14,,82,82,1,12,4,120.636032,24.244267,2
10435,66000,387130000C,(04)23274275,(04)23288582,2025,11,26,10,48,臺中市,北屯區,0,1,0,7,2,6,50,4,1,1,5,4,6,6,4,4,10,5,5,2,18,2,9,1,1,C03,7,9,1,10,2,12,,84,84,1,6,4,120.703452,24.186039,2
10436,66000,387130000C,(04)23274275,(04)23288582,2025,11,26,10,49,臺中市,烏日區,0,0,0,7,,,30,,,,,,,,,,,,,,17,,,,,B03,,,1,,2,,,59,59,1,6,4,120.642035,24.109528,3
10437,66000,387130000C,(04)23274275,(04)23288582,2025,11,26,10,50,臺中市,北區,0,0,0,7,,,50,,,,,,,,,,,,,,17,,,,,B12,,,1,,2,,,84,84,1,13,4,120.675438,24.159672,3
10438,66000,387130000C,(04)23274275,(04)23288582,2025,11,26,10,50,臺中市,北屯區,0,1,0,7,2,6,30,4,1,1,5,4,6,6,4,4,4,5,4,2,15,2,9,1,1,C03,7,9,1,10,2,11,,15,15,1,12,4,120.663569,24.19913,2
10439,66000,387130000C,(04)23274275,(04)23288582,2025,11,26,10,51,臺中市,東區,0,1,0,7,2,6,50,4,1,1,5,4,6,6,2,1,10,5,5,2,16,3,10,3,1,B12,7,5,1,8,2,5,,11,11,1,12,4,120.701199,24.142801,2
10440,66000,387130000C,(04)23274275,(04)23288582,2025,11,26,10,53,臺中市,西區,0,0,0,7,,,50,,,,,,,,,,,,,,,,,,,B03,,,1,,2,,,84,84,1,6,4,120.66648,24.147732,3
10441,66000,387130000C,(04)23274275,(04)23288582,2025,11,26,10,58,臺中市,北屯區,0,0,0,7,,,60,,,,,,,,,,,,,,13,,,,,B03,,,1,,1,,,59,59,1,6,4,120.711622,24.164892,4
10442,66000,387130000C,(04)23274275,(04)23288582,2025,11,26,11,0,臺中市,梧棲區,0,0,0,7,,,70,,,,,,,,,,,,,,17,,,,,A32,,,1,,1,,,40,40,1,12,4,120.518704,24.239911,3
10443,66000,387130000C,(04)23274275,(04)23288582,2025,11,26,11,2,臺中市,東勢區,0,0,0,7,,,30,,,,,,,,,,,,,,,,,,,C04,,,3,,1,,,41,41,1,12,4,120.837858,24.244152,3
10444,66000,387130000C,(04)23274275,(04)23288582,2025,11,26,11,3,臺中市,梧棲區,0,3,0,7,2,6,50,4,1,1,5,4,6,6,1,3,10,5,5,2,15,2,9,3,1,B03,7,9,1,8,2,1,,12,12,1,12,4,120.539782,24.262679,2
10445,66000,387130000C,(04)23274275,(04)23288582,2025,11,26,11,3,臺中市,沙鹿區,0,0,0,7,,,40,,,,,,,,,,,,,,,,,,,B03,,,1,,2,,,49,49,1,13,4,120.56845,24.206631,3
10446,66000,387130000C,(04)23274275,(04)23288582,2025,11,26,11,5,臺中市,太平區,0,2,0,7,2,6,40,13,7,1,5,4,6,6,4,4,5,4,4,1,17,2,9,5,4,C03,7,1,1,10,2,14,,51,51,1,6,4,120.731186,24.150321,2
10447,66000,387130000C,(04)23274275,(04)23288582,2025,11,26,11,11,臺中市,沙鹿區,0,0,0,7,,,40,,,,,,,,,,,,,,,,,,,B02,,,1,,2,,,59,59,1,6,4,120.573252,24.230604,3
10448,66000,387130000C,(04)23274275,(04)23288582,2025,11,26,11,16,臺中市,神岡區,0,0,0,7,,,50,,,,,,,,,,,,,,2,,,,,A11,,,1,,1,,,59,59,1,12,4,120.683941,24.246691,3
10449,66000,387130000C,(04)23274275,(04)23288582,2025,11,26,11,18,臺中市,北屯區,0,2,0,7,3,6,50,5,1,1,5,4,6,6,2,1,10,5,5,2,12,2,8,2,1,C03,7,10,3,19,2,14,,42,42,1,6,4,120.699447,24.182714,2
10450,66000,387130000C,(04)23274275,(04)23288582,2025,11,26,11,19,臺中市,沙鹿區,0,1,0,7,2,6,70,3,1,1,5,4,6,6,1,1,10,5,5,2,16,3,10,3,1,B03,7,5,1,8,2,5,,47,47,1,6,4,120.581214,24.20969,2
10451,66000,387130000C,(04)23274275,(04)23288582,2025,11,26,11,22,臺中市,沙鹿區,0,1,0,7,2,6,50,4,2,1,5,4,6,6,4,4,8,3,5,2,17,2,9,5,4,B03,7,9,1,8,2,4,,12,12,1,13,4,120.562964,24.244077,2
10452,66000,387130000C,(04)23274275,(04)23288582,2025,11,26,11,23,臺中市,沙鹿區,0,2,0,7,2,6,50,3,1,1,5,4,6,6,1,1,3,4,3,2,17,2,9,1,1,C03,7,9,3,19,2,14,,21,21,1,13,4,120.580081,24.219697,2
10453,66000,387130000C,(04)23274275,(04)23288582,2025,11,26,11,25,臺中市,北屯區,0,0,0,7,,,50,,,,,,,,,,,,,,,,,,,B12,,,1,,2,,,49,49,1,6,4,120.682209,24.176396,4
10454,66000,387130000C,(04)23274275,(04)23288582,2025,11,26,11,26,臺中市,新社區,0,0,0,7,,,50,,,,,,,,,,,,,,13,,,,,B03,,,1,,1,,,7,7,1,13,4,120.807025,24.255649,3
10455,66000,387130000C,(04)23274275,(04)23288582,2025,11,26,11,27,臺中市,西屯區,0,2,0,7,2,6,50,4,1,1,5,4,6,6,1,1,10,5,5,2,17,2,9,5,4,C03,7,9,1,10,2,12,,21,21,1,13,4,120.642979,24.176999,2
10456,66000,387130000C,(04)23274275,(04)23288582,2025,11,26,11,32,臺中市,北屯區,0,1,0,7,3,6,50,3,1,1,5,4,6,6,4,4,10,5,5,2,16,3,10,3,1,B03,7,5,1,8,2,5,,65,65,1,6,4,120.688559,24.200789,2
10457,66000,387130000C,(04)23274275,(04)23288582,2025,11,26,11,36,臺中市,北區,0,1,0,7,3,6,50,11,9,1,5,4,6,6,4,4,1,5,5,2,13,2,3,1,1,C03,7,9,1,10,1,11,,59,59,1,12,4,120.674067,24.162667,2
10458,66000,387130000C,(04)23274275,(04)23288582,2025,11,26,11,36,臺中市,梧棲區,0,1,0,7,3,6,50,4,1,1,5,4,6,6,1,1,10,5,5,2,15,2,9,1,1,C03,7,9,1,10,2,12,,21,21,1,6,4,120.55494,24.254059,2
10459,66000,387130000C,(04)23274275,(04)23288582,2025,11,26,11,39,臺中市,大里區,0,0,0,7,,,50,,,,,,,,,,,,,,,,,,,B03,,,1,,2,,,50,50,1,13,4,120.705462,24.087624,3
10460,66000,387130000C,(04)23274275,(04)23288582,2025,11,26,11,42,臺中市,西區,0,2,0,7,2,6,50,4,1,1,5,4,6,6,4,4,10,5,5,2,17,2,9,1,1,C03,7,9,3,19,3,11,,15,15,1,12,4,120.658813,24.141573,2
10461,66000,387130000C,(04)23274275,(04)23288582,2025,11,26,11,43,臺中市,西區,0,2,0,7,2,6,30,4,1,1,5,4,6,6,4,4,10,5,5,2,15,2,9,2,1,C03,7,9,3,19,2,11,,12,12,1,12,4,120.658772,24.137034,2
10462,66000,387130000C,(04)23274275,(04)23288582,2025,11,26,11,47,臺中市,南屯區,0,1,0,7,2,6,50,4,1,1,5,4,6,6,2,1,10,5,5,2,13,3,10,3,1,B12,7,9,1,8,2,1,,7,7,1,13,4,120.62267,24.140394,2
10463,66000,387130000C,(04)23274275,(04)23288582,2025,11,26,11,48,臺中市,龍井區,0,2,0,7,1,6,30,4,1,1,5,4,6,6,4,4,10,5,5,2,15,2,9,1,1,C03,7,9,1,10,2,11,,6,6,1,6,4,120.589881,24.183094,2
10464,66000,387130000C,(04)23274275,(04)23288582,2025,11,26,11,50,臺中市,西屯區,0,1,0,7,2,6,50,5,1,1,5,4,6,6,2,1,10,5,5,2,16,2,9,2,4,C03,7,9,1,10,1,11,,7,7,1,13,4,120.649077,24.175034,2
10465,66000,387130000C,(04)23274275,(04)23288582,2025,11,26,11,51,臺中市,東區,0,1,0,7,3,6,50,13,9,1,5,4,6,6,4,4,5,5,5,2,30,3,10,5,4,C03,7,9,1,10,2,16,,87,87,1,6,4,120.687217,24.14323,2
10466,66000,387130000C,(04)23274275,(04)23288582,2025,11,26,11,53,臺中市,南區,0,1,0,7,2,6,50,13,9,1,5,4,6,6,4,4,9,5,5,2,13,2,9,1,1,C03,7,9,1,10,2,11,,7,7,1,12,4,120.655464,24.124055,2
10467,66000,387130000C,(04)23274275,(04)23288582,2025,11,26,11,53,臺中市,烏日區,0,0,0,7,2,6,30,13,9,1,5,4,4,6,4,4,10,5,5,2,12,3,10,3,1,B03,7,9,1,8,2,5,,84,84,1,6,4,120.622485,24.106595,3
10468,66000,387130000C,(04)23274275,(04)23288582,2025,11,26,11,55,臺中市,西區,0,1,0,7,3,6,50,3,9,1,5,4,6,6,4,4,9,5,5,2,17,3,10,3,1,B03,7,1,1,8,1,4,,51,51,1,12,4,120.658489,24.153832,2
10469,66000,387130000C,(04)23274275,(04)23288582,2025,11,26,11,58,臺中市,中區,0,0,0,7,,,50,,,,,,,,,,,,,,17,,,,,B03,,,1,,1,,,84,84,1,13,4,120.682359,24.13949,3
10470,66000,387130000C,(04)23274275,(04)23288582,2025,11,26,11,59,臺中市,北區,0,1,0,7,2,6,50,13,8,1,5,4,6,6,4,4,1,4,4,2,17,3,10,5,4,B12,7,15,1,6,2,5,,84,84,1,12,4,120.680656,24.152766,2
10471,66000,387130000C,(04)23274275,(04)23288582,2025,11,26,12,3,臺中市,潭子區,0,0,0,7,,,50,,,,,,,,,,,,,,,,,,,B13,,,1,,2,,,59,59,1,12,4,120.692727,24.224692,3
10472,66000,387130000C,(04)23274275,(04)23288582,2025,11,26,12,3,臺中市,豐原區,0,0,0,7,,,50,,,,,,,,,,,,,,,,,,,B12,,,1,,2,,,49,49,1,13,4,120.709482,24.246205,3
10473,66000,387130000C,(04)23274275,(04)23288582,2025,11,26,12,6,臺中市,南屯區,0,0,0,7,3,6,50,13,9,1,5,4,6,6,4,4,10,5,5,2,14,,,,,B02,,,1,,2,,,49,49,1,12,4,120.603705,24.136449,3
10474,66000,387130000C,(04)23274275,(04)23288582,2025,11,26,12,9,臺中市,太平區,0,1,0,7,2,6,50,3,2,1,5,4,6,6,4,4,10,5,5,2,16,3,10,3,1,B12,7,6,1,6,2,8,,58,58,1,12,4,120.722665,24.103778,2
10475,66000,387130000C,(04)23274275,(04)23288582,2025,11,26,12,10,臺中市,太平區,0,0,0,7,,,40,,,,,,,,,,,,,,14,,,,,B03,,,1,,1,,,49,49,1,6,4,120.714071,24.149478,3
10476,66000,387130000C,(04)23274275,(04)23288582,2025,11,26,12,12,臺中市,大里區,0,0,0,7,,,50,,,,,,,,,,,,,,,,,,,B12,,,1,,1,,,49,49,1,13,4,120.709048,24.082799,3
10477,66000,387130000C,(04)23274275,(04)23288582,2025,11,26,12,15,臺中市,北屯區,0,2,0,7,3,6,50,13,9,1,5,4,6,6,4,4,5,5,5,2,2,2,7,3,1,B03,7,9,1,8,2,5,,84,84,1,12,4,120.74559,24.198293,2
10478,66000,387130000C,(04)23274275,(04)23288582,2025,11,26,12,16,臺中市,南區,0,0,0,7,,,40,,,,,,,,,,,,,,17,,,,,C03,,,1,,9,,,50,50,2,13,4,120.67842,24.132401,3
10479,66000,387130000C,(04)23274275,(04)23288582,2025,11,26,12,17,臺中市,西屯區,0,0,0,7,,,40,,,,,,,,,,,,,,13,,,,,C03,,,1,,1,,,59,59,1,13,4,120.65001,24.16265,3
10480,66000,387130000C,(04)23274275,(04)23288582,2025,11,26,12,18,臺中市,西屯區,0,1,0,7,2,6,40,3,1,1,5,4,6,6,2,1,10,5,5,2,16,2,9,1,1,C03,7,6,1,10,2,14,12,38,38,1,12,4,120.61488,24.171838,2
10481,66000,387130000C,(04)23274275,(04)23288582,2025,11,26,12,23,臺中市,北區,0,1,0,7,3,6,50,13,9,1,5,4,6,6,4,4,1,4,5,2,17,2,9,1,1,C03,7,9,1,10,2,11,,7,7,1,12,4,120.673527,24.166397,2
10482,66000,387130000C,(04)23274275,(04)23288582,2025,11,26,12,25,臺中市,大甲區,0,0,0,7,,,,,,,,,,,,,,,,,,,,,,,,,,,,,,84,84,1,,,120.61873,24.354399,3
10483,66000,387130000C,(04)23274275,(04)23288582,2025,11,26,12,28,臺中市,霧峰區,0,0,0,7,,,50,,,,,,,,,,,,,,13,,,,,C03,,,1,,2,,,7,7,1,6,4,120.714809,24.074422,3
10484,66000,387130000C,(04)23274275,(04)23288582,2025,11,26,12,32,臺中市,西屯區,0,0,0,7,,,40,,,,,,,,,,,,,,13,,,,,C03,,,1,,1,,,59,59,1,12,4,120.61168,24.184375,3
10485,66000,387130000C,(04)23274275,(04)23288582,2025,11,26,12,33,臺中市,西區,0,0,0,7,,,50,,,,,,,,,,,,,,,,,,,B03,,,1,,1,,,50,50,1,6,4,120.660321,24.160795,3
10486,66000,387130000C,(04)23274275,(04)23288582,2025,11,26,12,35,臺中市,中區,0,0,0,7,,,50,,,,,,,,,,,,,,17,,,,,C03,,,1,,2,,,35,35,1,12,4,120.6817,24.144481,3
10487,66000,387130000C,(04)23274275,(04)23288582,2025,11,26,12,36,臺中市,大雅區,0,0,0,7,,,30,,,,,,,,,,,,,,,,,,,B03,,,1,,2,,,84,84,1,12,4,120.657748,24.225238,3
10488,66000,387130000C,(04)23274275,(04)23288582,2025,11,26,12,36,臺中市,豐原區,0,1,0,7,2,6,50,3,9,1,5,4,6,6,4,4,10,5,5,2,18,2,9,1,1,C03,7,9,1,10,2,12,,84,84,1,12,4,120.719463,24.277893,2
10489,66000,387130000C,(04)23274275,(04)23288582,2025,11,26,12,44,臺中市,西屯區,0,1,0,7,2,6,50,3,9,1,5,4,6,6,1,1,5,4,5,2,17,2,8,1,1,C03,7,9,1,10,1,11,,7,7,1,12,4,120.643849,24.20046,2
10490,66000,387130000C,(04)23274275,(04)23288582,2025,11,26,12,45,臺中市,梧棲區,0,0,0,7,,,50,,,,,,,,,,,,,,27,,,,,A11,,,1,,9,,,59,59,1,12,4,120.549566,24.236943,3
10491,66000,387130000C,(04)23274275,(04)23288582,2025,11,26,12,47,臺中市,南區,0,0,0,7,,,50,,,,,,,,,,,,,,13,,,,,C03,,,1,,1,,,7,7,1,5,4,120.67935,24.122121,3
10492,66000,387130000C,(04)23274275,(04)23288582,2025,11,26,12,52,臺中市,后里區,0,1,0,6,3,6,50,13,7,1,5,4,6,6,1,1,1,4,5,1,13,2,9,1,1,C03,7,9,1,10,2,11,,84,84,1,6,4,120.72365,24.31668,2
10493,66000,387130000C,(04)23274275,(04)23288582,2025,11,26,12,53,臺中市,西屯區,0,1,0,7,2,6,50,4,1,1,5,4,6,6,2,1,10,5,5,2,16,3,10,5,4,B03,7,6,1,8,2,6,,11,11,1,13,4,120.64312,24.178293,2
10494,66000,387130000C,(04)23274275,(04)23288582,2025,11,26,12,58,臺中市,北區,0,1,0,7,2,6,50,4,1,1,5,4,6,6,1,1,10,5,5,2,17,3,10,3,1,B03,7,11,1,8,2,1,,45,45,1,12,4,120.685574,24.153539,2
10495,66000,387130000C,(04)23274275,(04)23288582,2025,11,26,12,59,臺中市,西區,0,1,0,7,1,6,50,13,9,1,5,4,6,6,4,4,9,4,5,2,12,2,8,1,1,C03,7,1,1,10,2,12,,51,51,1,13,4,120.661316,24.161257,2
10496,66000,387130000C,(04)23274275,(04)23288582,2025,11,26,13,0,臺中市,西區,0,0,0,7,,,50,,,,,,,,,,,,,,13,,,,,B03,,,1,,1,,,7,7,1,12,4,120.670986,24.145146,3
10497,66000,387130000C,(04)23274275,(04)23288582,2025,11,26,13,0,臺中市,龍井區,0,0,0,7,,,40,,,,,,,,,,,,,,14,,,,,B02,,,1,,2,,,49,49,1,6,4,120.576657,24.177005,3
10498,66000,387130000C,(04)23274275,(04)23288582,2025,11,26,13,4,臺中市,南區,0,1,0,7,3,6,50,4,9,1,5,4,6,6,2,1,1,4,5,2,17,3,10,3,1,B03,7,11,1,8,2,5,,25,25,1,13,4,120.650059,24.120652,2
10499,66000,387130000C,(04)23274275,(04)23288582,2025,11,26,13,6,臺中市,西區,0,1,0,7,2,6,50,4,1,1,5,4,6,6,2,1,5,4,5,2,12,3,10,3,1,B12,7,5,1,6,2,2,,47,47,1,13,4,120.664322,24.146813,2
10500,66000,387130000C,(04)23274275,(04)23288582,2025,11,26,13,6,臺中市,北區,0,1,0,7,3,6,50,13,9,1,5,4,6,6,4,4,5,5,5,2,18,2,9,1,1,C03,7,1,3,19,2,12,,84,84,1,12,4,120.676915,24.160512,2
10501,66000,387130000C,(04)23274275,(04)23288582,2025,11,26,13,7,臺中市,大里區,0,0,0,7,,,50,,,,,,,,,,,,,,,,,,,B03,,,1,,2,,,51,51,1,12,4,120.681371,24.109712,3
10502,66000,387130000C,(04)23274275,(04)23288582,2025,11,26,13,9,臺中市,西屯區,0,0,0,7,,,50,,,,,,,,,,,,,,13,,,,,B03,,,1,,1,,,56,56,1,13,4,120.618875,24.181288,3
10503,66000,387130000C,(04)23274275,(04)23288582,2025,11,26,13,24,臺中市,西區,0,0,0,7,,,50,,,,,,,,,,,,,,,,,,,C02,,,1,,1,,,84,84,1,13,4,120.666018,24.132357,3
10504,66000,387130000C,(04)23274275,(04)23288582,2025,11,26,13,24,臺中市,西屯區,0,0,0,7,,,60,,,,,,,,,,,,,,13,,,,,B12,,,1,,2,,,59,59,1,13,4,120.639329,24.168863,3
10505,66000,387130000C,(04)23274275,(04)23288582,2025,11,26,13,26,臺中市,西屯區,0,1,0,7,2,6,40,13,8,1,5,4,6,6,4,4,3,4,5,2,13,2,9,5,4,C03,7,9,1,10,1,11,,7,7,1,12,4,120.617529,24.1818,2
10506,66000,387130000C,(04)23274275,(04)23288582,2025,11,26,13,30,臺中市,大甲區,0,1,0,7,3,6,50,3,7,1,5,4,6,6,4,4,5,4,4,1,16,2,9,3,1,B03,7,1,1,8,2,5,,51,51,1,6,4,120.638752,24.362569,2
10507,66000,387130000C,(04)23274275,(04)23288582,2025,11,26,13,35,臺中市,大里區,0,1,0,7,3,6,60,4,2,1,5,4,6,6,1,1,1,2,5,2,12,4,11,2,1,C03,7,9,1,10,2,14,,84,84,1,6,4,120.67179,24.102372,2
10508,66000,387130000C,(04)23274275,(04)23288582,2025,11,26,13,35,臺中市,豐原區,0,1,0,7,2,6,50,13,7,1,5,4,6,6,1,1,5,4,5,1,17,2,9,2,1,C03,7,9,3,19,2,11,,58,58,1,13,4,120.721444,24.239235,2
10509,66000,387130000C,(04)23274275,(04)23288582,2025,11,26,13,36,臺中市,西屯區,0,0,0,7,,,40,,,,,,,,,,,,,,13,,,,,B03,,,1,,1,,,59,59,1,12,4,120.635703,24.180977,3
10510,66000,387130000C,(04)23274275,(04)23288582,2025,11,26,13,41,臺中市,南屯區,0,1,0,7,2,6,50,4,2,1,5,4,6,6,2,1,9,4,1,2,12,3,10,1,1,C03,7,9,1,10,2,14,,84,84,1,12,4,120.585095,24.166854,2
10511,66000,387130000C,(04)23274275,(04)23288582,2025,11,26,13,41,臺中市,北屯區,0,1,0,7,2,6,50,13,7,1,5,4,6,6,1,1,5,4,4,2,13,2,8,1,1,C03,7,9,1,10,1,11,,7,7,1,6,4,120.697417,24.1649,2
10512,66000,387130000C,(04)23274275,(04)23288582,2025,11,26,13,42,臺中市,北區,0,1,0,7,2,6,40,4,8,1,5,4,6,6,2,1,5,4,4,2,18,2,9,1,1,C03,7,9,1,10,2,16,,84,84,1,13,4,120.67502,24.149051,2
10513,66000,387130000C,(04)23274275,(04)23288582,2025,11,26,13,44,臺中市,北區,0,0,0,7,,,50,,,,,,,,,,,,,,,,,,,B01,,,1,,1,,,40,40,1,12,4,120.682726,24.145909,3
10514,66000,387130000C,(04)23274275,(04)23288582,2025,11,26,13,48,臺中市,后里區,0,1,0,7,3,6,50,4,1,1,5,4,6,6,4,4,10,5,5,2,16,3,10,3,1,B02,7,5,1,8,2,5,,84,84,1,6,4,120.71254,24.308021,2
10515,66000,387130000C,(04)23274275,(04)23288582,2025,11,26,13,50,臺中市,潭子區,0,1,0,7,3,6,30,11,9,1,5,4,6,6,4,4,10,4,5,1,17,3,10,3,1,B13,7,2,1,8,2,3,,49,49,1,12,4,120.712658,24.203353,2
10516,66000,387130000C,(04)23274275,(04)23288582,2025,11,26,14,0,臺中市,南屯區,0,0,0,7,,,50,,,,,,,,,,,,,,,,,,,G03,,,1,,1,,,21,21,1,6,4,120.616701,24.15369,3
10517,66000,387130000C,(04)23274275,(04)23288582,2025,11,26,14,1,臺中市,北屯區,0,0,0,7,,,50,,,,,,,,,,,,,,12,,,,,B03,,,1,8,1,,,35,35,1,6,4,120.685455,24.181276,3
10518,66000,387130000C,(04)23274275,(04)23288582,2025,11,26,14,2,臺中市,大里區,0,0,0,7,,,50,,,,,,,,,,,,,,,,,,,B03,,,1,,2,,,8,8,1,12,4,120.685237,24.119123,3
10519,66000,387130000C,(04)23274275,(04)23288582,2025,11,26,14,5,臺中市,南區,0,0,0,7,,,50,,,,,,,,,,,,,,,,,,,A12,,,1,,1,,,51,51,1,12,4,120.665964,24.116738,3
10520,66000,387130000C,(04)23274275,(04)23288582,2025,11,26,14,7,臺中市,龍井區,0,1,0,7,2,6,50,4,1,1,5,4,6,6,1,1,10,5,5,2,16,3,10,3,1,A41,7,5,1,1,2,5,,8,8,1,6,4,120.583366,24.179911,2
10521,66000,387130000C,(04)23274275,(04)23288582,2025,11,26,14,12,臺中市,潭子區,0,1,0,6,3,6,40,13,8,1,5,4,6,6,4,4,1,4,4,1,13,2,9,2,1,C03,7,9,1,10,2,11,,84,84,1,13,4,120.694663,24.215608,2
10522,66000,387130000C,(04)23274275,(04)23288582,2025,11,26,14,19,臺中市,豐原區,0,1,0,7,2,6,40,11,9,1,5,4,6,6,4,4,4,5,5,1,18,2,9,5,4,C03,7,5,1,10,2,16,,84,84,1,12,4,120.751944,24.259174,2
10523,66000,387130000C,(04)23274275,(04)23288582,2025,11,26,14,26,臺中市,太平區,0,1,0,7,2,6,50,13,7,1,5,4,6,6,4,4,5,5,5,1,18,2,9,5,4,C03,7,9,1,10,2,14,,59,59,1,6,4,120.714318,24.12494,2
10524,66000,387130000C,(04)23274275,(04)23288582,2025,11,26,14,40,臺中市,西屯區,0,0,0,7,,,,,,,,,,,,,,,,,17,,,,,,,,,,,,,119,119,1,,,120.624383,24.178531,3
10525,66000,387130000C,(04)23274275,(04)23288582,2025,11,26,14,41,臺中市,東勢區,0,1,0,7,2,6,70,13,9,1,5,4,6,6,1,1,8,5,5,2,12,3,10,3,1,B03,7,7,1,8,2,2,,35,35,1,12,4,120.829505,24.254306,2
10526,66000,387130000C,(04)23274275,(04)23288582,2025,11,26,14,43,臺中市,北屯區,0,2,0,7,3,6,50,4,1,1,5,4,6,6,4,4,10,5,5,2,15,2,6,1,1,C03,7,9,1,10,2,12,,12,12,1,12,4,120.673382,24.181457,2
10527,66000,387130000C,(04)23274275,(04)23288582,2025,11,26,14,43,臺中市,太平區,0,0,0,7,,,30,,,,,,,,,,,,,,11,,,,,C04,,,1,,2,,,84,84,1,6,4,120.709894,24.150018,3