序號,縣市別代碼,機關代碼,市話,傳真,年,月,日,時,分,縣市,區,死亡數量,受傷數量,2-30,天候,道路照明設備,道路類別,道路速限,道路型態,事故位置,路面鋪裝,路面狀態,路面缺陷,障礙物,視距,號誌種類,號誌動作,分向設施,快車道或一般車道間,快慢車道間,路面邊線,事故類型及型態,受傷程度,主要傷處,保護裝備,行動電話或功能裝置,當事者區分(類別),車輛用途,當事者行動狀態,駕照狀態,駕照種類,飲酒情形,車輛撞擊部位最初,車輛撞擊部位其他,肇事因素個別,肇事因素主要,肇事逃逸,職業,共享經濟或外送平台,GPS座標X,GPS座標Y,事故類別
10528,66000,387130000C,(04)23274275,(04)23288582,2025,11,26,14,44,臺中市,梧棲區,0,4,0,7,2,6,30,13,9,1,5,4,6,6,4,4,10,5,5,2,16,2,8,1,1,C03,7,1,1,10,2,11,,51,51,1,12,4,120.53268,24.261095,2
10529,66000,387130000C,(04)23274275,(04)23288582,2025,11,26,14,47,臺中市,西屯區,0,1,0,7,2,6,50,13,9,1,5,4,6,6,4,4,5,4,5,2,13,2,9,5,4,C03,7,9,1,10,2,11,,94,94,1,13,4,120.62376,24.178397,2
10530,66000,387130000C,(04)23274275,(04)23288582,2025,11,26,14,49,臺中市,南區,0,0,0,7,,,50,,,,,,,,,,,,,,,,,,,B12,,,1,,1,,,78,78,1,12,4,120.662556,24.123981,3
10531,66000,387130000C,(04)23274275,(04)23288582,2025,11,26,14,52,臺中市,南屯區,0,0,0,7,,,50,,,,,,,,,,,,,,17,,,,,B03,,,1,,2,,,84,84,1,12,4,120.645683,24.137841,3
10532,66000,387130000C,(04)23274275,(04)23288582,2025,11,26,14,58,臺中市,北屯區,0,0,0,7,,,50,,,,,,,,,,,,,,17,,,,,B03,,,1,,1,,,76,76,1,6,4,120.718666,24.172233,3
10533,66000,387130000C,(04)23274275,(04)23288582,2025,11,26,14,58,臺中市,豐原區,0,2,0,7,2,6,50,3,9,1,5,4,6,6,4,4,5,5,5,2,12,2,9,1,1,C03,7,6,1,10,2,11,,7,7,1,12,4,120.715203,24.251812,2
10534,66000,387130000C,(04)23274275,(04)23288582,2025,11,26,15,1,臺中市,北區,0,1,0,7,2,6,50,13,8,1,5,4,6,6,4,4,1,4,4,2,13,2,9,1,1,C03,7,9,1,10,2,11,,84,84,1,13,4,120.684858,24.164526,2
10535,66000,387130000C,(04)23274275,(04)23288582,2025,11,26,15,1,臺中市,西屯區,0,0,0,7,,,50,,,,,,,,,,,,,,14,,,,,B03,,,1,,2,,,49,49,1,12,4,120.606856,24.187221,3
10536,66000,387130000C,(04)23274275,(04)23288582,2025,11,26,15,10,臺中市,潭子區,0,0,0,7,,3,40,,,,,,,,,,,,,,,,,,,B03,,,1,,2,,,84,84,1,13,4,120.700078,24.201092,3
10537,66000,387130000C,(04)23274275,(04)23288582,2025,11,26,15,15,臺中市,太平區,0,0,0,7,,,30,,,,,,,,,,,,,,9,,,,,B12,,,1,,2,,,93,93,1,12,4,120.709365,24.120196,3
10538,66000,387130000C,(04)23274275,(04)23288582,2025,11,26,15,17,臺中市,西屯區,0,0,0,7,,,50,,,,,,,,,,,,,,15,,,,,C03,,,1,,1,,,21,21,1,13,4,120.645276,24.162516,3
10539,66000,387130000C,(04)23274275,(04)23288582,2025,11,26,15,33,臺中市,南屯區,0,0,0,7,,,50,,,,,,,,,,,,,,14,,,,,B03,,,1,,11,,,59,59,1,12,4,120.612477,24.148946,3
10540,66000,387130000C,(04)23274275,(04)23288582,2025,11,26,15,35,臺中市,豐原區,0,1,0,7,2,6,50,13,7,1,5,4,6,6,4,4,9,5,4,2,16,3,10,5,4,B03,7,1,1,8,2,8,,51,51,1,13,4,120.713897,24.239402,2
10541,66000,387130000C,(04)23274275,(04)23288582,2025,11,26,15,40,臺中市,西屯區,0,1,0,7,2,6,40,13,7,1,5,4,6,6,4,4,5,5,4,2,16,3,10,3,1,B01,7,6,1,4,2,5,,20,20,1,12,4,120.590375,24.174344,2
10542,66000,387130000C,(04)23274275,(04)23288582,2025,11,26,15,41,臺中市,北區,0,1,0,7,2,6,50,13,9,1,5,4,6,6,4,4,8,3,5,2,12,3,10,3,1,B03,7,9,1,8,2,8,,7,7,1,13,4,120.671375,24.167135,2
10543,66000,387130000C,(04)23274275,(04)23288582,2025,11,26,15,43,臺中市,大甲區,0,1,0,7,2,6,70,13,8,1,5,4,6,6,4,4,1,4,4,1,18,2,9,2,1,C03,7,9,1,10,2,14,,84,84,1,6,4,120.644929,24.371076,2
10544,66000,387130000C,(04)23274275,(04)23288582,2025,11,26,15,49,臺中市,西屯區,0,0,0,7,,,40,,,,,,,,,,,,,,9,,,,,B03,,,1,,9,,,51,51,2,12,4,120.640502,24.177779,3
10545,66000,387130000C,(04)23274275,(04)23288582,2025,11,26,15,54,臺中市,北區,0,1,0,7,2,6,50,13,9,1,5,4,6,6,4,4,10,5,5,2,17,2,9,1,1,C03,7,9,1,10,2,12,,42,42,1,12,4,120.683687,24.165552,2
10546,66000,387130000C,(04)23274275,(04)23288582,2025,11,26,15,55,臺中市,潭子區,0,0,0,7,,,50,,,,,,,,,,,,,,,,,,,B03,,,1,,2,,,40,40,1,13,4,120.702413,24.201015,3
10547,66000,387130000C,(04)23274275,(04)23288582,2025,11,26,16,0,臺中市,西區,0,0,0,7,,,50,,,,,,,,,,,,,,17,,,,,B01,,,1,,1,,,43,43,1,12,4,120.659002,24.144868,3
10548,66000,387130000C,(04)23274275,(04)23288582,2025,11,26,16,2,臺中市,西區,0,0,0,7,,,50,,,,,,,,,,,,,,13,,,,,B12,,,1,,1,,,7,7,1,13,4,120.665181,24.144295,3
10549,66000,387130000C,(04)23274275,(04)23288582,2025,11,26,16,3,臺中市,西屯區,0,1,0,7,2,6,50,4,1,1,5,4,6,6,1,1,10,5,5,1,3,3,10,3,1,B03,7,6,1,8,2,8,,10,10,1,12,4,120.642592,24.164257,2
10550,66000,387130000C,(04)23274275,(04)23288582,2025,11,26,16,4,臺中市,北區,0,0,0,7,,,50,,,,,,,,,,,,,,12,,,,,B12,,,1,,1,,,51,51,1,13,4,120.663477,24.162543,3
10551,66000,387130000C,(04)23274275,(04)23288582,2025,11,26,16,7,臺中市,大里區,0,2,0,6,2,6,50,4,1,1,5,4,6,6,4,4,10,5,5,2,17,2,9,1,1,C03,7,6,1,10,2,11,,20,20,1,12,4,120.68669,24.113348,2
10552,66000,387130000C,(04)23274275,(04)23288582,2025,11,26,16,11,臺中市,南屯區,0,1,0,7,2,6,50,3,1,1,5,4,6,6,1,1,9,4,5,2,11,3,10,3,1,B03,7,6,1,8,2,2,,11,11,1,12,4,120.609956,24.140495,2
10553,66000,387130000C,(04)23274275,(04)23288582,2025,11,26,16,11,臺中市,大肚區,0,0,0,7,,,50,,,,,,,,,,,,,,14,,,,,B03,,,1,,2,,,49,49,1,6,4,120.571487,24.120907,3
10554,66000,387130000C,(04)23274275,(04)23288582,2025,11,26,16,12,臺中市,龍井區,0,0,0,7,,,30,,,,,,,,,,,,,,17,,,,,B03,,,1,,1,,,48,48,1,5,4,120.589637,24.181591,3
10555,66000,387130000C,(04)23274275,(04)23288582,2025,11,26,16,15,臺中市,北屯區,0,0,0,7,,,50,,,,,,,,,,,,,,13,,,,,B03,,,1,,1,,,59,59,1,6,4,120.685449,24.173934,3
10556,66000,387130000C,(04)23274275,(04)23288582,2025,11,26,16,15,臺中市,龍井區,0,0,0,7,,,60,,,,,,,,,,,,,,13,,,,,B03,,,1,,1,,,7,7,1,6,4,120.583693,24.187102,4
10557,66000,387130000C,(04)23274275,(04)23288582,2025,11,26,16,16,臺中市,東區,0,2,0,7,2,6,50,4,1,1,5,4,6,6,2,1,5,5,5,2,13,2,9,2,1,C03,7,9,1,10,2,11,,7,7,1,13,4,120.70151,24.125407,2
10558,66000,387130000C,(04)23274275,(04)23288582,2025,11,26,16,17,臺中市,潭子區,0,0,0,7,,3,80,,,,,,,,,,,,,,,,,,,B12,,,,,,,,68,68,1,12,4,120.709739,24.200514,3
10559,66000,387130000C,(04)23274275,(04)23288582,2025,11,26,16,18,臺中市,沙鹿區,0,1,0,7,2,6,30,4,1,1,5,4,6,6,4,4,10,5,5,2,16,3,10,3,1,B03,7,5,1,8,2,1,8,14,14,1,12,4,120.564036,24.248455,2
10560,66000,387130000C,(04)23274275,(04)23288582,2025,11,26,16,20,臺中市,西屯區,0,0,0,7,,,50,,,,,,,,,,,,,,16,,,,,B03,,,1,,2,,,20,20,1,12,4,120.615207,24.190198,3
10561,66000,387130000C,(04)23274275,(04)23288582,2025,11,26,16,20,臺中市,沙鹿區,0,0,0,7,,,50,,,,,,,,,,,,,,,,,,,B03,,,1,,2,,,51,51,1,13,4,120.575752,24.22568,3
10562,66000,387130000C,(04)23274275,(04)23288582,2025,11,26,16,25,臺中市,大里區,0,2,0,7,2,6,50,4,1,1,5,4,6,6,1,1,10,5,5,2,17,2,9,1,1,C03,7,1,1,10,2,11,,51,51,1,12,4,120.694474,24.082317,2
10563,66000,387130000C,(04)23274275,(04)23288582,2025,11,26,16,28,臺中市,東勢區,0,2,0,7,2,6,50,4,1,1,5,4,6,6,4,4,10,5,5,2,15,2,9,1,1,C03,7,9,1,10,2,12,,15,15,1,12,4,120.827115,24.261616,2
10564,66000,387130000C,(04)23274275,(04)23288582,2025,11,26,16,33,臺中市,西屯區,0,0,0,7,,,50,,,,,,,,,,,,,,16,,,,,C03,,,5,,1,,,11,11,1,12,4,120.637004,24.172207,3
10565,66000,387130000C,(04)23274275,(04)23288582,2025,11,26,16,33,臺中市,大里區,0,0,0,7,2,6,50,3,2,1,5,4,6,6,4,4,5,4,5,1,12,,,,,B03,,,1,,2,,,8,8,1,13,4,120.699348,24.110069,3
10566,66000,387130000C,(04)23274275,(04)23288582,2025,11,26,16,38,臺中市,潭子區,0,0,0,7,,,50,,,,,,,,,,,,,,,,,,,B03,,,1,,2,,,59,59,1,12,4,120.707316,24.199519,3
10567,66000,387130000C,(04)23274275,(04)23288582,2025,11,26,16,40,臺中市,北屯區,0,2,0,7,2,6,30,4,2,1,5,4,6,6,1,1,1,5,5,2,3,2,9,1,1,C03,7,9,1,10,2,11,,58,58,1,6,4,120.693981,24.176538,2
10568,66000,387130000C,(04)23274275,(04)23288582,2025,11,26,16,42,臺中市,北區,0,1,0,7,2,6,50,13,9,1,5,4,6,6,4,4,5,4,5,2,17,2,9,5,1,C03,7,7,1,1,2,14,,84,84,1,13,4,120.675082,24.146507,2
10569,66000,387130000C,(04)23274275,(04)23288582,2025,11,26,16,42,臺中市,龍井區,0,0,0,7,,,60,,,,,,,,,,,,,,16,,,,,B03,,,1,,2,,,47,47,1,6,4,120.575823,24.177796,3
10570,66000,387130000C,(04)23274275,(04)23288582,2025,11,26,16,44,臺中市,西屯區,0,0,0,7,,,50,,,,,,,,,,,,,,12,,,,,B03,,,1,,1,,,87,87,1,12,4,120.641712,24.17826,3
10571,66000,387130000C,(04)23274275,(04)23288582,2025,11,26,16,45,臺中市,太平區,0,1,0,7,2,6,40,13,9,1,5,4,6,6,4,4,9,5,5,1,12,2,9,5,4,C03,7,9,1,10,2,14,,58,58,1,6,4,120.717043,24.108651,2
10572,66000,387130000C,(04)23274275,(04)23288582,2025,11,26,16,46,臺中市,西屯區,0,0,0,7,,,50,,,,,,,,,,,,,,15,,,,,B03,,,1,,1,,,51,51,1,13,4,120.62224,24.186879,4
10573,66000,387130000C,(04)23274275,(04)23288582,2025,11,26,16,48,臺中市,龍井區,0,1,0,7,2,6,40,13,8,1,5,4,6,6,4,4,3,4,3,1,13,2,9,2,1,C03,7,9,1,10,2,11,,84,84,1,6,4,120.574313,24.183856,2
10574,66000,387130000C,(04)23274275,(04)23288582,2025,11,26,16,50,臺中市,烏日區,0,2,0,7,2,6,30,4,1,1,5,4,6,6,4,4,10,5,5,2,15,2,9,1,1,C03,7,9,1,10,2,11,,15,15,1,6,4,120.648722,24.066918,2
10575,66000,387130000C,(04)23274275,(04)23288582,2025,11,26,16,50,臺中市,東勢區,0,0,0,7,,,50,,,,,,,,,,,,,,,,,,,B03,,,1,,2,,,39,39,1,12,4,120.758421,24.284773,3
10576,66000,387130000C,(04)23274275,(04)23288582,2025,11,26,16,52,臺中市,西屯區,0,1,0,7,2,6,40,4,2,1,5,4,6,6,1,1,10,5,5,2,18,2,9,2,1,C03,7,9,1,10,2,11,,87,87,1,12,4,120.62904,24.163157,2
10577,66000,387130000C,(04)23274275,(04)23288582,2025,11,26,16,52,臺中市,梧棲區,0,0,0,7,,,50,,,,,,,,,,,,,,9,,,,,B03,,,1,,1,,,51,51,1,12,4,120.531685,24.255483,3
10578,66000,387130000C,(04)23274275,(04)23288582,2025,11,26,16,52,臺中市,豐原區,0,0,0,7,,,50,,,,,,,,,,,,,,17,,,,,B03,,,1,,2,,,8,8,1,12,4,120.722203,24.253295,3
10579,66000,387130000C,(04)23274275,(04)23288582,2025,11,26,16,54,臺中市,潭子區,0,0,0,7,,,50,,,,,,,,,,,,,,,,,,,B03,,,1,,9,,,8,8,2,13,4,120.686805,24.222269,3
10580,66000,387130000C,(04)23274275,(04)23288582,2025,11,26,16,55,臺中市,西區,0,1,0,7,1,6,50,3,1,1,5,4,5,6,4,4,1,4,4,2,12,3,10,3,1,B03,7,9,1,8,2,1,,7,7,1,13,4,120.672326,24.146623,2
10581,66000,387130000C,(04)23274275,(04)23288582,2025,11,26,16,58,臺中市,北屯區,0,1,0,7,3,6,50,4,1,1,5,4,6,6,1,1,10,5,5,2,16,3,10,3,1,B03,7,5,1,8,2,2,,84,84,1,12,4,120.704269,24.164682,2
10582,66000,387130000C,(04)23274275,(04)23288582,2025,11,26,17,3,臺中市,南屯區,0,0,0,7,,,50,,,,,,,,,,,,,,17,,,,,B02,,,1,,2,,,84,84,1,12,4,120.624903,24.140386,3
10583,66000,387130000C,(04)23274275,(04)23288582,2025,11,26,17,7,臺中市,大里區,0,1,0,7,3,6,30,11,9,1,5,4,6,1,4,4,10,5,5,2,9,3,10,4,1,F01,7,5,7,21,2,11,,84,84,1,13,4,120.696978,24.088797,2
10584,66000,387130000C,(04)23274275,(04)23288582,2025,11,26,17,8,臺中市,大雅區,0,1,0,7,1,6,50,4,1,1,5,4,6,6,1,1,10,5,5,2,16,3,10,3,1,B03,7,6,1,8,2,16,,11,11,1,12,4,120.657112,24.240608,2
10585,66000,387130000C,(04)23274275,(04)23288582,2025,11,26,17,12,臺中市,北區,0,0,0,7,,,50,,,,,,,,,,,,,,13,,,,,C03,,,1,,9,,,84,84,1,13,4,120.685303,24.166815,3
10586,66000,387130000C,(04)23274275,(04)23288582,2025,11,26,17,13,臺中市,大雅區,0,2,0,7,1,6,30,3,9,1,5,4,6,6,4,4,10,5,5,1,12,2,9,2,1,F01,7,6,7,21,9,14,,48,48,1,13,4,120.653856,24.217569,2
10587,66000,387130000C,(04)23274275,(04)23288582,2025,11,26,17,15,臺中市,沙鹿區,0,2,0,7,3,6,50,3,1,1,5,4,6,6,4,4,5,4,4,1,17,2,9,4,1,F01,7,9,7,21,2,12,,84,84,1,12,4,120.570885,24.229705,2
10588,66000,387130000C,(04)23274275,(04)23288582,2025,11,26,17,18,臺中市,北屯區,0,0,0,7,,,50,,,,,,,,,,,,,,12,,,,,B03,,,1,,1,,,8,8,1,6,4,120.6615,24.189747,3
10589,66000,387130000C,(04)23274275,(04)23288582,2025,11,26,17,21,臺中市,東區,0,1,0,7,1,6,50,4,1,1,5,4,6,6,4,4,10,5,5,2,9,2,9,5,4,C03,7,9,1,10,2,11,,84,84,1,12,4,120.696635,24.150619,2
10590,66000,387130000C,(04)23274275,(04)23288582,2025,11,26,17,25,臺中市,霧峰區,0,1,0,7,2,6,50,13,7,1,5,4,6,6,4,4,5,4,4,1,14,3,10,3,1,B03,7,2,1,8,2,7,,49,49,1,6,4,120.696092,24.065884,2
10591,66000,387130000C,(04)23274275,(04)23288582,2025,11,26,17,26,臺中市,大甲區,0,2,0,7,1,6,50,3,1,1,5,4,6,6,1,1,10,5,5,2,16,2,9,1,1,C03,7,6,1,10,2,12,,11,11,1,6,4,120.62966,24.340326,2
10592,66000,387130000C,(04)23274275,(04)23288582,2025,11,26,17,27,臺中市,中區,0,0,0,7,,,50,,,,,,,,,,,,,,14,,,,,B03,,,1,,1,,,49,49,1,12,4,120.682635,24.139887,3
10593,66000,387130000C,(04)23274275,(04)23288582,2025,11,26,17,31,臺中市,北區,0,0,0,7,,,40,,,,,,,,,,,,,,17,,,,,C03,,,1,,1,,,59,59,1,12,4,120.681535,24.150786,3
10594,66000,387130000C,(04)23274275,(04)23288582,2025,11,26,17,33,臺中市,大雅區,0,2,0,7,1,6,30,13,9,1,5,4,6,6,4,4,10,5,5,2,11,2,5,6,1,F01,7,9,7,21,2,12,,7,7,1,13,4,120.647881,24.222974,2
10595,66000,387130000C,(04)23274275,(04)23288582,2025,11,26,17,37,臺中市,北區,0,0,0,7,,,50,,,,,,,,,,,,,,12,,,,,B03,,,1,,2,,,84,84,1,13,4,120.683398,24.147612,3
10596,66000,387130000C,(04)23274275,(04)23288582,2025,11,26,17,38,臺中市,東區,0,0,0,7,,,50,,,,,,,,,,,,,,13,,,,,C03,,,1,,1,,,7,7,1,12,4,120.706603,24.136572,3
10597,66000,387130000C,(04)23274275,(04)23288582,2025,11,26,17,38,臺中市,西屯區,0,1,0,7,1,6,50,4,1,1,5,4,6,6,1,1,10,5,5,1,16,3,10,2,1,C03,7,6,1,9,2,11,,11,11,1,12,4,120.647902,24.17238,2
10598,66000,387130000C,(04)23274275,(04)23288582,2025,11,26,17,39,臺中市,南區,0,0,0,7,,,50,,,,,,,,,,,,,,17,,,,,H03,,,7,,9,,,119,119,1,12,4,120.649049,24.12138,4
10599,66000,387130000C,(04)23274275,(04)23288582,2025,11,26,17,40,臺中市,霧峰區,0,0,0,7,,3,40,,,,,,,,,,,,,,,,,,,B03,,,1,,2,,,59,59,1,12,4,120.688021,24.058808,3
10600,66000,387130000C,(04)23274275,(04)23288582,2025,11,26,17,42,臺中市,豐原區,0,1,0,7,1,6,50,13,8,1,5,4,6,6,4,4,5,5,4,1,13,3,10,5,4,B03,7,14,1,8,2,3,,77,77,1,12,4,120.730308,24.250255,2
10601,66000,387130000C,(04)23274275,(04)23288582,2025,11,26,17,44,臺中市,北屯區,0,0,0,7,,,50,,,,,,,,,,,,,,,,,,,B03,,,3,,9,,,42,42,1,13,4,120.680398,24.1821,3
10602,66000,387130000C,(04)23274275,(04)23288582,2025,11,26,17,44,臺中市,石岡區,0,0,0,7,,,50,,,,,,,,,,,,,,,,,,,B03,,,1,,1,,,7,7,1,12,4,120.813562,24.257454,3
10603,66000,387130000C,(04)23274275,(04)23288582,2025,11,26,17,45,臺中市,西屯區,0,1,0,7,1,6,50,3,2,1,5,4,6,6,4,4,1,4,5,2,13,3,10,5,4,F03,7,9,7,21,1,14,,59,59,1,12,4,120.65346,24.167451,2
10604,66000,387130000C,(04)23274275,(04)23288582,2025,11,26,17,46,臺中市,北屯區,0,0,0,7,,3,80,,,,,,,,,,,,,,13,,,,,B03,,,1,,1,,,7,7,1,12,4,120.695673,24.200973,3
10605,66000,387130000C,(04)23274275,(04)23288582,2025,11,26,17,47,臺中市,大雅區,0,1,0,7,1,6,50,4,1,1,5,4,6,6,4,4,10,5,5,2,13,2,9,2,1,C03,7,9,1,10,2,12,,7,7,1,12,4,120.669233,24.214322,2
10606,66000,387130000C,(04)23274275,(04)23288582,2025,11,26,17,47,臺中市,北屯區,0,2,0,7,1,6,50,4,1,1,5,4,6,6,1,1,10,5,5,2,16,2,9,1,1,C03,7,6,1,10,2,11,,11,11,1,6,4,120.685108,24.190347,2
10607,66000,387130000C,(04)23274275,(04)23288582,2025,11,26,17,47,臺中市,沙鹿區,0,0,0,7,,,50,,,,,,,,,,,,,,,,,,,B02,,,1,,2,,,82,82,1,13,4,120.567628,24.204933,3
10608,66000,387130000C,(04)23274275,(04)23288582,2025,11,26,17,47,臺中市,梧棲區,0,0,0,7,,,50,,,,,,,,,,,,,,16,,,,,B03,,,1,,1,,,47,47,1,12,4,120.542342,24.24108,3
10609,66000,387130000C,(04)23274275,(04)23288582,2025,11,26,17,49,臺中市,南區,0,2,0,7,3,6,30,13,9,1,5,4,6,6,4,4,10,5,5,2,9,2,9,5,4,F03,7,9,7,21,2,11,,84,84,1,12,4,120.682512,24.132688,2
10610,66000,387130000C,(04)23274275,(04)23288582,2025,11,26,17,49,臺中市,大甲區,0,2,0,7,1,6,70,13,7,1,5,4,6,6,4,4,1,4,4,1,16,2,3,3,1,B03,7,1,1,8,2,3,,51,51,1,6,4,120.63774,24.362685,2
10611,66000,387130000C,(04)23274275,(04)23288582,2025,11,26,17,50,臺中市,南屯區,0,1,0,7,1,6,50,13,9,1,5,4,6,6,4,4,9,4,4,2,17,3,10,3,1,B03,7,13,1,8,2,4,,76,76,1,12,4,120.628118,24.114757,2
10612,66000,387130000C,(04)23274275,(04)23288582,2025,11,26,17,51,臺中市,西屯區,0,2,0,7,1,6,0,13,9,1,5,4,6,6,3,1,1,4,5,2,17,2,9,1,1,C03,7,1,1,10,2,11,,51,51,1,13,4,120.649478,24.197617,2
10613,66000,387130000C,(04)23274275,(04)23288582,2025,11,26,17,52,臺中市,西屯區,0,0,0,7,,,50,,,,,,,,,,,,,,16,,,,,C03,,,1,,1,,,14,14,1,13,4,120.650351,24.177092,3
10614,66000,387130000C,(04)23274275,(04)23288582,2025,11,26,17,52,臺中市,西屯區,0,1,0,7,1,6,50,5,9,1,5,4,6,6,4,4,10,5,5,2,12,2,9,5,4,C03,7,9,1,10,2,14,,59,59,1,12,4,120.655713,24.17183,2
10615,66000,387130000C,(04)23274275,(04)23288582,2025,11,26,17,52,臺中市,龍井區,0,0,0,7,,,50,,,,,,,,,,,,,,,,,,,B03,,,1,,1,,,8,8,1,12,4,120.546324,24.195513,4
10616,66000,387130000C,(04)23274275,(04)23288582,2025,11,26,17,53,臺中市,北屯區,0,0,0,7,,,50,,,,,,,,,,,,,,13,,,,,B03,,,1,,1,,,84,84,1,12,4,120.698649,24.175154,3
10617,66000,387130000C,(04)23274275,(04)23288582,2025,11,26,17,55,臺中市,北區,0,0,0,7,,,50,,,,,,,,,,,,,,17,,,,,B12,,,1,,1,,,49,49,1,13,4,120.668584,24.162748,3
10618,66000,387130000C,(04)23274275,(04)23288582,2025,11,26,17,55,臺中市,南屯區,0,1,0,7,1,6,50,3,1,1,5,4,6,6,4,4,5,5,5,2,17,3,10,3,1,B03,7,6,1,8,2,8,,85,85,1,6,4,120.632313,24.143554,2
10619,66000,387130000C,(04)23274275,(04)23288582,2025,11,26,17,55,臺中市,沙鹿區,0,1,0,7,2,6,50,4,1,1,5,4,6,6,1,1,10,5,5,2,16,3,10,3,1,B03,7,6,1,8,2,8,1,84,84,1,12,4,120.568815,24.209312,2
10620,66000,387130000C,(04)23274275,(04)23288582,2025,11,26,17,56,臺中市,南區,0,0,0,7,,,50,,,,,,,,,,,,,,13,,,,,B12,,,1,,1,,,84,84,1,13,4,120.684494,24.128275,3
10621,66000,387130000C,(04)23274275,(04)23288582,2025,11,26,17,56,臺中市,清水區,0,1,0,7,1,6,50,13,8,1,5,4,6,6,1,1,8,3,4,1,13,3,10,3,1,B03,7,9,1,8,2,1,,7,7,1,12,4,120.567254,24.269161,2
10622,66000,387130000C,(04)23274275,(04)23288582,2025,11,26,18,0,臺中市,南屯區,0,0,0,7,,,50,,,,,,,,,,,,,,13,,,,,C03,,,1,,1,,,7,7,1,12,4,120.638068,24.139918,3
10623,66000,387130000C,(04)23274275,(04)23288582,2025,11,26,18,2,臺中市,南屯區,0,0,0,7,,,40,,,,,,,,,,,,,,17,,,,,C03,,,1,,1,,,8,8,1,12,4,120.649899,24.140015,3
10624,66000,387130000C,(04)23274275,(04)23288582,2025,11,26,18,2,臺中市,北屯區,0,0,0,7,,,50,,,,,,,,,,,,,,13,,,,,C03,,,1,,1,,,7,7,1,5,4,120.693843,24.164882,3
10625,66000,387130000C,(04)23274275,(04)23288582,2025,11,26,18,3,臺中市,太平區,0,0,0,7,,3,80,,,,,,,,,,,,,,13,,,,,B03,,,1,,2,,,58,58,1,6,4,120.716947,24.154264,3
10626,66000,387130000C,(04)23274275,(04)23288582,2025,11,26,18,3,臺中市,沙鹿區,0,0,0,7,,,40,,,,,,,,,,,,,,,,,,,B03,,,1,,2,,,50,50,1,12,4,120.567868,24.20282,3
10627,66000,387130000C,(04)23274275,(04)23288582,2025,11,26,18,7,臺中市,西屯區,0,0,0,7,,,50,,,,,,,,,,,,,,,,,,,C03,,,1,,1,,,59,59,1,12,4,120.640856,24.16745,3
10628,66000,387130000C,(04)23274275,(04)23288582,2025,11,26,18,7,臺中市,烏日區,0,0,0,7,1,6,40,13,9,1,5,4,6,5,4,4,10,5,5,2,14,3,10,3,1,B03,7,2,1,8,2,6,,49,49,1,6,4,120.649139,24.055476,3
10629,66000,387130000C,(04)23274275,(04)23288582,2025,11,26,18,9,臺中市,霧峰區,0,0,0,7,,,50,,,,,,,,,,,,,,16,,,,,C03,,,1,,2,,,11,11,1,12,4,120.709282,24.080722,3
10630,66000,387130000C,(04)23274275,(04)23288582,2025,11,26,18,10,臺中市,沙鹿區,0,0,0,7,1,6,50,3,7,1,5,4,6,6,3,3,4,3,4,2,11,,,,,C03,,,1,,2,,,84,84,1,12,4,120.566049,24.234469,3
10631,66000,387130000C,(04)23274275,(04)23288582,2025,11,26,18,12,臺中市,大甲區,0,0,0,7,,,50,,,,,,,,,,,,,,13,,,,,B03,,,1,,1,,,62,62,1,13,4,120.624867,24.340568,3
10632,66000,387130000C,(04)23274275,(04)23288582,2025,11,26,18,13,臺中市,南區,0,0,0,7,,,50,,,,,,,,,,,,,,,,,,,C03,,,1,,2,,,84,84,1,12,4,120.683382,24.126511,3
10633,66000,387130000C,(04)23274275,(04)23288582,2025,11,26,18,14,臺中市,西屯區,0,0,0,7,,,50,,,,,,,,,,,,,,13,,,,,C03,,,1,,1,,,59,59,1,12,4,120.590683,24.178656,3
10634,66000,387130000C,(04)23274275,(04)23288582,2025,11,26,18,14,臺中市,沙鹿區,0,1,0,7,2,6,40,13,8,1,5,4,6,6,4,4,3,4,4,2,28,2,9,1,1,C03,7,9,1,10,2,12,,84,84,1,13,4,120.582649,24.250313,2
10635,66000,387130000C,(04)23274275,(04)23288582,2025,11,26,18,15,臺中市,北屯區,0,0,0,7,,,50,,,,,,,,,,,,,,13,,,,,B03,,,1,,1,,,59,59,1,6,4,120.70204,24.17827,3
10636,66000,387130000C,(04)23274275,(04)23288582,2025,11,26,18,16,臺中市,東區,0,1,0,7,1,6,50,4,1,1,5,4,6,6,4,4,10,5,5,2,15,3,10,3,1,B12,7,9,1,8,2,2,,12,12,1,12,4,120.708318,24.141187,2
10637,66000,387130000C,(04)23274275,(04)23288582,2025,11,26,18,16,臺中市,西屯區,0,1,0,7,1,6,40,13,8,1,5,4,6,6,4,4,1,5,5,2,30,2,9,5,4,C03,7,9,1,10,2,12,,59,59,1,12,4,120.59528,24.182009,2
10638,66000,387130000C,(04)23274275,(04)23288582,2025,11,26,18,17,臺中市,東區,0,0,0,7,,,50,,,,,,,,,,,,,,14,,,,,B03,,,1,,1,,,84,84,1,12,4,120.706013,24.141592,3
10639,66000,387130000C,(04)23274275,(04)23288582,2025,11,26,18,18,臺中市,北區,0,2,0,7,1,6,50,4,1,1,5,4,6,6,4,4,9,5,5,2,17,2,8,5,4,C03,7,15,1,10,2,11,,7,7,1,13,4,120.68199,24.159448,2