序號,縣市別代碼,機關代碼,市話,傳真,年,月,日,時,分,縣市,區,死亡數量,受傷數量,2-30,天候,道路照明設備,道路類別,道路速限,道路型態,事故位置,路面鋪裝,路面狀態,路面缺陷,障礙物,視距,號誌種類,號誌動作,分向設施,快車道或一般車道間,快慢車道間,路面邊線,事故類型及型態,受傷程度,主要傷處,保護裝備,行動電話或功能裝置,當事者區分(類別),車輛用途,當事者行動狀態,駕照狀態,駕照種類,飲酒情形,車輛撞擊部位最初,車輛撞擊部位其他,肇事因素個別,肇事因素主要,肇事逃逸,職業,共享經濟或外送平台,GPS座標X,GPS座標Y,事故類別
10640,66000,387130000C,(04)23274275,(04)23288582,2025,11,26,18,20,臺中市,北區,0,1,0,7,1,6,50,5,2,1,5,4,6,6,2,1,10,5,5,2,12,3,10,3,1,B03,7,5,1,8,2,5,,20,20,1,13,4,120.68396,24.146313,2
10641,66000,387130000C,(04)23274275,(04)23288582,2025,11,26,18,20,臺中市,南屯區,0,0,0,7,,,50,,,,,,,,,,,,,,13,,,,,C03,,,1,,1,,,59,59,1,12,4,120.653045,24.134201,3
10642,66000,387130000C,(04)23274275,(04)23288582,2025,11,26,18,20,臺中市,大甲區,0,3,0,7,1,6,50,13,9,1,5,4,6,6,4,4,5,5,5,1,16,2,7,1,1,C03,7,6,1,10,2,12,,39,39,1,6,4,120.625494,24.343767,2
10643,66000,387130000C,(04)23274275,(04)23288582,2025,11,26,18,21,臺中市,北屯區,0,0,0,7,,,50,,,,,,,,,,,,,,13,,,,,B12,,,1,,1,,,7,7,1,12,4,120.716463,24.165909,3
10644,66000,387130000C,(04)23274275,(04)23288582,2025,11,26,18,21,臺中市,西屯區,0,2,0,7,1,6,40,13,8,1,5,4,6,6,4,4,1,5,5,2,13,2,9,5,4,C03,7,9,1,10,2,11,,7,7,1,12,4,120.595512,24.181985,2
10645,66000,387130000C,(04)23274275,(04)23288582,2025,11,26,18,24,臺中市,西屯區,0,1,0,7,1,6,40,13,8,1,5,4,6,6,4,4,1,5,4,2,17,2,9,5,4,C03,7,9,3,19,2,11,,59,59,1,12,4,120.601093,24.182228,2
10646,66000,387130000C,(04)23274275,(04)23288582,2025,11,26,18,25,臺中市,太平區,0,1,0,7,1,6,50,3,2,1,5,4,6,6,2,1,10,4,5,2,17,2,9,1,1,C02,7,10,1,9,2,14,,7,7,1,12,4,120.711411,24.142844,2
10647,66000,387130000C,(04)23274275,(04)23288582,2025,11,26,18,29,臺中市,西屯區,0,0,0,7,,3,50,,,,,,,,,,,,,,12,,,,,B03,,,1,,1,,,40,40,1,13,4,120.656347,24.199988,3
10648,66000,387130000C,(04)23274275,(04)23288582,2025,11,26,18,29,臺中市,東勢區,0,0,0,7,,,30,,,,,,,,,,,,,,,,,,,B12,,,1,,1,,,49,49,1,12,4,120.829212,24.258163,3
10649,66000,387130000C,(04)23274275,(04)23288582,2025,11,26,18,31,臺中市,南屯區,0,0,0,7,,,50,,,,,,,,,,,,,,15,,,,,B03,,,1,,2,,,15,15,1,6,4,120.640337,24.127176,3
10650,66000,387130000C,(04)23274275,(04)23288582,2025,11,26,18,32,臺中市,大雅區,0,0,0,7,,,60,,,,,,,,,,,,,,13,,,,,C03,,,1,,2,,,7,7,1,13,4,120.649097,24.216524,3
10651,66000,387130000C,(04)23274275,(04)23288582,2025,11,26,18,34,臺中市,大雅區,0,1,0,7,1,6,50,5,1,1,5,4,6,6,1,1,9,4,5,1,12,2,9,2,1,C03,7,6,1,10,2,14,,26,26,1,13,4,120.667419,24.215737,2
10652,66000,387130000C,(04)23274275,(04)23288582,2025,11,26,18,35,臺中市,潭子區,0,2,0,6,1,6,50,4,1,1,5,4,6,6,1,1,5,4,4,2,17,3,10,3,1,B03,7,9,1,8,2,7,,84,84,1,13,4,120.703263,24.208549,2
10653,66000,387130000C,(04)23274275,(04)23288582,2025,11,26,18,35,臺中市,北區,0,1,0,7,2,6,50,3,1,1,5,4,6,6,4,4,5,4,5,2,17,3,10,5,1,C03,7,6,1,10,2,12,,12,12,1,13,4,120.679887,24.167099,2
10654,66000,387130000C,(04)23274275,(04)23288582,2025,11,26,18,36,臺中市,東區,0,0,0,7,,,50,,,,,,,,,,,,,,13,,,,,B03,,,1,,2,,,84,84,1,12,4,120.702423,24.140294,4
10655,66000,387130000C,(04)23274275,(04)23288582,2025,11,26,18,38,臺中市,南屯區,0,1,0,7,2,6,50,5,1,1,5,4,6,6,1,1,9,4,3,2,17,2,9,1,1,C03,7,9,1,10,2,16,,84,84,1,12,4,120.633312,24.123883,2
10656,66000,387130000C,(04)23274275,(04)23288582,2025,11,26,18,40,臺中市,西區,0,2,0,7,1,6,50,4,1,1,5,4,6,6,4,4,1,4,5,2,15,3,10,3,1,B03,7,9,1,8,1,2,,15,15,1,12,4,120.658813,24.141573,2
10657,66000,387130000C,(04)23274275,(04)23288582,2025,11,26,18,40,臺中市,西屯區,0,0,0,7,,,50,,,,,,,,,,,,,,13,,,,,B03,,,1,,1,,,59,59,1,13,4,120.640426,24.174041,3
10658,66000,387130000C,(04)23274275,(04)23288582,2025,11,26,18,45,臺中市,西區,0,1,0,6,1,6,50,13,7,1,5,4,6,6,4,4,5,5,5,2,17,3,10,3,1,B03,7,14,1,8,2,2,,87,87,1,12,4,120.655388,24.144677,2
10659,66000,387130000C,(04)23274275,(04)23288582,2025,11,26,18,45,臺中市,太平區,0,0,0,7,,,30,,,,,,,,,,,,,,16,,,,,C03,,,1,,2,,,51,51,1,12,4,120.711807,24.153577,3
10660,66000,387130000C,(04)23274275,(04)23288582,2025,11,26,18,45,臺中市,沙鹿區,0,0,0,7,1,6,50,13,9,4,5,4,6,6,4,4,4,4,,2,12,,,,,A11,,,1,,1,,,8,8,1,12,4,120.560472,24.234543,3
10661,66000,387130000C,(04)23274275,(04)23288582,2025,11,26,18,46,臺中市,南區,0,4,0,7,1,6,50,3,1,1,5,4,6,6,1,1,5,5,4,2,13,2,9,2,1,C03,7,9,1,10,2,11,,84,84,1,13,4,120.685137,24.121858,2
10662,66000,387130000C,(04)23274275,(04)23288582,2025,11,26,18,48,臺中市,豐原區,0,1,0,7,1,6,50,4,2,1,5,4,6,6,2,1,1,2,5,1,13,3,10,2,1,C03,7,9,1,10,2,11,,7,7,1,13,4,120.724143,24.245103,2
10663,66000,387130000C,(04)23274275,(04)23288582,2025,11,26,18,49,臺中市,西區,0,1,0,7,1,6,50,3,1,1,5,4,6,6,4,4,1,4,1,2,12,3,10,3,1,B03,7,5,1,8,2,2,,84,84,1,13,4,120.661543,24.155875,2
10664,66000,387130000C,(04)23274275,(04)23288582,2025,11,26,18,49,臺中市,西屯區,0,2,0,7,1,6,50,13,9,1,5,4,6,6,4,4,5,4,5,1,13,3,10,2,1,C03,7,9,1,10,2,11,,59,59,1,12,4,120.607029,24.192603,2
10665,66000,387130000C,(04)23274275,(04)23288582,2025,11,26,18,50,臺中市,太平區,0,2,0,7,1,6,50,3,4,1,5,4,6,6,4,4,10,5,5,1,13,2,9,1,1,C03,7,9,1,10,2,11,,58,58,1,6,4,120.706531,24.159307,2
10666,66000,387130000C,(04)23274275,(04)23288582,2025,11,26,18,52,臺中市,北屯區,0,0,0,7,,,50,,,,,,,,,,,,,,14,,,,,B11,,,1,4,9,,,50,50,1,6,4,120.686872,24.169291,3
10667,66000,387130000C,(04)23274275,(04)23288582,2025,11,26,18,54,臺中市,西屯區,0,1,0,7,1,6,50,5,1,1,5,4,6,6,2,1,10,5,5,2,16,3,10,5,4,B03,7,6,1,8,2,1,,11,11,1,13,4,120.655451,24.173935,2
10668,66000,387130000C,(04)23274275,(04)23288582,2025,11,26,18,55,臺中市,西屯區,0,0,0,7,,,50,,,,,,,,,,,,,,13,,,,,B03,,,1,,1,,,59,59,1,12,4,120.655825,24.158727,3
10669,66000,387130000C,(04)23274275,(04)23288582,2025,11,26,18,55,臺中市,豐原區,0,1,0,7,1,6,50,4,1,1,5,4,6,6,2,1,1,4,5,2,15,2,8,1,1,C03,7,9,1,10,2,13,,21,21,1,12,4,120.728717,24.257085,2
10670,66000,387130000C,(04)23274275,(04)23288582,2025,11,26,19,2,臺中市,北屯區,0,0,0,7,,3,80,,,,,,,,,,,,,,,,,,,B03,,,1,,1,,,7,7,1,13,4,120.718836,24.162057,3
10671,66000,387130000C,(04)23274275,(04)23288582,2025,11,26,19,3,臺中市,南屯區,0,2,0,7,1,6,50,4,2,1,5,4,6,6,4,4,8,3,5,1,13,3,10,1,1,C03,7,9,1,10,2,11,13,7,7,1,12,4,120.645033,24.138033,2
10672,66000,387130000C,(04)23274275,(04)23288582,2025,11,26,19,4,臺中市,潭子區,0,1,0,6,1,6,50,4,1,1,5,4,6,6,1,1,1,5,5,2,17,3,10,3,1,B03,7,1,1,8,2,1,,84,84,1,13,4,120.688108,24.215965,2
10673,66000,387130000C,(04)23274275,(04)23288582,2025,11,26,19,7,臺中市,西區,0,2,0,7,1,6,0,4,1,1,5,4,6,6,1,1,10,5,5,2,17,2,9,2,1,C03,7,1,1,10,2,14,,51,51,1,12,4,120.669758,24.143965,2
10674,66000,387130000C,(04)23274275,(04)23288582,2025,11,26,19,7,臺中市,北屯區,0,1,0,7,1,6,50,13,9,1,5,4,1,6,4,4,1,4,5,2,13,2,8,1,1,C03,7,9,1,10,2,11,,7,7,1,12,4,120.730135,24.17675,2
10675,66000,387130000C,(04)23274275,(04)23288582,2025,11,26,19,13,臺中市,潭子區,0,0,0,7,,,50,,,,,,,,,,,,,,,,,,,B02,,,1,,2,,,49,49,1,12,4,120.710202,24.2332,3
10676,66000,387130000C,(04)23274275,(04)23288582,2025,11,26,19,23,臺中市,豐原區,0,2,0,7,1,6,50,3,1,1,5,4,6,6,4,4,5,5,4,2,3,2,9,2,1,C03,7,9,1,10,2,11,,84,84,1,12,4,120.718707,24.256631,2
10677,66000,387130000C,(04)23274275,(04)23288582,2025,11,26,19,25,臺中市,西區,0,0,0,6,,,50,,,,,,,,,,,,,,,,,,,B03,,,1,,1,,,49,49,1,12,4,120.667336,24.148006,3
10678,66000,387130000C,(04)23274275,(04)23288582,2025,11,26,19,25,臺中市,龍井區,0,0,0,7,,,30,,,,,,,,,,,,,,13,,,,,B03,,,1,,1,,,7,7,1,6,4,120.57306,24.191957,4
10679,66000,387130000C,(04)23274275,(04)23288582,2025,11,26,19,26,臺中市,西屯區,0,1,0,7,1,6,50,13,9,1,5,4,6,6,4,4,9,5,5,2,13,2,9,5,4,C03,7,9,1,10,2,11,,59,59,1,13,2,120.657082,24.167489,2
10680,66000,387130000C,(04)23274275,(04)23288582,2025,11,26,19,28,臺中市,太平區,0,1,0,7,1,6,0,18,23,1,5,4,6,6,4,4,10,5,5,2,17,2,9,1,1,C03,7,9,3,19,2,11,,84,84,1,12,4,120.719356,24.154672,2
10681,66000,387130000C,(04)23274275,(04)23288582,2025,11,26,19,30,臺中市,南區,0,2,0,7,1,6,50,3,1,1,5,4,6,6,4,4,10,5,5,2,17,2,9,5,4,C03,7,6,1,10,2,11,,84,84,1,12,4,120.653352,24.125689,2
10682,66000,387130000C,(04)23274275,(04)23288582,2025,11,26,19,30,臺中市,東區,0,1,0,7,1,6,50,3,2,1,5,4,6,6,4,4,1,4,5,2,18,2,8,2,1,C03,7,1,1,10,2,12,,84,84,1,12,4,120.688946,24.136889,2
10683,66000,387130000C,(04)23274275,(04)23288582,2025,11,26,19,30,臺中市,大里區,0,2,0,7,2,6,50,11,9,1,5,4,6,6,4,4,9,4,5,1,17,2,9,2,1,C03,7,9,1,10,2,13,,26,26,1,12,4,120.719348,24.082804,2
10684,66000,387130000C,(04)23274275,(04)23288582,2025,11,26,19,32,臺中市,南屯區,0,1,0,7,1,6,50,4,1,1,5,4,6,6,2,1,5,5,5,2,16,3,10,3,1,B03,7,6,1,8,2,1,,11,11,1,12,4,120.653057,24.133306,2
10685,66000,387130000C,(04)23274275,(04)23288582,2025,11,26,19,35,臺中市,南屯區,0,0,0,7,,,50,,,,,,,,,,,,,,,,,,,C03,,,1,,1,,,7,7,1,6,4,120.638193,24.135308,3
10686,66000,387130000C,(04)23274275,(04)23288582,2025,11,26,19,37,臺中市,霧峰區,0,2,0,7,1,6,30,4,1,1,5,4,6,6,4,4,10,5,5,1,17,2,9,2,1,C02,7,6,1,9,2,14,,14,14,1,12,4,120.68729,24.051445,2
10687,66000,387130000C,(04)23274275,(04)23288582,2025,11,26,19,43,臺中市,大雅區,0,1,0,7,2,6,50,13,9,1,5,4,6,6,4,4,9,5,5,1,12,3,10,3,1,B03,7,1,1,8,2,4,,51,51,1,13,4,120.648706,24.219214,2
10688,66000,387130000C,(04)23274275,(04)23288582,2025,11,26,19,46,臺中市,清水區,0,1,0,7,1,6,50,3,1,1,5,4,6,6,4,4,8,3,5,2,11,3,10,3,1,B03,7,6,1,8,2,8,,48,48,1,12,4,120.570493,24.269389,2
10689,66000,387130000C,(04)23274275,(04)23288582,2025,11,26,19,49,臺中市,北區,0,0,0,7,,,50,,,,,,,,,,,,,,17,,,,,C03,,,6,,2,,,85,85,1,13,4,120.686301,24.145998,4
10690,66000,387130000C,(04)23274275,(04)23288582,2025,11,26,19,49,臺中市,北區,0,2,0,7,1,6,30,4,2,1,5,4,6,6,4,4,10,5,5,2,17,2,9,2,1,C03,7,9,1,10,1,12,,15,15,1,13,4,120.683701,24.146852,2
10691,66000,387130000C,(04)23274275,(04)23288582,2025,11,26,19,57,臺中市,南屯區,0,0,0,7,,,50,,,,,,,,,,,,,,,,,,,B03,,,1,,1,,,59,59,1,12,4,120.646707,24.150896,3
10692,66000,387130000C,(04)23274275,(04)23288582,2025,11,26,19,59,臺中市,西屯區,0,1,0,7,1,6,50,13,9,1,5,4,6,6,1,1,3,2,4,2,13,3,10,3,1,B03,7,9,1,8,2,5,,59,59,1,12,4,120.660864,24.172447,2
10693,66000,387130000C,(04)23274275,(04)23288582,2025,11,26,19,59,臺中市,太平區,0,1,0,7,1,6,40,4,1,1,5,4,6,6,4,4,10,5,5,2,16,3,10,3,1,B03,7,5,1,8,2,5,,11,11,1,6,4,120.722097,24.149335,2
10694,66000,387130000C,(04)23274275,(04)23288582,2025,11,26,20,5,臺中市,北區,0,1,0,7,1,6,50,13,9,1,5,4,5,6,4,4,1,4,5,2,17,2,9,5,1,C03,7,9,1,10,2,11,,7,7,1,13,4,120.673365,24.166004,2
10695,66000,387130000C,(04)23274275,(04)23288582,2025,11,26,20,5,臺中市,太平區,0,0,0,7,,,50,,,,,,,,,,,,,,,,,,,B03,,,1,,2,,,11,11,1,12,4,120.713004,24.159111,3
10696,66000,387130000C,(04)23274275,(04)23288582,2025,11,26,20,9,臺中市,太平區,0,0,0,7,,,50,,,,,,,,,,,,,,13,,,,,C03,,,1,,2,,,58,58,1,6,4,120.718717,24.126773,3
10697,66000,387130000C,(04)23274275,(04)23288582,2025,11,26,20,23,臺中市,南屯區,0,1,0,7,2,6,50,13,9,1,5,4,6,6,1,1,9,4,5,2,12,2,9,1,1,C03,7,5,1,10,2,12,,42,42,1,12,4,120.645013,24.140294,2
10698,66000,387130000C,(04)23274275,(04)23288582,2025,11,26,20,24,臺中市,梧棲區,0,1,0,7,1,6,50,4,19,1,5,4,6,6,2,1,3,4,5,1,3,3,10,3,1,B03,7,6,1,8,2,1,,10,10,1,12,4,120.537539,24.245358,2
10699,66000,387130000C,(04)23274275,(04)23288582,2025,11,26,20,25,臺中市,烏日區,0,1,0,7,1,6,50,13,5,1,5,4,6,6,3,1,1,4,1,1,23,2,9,2,1,C03,7,9,1,10,2,11,,58,58,1,6,4,120.628479,24.095919,2
10700,66000,387130000C,(04)23274275,(04)23288582,2025,11,26,20,31,臺中市,南區,0,0,0,7,,,50,,,,,,,,,,,,,,13,,,,,B03,,,1,,9,,,84,84,1,12,4,120.662132,24.129802,3
10701,66000,387130000C,(04)23274275,(04)23288582,2025,11,26,20,35,臺中市,南區,0,0,0,7,,,50,,,,,,,,,,,,,,13,,,,,C03,,,1,,2,,,84,84,1,12,4,120.657882,24.11706,3
10702,66000,387130000C,(04)23274275,(04)23288582,2025,11,26,20,35,臺中市,西屯區,0,0,0,7,,,50,,,,,,,,,,,,,,17,,,,,C03,,,1,,11,,,50,50,2,13,4,120.646149,24.179909,3
10703,66000,387130000C,(04)23274275,(04)23288582,2025,11,26,20,47,臺中市,南區,0,1,0,7,1,6,30,4,1,1,5,4,6,6,4,4,10,5,5,2,15,2,9,2,1,C03,7,9,1,10,2,12,,15,15,1,13,4,120.676388,24.124937,2
10704,66000,387130000C,(04)23274275,(04)23288582,2025,11,26,20,49,臺中市,中區,0,0,0,7,,,50,,,,,,,,,,,,,,30,,,,,B03,,,1,,9,,,85,85,1,12,4,120.67973,24.14282,3
10705,66000,387130000C,(04)23274275,(04)23288582,2025,11,26,20,57,臺中市,北屯區,0,1,0,7,1,6,50,13,8,1,5,4,6,6,4,4,9,5,4,2,17,2,8,1,1,C03,7,9,1,10,2,11,,59,59,1,12,4,120.722157,24.163396,2
10706,66000,387130000C,(04)23274275,(04)23288582,2025,11,26,21,3,臺中市,北屯區,0,2,0,7,1,6,50,13,7,1,5,4,6,6,4,4,5,5,4,2,13,2,9,1,1,C03,7,9,1,10,2,11,,84,84,1,6,4,120.683623,24.19353,2
10707,66000,387130000C,(04)23274275,(04)23288582,2025,11,26,21,10,臺中市,南屯區,0,1,0,7,2,6,50,13,9,1,5,4,6,6,4,4,9,4,5,2,18,2,9,1,1,C03,7,9,1,10,5,14,,59,59,1,12,4,120.632259,24.152296,2
10708,66000,387130000C,(04)23274275,(04)23288582,2025,11,26,21,10,臺中市,大里區,0,2,0,6,1,6,50,4,1,1,5,4,6,6,1,1,10,5,5,2,17,2,9,4,1,F01,7,9,7,21,2,11,,21,21,1,12,4,120.678074,24.111996,2
10709,66000,387130000C,(04)23274275,(04)23288582,2025,11,26,21,11,臺中市,北區,0,0,0,7,,,50,,,,,,,,,,,,,,17,,,,,B03,,,1,,2,,,84,84,1,13,4,120.686695,24.148338,3
10710,66000,387130000C,(04)23274275,(04)23288582,2025,11,26,21,13,臺中市,龍井區,0,2,0,7,1,6,50,13,9,1,5,4,6,6,4,4,5,4,5,1,12,2,9,1,1,C03,7,9,1,10,2,12,,1,1,1,12,4,120.524211,24.210073,2
10711,66000,387130000C,(04)23274275,(04)23288582,2025,11,26,21,15,臺中市,大里區,0,1,0,7,1,6,50,4,1,1,5,4,6,6,4,4,10,5,5,2,15,2,8,4,1,F01,7,9,7,21,2,12,,15,15,1,12,4,120.68807,24.086039,2
10712,66000,387130000C,(04)23274275,(04)23288582,2025,11,26,21,23,臺中市,太平區,0,0,0,7,,,40,,,,,,,,,,,,,,,,,,,B12,,,3,,2,,,84,84,1,12,4,120.712899,24.149567,3
10713,66000,387130000C,(04)23274275,(04)23288582,2025,11,26,21,24,臺中市,外埔區,0,2,0,7,1,6,50,4,1,1,5,4,6,6,1,1,10,5,5,2,11,2,9,1,1,C03,7,6,1,10,2,11,,11,11,1,12,4,120.653386,24.33162,2
10714,66000,387130000C,(04)23274275,(04)23288582,2025,11,26,21,26,臺中市,西屯區,0,0,0,7,,,60,,,,,,,,,,,,,,,,,,,B03,,,1,,2,,,8,8,1,12,4,120.621419,24.180133,3
10715,66000,387130000C,(04)23274275,(04)23288582,2025,11,26,21,29,臺中市,中區,0,1,0,7,1,6,50,4,1,1,5,4,6,6,4,4,5,4,5,2,15,3,10,3,1,B03,7,9,1,8,2,8,,12,12,1,12,4,120.677819,24.145231,2
10716,66000,387130000C,(04)23274275,(04)23288582,2025,11,26,21,30,臺中市,南屯區,0,0,0,7,,,50,,,,,,,,,,,,,,12,,,,,B03,,,1,,1,,,8,8,1,12,4,120.647307,24.150028,3
10717,66000,387130000C,(04)23274275,(04)23288582,2025,11,26,21,32,臺中市,南屯區,0,1,0,7,1,6,40,13,9,1,5,4,6,6,1,1,3,4,3,2,12,2,9,1,1,C03,7,6,1,10,2,14,,36,36,1,12,4,120.646898,24.155611,2
10718,66000,387130000C,(04)23274275,(04)23288582,2025,11,26,21,36,臺中市,潭子區,0,1,0,6,1,6,50,3,1,1,5,4,6,6,1,1,5,4,4,1,17,3,10,3,1,B03,7,6,1,8,2,1,,11,11,1,13,4,120.707407,24.211169,2
10719,66000,387130000C,(04)23274275,(04)23288582,2025,11,26,21,37,臺中市,潭子區,0,2,0,7,1,6,60,13,8,1,5,4,6,6,4,4,1,4,4,1,16,3,10,2,1,C03,7,7,1,10,2,13,,40,40,1,12,4,120.702319,24.192401,2
10720,66000,387130000C,(04)23274275,(04)23288582,2025,11,26,21,38,臺中市,大雅區,0,0,0,7,,,30,,,,,,,,,,,,,,11,,,,,B03,,,1,,1,,,8,8,1,13,4,120.676404,24.214582,3
10721,66000,387130000C,(04)23274275,(04)23288582,2025,11,26,21,40,臺中市,北區,0,2,0,7,1,6,50,4,2,1,5,4,6,6,4,4,10,5,5,2,12,2,9,2,1,C03,7,9,1,10,2,11,,84,84,1,13,4,120.688597,24.160055,2
10722,66000,387130000C,(04)23274275,(04)23288582,2025,11,26,21,42,臺中市,霧峰區,0,2,0,7,1,6,50,11,9,1,5,4,6,6,4,4,5,5,5,1,17,2,9,2,1,C03,7,6,1,10,2,14,,39,39,1,12,4,120.71467,24.074948,2
10723,66000,387130000C,(04)23274275,(04)23288582,2025,11,26,21,43,臺中市,北區,0,1,0,7,1,6,50,4,1,1,5,4,6,6,2,1,10,5,5,2,18,2,9,1,1,C03,7,9,1,10,2,14,,84,84,1,13,4,120.694326,24.155623,2
10724,66000,387130000C,(04)23274275,(04)23288582,2025,11,26,22,0,臺中市,西屯區,0,0,0,7,,,50,,,,,,,,,,,,,,14,,,,,B03,,,1,,1,,,49,49,1,13,4,120.643819,24.171887,3
10725,66000,387130000C,(04)23274275,(04)23288582,2025,11,26,22,0,臺中市,新社區,0,2,0,6,1,6,40,13,9,1,5,4,6,6,4,4,5,5,5,1,18,2,9,2,1,C03,7,9,1,10,2,11,,59,59,1,6,4,120.878813,24.127244,2
10726,66000,387130000C,(04)23274275,(04)23288582,2025,11,26,22,3,臺中市,西屯區,0,1,0,7,1,6,50,3,1,1,5,4,6,6,2,1,10,5,5,2,13,2,9,1,1,C03,7,9,1,10,2,11,,7,7,1,13,4,120.642392,24.169381,2
10727,66000,387130000C,(04)23274275,(04)23288582,2025,11,26,22,5,臺中市,北屯區,0,0,0,7,,,50,,,,,,,,,,,,,,,,,,,B03,,,1,,1,,,51,51,1,13,4,120.685671,24.183598,4
10728,66000,387130000C,(04)23274275,(04)23288582,2025,11,26,22,7,臺中市,西屯區,0,0,0,7,,,50,,,,,,,,,,,,,,17,,,,,B03,,,1,,1,,,51,51,1,12,4,120.619974,24.187222,3
10729,66000,387130000C,(04)23274275,(04)23288582,2025,11,26,22,9,臺中市,北區,0,0,0,7,3,6,50,18,24,1,5,4,6,6,4,4,10,5,5,2,17,,,,,C03,,,1,,2,,,8,8,1,13,4,120.683319,24.147498,3
10730,66000,387130000C,(04)23274275,(04)23288582,2025,11,26,22,10,臺中市,大雅區,0,0,0,7,,,,,,,,,,,,,,,,,,,,,,,,,,,,,,86,86,1,,,120.6511,24.229024,3
10731,66000,387130000C,(04)23274275,(04)23288582,2025,11,26,22,13,臺中市,太平區,0,1,0,7,1,6,50,3,2,1,5,4,6,6,4,4,10,5,5,2,24,2,9,1,1,F03,7,8,7,21,2,11,,84,84,1,12,4,120.723892,24.117218,2
10732,66000,387130000C,(04)23274275,(04)23288582,2025,11,26,22,14,臺中市,西屯區,0,1,0,7,1,6,50,3,1,1,5,4,6,6,2,1,4,4,5,2,17,3,10,5,4,B03,7,11,1,8,2,2,,45,45,1,13,4,120.634737,24.16956,2
10733,66000,387130000C,(04)23274275,(04)23288582,2025,11,26,22,21,臺中市,太平區,0,1,0,7,1,6,50,4,1,1,5,4,6,6,1,1,10,5,5,2,16,3,10,3,4,B02,7,6,1,8,2,2,,52,52,1,13,4,120.705084,24.148343,2
10734,66000,387130000C,(04)23274275,(04)23288582,2025,11,26,22,25,臺中市,北屯區,0,1,0,7,1,6,50,4,2,1,5,4,6,6,1,1,5,5,5,2,18,2,9,1,1,C03,7,9,1,8,2,14,,59,59,1,12,4,120.677553,24.199239,2
10735,66000,387130000C,(04)23274275,(04)23288582,2025,11,26,22,25,臺中市,北屯區,0,2,0,7,1,6,50,4,2,1,5,4,6,6,2,1,1,2,5,2,13,2,8,2,1,C03,7,12,1,10,2,11,,58,58,1,6,4,120.690787,24.17142,2
10736,66000,387130000C,(04)23274275,(04)23288582,2025,11,26,22,33,臺中市,太平區,0,2,0,7,1,6,50,13,7,1,5,4,6,6,4,4,5,5,5,1,3,2,9,6,5,H01,8,16,7,21,10,17,,95,95,1,12,5,120.734245,24.143581,2
10737,66000,387130000C,(04)23274275,(04)23288582,2025,11,26,22,38,臺中市,西區,0,0,0,7,,,50,,,,,,,,,,,,,,17,,,,,B03,,,1,,2,,,84,84,1,12,4,120.657716,24.157909,3
10738,66000,387130000C,(04)23274275,(04)23288582,2025,11,26,22,45,臺中市,西屯區,0,1,0,7,1,6,50,4,2,1,5,4,6,6,2,1,5,4,4,2,18,2,9,5,4,C03,7,9,1,10,9,12,,59,59,1,13,4,120.634604,24.1696,2
10739,66000,387130000C,(04)23274275,(04)23288582,2025,11,26,22,47,臺中市,南屯區,0,2,0,7,1,6,30,3,1,1,5,4,6,6,4,4,10,5,5,2,17,2,9,3,1,B03,7,1,1,8,2,8,,12,12,1,12,4,120.637873,24.141084,2
10740,66000,387130000C,(04)23274275,(04)23288582,2025,11,26,22,49,臺中市,南屯區,0,1,0,7,1,6,50,13,8,1,5,4,6,6,4,4,9,5,5,2,17,3,10,3,1,B03,7,5,1,8,2,5,,84,84,1,13,4,120.62267,24.140394,2
10741,66000,387130000C,(04)23274275,(04)23288582,2025,11,26,23,0,臺中市,西區,0,2,0,7,1,6,50,4,1,1,5,4,6,6,2,1,10,5,5,2,3,2,9,1,1,C03,7,9,1,10,2,11,,10,10,1,12,4,120.679975,24.1377,2
10742,66000,387130000C,(04)23274275,(04)23288582,2025,11,26,23,3,臺中市,西屯區,0,1,0,7,1,6,50,4,1,1,5,4,6,6,2,1,10,5,5,2,15,2,9,1,1,C03,7,9,1,10,2,12,,21,21,1,12,4,120.640797,24.167775,2
10743,66000,387130000C,(04)23274275,(04)23288582,2025,11,26,23,18,臺中市,南屯區,0,2,0,7,1,6,50,4,1,1,5,4,6,6,3,1,5,5,5,2,15,3,10,3,1,B03,7,9,1,8,2,5,,24,24,1,12,4,120.653286,24.127355,2
10744,66000,387130000C,(04)23274275,(04)23288582,2025,11,26,23,31,臺中市,大雅區,0,2,0,7,1,6,50,4,1,1,5,4,6,6,1,1,5,4,5,1,16,2,9,2,1,C03,7,6,1,10,2,11,,25,25,1,13,4,120.651815,24.227983,2
10745,66000,387130000C,(04)23274275,(04)23288582,2025,11,27,0,13,臺中市,西屯區,0,1,0,7,2,6,50,4,1,1,5,4,6,6,1,1,5,5,4,2,16,2,9,2,1,C03,7,12,1,10,2,14,,84,84,1,12,4,120.638038,24.172709,2
10746,66000,387130000C,(04)23274275,(04)23288582,2025,11,27,0,23,臺中市,西屯區,0,0,0,7,,,30,,,,,,,,,,,,,,16,,,,,B03,,,1,,2,,,12,12,1,12,4,120.636972,24.171998,3
10747,66000,387130000C,(04)23274275,(04)23288582,2025,11,27,0,45,臺中市,大雅區,0,1,0,7,1,6,50,13,9,1,5,4,6,6,4,4,9,5,5,1,17,3,10,3,1,B03,7,1,1,8,2,7,,51,51,1,12,4,120.673405,24.210157,2