序號,縣市別代碼,機關代碼,市話,傳真,年,月,日,時,分,縣市,區,死亡數量,受傷數量,2-30,天候,道路照明設備,道路類別,道路速限,道路型態,事故位置,路面鋪裝,路面狀態,路面缺陷,障礙物,視距,號誌種類,號誌動作,分向設施,快車道或一般車道間,快慢車道間,路面邊線,事故類型及型態,受傷程度,主要傷處,保護裝備,行動電話或功能裝置,當事者區分(類別),車輛用途,當事者行動狀態,駕照狀態,駕照種類,飲酒情形,車輛撞擊部位最初,車輛撞擊部位其他,肇事因素個別,肇事因素主要,肇事逃逸,職業,共享經濟或外送平台,GPS座標X,GPS座標Y,事故類別
10748,66000,387130000C,(04)23274275,(04)23288582,2025,11,27,0,52,臺中市,沙鹿區,0,1,0,7,1,6,40,3,1,1,5,2,6,6,4,4,10,5,5,2,18,2,9,2,1,C03,7,5,1,10,2,12,,82,82,1,12,4,120.577405,24.224319,2
10749,66000,387130000C,(04)23274275,(04)23288582,2025,11,27,1,14,臺中市,南屯區,0,0,0,7,1,6,50,13,9,1,5,4,6,6,4,4,5,5,5,2,28,,,,,B03,,,1,,2,,,87,87,1,12,4,120.588346,24.13909,3
10750,66000,387130000C,(04)23274275,(04)23288582,2025,11,27,1,30,臺中市,太平區,0,0,0,7,,,50,,,,,,,,,,,,,,,,,,,B01,,,1,,2,,,57,57,1,12,4,120.710896,24.151066,3
10751,66000,387130000C,(04)23274275,(04)23288582,2025,11,27,2,19,臺中市,北區,0,1,0,7,1,6,30,13,9,4,5,4,6,6,4,4,10,5,5,2,18,2,9,5,4,C03,7,15,1,10,2,15,,84,84,1,13,4,120.678049,24.147332,2
10752,66000,387130000C,(04)23274275,(04)23288582,2025,11,27,2,34,臺中市,北區,0,0,0,7,3,6,50,18,24,1,5,4,6,6,4,4,10,5,5,2,17,,,,,B03,,,1,,2,,,49,49,1,13,4,120.676701,24.165617,3
10753,66000,387130000C,(04)23274275,(04)23288582,2025,11,27,2,54,臺中市,西區,0,1,0,7,1,6,50,13,8,1,5,4,6,6,4,4,1,4,4,2,17,2,9,2,1,C03,7,9,1,8,2,12,,55,55,1,12,2,120.672613,24.146651,2
10754,66000,387130000C,(04)23274275,(04)23288582,2025,11,27,3,53,臺中市,中區,0,1,0,6,1,6,40,13,8,1,5,4,6,6,4,4,5,5,5,2,17,2,9,1,1,C03,7,9,1,10,2,11,,6,6,1,12,4,120.676225,24.144456,2
10755,66000,387130000C,(04)23274275,(04)23288582,2025,11,27,5,41,臺中市,烏日區,0,0,0,7,,,30,,,,,,,,,,,,,,9,,,,,B03,,,1,,2,,,59,59,1,6,4,120.647906,24.053462,3
10756,66000,387130000C,(04)23274275,(04)23288582,2025,11,27,6,28,臺中市,北屯區,0,0,0,7,,,30,,,,,,,,,,,,,,17,,,,,B03,,,1,,2,,,8,8,1,6,4,120.69645,24.166159,3
10757,66000,387130000C,(04)23274275,(04)23288582,2025,11,27,6,35,臺中市,大安區,0,1,0,7,3,6,50,13,9,1,5,4,6,6,4,4,4,5,5,1,11,3,10,5,4,B03,7,15,1,2,2,5,,39,39,1,6,4,120.587096,24.380067,2
10758,66000,387130000C,(04)23274275,(04)23288582,2025,11,27,6,45,臺中市,太平區,0,0,0,7,,,50,,,,,,,,,,,,,,,,,,,B03,,,1,,1,,,59,59,1,12,4,120.711457,24.140981,3
10759,66000,387130000C,(04)23274275,(04)23288582,2025,11,27,6,47,臺中市,大里區,0,0,0,7,,,50,,,,,,,,,,,,,,17,,,,,F01,,,7,,9,,,84,84,1,3,4,120.700568,24.090055,3
10760,66000,387130000C,(04)23274275,(04)23288582,2025,11,27,6,56,臺中市,西屯區,0,0,0,7,,,30,,,,,,,,,,,,,,16,,,,,B03,,,1,,1,,,11,11,1,12,4,120.655287,24.178147,3
10761,66000,387130000C,(04)23274275,(04)23288582,2025,11,27,6,58,臺中市,南區,0,1,0,7,2,6,30,4,1,1,5,4,6,6,3,1,10,5,5,2,15,2,9,2,1,C03,7,9,1,10,2,11,,12,12,1,13,4,120.656512,24.12066,2
10762,66000,387130000C,(04)23274275,(04)23288582,2025,11,27,7,4,臺中市,西區,0,1,0,7,2,6,50,13,9,1,5,4,6,6,4,4,5,5,5,2,17,3,10,1,1,C03,7,1,1,10,2,16,,51,51,1,13,4,120.66026,24.147816,2
10763,66000,387130000C,(04)23274275,(04)23288582,2025,11,27,7,4,臺中市,南屯區,0,2,0,7,2,6,50,4,2,1,5,4,6,6,2,1,1,4,1,2,13,2,9,2,1,C03,7,9,1,10,2,11,,84,84,1,12,4,120.615005,24.147786,2
10764,66000,387130000C,(04)23274275,(04)23288582,2025,11,27,7,6,臺中市,大甲區,0,0,0,7,,,50,,,,,,,,,,,,,,15,,,,,B03,,,1,,2,,,84,84,1,12,4,120.631545,24.370944,3
10765,66000,387130000C,(04)23274275,(04)23288582,2025,11,27,7,7,臺中市,北屯區,0,0,0,7,,,50,,,,,,,,,,,,,,,,,,,C03,,,1,,1,,,20,20,1,13,4,120.74109,24.179742,3
10766,66000,387130000C,(04)23274275,(04)23288582,2025,11,27,7,8,臺中市,大里區,0,0,0,7,,6,50,,,,,,,,,,,,,,17,,,,,B03,,,1,1,2,,,84,84,1,13,4,120.706031,24.087524,3
10767,66000,387130000C,(04)23274275,(04)23288582,2025,11,27,7,9,臺中市,潭子區,0,1,0,7,3,6,50,13,9,1,5,4,6,6,4,4,5,4,5,1,17,2,8,2,1,C03,7,9,1,10,2,15,,7,7,1,13,4,120.700726,24.214584,2
10768,66000,387130000C,(04)23274275,(04)23288582,2025,11,27,7,9,臺中市,大里區,0,0,0,7,,,50,,,,,,,,,,,,,,17,,,,,A11,,,1,,2,,,8,8,1,6,4,120.70235,24.100795,3
10769,66000,387130000C,(04)23274275,(04)23288582,2025,11,27,7,10,臺中市,潭子區,0,0,0,7,,,30,,,,,,,,,,,,,,,,,,,B03,,,1,,2,,,49,49,1,13,4,120.701489,24.211276,3
10770,66000,387130000C,(04)23274275,(04)23288582,2025,11,27,7,10,臺中市,東區,0,1,0,7,2,6,50,3,1,1,5,4,6,6,2,1,10,5,5,2,17,3,10,3,1,B01,7,9,1,4,2,8,,84,84,1,12,4,120.690931,24.140032,2
10771,66000,387130000C,(04)23274275,(04)23288582,2025,11,27,7,10,臺中市,梧棲區,0,1,0,7,2,6,50,3,1,1,5,4,6,6,1,1,10,5,5,2,16,2,9,1,1,C03,7,6,1,10,1,12,,11,11,1,12,4,120.530752,24.253427,2
10772,66000,387130000C,(04)23274275,(04)23288582,2025,11,27,7,15,臺中市,中區,0,0,0,7,,,50,,,,,,,,,,,,,,12,,,,,B03,,,1,,2,,,8,8,1,13,4,120.681999,24.135784,3
10773,66000,387130000C,(04)23274275,(04)23288582,2025,11,27,7,16,臺中市,大雅區,0,1,0,7,3,6,30,3,9,1,5,4,6,6,4,4,9,5,5,2,16,2,8,2,1,C03,7,5,1,10,2,14,,14,14,1,13,4,120.648087,24.223673,2
10774,66000,387130000C,(04)23274275,(04)23288582,2025,11,27,7,18,臺中市,大肚區,0,0,0,7,,,50,,,,,,,,,,,,,,13,,,,,B12,,,1,,2,,,59,59,1,6,4,120.547302,24.155669,3
10775,66000,387130000C,(04)23274275,(04)23288582,2025,11,27,7,19,臺中市,大里區,0,0,0,7,,,30,,,,,,,,,,,,,,17,,,,,B12,,,1,,1,,,51,51,1,6,4,120.685023,24.086052,3
10776,66000,387130000C,(04)23274275,(04)23288582,2025,11,27,7,23,臺中市,神岡區,0,2,0,7,2,6,50,4,1,1,5,4,6,6,3,1,10,5,5,2,18,2,9,2,1,C03,7,9,1,10,2,14,,57,57,1,6,4,120.6981,24.264724,2
10777,66000,387130000C,(04)23274275,(04)23288582,2025,11,27,7,26,臺中市,石岡區,0,2,0,7,2,6,50,13,8,1,5,4,6,6,4,4,1,4,4,1,13,2,9,2,1,C03,7,9,1,10,2,11,,7,7,1,12,4,120.80131,24.268854,2
10778,66000,387130000C,(04)23274275,(04)23288582,2025,11,27,7,27,臺中市,后里區,0,1,0,7,3,6,50,4,2,1,5,4,6,6,4,4,5,4,5,1,12,3,10,3,1,B03,7,9,1,8,2,1,,59,59,1,6,4,120.711546,24.307082,2
10779,66000,387130000C,(04)23274275,(04)23288582,2025,11,27,7,29,臺中市,龍井區,0,1,0,7,2,6,30,13,9,1,5,4,6,6,4,4,10,5,5,2,17,2,1,3,1,B03,7,9,1,7,2,5,,43,43,1,12,4,120.548785,24.1953,2
10780,66000,387130000C,(04)23274275,(04)23288582,2025,11,27,7,29,臺中市,龍井區,0,2,0,7,1,6,50,13,9,1,5,4,6,6,1,1,9,5,5,2,13,3,10,3,1,B03,7,9,1,8,2,2,,7,7,1,6,4,120.581767,24.176502,2
10781,66000,387130000C,(04)23274275,(04)23288582,2025,11,27,7,29,臺中市,豐原區,0,0,0,7,,,30,,,,,,,,,,,,,,12,,,,,B03,,,1,,2,,,51,51,1,12,4,120.71025,24.243767,3
10782,66000,387130000C,(04)23274275,(04)23288582,2025,11,27,7,32,臺中市,沙鹿區,0,1,0,7,2,6,50,3,1,1,5,4,6,6,4,4,10,5,5,2,17,2,9,1,1,C03,7,9,1,10,2,14,,82,82,1,12,4,120.563539,24.235944,2
10783,66000,387130000C,(04)23274275,(04)23288582,2025,11,27,7,34,臺中市,北區,0,1,0,7,2,6,50,13,9,1,5,4,6,6,2,1,1,4,5,2,13,2,9,1,1,C03,7,9,1,10,2,11,14,7,7,1,13,4,120.686087,24.154869,2
10784,66000,387130000C,(04)23274275,(04)23288582,2025,11,27,7,34,臺中市,豐原區,0,2,0,7,2,6,50,4,1,1,5,4,6,6,2,1,1,5,4,2,17,2,9,1,1,C03,7,6,1,10,2,12,,11,11,1,12,4,120.722444,24.252064,2
10785,66000,387130000C,(04)23274275,(04)23288582,2025,11,27,7,35,臺中市,北屯區,0,0,0,7,,,50,,,,,,,,,,,,,,13,,,,,B03,,,1,,1,,,7,7,1,6,4,120.700183,24.164592,3
10786,66000,387130000C,(04)23274275,(04)23288582,2025,11,27,7,36,臺中市,大甲區,0,0,0,7,,,50,,,,,,,,,,,,,,13,,,,,B03,,,1,,1,,,7,7,1,6,4,120.629393,24.419311,3
10787,66000,387130000C,(04)23274275,(04)23288582,2025,11,27,7,38,臺中市,南屯區,0,0,0,7,,,50,,,,,,,,,,,,,,,,,,,B03,,,1,,1,,,7,7,1,12,4,120.618408,24.139723,3
10788,66000,387130000C,(04)23274275,(04)23288582,2025,11,27,7,38,臺中市,烏日區,0,0,0,7,,,50,,,,,,,,,,,,,,13,,,,,C03,,,1,,2,,,7,7,1,6,4,120.628933,24.101667,3
10789,66000,387130000C,(04)23274275,(04)23288582,2025,11,27,7,38,臺中市,沙鹿區,0,0,0,7,,,30,,,,,,,,,,,,,,,,,,,C03,,,1,,1,,,59,59,1,13,4,120.556135,24.220955,3
10790,66000,387130000C,(04)23274275,(04)23288582,2025,11,27,7,39,臺中市,大雅區,0,1,0,7,3,6,50,4,1,1,5,4,6,6,1,1,10,5,5,2,16,3,10,5,4,B03,7,6,1,8,2,6,,11,11,1,12,4,120.646729,24.226038,2
10791,66000,387130000C,(04)23274275,(04)23288582,2025,11,27,7,40,臺中市,北區,0,2,0,7,3,6,50,13,9,1,5,4,6,6,4,4,1,2,5,2,17,3,10,3,1,B03,7,15,1,8,2,8,,84,84,1,12,4,120.670537,24.164894,2
10792,66000,387130000C,(04)23274275,(04)23288582,2025,11,27,7,40,臺中市,南屯區,0,0,0,7,,,50,,,,,,,,,,,,,,13,,,,,B03,,,1,,2,,,59,59,1,13,4,120.649819,24.150357,3
10793,66000,387130000C,(04)23274275,(04)23288582,2025,11,27,7,40,臺中市,南屯區,0,0,0,7,,,50,,,,,,,,,,,,,,,,,,,B03,,,1,,1,,,8,8,1,13,4,120.612791,24.148444,3
10794,66000,387130000C,(04)23274275,(04)23288582,2025,11,27,7,40,臺中市,神岡區,0,2,0,7,2,6,50,4,1,1,5,4,6,6,4,4,10,5,5,2,17,3,10,3,1,A12,7,6,1,7,2,1,,14,14,1,6,4,120.698948,24.26279,2
10795,66000,387130000C,(04)23274275,(04)23288582,2025,11,27,7,41,臺中市,潭子區,0,2,0,7,3,6,30,3,1,1,5,4,6,6,4,4,10,5,5,2,17,2,8,2,1,C03,7,6,1,10,2,11,,14,14,1,13,4,120.693138,24.216405,2
10796,66000,387130000C,(04)23274275,(04)23288582,2025,11,27,7,42,臺中市,潭子區,0,0,0,7,,,50,,,,,,,,,,,,,,,,,,,B03,,,1,,2,,,50,50,1,13,4,120.704142,24.201192,3
10797,66000,387130000C,(04)23274275,(04)23288582,2025,11,27,7,43,臺中市,龍井區,0,3,0,7,1,6,30,3,2,1,5,4,6,6,4,4,9,4,5,1,16,3,10,1,1,C03,7,6,1,10,2,14,,39,39,1,6,4,120.582849,24.1822,2
10798,66000,387130000C,(04)23274275,(04)23288582,2025,11,27,7,45,臺中市,北屯區,0,0,0,7,,,50,,,,,,,,,,,,,,13,,,,,B03,,,1,,1,,,7,7,1,6,4,120.737577,24.161018,3
10799,66000,387130000C,(04)23274275,(04)23288582,2025,11,27,7,47,臺中市,太平區,0,0,0,7,,,30,,,,,,,,,,,,,,,,,,,C03,,,1,,1,,,41,41,1,12,4,120.702594,24.148621,3
10800,66000,387130000C,(04)23274275,(04)23288582,2025,11,27,7,48,臺中市,北屯區,0,1,0,7,2,6,50,4,1,1,5,4,6,6,4,4,10,5,5,2,15,2,9,1,1,C03,7,9,1,10,2,11,,15,15,1,6,4,120.702043,24.169017,2
10801,66000,387130000C,(04)23274275,(04)23288582,2025,11,27,7,51,臺中市,北屯區,0,0,0,7,,,50,,,,,,,,,,,,,,,,,,,B03,,,1,,1,,,11,11,1,13,4,120.692176,24.169004,3
10802,66000,387130000C,(04)23274275,(04)23288582,2025,11,27,7,51,臺中市,石岡區,0,1,0,7,2,6,50,3,1,1,5,4,6,6,1,1,1,5,4,1,17,3,10,5,4,B12,7,6,1,8,2,2,,11,11,1,13,4,120.815033,24.260824,2
10803,66000,387130000C,(04)23274275,(04)23288582,2025,11,27,7,53,臺中市,北區,0,2,0,7,2,6,50,4,1,1,5,4,6,6,3,1,10,5,5,2,15,2,9,1,1,C03,7,9,1,10,2,11,,24,24,1,12,4,120.674075,24.172956,2
10804,66000,387130000C,(04)23274275,(04)23288582,2025,11,27,7,53,臺中市,東區,0,0,0,7,,,50,,,,,,,,,,,,,,13,,,,,C03,,,1,,1,,,7,7,1,12,4,120.699074,24.134196,3
10805,66000,387130000C,(04)23274275,(04)23288582,2025,11,27,7,53,臺中市,后里區,0,0,0,7,2,6,60,13,7,1,5,4,6,6,4,4,1,4,4,1,13,3,10,3,1,B03,7,14,1,8,1,1,,7,7,1,12,4,120.723059,24.288959,3
10806,66000,387130000C,(04)23274275,(04)23288582,2025,11,27,7,54,臺中市,大里區,0,1,0,7,2,6,40,3,1,1,5,4,6,6,1,1,10,5,5,2,17,3,10,5,4,C03,7,9,1,10,2,11,,84,84,1,13,4,120.693194,24.090262,2
10807,66000,387130000C,(04)23274275,(04)23288582,2025,11,27,7,56,臺中市,東區,0,1,0,7,3,6,50,4,1,1,5,4,6,6,2,1,10,5,5,2,16,3,10,3,1,B03,7,5,1,8,2,6,,20,20,1,13,4,120.700074,24.132421,2
10808,66000,387130000C,(04)23274275,(04)23288582,2025,11,27,7,56,臺中市,龍井區,0,2,0,7,2,6,30,5,1,1,5,4,6,6,1,1,1,4,4,2,16,2,9,1,1,C03,7,6,1,10,2,12,,11,11,1,12,4,120.536107,24.194494,2
10809,66000,387130000C,(04)23274275,(04)23288582,2025,11,27,7,58,臺中市,太平區,0,1,0,7,2,6,50,3,1,1,5,4,6,6,4,4,5,4,5,1,16,3,10,3,1,B03,7,8,1,8,2,6,,40,40,1,12,4,120.705085,24.159233,2
10810,66000,387130000C,(04)23274275,(04)23288582,2025,11,27,7,59,臺中市,北屯區,0,0,0,7,,,50,,,,,,,,,,,,,,13,,,,,B03,,,1,,1,,,7,7,1,6,4,120.702141,24.182228,3
10811,66000,387130000C,(04)23274275,(04)23288582,2025,11,27,8,0,臺中市,東區,0,0,0,7,,3,80,,,,,,,,,,,,,,,,,,,B03,,,1,,1,,,84,84,1,12,4,120.704403,24.126732,3
10812,66000,387130000C,(04)23274275,(04)23288582,2025,11,27,8,0,臺中市,南區,0,1,0,7,2,6,50,3,1,1,5,4,6,6,4,4,10,5,5,2,18,2,9,2,1,C03,7,9,1,10,2,12,,5,5,1,13,4,120.677164,24.130977,2
10813,66000,387130000C,(04)23274275,(04)23288582,2025,11,27,8,2,臺中市,北屯區,0,0,0,7,,,50,,,,,,,,,,,,,,13,,,,,B03,,,1,8,2,,,7,7,1,6,4,120.66826,24.17911,3
10814,66000,387130000C,(04)23274275,(04)23288582,2025,11,27,8,4,臺中市,西區,0,1,0,7,3,6,40,4,1,1,5,4,6,6,1,1,10,5,5,2,12,2,9,2,1,C03,7,9,1,10,2,14,,5,5,1,12,4,120.663183,24.16329,2
10815,66000,387130000C,(04)23274275,(04)23288582,2025,11,27,8,5,臺中市,南屯區,0,1,0,7,2,6,30,13,9,1,5,4,6,6,4,4,9,5,5,2,16,3,10,3,1,B03,7,5,1,8,2,6,,84,84,1,12,4,120.590142,24.148291,2
10816,66000,387130000C,(04)23274275,(04)23288582,2025,11,27,8,7,臺中市,南屯區,0,0,0,7,,,50,,,,,,,,,,,,,,16,,,,,B03,,,1,,1,,,13,13,1,13,4,120.641686,24.148786,3
10817,66000,387130000C,(04)23274275,(04)23288582,2025,11,27,8,14,臺中市,北區,0,1,0,7,3,6,50,3,1,1,5,4,6,6,1,1,10,5,5,2,12,2,9,1,1,C03,7,9,1,10,2,14,,21,21,1,12,4,120.666274,24.155838,2
10818,66000,387130000C,(04)23274275,(04)23288582,2025,11,27,8,15,臺中市,大雅區,0,0,0,7,,,50,,,,,,,,,,,,,,,,,,,B12,,,1,,1,,,7,7,1,13,4,120.646658,24.212379,3
10819,66000,387130000C,(04)23274275,(04)23288582,2025,11,27,8,15,臺中市,北屯區,0,3,0,7,3,6,50,13,9,1,5,4,6,6,4,4,1,4,5,2,13,2,9,1,1,C03,7,9,1,10,2,11,,7,7,1,6,4,120.730333,24.173885,2
10820,66000,387130000C,(04)23274275,(04)23288582,2025,11,27,8,16,臺中市,西區,0,2,0,7,2,6,40,13,8,1,5,4,6,6,4,4,5,5,5,2,13,2,7,1,1,C03,7,9,1,10,2,11,,7,7,1,13,4,120.674319,24.148356,2
10821,66000,387130000C,(04)23274275,(04)23288582,2025,11,27,8,20,臺中市,南屯區,0,2,0,7,2,6,40,13,8,1,5,4,6,6,4,4,1,4,4,2,13,2,9,2,1,C03,7,9,1,10,2,11,,7,7,1,12,4,120.622867,24.149983,2
10822,66000,387130000C,(04)23274275,(04)23288582,2025,11,27,8,23,臺中市,大雅區,0,0,0,7,,,50,,,,,,,,,,,,,,,,,,,B03,,,1,,2,,,7,7,1,12,4,120.649665,24.22151,3
10823,66000,387130000C,(04)23274275,(04)23288582,2025,11,27,8,23,臺中市,西屯區,0,0,0,7,,,50,,,,,,,,,,,,,,12,,,,,B03,,,1,,1,,,40,40,1,12,4,120.64563,24.163116,3
10824,66000,387130000C,(04)23274275,(04)23288582,2025,11,27,8,28,臺中市,南屯區,0,2,0,7,2,6,50,4,2,1,5,4,6,6,1,1,10,5,5,2,17,2,8,2,1,C03,7,9,1,10,2,11,,84,84,1,12,4,120.635194,24.131851,2
10825,66000,387130000C,(04)23274275,(04)23288582,2025,11,27,8,28,臺中市,西屯區,0,1,0,7,2,6,30,13,9,1,5,4,6,6,4,4,10,5,5,2,17,3,10,3,1,B03,7,1,1,8,2,8,,51,51,1,12,4,120.648371,24.183387,2
10826,66000,387130000C,(04)23274275,(04)23288582,2025,11,27,8,33,臺中市,南屯區,0,1,0,7,3,6,50,13,7,1,5,4,6,6,4,4,9,5,4,2,12,2,9,2,1,C03,7,8,1,10,2,14,,84,84,1,13,4,120.630381,24.12342,2
10827,66000,387130000C,(04)23274275,(04)23288582,2025,11,27,8,37,臺中市,潭子區,0,1,0,7,3,6,50,3,1,1,5,4,6,6,4,4,5,5,5,1,17,3,10,3,1,B03,7,6,1,8,2,7,,14,14,1,13,4,120.726582,24.203716,2
10828,66000,387130000C,(04)23274275,(04)23288582,2025,11,27,8,38,臺中市,太平區,0,1,0,7,3,6,50,11,9,1,5,4,6,6,4,4,5,4,5,1,16,3,10,3,1,B03,7,1,1,8,2,4,,51,51,1,12,4,120.703514,24.152729,2
10829,66000,387130000C,(04)23274275,(04)23288582,2025,11,27,8,40,臺中市,西屯區,0,1,0,7,2,6,50,4,1,1,5,4,6,6,2,1,10,5,5,2,11,3,10,3,4,B03,7,9,1,8,2,8,,21,21,1,12,4,120.662564,24.163578,2
10830,66000,387130000C,(04)23274275,(04)23288582,2025,11,27,8,43,臺中市,大里區,0,1,0,7,3,6,50,3,2,1,5,4,6,6,4,4,5,4,5,2,12,3,10,5,4,B03,7,9,1,8,2,2,,8,8,1,13,4,120.698305,24.105712,2
10831,66000,387130000C,(04)23274275,(04)23288582,2025,11,27,8,43,臺中市,霧峰區,0,2,0,7,2,6,50,4,4,1,5,4,6,6,1,1,4,3,5,1,17,2,8,2,1,C03,7,9,1,10,2,11,,7,7,1,5,4,120.709231,24.080875,2
10832,66000,387130000C,(04)23274275,(04)23288582,2025,11,27,8,52,臺中市,沙鹿區,0,1,0,7,2,6,50,13,9,1,5,4,6,6,4,4,5,5,4,2,17,2,9,1,1,C03,7,11,1,10,2,12,,34,34,1,12,4,120.573336,24.23889,2
10833,66000,387130000C,(04)23274275,(04)23288582,2025,11,27,8,59,臺中市,南屯區,0,0,0,7,,,50,,,,,,,,,,,,,,,,,,,B03,,,1,,2,,,84,84,1,12,4,120.631318,24.138436,3
10834,66000,387130000C,(04)23274275,(04)23288582,2025,11,27,9,6,臺中市,新社區,0,0,0,7,,,50,,,,,,,,,,,,,,,,,,,B03,,,1,,2,,,7,7,1,13,4,120.800998,24.198546,3
10835,66000,387130000C,(04)23274275,(04)23288582,2025,11,27,9,9,臺中市,西區,0,0,0,6,,,50,,,,,,,,,,,,,,17,,,,,B12,,,1,,9,,,50,50,1,12,4,120.674248,24.135482,3
10836,66000,387130000C,(04)23274275,(04)23288582,2025,11,27,9,9,臺中市,北屯區,0,0,0,7,,,50,,,,,,,,,,,,,,17,,,,,B03,,,1,,2,,,51,51,1,6,4,120.690036,24.175736,3
10837,66000,387130000C,(04)23274275,(04)23288582,2025,11,27,9,9,臺中市,清水區,0,0,0,7,,,70,,,,,,,,,,,,,,,,,,,B03,,,1,,1,,,84,84,1,12,4,120.562955,24.263568,3
10838,66000,387130000C,(04)23274275,(04)23288582,2025,11,27,9,10,臺中市,太平區,0,0,0,7,,,50,,,,,,,,,,,,,,13,,,,,B12,,,1,,1,,,7,7,1,12,4,120.707086,24.11856,3
10839,66000,387130000C,(04)23274275,(04)23288582,2025,11,27,9,13,臺中市,大肚區,0,1,0,7,3,6,50,13,9,1,5,4,6,6,4,4,4,5,5,2,18,2,9,2,1,C03,7,9,1,10,2,12,,85,85,1,6,4,120.556884,24.160566,2
10840,66000,387130000C,(04)23274275,(04)23288582,2025,11,27,9,14,臺中市,梧棲區,0,2,0,7,3,6,50,3,1,1,5,4,6,6,4,4,10,5,5,2,13,2,8,1,1,C03,7,9,1,10,2,11,,7,7,1,6,4,120.543801,24.245507,2
10841,66000,387130000C,(04)23274275,(04)23288582,2025,11,27,9,21,臺中市,北屯區,0,0,0,7,,,50,,,,,,,,,,,,,,,,,,,B03,,,1,,1,,,56,56,1,12,4,120.691164,24.170907,3
10842,66000,387130000C,(04)23274275,(04)23288582,2025,11,27,9,22,臺中市,南區,0,2,0,7,2,6,50,4,1,1,5,4,6,6,2,1,10,5,5,2,16,2,8,3,1,B03,7,6,1,7,2,5,2,11,11,1,12,4,120.661988,24.129926,2
10843,66000,387130000C,(04)23274275,(04)23288582,2025,11,27,9,25,臺中市,北屯區,0,1,0,7,2,6,50,4,1,1,5,4,6,6,1,1,10,5,5,2,16,2,9,1,1,C03,7,6,1,10,2,12,,11,11,1,6,4,120.668255,24.195412,2
10844,66000,387130000C,(04)23274275,(04)23288582,2025,11,27,9,25,臺中市,烏日區,0,0,0,7,,,50,,,,,,,,,,,,,,12,,,,,A11,,,1,,1,,,8,8,1,6,4,120.596807,24.107005,4
10845,66000,387130000C,(04)23274275,(04)23288582,2025,11,27,9,28,臺中市,北屯區,0,1,0,7,3,6,50,4,1,1,5,4,6,6,4,4,10,5,5,2,15,2,9,2,1,C03,7,9,1,10,2,12,,15,15,1,6,2,120.663492,24.191791,2
10846,66000,387130000C,(04)23274275,(04)23288582,2025,11,27,9,34,臺中市,大里區,0,0,0,7,,,50,,,,,,,,,,,,,,13,,,,,C03,,,1,,1,,,7,7,1,13,4,120.694271,24.100437,3
10847,66000,387130000C,(04)23274275,(04)23288582,2025,11,27,9,40,臺中市,南區,0,0,0,7,,,50,,,,,,,,,,,,,,12,,,,,B03,,,1,,1,,,35,35,1,6,4,120.679369,24.126319,3
10848,66000,387130000C,(04)23274275,(04)23288582,2025,11,27,9,42,臺中市,西屯區,0,3,0,7,2,6,50,3,9,1,5,4,6,6,4,4,5,5,5,2,13,2,7,5,4,C03,7,9,1,10,2,13,,84,84,1,12,4,120.648507,24.169121,2
10849,66000,387130000C,(04)23274275,(04)23288582,2025,11,27,9,43,臺中市,沙鹿區,0,1,0,7,2,6,60,3,2,1,5,4,6,6,1,1,3,3,3,1,17,2,9,5,4,C03,7,9,1,10,2,11,,7,7,1,13,4,120.556476,24.212605,2
10850,66000,387130000C,(04)23274275,(04)23288582,2025,11,27,9,45,臺中市,北區,0,0,0,7,,,50,,,,,,,,,,,,,,13,,,,,B03,,,1,,1,,,7,7,1,13,4,120.677139,24.153899,3
10851,66000,387130000C,(04)23274275,(04)23288582,2025,11,27,9,46,臺中市,霧峰區,0,2,0,7,2,6,50,13,9,1,5,4,6,6,4,4,9,5,5,1,16,2,9,2,1,C03,7,6,1,10,2,14,,48,48,1,6,4,120.706924,24.075666,2
10852,66000,387130000C,(04)23274275,(04)23288582,2025,11,27,9,47,臺中市,西屯區,0,0,0,7,,,40,,,,,,,,,,,,,,13,,,,,B03,,,1,,1,,,54,54,1,12,4,120.650582,24.162335,3
10853,66000,387130000C,(04)23274275,(04)23288582,2025,11,27,9,48,臺中市,西區,0,0,0,7,,,50,,,,,,,,,,,,,,15,,,,,C03,,,1,,1,,,59,59,1,13,4,120.658827,24.155995,4
10854,66000,387130000C,(04)23274275,(04)23288582,2025,11,27,9,50,臺中市,北屯區,0,0,0,7,,,30,,,,,,,,,,,,,,15,,,,,B03,,,1,,1,,,24,24,1,6,4,120.66748,24.195457,3
10855,66000,387130000C,(04)23274275,(04)23288582,2025,11,27,9,52,臺中市,大肚區,0,1,0,7,3,6,70,3,8,1,5,4,6,6,2,1,1,4,4,1,16,3,10,3,1,B03,7,7,1,8,2,2,,40,40,1,6,4,120.553905,24.134257,2
10856,66000,387130000C,(04)23274275,(04)23288582,2025,11,27,9,52,臺中市,梧棲區,0,1,0,7,2,6,40,13,8,1,5,4,6,6,4,4,1,5,1,1,18,2,9,1,1,C03,7,9,1,10,2,12,,59,59,1,12,4,120.533146,24.242203,2
10857,66000,387130000C,(04)23274275,(04)23288582,2025,11,27,9,57,臺中市,西屯區,0,1,0,7,2,6,50,3,4,1,5,4,6,6,2,1,1,2,5,2,12,2,9,1,1,C03,7,6,1,10,2,14,,8,8,1,12,4,120.647932,24.196002,2
10858,66000,387130000C,(04)23274275,(04)23288582,2025,11,27,10,0,臺中市,北屯區,0,2,0,7,2,6,50,3,1,1,5,4,6,6,4,4,10,5,5,2,13,2,9,1,1,C03,7,9,1,10,2,11,,7,7,1,6,4,120.692035,24.176615,2