序號,縣市別代碼,機關代碼,市話,傳真,年,月,日,時,分,縣市,區,死亡數量,受傷數量,2-30,天候,道路照明設備,道路類別,道路速限,道路型態,事故位置,路面鋪裝,路面狀態,路面缺陷,障礙物,視距,號誌種類,號誌動作,分向設施,快車道或一般車道間,快慢車道間,路面邊線,事故類型及型態,受傷程度,主要傷處,保護裝備,行動電話或功能裝置,當事者區分(類別),車輛用途,當事者行動狀態,駕照狀態,駕照種類,飲酒情形,車輛撞擊部位最初,車輛撞擊部位其他,肇事因素個別,肇事因素主要,肇事逃逸,職業,共享經濟或外送平台,GPS座標X,GPS座標Y,事故類別
10859,66000,387130000C,(04)23274275,(04)23288582,2025,11,27,10,1,臺中市,太平區,0,0,0,7,,,50,,,,,,,,,,,,,,,,,,,B03,,,1,,2,,,59,59,1,12,4,120.724694,24.129974,3
10860,66000,387130000C,(04)23274275,(04)23288582,2025,11,27,10,3,臺中市,北區,0,0,0,7,,,50,,,,,,,,,,,,,,,,,,,B12,,,1,,1,,,49,49,1,12,4,120.680954,24.162462,3
10861,66000,387130000C,(04)23274275,(04)23288582,2025,11,27,10,12,臺中市,西區,0,0,0,6,,,50,,,,,,,,,,,,,,30,,,,,A12,,,1,,2,,,8,8,1,12,4,120.659916,24.149181,3
10862,66000,387130000C,(04)23274275,(04)23288582,2025,11,27,10,12,臺中市,大里區,0,2,0,7,2,6,50,13,11,1,5,4,6,6,4,4,9,3,4,1,14,3,10,3,1,B12,7,2,1,4,2,7,,49,49,1,6,4,120.692357,24.117093,2
10863,66000,387130000C,(04)23274275,(04)23288582,2025,11,27,10,18,臺中市,南屯區,0,0,0,7,,,50,,,,,,,,,,,,,,17,,,,,C03,,,1,,2,,,84,84,1,13,4,120.650126,24.150498,4
10864,66000,387130000C,(04)23274275,(04)23288582,2025,11,27,10,19,臺中市,西屯區,0,0,0,7,,3,,,,,,,,,,,,,,,35,,,,,,,,,,,,,116,116,1,,,120.634948,24.179291,3
10865,66000,387130000C,(04)23274275,(04)23288582,2025,11,27,10,20,臺中市,北屯區,0,1,0,6,3,6,50,5,1,1,5,4,6,6,1,1,10,5,5,2,16,2,8,2,1,C03,7,9,1,10,2,14,,1,1,1,6,4,120.71887,24.19124,2
10866,66000,387130000C,(04)23274275,(04)23288582,2025,11,27,10,23,臺中市,西屯區,0,1,0,7,2,6,30,13,9,1,5,4,6,6,4,4,10,5,5,2,3,2,8,6,5,H01,8,16,7,21,10,17,,98,98,1,12,5,120.644328,24.177249,2
10867,66000,387130000C,(04)23274275,(04)23288582,2025,11,27,10,30,臺中市,西屯區,0,1,0,7,2,6,30,11,9,1,5,4,6,6,4,4,10,5,5,2,10,2,3,1,1,C03,7,9,1,10,2,11,,6,6,1,12,4,120.628335,24.189012,2
10868,66000,387130000C,(04)23274275,(04)23288582,2025,11,27,10,34,臺中市,北屯區,0,0,0,7,,,50,,,,,,,,,,,,,,,,,,,B03,,,1,,1,,,45,45,1,13,4,120.672544,24.189773,3
10869,66000,387130000C,(04)23274275,(04)23288582,2025,11,27,10,35,臺中市,太平區,0,0,0,7,,,30,,,,,,,,,,,,,,14,,,,,B12,,,1,,2,,,49,49,1,12,4,120.711105,24.1526,3
10870,66000,387130000C,(04)23274275,(04)23288582,2025,11,27,10,36,臺中市,北屯區,0,0,0,7,,,50,,,,,,,,,,,,,,17,,,,,B03,,,1,,1,,,76,76,1,6,4,120.719619,24.175901,3
10871,66000,387130000C,(04)23274275,(04)23288582,2025,11,27,10,41,臺中市,北區,0,2,0,7,3,6,50,4,1,1,5,4,6,6,1,1,10,5,5,2,16,2,9,1,1,C03,7,9,1,10,1,12,,87,87,1,12,4,120.668252,24.171649,2
10872,66000,387130000C,(04)23274275,(04)23288582,2025,11,27,10,41,臺中市,大甲區,0,0,0,7,,,30,,,,,,,,,,,,,,17,,,,,B12,,,1,,2,,,8,8,1,12,4,120.619325,24.348891,3
10873,66000,387130000C,(04)23274275,(04)23288582,2025,11,27,10,42,臺中市,北區,0,2,0,6,2,6,50,13,9,1,5,4,6,6,4,4,5,5,5,2,17,2,6,1,1,C03,7,11,1,10,2,12,,39,39,1,12,4,120.697261,24.160172,2
10874,66000,387130000C,(04)23274275,(04)23288582,2025,11,27,10,42,臺中市,大甲區,0,0,0,7,,,50,,,,,,,,,,,,,,13,,,,,B03,,,1,,1,,,7,7,1,6,4,120.619498,24.345375,3
10875,66000,387130000C,(04)23274275,(04)23288582,2025,11,27,10,45,臺中市,大肚區,0,0,0,7,,,50,,,,,,,,,,,,,,17,,,,,H04,,,7,,1,,,109,109,1,6,4,120.579556,24.174153,3
10876,66000,387130000C,(04)23274275,(04)23288582,2025,11,27,10,48,臺中市,大里區,0,1,0,7,2,6,50,4,2,1,5,4,6,6,4,4,4,3,5,1,17,3,10,3,1,B03,7,6,1,8,2,1,,14,14,1,6,4,120.699281,24.092302,2
10877,66000,387130000C,(04)23274275,(04)23288582,2025,11,27,10,55,臺中市,南屯區,0,0,0,7,,,50,,,,,,,,,,,,,,,,,,,B03,,,1,,1,,,51,51,1,13,4,120.610094,24.135479,3
10878,66000,387130000C,(04)23274275,(04)23288582,2025,11,27,10,55,臺中市,大里區,0,0,0,7,,,50,,,,,,,,,,,,,,13,,,,,B03,,,1,,2,,,7,7,1,13,4,120.688949,24.119936,3
10879,66000,387130000C,(04)23274275,(04)23288582,2025,11,27,10,59,臺中市,太平區,0,0,0,7,,,50,,,,,,,,,,,,,,17,,,,,B12,,,1,,2,,,84,84,1,12,4,120.732792,24.117136,3
10880,66000,387130000C,(04)23274275,(04)23288582,2025,11,27,11,4,臺中市,西屯區,0,2,0,7,2,6,50,13,9,1,5,4,6,6,4,4,9,5,5,2,16,2,1,5,4,B03,7,11,1,8,2,5,,45,45,1,13,4,120.603021,24.17454,2
10881,66000,387130000C,(04)23274275,(04)23288582,2025,11,27,11,8,臺中市,神岡區,0,0,0,7,,,30,,,,,,,,,,,,,,12,,,,,C03,,,1,,1,,,49,49,1,13,4,120.659704,24.257424,3
10882,66000,387130000C,(04)23274275,(04)23288582,2025,11,27,11,10,臺中市,北屯區,0,1,0,7,3,6,50,13,9,1,5,4,6,6,4,4,1,5,5,2,13,3,10,2,1,C04,7,9,3,19,2,11,,7,7,1,6,4,120.693153,24.162771,2
10883,66000,387130000C,(04)23274275,(04)23288582,2025,11,27,11,11,臺中市,太平區,0,0,0,7,,,40,,,,,,,,,,,,,,,,,,,B12,,,1,,2,,,50,50,1,12,4,120.726085,24.123759,3
10884,66000,387130000C,(04)23274275,(04)23288582,2025,11,27,11,16,臺中市,清水區,0,0,0,7,,,30,,,,,,,,,,,,,,,,,,,C03,,,1,,1,,,20,20,1,12,4,120.578583,24.280725,3
10885,66000,387130000C,(04)23274275,(04)23288582,2025,11,27,11,18,臺中市,西區,0,0,0,7,,,50,,,,,,,,,,,,,,17,,,,,C03,,,1,,2,,,84,84,1,13,4,120.679334,24.137265,4
10886,66000,387130000C,(04)23274275,(04)23288582,2025,11,27,11,29,臺中市,西屯區,0,0,0,7,,,50,,,,,,,,,,,,,,17,,,,,B03,,,1,,2,,,59,59,1,12,4,120.659484,24.168881,3
10887,66000,387130000C,(04)23274275,(04)23288582,2025,11,27,11,30,臺中市,西區,0,1,0,7,3,6,50,13,7,1,5,4,6,6,4,4,1,4,4,2,13,2,9,2,1,C03,7,9,1,10,2,11,,7,7,1,12,4,120.660689,24.158812,2
10888,66000,387130000C,(04)23274275,(04)23288582,2025,11,27,11,30,臺中市,南屯區,0,0,0,7,,3,80,,,,,,,,,,,,,,,,,,,A12,,,1,,1,,,40,40,1,12,4,120.622808,24.140771,3
10889,66000,387130000C,(04)23274275,(04)23288582,2025,11,27,11,34,臺中市,南屯區,0,1,0,7,2,6,50,4,1,1,5,4,6,6,1,1,10,5,5,2,17,3,10,3,1,B03,7,6,1,2,2,6,,11,11,1,12,4,120.652955,24.136738,2
10890,66000,387130000C,(04)23274275,(04)23288582,2025,11,27,11,34,臺中市,沙鹿區,0,1,0,6,2,6,50,13,9,1,5,4,6,6,4,4,9,5,5,2,17,2,9,1,1,C03,7,9,1,10,1,11,,59,59,1,13,4,120.571608,24.226342,2
10891,66000,387130000C,(04)23274275,(04)23288582,2025,11,27,11,35,臺中市,太平區,0,0,0,7,,,30,,,,,,,,,,,,,,15,,,,,C03,,,1,,1,,,15,15,1,12,4,120.72567,24.142791,4
10892,66000,387130000C,(04)23274275,(04)23288582,2025,11,27,11,37,臺中市,大雅區,0,0,0,7,,,50,,,,,,,,,,,,,,13,,,,,B12,,,1,,2,,,8,8,1,12,4,120.667635,24.215789,3
10893,66000,387130000C,(04)23274275,(04)23288582,2025,11,27,11,37,臺中市,龍井區,0,0,0,7,,,30,,,,,,,,,,,,,,13,,,,,C03,,,1,,1,,,7,7,1,6,4,120.593087,24.181335,3
10894,66000,387130000C,(04)23274275,(04)23288582,2025,11,27,11,45,臺中市,龍井區,0,0,0,7,,,30,,,,,,,,,,,,,,13,,,,,C03,,,1,,1,,,7,7,1,6,4,120.593087,24.181335,4
10895,66000,387130000C,(04)23274275,(04)23288582,2025,11,27,11,47,臺中市,大雅區,0,0,0,7,,,50,,,,,,,,,,,,,,,,,,,B03,,,1,,2,,,84,84,1,13,4,120.657492,24.245548,3
10896,66000,387130000C,(04)23274275,(04)23288582,2025,11,27,11,47,臺中市,西屯區,0,0,0,7,,,30,,,,,,,,,,,,,,15,,,,,C03,,,1,,1,,,15,15,1,12,4,120.659096,24.163144,3
10897,66000,387130000C,(04)23274275,(04)23288582,2025,11,27,11,51,臺中市,大肚區,0,0,0,7,,,50,,,,,,,,,,,,,,16,,,,,C03,,,1,,2,,,48,48,1,6,4,120.579256,24.168972,3
10898,66000,387130000C,(04)23274275,(04)23288582,2025,11,27,11,52,臺中市,太平區,0,0,0,7,,,40,,,,,,,,,,,,,,,,,,,B12,,,1,,1,,,78,78,1,12,4,120.703813,24.111244,3
10899,66000,387130000C,(04)23274275,(04)23288582,2025,11,27,11,55,臺中市,北區,0,2,0,6,2,6,30,3,1,1,5,4,6,6,4,4,10,5,5,2,17,3,10,1,1,C03,7,6,1,10,9,14,,48,48,2,12,4,120.691001,24.149911,2
10900,66000,387130000C,(04)23274275,(04)23288582,2025,11,27,12,0,臺中市,南屯區,0,0,0,7,,,50,,,,,,,,,,,,,,12,,,,,C03,,,1,,1,,,40,40,1,13,4,120.643585,24.124552,3
10901,66000,387130000C,(04)23274275,(04)23288582,2025,11,27,12,0,臺中市,南屯區,0,2,0,7,2,6,50,4,1,1,5,4,6,6,2,1,10,5,5,2,16,2,9,1,1,C03,7,6,1,10,2,12,,11,11,1,13,4,120.635522,24.136069,2
10902,66000,387130000C,(04)23274275,(04)23288582,2025,11,27,12,0,臺中市,太平區,0,0,0,7,,3,80,,,,,,,,,,,,,,2,,,,,B03,,,1,,2,,,85,85,1,12,4,120.714097,24.14843,3
10903,66000,387130000C,(04)23274275,(04)23288582,2025,11,27,12,3,臺中市,北屯區,0,0,0,7,,,50,,,,,,,,,,,,,,17,,,,,B03,,,1,,2,,,40,40,1,6,4,120.707722,24.183141,3
10904,66000,387130000C,(04)23274275,(04)23288582,2025,11,27,12,4,臺中市,大安區,0,1,0,7,3,6,50,3,1,1,5,4,6,6,4,4,10,5,5,2,16,3,10,3,1,B12,7,6,1,8,2,8,,12,12,1,6,4,120.609039,24.387601,2
10905,66000,387130000C,(04)23274275,(04)23288582,2025,11,27,12,6,臺中市,太平區,0,1,0,7,2,6,50,13,9,1,5,4,6,6,4,4,9,5,5,2,17,2,7,2,1,C03,7,9,1,10,2,12,,84,84,1,12,4,120.723785,24.145355,2
10906,66000,387130000C,(04)23274275,(04)23288582,2025,11,27,12,10,臺中市,北屯區,0,2,0,7,3,6,50,4,1,1,5,4,6,6,4,4,10,5,5,2,16,2,8,2,1,C03,7,6,1,10,2,11,,23,23,1,12,4,120.661819,24.189421,2
10907,66000,387130000C,(04)23274275,(04)23288582,2025,11,27,12,11,臺中市,大雅區,0,1,0,7,3,6,50,4,1,1,5,4,6,6,4,4,10,5,5,2,15,3,10,5,4,B12,7,9,1,8,2,2,,12,12,1,12,4,120.651132,24.245186,2
10908,66000,387130000C,(04)23274275,(04)23288582,2025,11,27,12,11,臺中市,西屯區,0,0,0,5,,,50,,,,,,,,,,,,,,13,,,,,C03,,,1,,1,,,7,7,1,12,4,120.641082,24.16795,3
10909,66000,387130000C,(04)23274275,(04)23288582,2025,11,27,12,13,臺中市,北屯區,0,1,0,7,1,6,50,13,9,1,5,4,6,6,4,4,5,4,5,2,12,3,10,3,1,B03,7,1,1,8,2,1,,51,51,1,13,4,120.724951,24.176014,2
10910,66000,387130000C,(04)23274275,(04)23288582,2025,11,27,12,20,臺中市,中區,0,1,0,6,2,6,40,4,2,1,5,4,6,6,1,1,9,4,4,2,13,2,7,1,1,C03,7,12,1,10,2,11,,7,7,1,12,4,120.675773,24.144293,2
10911,66000,387130000C,(04)23274275,(04)23288582,2025,11,27,12,25,臺中市,西屯區,0,1,0,7,2,6,50,4,1,1,5,4,6,6,1,1,5,4,5,2,16,2,8,1,1,C03,7,6,1,10,2,14,,48,48,1,12,4,120.617497,24.185344,2
10912,66000,387130000C,(04)23274275,(04)23288582,2025,11,27,12,26,臺中市,西屯區,0,0,0,7,,,50,,,,,,,,,,,,,,13,,,,,B03,,,1,,1,,,59,59,1,12,4,120.656463,24.200421,3
10913,66000,387130000C,(04)23274275,(04)23288582,2025,11,27,12,28,臺中市,外埔區,0,0,0,7,,,50,,,,,,,,,,,,,,13,,,,,B03,,,1,,2,,,59,59,1,6,4,120.656703,24.328809,3
10914,66000,387130000C,(04)23274275,(04)23288582,2025,11,27,12,32,臺中市,南屯區,0,0,0,7,,,60,,,,,,,,,,,,,,,,,,,B03,,,1,,1,,,59,59,1,12,4,120.587188,24.160955,3
10915,66000,387130000C,(04)23274275,(04)23288582,2025,11,27,12,40,臺中市,沙鹿區,0,1,0,7,2,6,50,3,1,1,5,4,6,6,4,4,10,5,5,2,17,2,8,1,1,C03,7,9,1,10,2,14,,7,7,1,6,4,120.574292,24.228179,2
10916,66000,387130000C,(04)23274275,(04)23288582,2025,11,27,12,44,臺中市,梧棲區,0,0,0,7,,,50,,,,,,,,,,,,,,12,,,,,B03,,,1,,1,,,50,50,1,12,4,120.529518,24.25409,3
10917,66000,387130000C,(04)23274275,(04)23288582,2025,11,27,12,50,臺中市,大雅區,0,0,0,7,,,0,,,,,,,,,,,,,,14,,,,,B03,,,1,,1,,,49,49,1,12,4,120.652929,24.226281,3
10918,66000,387130000C,(04)23274275,(04)23288582,2025,11,27,12,58,臺中市,南區,0,0,0,7,,,40,,,,,,,,,,,,,,,,,,,B03,,,6,,9,,,49,49,1,13,4,120.680922,24.128252,3
10919,66000,387130000C,(04)23274275,(04)23288582,2025,11,27,13,3,臺中市,烏日區,0,2,0,7,3,6,30,11,9,1,5,4,6,6,4,4,10,5,5,2,17,2,7,2,1,C03,7,9,1,10,2,11,,41,41,1,6,4,120.605765,24.11885,2
10920,66000,387130000C,(04)23274275,(04)23288582,2025,11,27,13,5,臺中市,沙鹿區,0,0,0,7,,,50,,,,,,,,,,,,,,,,,,,B03,,,1,,2,,,20,20,1,12,4,120.567839,24.206002,3
10921,66000,387130000C,(04)23274275,(04)23288582,2025,11,27,13,10,臺中市,烏日區,0,1,0,7,3,6,30,13,9,1,5,4,6,6,4,4,10,5,5,2,12,2,9,1,1,C03,7,9,1,10,7,11,12,84,84,1,6,4,120.642272,24.111081,2
10922,66000,387130000C,(04)23274275,(04)23288582,2025,11,27,13,10,臺中市,沙鹿區,0,0,0,7,,,50,,,,,,,,,,,,,,,,,,,B12,,,1,,1,,,49,49,1,12,4,120.559575,24.232536,3
10923,66000,387130000C,(04)23274275,(04)23288582,2025,11,27,13,11,臺中市,西屯區,0,2,0,7,2,6,50,13,9,1,5,4,6,6,4,4,3,4,5,2,25,2,9,5,4,C04,7,9,3,19,2,11,,84,84,1,12,4,120.644576,24.17118,2
10924,66000,387130000C,(04)23274275,(04)23288582,2025,11,27,13,13,臺中市,西屯區,0,0,0,6,,,50,,,,,,,,,,,,,,17,,,,,B03,,,1,,1,,,8,8,1,12,4,120.645158,24.184485,3
10925,66000,387130000C,(04)23274275,(04)23288582,2025,11,27,13,17,臺中市,太平區,0,0,0,7,,,50,,,,,,,,,,,,,,,,,,,B03,,,1,,2,,,45,45,1,6,4,120.719901,24.121175,3
10926,66000,387130000C,(04)23274275,(04)23288582,2025,11,27,13,19,臺中市,北區,0,0,0,7,,,50,,,,,,,,,,,,,,17,,,,,B03,,,1,,9,,,58,58,1,13,4,120.683233,24.147905,3
10927,66000,387130000C,(04)23274275,(04)23288582,2025,11,27,13,22,臺中市,南屯區,0,0,0,6,,,50,,,,,,,,,,,,,,13,,,,,B03,,,1,,1,,,61,61,1,6,4,120.646413,24.126118,3
10928,66000,387130000C,(04)23274275,(04)23288582,2025,11,27,13,25,臺中市,西屯區,0,0,0,7,,,50,,,,,,,,,,,,,,14,,,,,B12,,,1,,1,,,49,49,1,12,4,120.596415,24.166364,3
10929,66000,387130000C,(04)23274275,(04)23288582,2025,11,27,13,34,臺中市,西屯區,0,1,0,7,2,6,50,3,1,1,5,4,6,6,4,4,5,5,4,2,16,3,10,3,1,B03,7,6,1,8,2,8,,14,14,1,12,4,120.633716,24.166598,2
10930,66000,387130000C,(04)23274275,(04)23288582,2025,11,27,13,36,臺中市,西屯區,0,2,0,6,2,6,50,4,1,1,5,4,6,6,3,1,10,5,5,2,12,2,9,2,1,C03,7,9,1,10,2,11,,21,21,1,12,4,120.61423,24.185304,2
10931,66000,387130000C,(04)23274275,(04)23288582,2025,11,27,13,39,臺中市,潭子區,0,1,0,7,3,6,60,13,8,1,5,4,6,6,4,4,1,4,4,1,17,3,10,3,1,B12,7,7,1,8,2,5,,40,40,1,13,4,120.709827,24.234901,2
10932,66000,387130000C,(04)23274275,(04)23288582,2025,11,27,13,45,臺中市,北區,0,0,0,7,,,50,,,,,,,,,,,,,,,,,,,C03,,,5,,1,,,42,42,1,12,4,120.684294,24.149542,4
10933,66000,387130000C,(04)23274275,(04)23288582,2025,11,27,13,52,臺中市,大肚區,0,0,0,7,,,30,,,,,,,,,,,,,,17,,,,,A21,,,1,,2,,,49,49,1,6,4,120.535263,24.159526,3
10934,66000,387130000C,(04)23274275,(04)23288582,2025,11,27,14,1,臺中市,清水區,0,1,0,7,3,6,50,4,1,1,5,4,6,6,1,1,5,5,4,1,15,2,9,1,1,F03,7,9,7,21,2,13,,85,85,1,12,4,120.569105,24.278703,2
10935,66000,387130000C,(04)23274275,(04)23288582,2025,11,27,14,3,臺中市,東區,0,0,0,7,,,50,,,,,,,,,,,,,,14,,,,,A04,,,1,,1,,,49,49,1,12,4,120.688377,24.143001,3
10936,66000,387130000C,(04)23274275,(04)23288582,2025,11,27,14,3,臺中市,北屯區,0,0,0,7,,3,80,,,,,,,,,,,,,,14,,,,,B03,,,1,,2,,,7,7,1,6,4,120.694075,24.201056,3
10937,66000,387130000C,(04)23274275,(04)23288582,2025,11,27,14,18,臺中市,沙鹿區,0,1,0,7,2,6,40,13,8,1,5,4,6,6,4,4,3,4,3,2,18,2,9,1,1,C03,7,9,1,10,2,12,,84,84,1,13,4,120.566294,24.239231,2
10938,66000,387130000C,(04)23274275,(04)23288582,2025,11,27,14,25,臺中市,后里區,0,0,0,7,,,30,,,,,,,,,,,,,,20,,,,,B03,,,1,,1,,,59,59,1,6,4,120.66378,24.311307,3
10939,66000,387130000C,(04)23274275,(04)23288582,2025,11,27,14,30,臺中市,東勢區,0,2,0,7,2,6,30,4,1,1,5,4,6,6,3,1,10,5,5,1,16,2,8,5,4,C03,7,5,1,10,2,14,,24,24,1,13,4,120.82615,24.258223,2
10940,66000,387130000C,(04)23274275,(04)23288582,2025,11,27,14,38,臺中市,北區,0,0,0,7,3,6,50,18,24,1,5,4,6,6,4,4,5,5,5,2,17,,,,,B03,,,1,,2,,,8,8,1,13,4,120.685995,24.164032,3
10941,66000,387130000C,(04)23274275,(04)23288582,2025,11,27,14,38,臺中市,北屯區,0,1,0,7,2,6,50,4,2,1,5,4,6,6,1,1,10,5,5,2,17,3,10,3,1,B03,7,1,5,19,2,8,,51,51,1,6,4,120.670361,24.17783,2
10942,66000,387130000C,(04)23274275,(04)23288582,2025,11,27,14,40,臺中市,豐原區,0,1,0,6,2,6,30,4,1,1,5,4,6,6,4,4,5,5,5,1,15,2,9,1,1,C03,7,9,1,10,2,12,,6,6,1,12,4,120.715872,24.252488,2
10943,66000,387130000C,(04)23274275,(04)23288582,2025,11,27,14,45,臺中市,北屯區,0,1,0,7,3,6,50,5,1,1,5,4,6,6,1,1,10,5,5,2,18,2,8,4,1,F01,7,9,7,21,2,12,,84,84,1,12,4,120.693505,24.17643,2
10944,66000,387130000C,(04)23274275,(04)23288582,2025,11,27,14,47,臺中市,太平區,0,0,0,7,,,50,,,,,,,,,,,,,,17,,,,,B03,,,1,,3,,,84,84,1,12,4,120.712803,24.15783,3
10945,66000,387130000C,(04)23274275,(04)23288582,2025,11,27,14,48,臺中市,龍井區,0,0,0,6,,,60,,,,,,,,,,,,,,13,,,,,B03,,,1,,1,,,7,7,1,6,4,120.573733,24.185297,3
10946,66000,387130000C,(04)23274275,(04)23288582,2025,11,27,14,49,臺中市,西屯區,0,1,0,7,2,6,40,13,7,1,5,4,6,6,4,4,1,4,4,2,13,2,9,5,4,C03,7,9,1,10,2,11,,59,59,1,12,4,120.632744,24.180005,2
10947,66000,387130000C,(04)23274275,(04)23288582,2025,11,27,14,51,臺中市,西屯區,0,0,0,7,,,60,,,,,,,,,,,,,,13,,,,,B03,,,1,,1,,,59,59,1,13,4,120.627532,24.160498,3
10948,66000,387130000C,(04)23274275,(04)23288582,2025,11,27,15,5,臺中市,北區,0,1,0,7,2,6,50,4,1,1,5,4,6,6,2,1,10,5,5,2,9,3,10,3,1,B01,7,1,1,4,2,1,,84,84,1,13,4,120.682335,24.153988,2
10949,66000,387130000C,(04)23274275,(04)23288582,2025,11,27,15,5,臺中市,龍井區,0,0,0,7,,,30,,,,,,,,,,,,,,,,,,,A11,,,1,,2,,,73,73,1,12,4,120.51303,24.217923,3
10950,66000,387130000C,(04)23274275,(04)23288582,2025,11,27,15,5,臺中市,大甲區,0,1,0,7,2,6,30,3,1,1,5,4,6,6,4,4,10,5,5,2,18,2,8,2,1,C03,7,6,1,10,2,14,,58,58,1,6,4,120.655151,24.389646,2
10951,66000,387130000C,(04)23274275,(04)23288582,2025,11,27,15,9,臺中市,大里區,0,2,0,7,2,6,50,3,1,1,5,4,6,6,4,4,5,5,4,2,16,2,9,1,1,C03,7,1,1,10,2,12,,51,51,1,13,4,120.685319,24.100581,2
10952,66000,387130000C,(04)23274275,(04)23288582,2025,11,27,15,10,臺中市,北屯區,0,0,0,7,2,6,30,13,9,1,5,4,6,6,4,4,10,5,5,2,25,3,10,5,4,B11,7,1,1,4,2,9,,84,84,1,12,4,120.69934,24.169543,3
10953,66000,387130000C,(04)23274275,(04)23288582,2025,11,27,15,11,臺中市,東區,0,1,0,6,2,6,50,13,9,1,5,4,6,6,4,4,5,5,5,2,13,2,8,1,1,C03,7,9,1,10,2,11,,59,59,1,12,4,120.706988,24.138243,2
10954,66000,387130000C,(04)23274275,(04)23288582,2025,11,27,15,15,臺中市,西區,0,1,0,7,2,6,50,13,9,1,5,4,6,6,4,4,5,4,5,2,13,3,10,5,4,B03,7,9,1,8,1,1,,84,84,1,13,4,120.668651,24.131597,2
10955,66000,387130000C,(04)23274275,(04)23288582,2025,11,27,15,15,臺中市,南區,0,1,0,5,3,6,50,4,1,1,4,4,6,6,1,1,10,5,5,2,17,3,10,5,4,B03,7,15,1,8,2,8,,47,47,1,12,4,120.684172,24.124031,2
10956,66000,387130000C,(04)23274275,(04)23288582,2025,11,27,15,15,臺中市,西屯區,0,0,0,7,,,50,,,,,,,,,,,,,,17,,,,,B03,,,1,,2,,,8,8,1,13,4,120.633915,24.159507,3
10957,66000,387130000C,(04)23274275,(04)23288582,2025,11,27,15,16,臺中市,西屯區,0,0,0,7,,,30,,,,,,,,,,,,,,13,,,,,C03,,,1,,1,,,7,7,1,13,4,120.647537,24.199769,3
10958,66000,387130000C,(04)23274275,(04)23288582,2025,11,27,15,17,臺中市,中區,0,1,0,5,2,6,50,4,9,1,4,4,6,6,4,4,5,4,5,2,16,2,9,2,1,C03,7,8,5,19,9,14,,40,40,1,12,4,120.678609,24.140465,2
10959,66000,387130000C,(04)23274275,(04)23288582,2025,11,27,15,24,臺中市,西屯區,0,0,0,7,2,6,50,13,9,1,5,4,6,6,4,4,5,4,5,2,12,,,,,B03,,,1,,1,,,8,8,1,13,4,120.620627,24.18701,3
10960,66000,387130000C,(04)23274275,(04)23288582,2025,11,27,15,31,臺中市,潭子區,0,3,0,6,2,6,30,3,1,1,5,4,6,3,4,4,10,5,5,2,16,2,9,2,1,C03,7,6,1,9,2,14,,20,20,1,12,4,120.706114,24.207054,2
10961,66000,387130000C,(04)23274275,(04)23288582,2025,11,27,15,35,臺中市,霧峰區,0,0,0,7,,,30,,,,,,,,,,,,,,30,,,,,B12,,,1,,2,,,84,84,1,12,4,120.671734,24.077604,3
10962,66000,387130000C,(04)23274275,(04)23288582,2025,11,27,15,36,臺中市,中區,0,1,0,7,1,6,50,4,1,1,5,4,6,6,1,1,5,4,5,2,16,2,8,1,1,C02,7,6,1,9,2,12,,85,85,1,13,4,120.677617,24.144179,2
10963,66000,387130000C,(04)23274275,(04)23288582,2025,11,27,15,37,臺中市,西屯區,0,1,0,5,2,6,50,4,1,1,4,4,6,6,2,1,10,5,5,2,17,3,10,3,1,B01,7,7,1,4,9,16,,40,40,1,12,4,120.621585,24.18004,2
10964,66000,387130000C,(04)23274275,(04)23288582,2025,11,27,15,42,臺中市,龍井區,0,1,0,7,2,6,50,4,2,1,5,4,6,6,2,1,5,5,5,1,16,2,9,1,1,C03,7,5,3,19,2,13,,22,22,1,5,4,120.522606,24.194131,2
10965,66000,387130000C,(04)23274275,(04)23288582,2025,11,27,16,7,臺中市,南屯區,0,0,0,7,,,50,,,,,,,,,,,,,,,,,,,C03,,,1,,1,,,51,51,1,12,4,120.610295,24.136312,3
10966,66000,387130000C,(04)23274275,(04)23288582,2025,11,27,16,8,臺中市,豐原區,0,0,0,6,,,30,,,,,,,,,,,,,,14,,,,,B12,,,1,,2,,,49,49,1,12,4,120.721171,24.238501,3
10967,66000,387130000C,(04)23274275,(04)23288582,2025,11,27,16,9,臺中市,南屯區,0,0,0,6,,,50,,,,,,,,,,,,,,13,,,,,B03,,,1,,2,,,59,59,1,12,4,120.599499,24.145821,3
10968,66000,387130000C,(04)23274275,(04)23288582,2025,11,27,16,9,臺中市,大里區,0,0,0,7,,,50,,,,,,,,,,,,,,17,,,,,B03,,,1,,2,,,45,45,1,12,4,120.689496,24.106219,3
10969,66000,387130000C,(04)23274275,(04)23288582,2025,11,27,16,13,臺中市,西屯區,0,0,0,7,,,30,,,,,,,,,,,,,,17,,,,,C03,,,1,,2,,,59,59,1,12,4,120.644268,24.180001,3
10970,66000,387130000C,(04)23274275,(04)23288582,2025,11,27,16,13,臺中市,大甲區,0,0,0,7,,,60,,,,,,,,,,,,,,,,,,,B03,,,1,,1,,,50,50,1,6,4,120.619275,24.354785,3
10971,66000,387130000C,(04)23274275,(04)23288582,2025,11,27,16,19,臺中市,西區,0,1,0,7,3,6,50,4,1,1,5,4,6,6,1,1,10,5,5,2,16,3,10,1,1,C03,7,6,1,10,2,12,,11,11,1,6,4,120.670902,24.140244,2