序號,縣市別代碼,機關代碼,市話,傳真,年,月,日,時,分,縣市,區,死亡數量,受傷數量,2-30,天候,道路照明設備,道路類別,道路速限,道路型態,事故位置,路面鋪裝,路面狀態,路面缺陷,障礙物,視距,號誌種類,號誌動作,分向設施,快車道或一般車道間,快慢車道間,路面邊線,事故類型及型態,受傷程度,主要傷處,保護裝備,行動電話或功能裝置,當事者區分(類別),車輛用途,當事者行動狀態,駕照狀態,駕照種類,飲酒情形,車輛撞擊部位最初,車輛撞擊部位其他,肇事因素個別,肇事因素主要,肇事逃逸,職業,共享經濟或外送平台,GPS座標X,GPS座標Y,事故類別
10972,66000,387130000C,(04)23274275,(04)23288582,2025,11,27,16,20,臺中市,西屯區,0,0,0,6,,,30,,,,,,,,,,,,,,14,,,,,B12,,,1,,1,,,49,49,1,12,4,120.661954,24.176066,3
10973,66000,387130000C,(04)23274275,(04)23288582,2025,11,27,16,22,臺中市,南屯區,0,0,0,7,,,50,,,,,,,,,,,,,,,,,,,B03,,,1,,2,,,50,50,1,6,4,120.622211,24.113469,3
10974,66000,387130000C,(04)23274275,(04)23288582,2025,11,27,16,25,臺中市,烏日區,0,1,0,7,3,6,50,4,2,1,5,4,6,6,2,1,1,4,4,1,17,2,9,2,1,C03,7,9,1,10,2,11,,84,84,1,6,4,120.614318,24.106658,2
10975,66000,387130000C,(04)23274275,(04)23288582,2025,11,27,16,26,臺中市,北區,0,2,0,7,2,6,40,5,1,1,5,4,6,6,2,1,3,4,4,2,17,2,9,1,1,C03,7,5,1,10,2,12,,47,47,1,12,4,120.684457,24.153944,2
10976,66000,387130000C,(04)23274275,(04)23288582,2025,11,27,16,27,臺中市,北屯區,0,1,0,7,3,6,50,13,9,1,5,4,6,6,4,4,9,5,5,2,17,3,10,3,1,B03,7,14,1,8,2,2,,76,76,1,12,4,120.687171,24.186431,2
10977,66000,387130000C,(04)23274275,(04)23288582,2025,11,27,16,28,臺中市,新社區,0,0,0,5,,,30,,,,,,,,,,,,,,,,,,,B03,,,1,,2,,,84,84,1,13,4,120.815075,24.246786,3
10978,66000,387130000C,(04)23274275,(04)23288582,2025,11,27,16,31,臺中市,南屯區,0,1,0,6,3,6,50,4,1,1,5,4,6,6,2,1,10,5,5,2,16,3,10,5,4,B03,7,6,1,8,2,2,,11,11,1,6,4,120.649903,24.137878,2
10979,66000,387130000C,(04)23274275,(04)23288582,2025,11,27,16,35,臺中市,西屯區,0,2,0,7,2,6,50,4,1,1,5,4,6,6,2,1,10,5,5,2,16,2,9,1,1,C03,7,6,1,10,2,12,,11,11,1,13,4,120.64311,24.178314,2
10980,66000,387130000C,(04)23274275,(04)23288582,2025,11,27,16,35,臺中市,沙鹿區,0,1,0,5,2,6,50,3,1,1,4,4,6,6,1,1,10,5,5,2,17,3,10,3,1,B03,7,6,1,8,2,16,,11,11,1,12,4,120.57,24.225309,2
10981,66000,387130000C,(04)23274275,(04)23288582,2025,11,27,16,36,臺中市,北屯區,0,1,0,7,2,6,50,3,1,1,5,4,6,6,1,1,10,5,5,2,17,2,8,1,1,C03,7,8,1,10,2,14,,84,84,1,5,4,120.710707,24.191825,2
10982,66000,387130000C,(04)23274275,(04)23288582,2025,11,27,16,41,臺中市,太平區,0,0,0,7,,,30,,,,,,,,,,,,,,,,,,,B03,,,3,,2,,,56,56,1,6,4,120.721529,24.122738,3
10983,66000,387130000C,(04)23274275,(04)23288582,2025,11,27,16,43,臺中市,中區,0,0,0,5,,,50,,,,,,,,,,,,,,9,,,,,B03,,,1,,2,,,84,84,1,13,4,120.681107,24.142335,3
10984,66000,387130000C,(04)23274275,(04)23288582,2025,11,27,16,44,臺中市,南屯區,0,0,0,7,,,50,,,,,,,,,,,,,,,,,,,B01,,,1,,1,,,85,85,1,12,4,120.613637,24.152123,3
10985,66000,387130000C,(04)23274275,(04)23288582,2025,11,27,16,45,臺中市,大雅區,0,2,0,7,2,6,50,13,9,1,4,4,6,6,4,4,5,5,5,1,17,2,8,2,1,C03,7,11,1,10,2,12,,39,39,1,13,4,120.653502,24.225091,2
10986,66000,387130000C,(04)23274275,(04)23288582,2025,11,27,16,45,臺中市,南屯區,0,0,0,6,,,50,,,,,,,,,,,,,,12,,,,,B03,,,1,,1,,,58,58,1,12,4,120.65129,24.147464,3
10987,66000,387130000C,(04)23274275,(04)23288582,2025,11,27,16,45,臺中市,沙鹿區,0,0,0,7,,,60,,,,,,,,,,,,,,,,,,,B03,,,1,,2,,,84,84,1,12,4,120.563861,24.206344,3
10988,66000,387130000C,(04)23274275,(04)23288582,2025,11,27,16,50,臺中市,豐原區,0,0,0,6,,,30,,,,,,,,,,,,,,17,,,,,B12,,,1,,2,,,50,50,1,12,4,120.725577,24.258045,3
10989,66000,387130000C,(04)23274275,(04)23288582,2025,11,27,16,51,臺中市,西區,0,1,0,5,2,6,50,4,1,1,4,4,6,6,4,4,10,5,5,2,17,2,9,2,1,C03,7,9,1,10,2,11,,88,88,1,12,4,120.668784,24.14688,2
10990,66000,387130000C,(04)23274275,(04)23288582,2025,11,27,16,55,臺中市,霧峰區,0,1,0,7,1,6,50,4,1,1,5,4,6,6,1,1,5,4,4,1,1,3,10,3,1,B03,7,6,1,8,2,8,,10,10,1,12,4,120.70749,24.076521,2
10991,66000,387130000C,(04)23274275,(04)23288582,2025,11,27,16,56,臺中市,龍井區,0,0,0,6,,,30,,,,,,,,,,,,,,15,,,,,C03,,,1,,1,,,51,51,1,12,4,120.586078,24.181687,3
10992,66000,387130000C,(04)23274275,(04)23288582,2025,11,27,16,58,臺中市,霧峰區,0,0,0,7,,,30,,,,,,,,,,,,,,16,,,,,C03,,,1,,2,,,48,48,1,12,4,120.68074,24.055639,3
10993,66000,387130000C,(04)23274275,(04)23288582,2025,11,27,16,58,臺中市,外埔區,0,1,0,7,1,6,30,4,1,1,5,4,6,6,4,4,10,5,5,1,15,2,7,2,1,C03,7,9,1,10,2,11,,15,15,1,12,4,120.62011,24.331608,2
10994,66000,387130000C,(04)23274275,(04)23288582,2025,11,27,17,4,臺中市,神岡區,0,0,0,7,,,50,,,,,,,,,,,,,,2,,,,,B03,,,1,,2,,,84,84,1,12,4,120.709667,24.259198,3
10995,66000,387130000C,(04)23274275,(04)23288582,2025,11,27,17,5,臺中市,豐原區,0,1,0,7,1,6,50,4,2,1,5,4,6,6,1,1,5,4,5,1,17,2,9,5,4,C03,7,15,1,10,2,14,,40,40,1,12,4,120.720085,24.262833,2
10996,66000,387130000C,(04)23274275,(04)23288582,2025,11,27,17,10,臺中市,神岡區,0,1,0,7,2,6,50,3,1,1,5,4,6,6,4,4,10,5,5,1,16,2,9,5,4,C03,7,6,3,19,2,11,14,14,14,1,13,4,120.689538,24.24148,2
10997,66000,387130000C,(04)23274275,(04)23288582,2025,11,27,17,11,臺中市,大雅區,0,0,0,7,,,50,,,,,,,,,,,,,,17,,,,,C03,,,1,,1,,,50,50,1,13,4,120.647421,24.225951,3
10998,66000,387130000C,(04)23274275,(04)23288582,2025,11,27,17,12,臺中市,大雅區,0,1,0,5,1,6,30,13,9,1,4,4,6,6,4,4,10,5,5,1,30,2,7,1,1,C03,7,9,1,10,2,11,,59,59,1,13,4,120.628887,24.221026,2
10999,66000,387130000C,(04)23274275,(04)23288582,2025,11,27,17,12,臺中市,太平區,0,0,0,7,,,50,,,,,,,,,,,,,,13,,,,,C03,,,1,,2,,,84,84,1,12,4,120.734221,24.134422,3
11000,66000,387130000C,(04)23274275,(04)23288582,2025,11,27,17,15,臺中市,西屯區,0,0,0,7,,,50,,,,,,,,,,,,,,12,,,,,B03,,,1,,1,,,47,47,1,13,4,120.663365,24.176091,3
11001,66000,387130000C,(04)23274275,(04)23288582,2025,11,27,17,15,臺中市,神岡區,0,0,0,7,,,30,,,,,,,,,,,,,,12,,,,,B03,,,1,,2,,,43,43,1,12,4,120.650448,24.261235,3
11002,66000,387130000C,(04)23274275,(04)23288582,2025,11,27,17,16,臺中市,烏日區,0,0,0,7,,,60,,,,,,,,,,,,,,13,,,,,B03,,,1,,2,,,84,84,1,6,4,120.64812,24.084049,3
11003,66000,387130000C,(04)23274275,(04)23288582,2025,11,27,17,20,臺中市,太平區,0,0,0,5,,,40,,,,,,,,,,,,,,,,,,,C03,,,1,,2,,,11,11,1,6,4,120.726243,24.11956,3
11004,66000,387130000C,(04)23274275,(04)23288582,2025,11,27,17,20,臺中市,神岡區,0,0,0,7,,,50,,,,,,,,,,,,,,17,,,,,B03,,,1,,2,,,59,59,1,13,4,120.689608,24.241495,3
11005,66000,387130000C,(04)23274275,(04)23288582,2025,11,27,17,21,臺中市,西屯區,0,0,0,7,1,6,50,4,1,1,5,4,6,6,2,1,5,4,4,2,11,,,,,B03,,,1,,1,,,11,11,1,13,4,120.633962,24.167182,3
11006,66000,387130000C,(04)23274275,(04)23288582,2025,11,27,17,21,臺中市,大里區,0,2,0,7,1,6,50,3,1,1,5,4,6,6,4,4,5,4,4,1,16,2,6,1,1,C03,7,6,1,10,2,12,,14,14,1,13,4,120.684627,24.107263,2
11007,66000,387130000C,(04)23274275,(04)23288582,2025,11,27,17,21,臺中市,大肚區,0,2,0,7,1,6,50,4,2,1,5,4,6,6,4,4,5,5,5,2,3,2,9,6,5,H01,8,16,7,21,1,17,,98,98,1,6,5,120.540967,24.151913,2
11008,66000,387130000C,(04)23274275,(04)23288582,2025,11,27,17,23,臺中市,大雅區,0,3,0,7,1,6,40,8,8,1,5,4,6,6,4,4,10,5,5,2,17,2,8,5,4,C03,7,12,1,10,2,12,,7,7,1,13,4,120.632233,24.205,2
11009,66000,387130000C,(04)23274275,(04)23288582,2025,11,27,17,24,臺中市,北區,0,0,0,7,,,40,,,,,,,,,,,,,,17,,,,,B03,,,1,,1,,,51,51,1,12,4,120.69458,24.157463,3
11010,66000,387130000C,(04)23274275,(04)23288582,2025,11,27,17,24,臺中市,霧峰區,0,1,0,7,1,6,50,13,9,1,5,4,6,6,1,1,5,5,5,1,13,3,10,2,1,C03,7,9,1,10,2,11,,58,58,1,12,4,120.687409,24.046995,2
11011,66000,387130000C,(04)23274275,(04)23288582,2025,11,27,17,25,臺中市,南區,0,0,0,7,,,50,,,,,,,,,,,,,,12,,,,,B03,,,1,,1,,,8,8,1,13,4,120.670078,24.114025,4
11012,66000,387130000C,(04)23274275,(04)23288582,2025,11,27,17,25,臺中市,北屯區,0,0,0,7,,,50,,,,,,,,,,,,,,9,,,,,C03,,,1,,2,,,84,84,1,12,4,120.711449,24.180609,4
11013,66000,387130000C,(04)23274275,(04)23288582,2025,11,27,17,25,臺中市,太平區,0,0,0,7,,,50,,,,,,,,,,,,,,17,,,,,B03,,,1,,2,,,45,45,1,12,4,120.715974,24.157111,3
11014,66000,387130000C,(04)23274275,(04)23288582,2025,11,27,17,25,臺中市,龍井區,0,0,0,6,,,50,,,,,,,,,,,,,,13,,,,,B03,,,1,,2,,,56,56,1,6,4,120.592456,24.182991,3
11015,66000,387130000C,(04)23274275,(04)23288582,2025,11,27,17,27,臺中市,南區,0,2,0,7,1,6,50,4,2,1,5,4,6,6,1,1,10,5,5,2,17,2,9,5,4,C03,7,9,1,10,2,11,,7,7,1,12,4,120.679371,24.124045,2
11016,66000,387130000C,(04)23274275,(04)23288582,2025,11,27,17,28,臺中市,龍井區,0,1,0,7,1,6,30,13,9,1,5,4,6,6,4,4,10,5,5,2,27,2,8,1,1,C03,7,9,1,10,2,11,,43,43,1,12,4,120.537289,24.184433,2
11017,66000,387130000C,(04)23274275,(04)23288582,2025,11,27,17,28,臺中市,豐原區,0,1,0,7,2,6,50,4,1,1,5,4,5,6,1,1,5,5,4,2,13,3,10,5,4,B03,7,9,1,8,2,1,,7,7,1,12,4,120.709275,24.240818,2
11018,66000,387130000C,(04)23274275,(04)23288582,2025,11,27,17,30,臺中市,大肚區,0,1,0,7,1,6,30,3,1,1,5,4,6,6,4,4,10,5,5,2,16,3,10,3,1,B03,7,5,1,8,2,1,,14,14,1,6,4,120.561016,24.11828,2
11019,66000,387130000C,(04)23274275,(04)23288582,2025,11,27,17,31,臺中市,潭子區,0,1,0,6,1,6,50,4,1,1,5,4,6,6,3,1,1,5,5,1,15,2,9,2,1,C03,7,9,1,10,2,14,,24,24,1,13,4,120.717387,24.21819,2
11020,66000,387130000C,(04)23274275,(04)23288582,2025,11,27,17,32,臺中市,西屯區,0,2,0,7,1,6,50,13,12,1,5,4,6,6,4,4,1,5,4,2,12,2,9,1,4,C03,7,9,1,10,2,12,,85,85,1,13,4,120.664463,24.177822,2
11021,66000,387130000C,(04)23274275,(04)23288582,2025,11,27,17,32,臺中市,沙鹿區,0,1,0,7,1,6,1,13,9,1,5,4,6,6,4,4,10,5,5,2,17,3,10,2,1,C03,7,1,1,10,2,11,,51,51,1,6,4,120.562045,24.246512,2
11022,66000,387130000C,(04)23274275,(04)23288582,2025,11,27,17,35,臺中市,西屯區,0,1,0,7,1,6,50,13,9,1,5,4,6,6,4,4,10,4,5,1,13,3,10,5,4,B03,7,9,1,8,2,1,,59,59,1,13,4,120.64217,24.172686,2
11023,66000,387130000C,(04)23274275,(04)23288582,2025,11,27,17,38,臺中市,霧峰區,0,2,0,7,2,6,50,13,9,1,5,4,6,6,4,4,5,5,5,1,12,2,9,5,4,C03,7,1,1,10,2,11,,51,51,1,12,4,120.686619,24.049096,2
11024,66000,387130000C,(04)23274275,(04)23288582,2025,11,27,17,39,臺中市,潭子區,0,1,0,6,1,6,50,13,9,1,5,4,6,6,4,4,5,5,5,1,13,2,9,2,1,C03,7,9,1,10,2,11,,7,7,1,12,4,120.713912,24.22956,2
11025,66000,387130000C,(04)23274275,(04)23288582,2025,11,27,17,40,臺中市,太平區,0,0,0,7,,,50,,,,,,,,,,,,,,,,,,,B03,,,1,,2,,,40,40,1,6,4,120.721309,24.142267,3
11026,66000,387130000C,(04)23274275,(04)23288582,2025,11,27,17,40,臺中市,東勢區,0,1,0,5,1,6,60,13,7,1,4,4,6,6,1,1,1,4,4,1,13,2,9,5,4,C03,7,9,1,10,2,11,,7,7,1,13,4,120.834438,24.238631,2
11027,66000,387130000C,(04)23274275,(04)23288582,2025,11,27,17,42,臺中市,潭子區,0,0,0,5,,,50,,,,,,,,,,,,,,16,,,,,B03,,,1,,2,,,40,40,1,12,4,120.704142,24.201192,3
11028,66000,387130000C,(04)23274275,(04)23288582,2025,11,27,17,42,臺中市,沙鹿區,0,0,0,7,,,50,,,,,,,,,,,,,,,,,,,B03,,,1,,1,,,84,84,1,13,4,120.586189,24.249835,3
11029,66000,387130000C,(04)23274275,(04)23288582,2025,11,27,17,43,臺中市,烏日區,0,2,0,6,1,6,30,13,9,1,5,4,6,6,4,4,10,5,5,2,12,2,9,1,1,C03,7,12,1,10,2,11,12,7,7,1,5,4,120.588237,24.117434,2
11030,66000,387130000C,(04)23274275,(04)23288582,2025,11,27,17,45,臺中市,北屯區,0,0,0,7,,,50,,,,,,,,,,,,,,16,,,,,C02,,,1,,2,,,84,84,1,12,4,120.687585,24.183641,3
11031,66000,387130000C,(04)23274275,(04)23288582,2025,11,27,17,46,臺中市,南屯區,0,0,0,7,,,0,,,,,,,,,,,,,,,,,,,F01,,,7,,1,,,84,84,1,3,1,120.646431,24.151685,3
11032,66000,387130000C,(04)23274275,(04)23288582,2025,11,27,17,46,臺中市,大里區,0,1,0,7,1,6,50,3,2,1,5,4,6,6,4,4,9,5,5,1,12,2,8,1,1,C03,7,1,1,10,2,14,,51,51,1,13,4,120.67365,24.104187,2
11033,66000,387130000C,(04)23274275,(04)23288582,2025,11,27,17,47,臺中市,北區,0,1,0,7,3,9,50,4,1,1,5,4,6,6,4,4,10,5,5,2,18,2,2,5,4,F03,7,9,7,21,2,14,,20,20,1,13,4,120.689536,24.160939,2
11034,66000,387130000C,(04)23274275,(04)23288582,2025,11,27,17,47,臺中市,大里區,0,1,0,7,1,6,40,13,9,1,5,4,6,6,4,4,9,5,5,1,28,2,9,2,1,C03,7,9,1,10,2,11,,84,84,1,12,4,120.683523,24.071311,2
11035,66000,387130000C,(04)23274275,(04)23288582,2025,11,27,17,48,臺中市,潭子區,0,2,0,6,1,6,50,5,1,1,5,4,6,6,1,1,5,4,5,1,17,2,8,2,1,C03,7,6,1,10,2,14,,85,85,1,13,4,120.719202,24.218089,2
11036,66000,387130000C,(04)23274275,(04)23288582,2025,11,27,17,50,臺中市,南區,0,1,0,5,1,6,50,4,9,1,4,4,6,6,2,1,3,5,5,2,16,3,10,5,4,B12,7,5,1,8,2,2,,20,20,1,6,4,120.668997,24.128574,2
11037,66000,387130000C,(04)23274275,(04)23288582,2025,11,27,17,50,臺中市,西屯區,0,0,0,7,,,50,,,,,,,,,,,,,,13,,,,,B02,,,1,,1,,,59,59,1,13,4,120.653681,24.166316,3
11038,66000,387130000C,(04)23274275,(04)23288582,2025,11,27,17,51,臺中市,西屯區,0,0,0,5,,,40,,,,,,,,,,,,,,13,,,,,C03,,,3,,1,,,7,7,1,12,4,120.64608,24.164289,3
11039,66000,387130000C,(04)23274275,(04)23288582,2025,11,27,17,51,臺中市,龍井區,0,0,0,6,,,30,,,,,,,,,,,,,,12,,,,,B03,,,1,,1,,,8,8,1,12,4,120.578436,24.181035,3
11040,66000,387130000C,(04)23274275,(04)23288582,2025,11,27,17,52,臺中市,大里區,0,2,0,5,1,6,50,13,9,1,4,4,6,6,4,4,1,4,5,1,17,2,9,1,1,C03,7,9,1,10,2,11,,7,7,1,12,4,120.697401,24.111645,2
11041,66000,387130000C,(04)23274275,(04)23288582,2025,11,27,17,54,臺中市,南區,0,0,0,7,,,0,,,,,,,,,,,,,,14,,,,,C03,,,1,,2,,,49,49,1,12,4,120.653659,24.113755,3
11042,66000,387130000C,(04)23274275,(04)23288582,2025,11,27,17,55,臺中市,東區,0,0,0,7,,,50,,,,,,,,,,,,,,11,,,,,B03,,,1,,2,,,8,8,1,12,4,120.695715,24.149754,3
11043,66000,387130000C,(04)23274275,(04)23288582,2025,11,27,17,56,臺中市,北屯區,0,1,0,6,1,6,50,3,1,1,5,4,6,6,3,1,5,5,4,2,12,2,8,4,1,F01,7,7,7,21,1,13,,42,42,1,2,4,120.716463,24.165909,2
11044,66000,387130000C,(04)23274275,(04)23288582,2025,11,27,17,56,臺中市,烏日區,0,0,0,7,,,50,,,,,,,,,,,,,,12,,,,,C02,,,1,,1,,,40,40,1,6,4,120.635026,24.106795,3
11045,66000,387130000C,(04)23274275,(04)23288582,2025,11,27,17,58,臺中市,北屯區,0,0,0,7,,,50,,,,,,,,,,,,,,13,,,,,B03,,,1,,1,,,7,7,1,6,4,120.674084,24.17508,3
11046,66000,387130000C,(04)23274275,(04)23288582,2025,11,27,18,0,臺中市,西區,0,0,0,5,,,50,,,,,,,,,,,,,,12,,,,,B02,,,1,,2,,,84,84,1,13,4,120.65566,24.151029,3
11047,66000,387130000C,(04)23274275,(04)23288582,2025,11,27,18,0,臺中市,北區,0,0,0,7,,,30,,,,,,,,,,,,,,13,,,,,C03,,,1,,1,,,84,84,1,13,4,120.68396,24.146313,3
11048,66000,387130000C,(04)23274275,(04)23288582,2025,11,27,18,1,臺中市,西區,0,1,0,7,1,6,50,4,19,1,5,4,6,6,1,1,10,5,5,2,3,3,10,3,1,B02,7,6,1,8,2,8,,10,10,1,6,4,120.661701,24.149017,2
11049,66000,387130000C,(04)23274275,(04)23288582,2025,11,27,18,3,臺中市,太平區,0,0,0,7,,,30,,,,,,,,,,,,,,17,,,,,B03,,,1,,9,,,77,77,1,12,4,120.720752,24.106046,3
11050,66000,387130000C,(04)23274275,(04)23288582,2025,11,27,18,9,臺中市,北區,0,2,0,7,2,6,40,13,8,1,5,4,6,6,2,1,2,4,4,2,18,2,9,1,1,C03,7,9,1,10,2,12,,84,84,1,12,4,120.687335,24.155602,2
11051,66000,387130000C,(04)23274275,(04)23288582,2025,11,27,18,11,臺中市,南屯區,0,1,0,6,1,6,50,3,1,1,5,4,6,6,2,1,10,5,5,2,16,3,10,5,4,B03,7,5,1,8,2,2,,20,20,1,6,4,120.612735,24.154131,2
11052,66000,387130000C,(04)23274275,(04)23288582,2025,11,27,18,12,臺中市,西屯區,0,0,0,7,,,40,,,,,,,,,,,,,,13,,,,,C03,,,1,,1,,,7,7,1,13,4,120.644526,24.164305,3
11053,66000,387130000C,(04)23274275,(04)23288582,2025,11,27,18,13,臺中市,西屯區,0,1,0,7,1,6,40,3,12,1,5,4,6,6,4,4,1,5,4,2,16,3,10,5,4,C03,7,9,1,9,2,11,,59,59,1,12,4,120.664371,24.176415,2
11054,66000,387130000C,(04)23274275,(04)23288582,2025,11,27,18,15,臺中市,南屯區,0,0,0,7,,,50,,,,,,,,,,,,,,,,,,,C03,,,1,,1,,,50,50,1,12,4,120.635304,24.151745,3
11055,66000,387130000C,(04)23274275,(04)23288582,2025,11,27,18,17,臺中市,大里區,0,0,0,7,,,70,,,,,,,,,,,,,,17,,,,,B03,,,1,,2,,,40,40,1,6,4,120.67132,24.108238,3
11056,66000,387130000C,(04)23274275,(04)23288582,2025,11,27,18,18,臺中市,北屯區,0,1,0,7,2,6,50,3,1,1,5,4,6,6,4,4,10,5,5,2,13,3,10,5,4,C03,7,9,1,10,2,11,,7,7,1,12,4,120.699484,24.16401,2
11057,66000,387130000C,(04)23274275,(04)23288582,2025,11,27,18,18,臺中市,豐原區,0,0,0,6,,,50,,,,,,,,,,,,,,17,,,,,B03,,,1,,1,,,51,51,1,12,4,120.713161,24.250883,3
11058,66000,387130000C,(04)23274275,(04)23288582,2025,11,27,18,19,臺中市,北區,0,0,0,7,,,50,,,,,,,,,,,,,,30,,,,,B01,,,1,,2,,,84,84,1,13,4,120.666505,24.156626,3
11059,66000,387130000C,(04)23274275,(04)23288582,2025,11,27,18,19,臺中市,東區,0,1,0,7,1,6,50,4,1,1,5,4,6,6,1,1,10,5,5,2,17,2,9,5,4,C03,7,6,1,10,2,11,,48,48,1,12,4,120.690144,24.131691,2
11060,66000,387130000C,(04)23274275,(04)23288582,2025,11,27,18,19,臺中市,南屯區,0,0,0,6,,,50,,,,,,,,,,,,,,16,,,,,B03,,,1,,1,,,11,11,1,12,4,120.608758,24.135718,3
11061,66000,387130000C,(04)23274275,(04)23288582,2025,11,27,18,21,臺中市,大雅區,0,1,0,6,1,6,50,4,1,1,5,4,6,6,1,1,10,5,5,2,16,3,10,3,1,B03,7,6,1,8,2,6,,11,11,1,12,4,120.648331,24.226582,2
11062,66000,387130000C,(04)23274275,(04)23288582,2025,11,27,18,21,臺中市,太平區,0,2,0,7,1,6,30,13,9,1,5,4,6,6,4,4,10,5,5,2,17,2,9,5,4,C03,7,6,5,19,2,11,,84,84,1,6,4,120.734261,24.148076,2
11063,66000,387130000C,(04)23274275,(04)23288582,2025,11,27,18,22,臺中市,中區,0,1,0,7,1,6,50,4,1,1,5,4,6,6,1,1,10,5,5,2,13,3,10,2,1,C03,7,9,1,10,2,11,,7,7,1,12,4,120.678021,24.14097,2
11064,66000,387130000C,(04)23274275,(04)23288582,2025,11,27,18,22,臺中市,北屯區,0,1,0,7,2,6,30,3,1,1,5,4,6,6,4,4,10,5,5,2,18,2,9,5,4,C03,7,15,3,19,8,14,,59,59,1,12,4,120.710117,24.168346,2
11065,66000,387130000C,(04)23274275,(04)23288582,2025,11,27,18,22,臺中市,西屯區,0,0,0,7,,,30,,,,,,,,,,,,,,30,,,,,B03,,,1,,1,,,59,59,1,13,4,120.616975,24.188797,3
11066,66000,387130000C,(04)23274275,(04)23288582,2025,11,27,18,22,臺中市,大里區,0,0,0,7,,,30,,,,,,,,,,,,,,13,,,,,C03,,,3,,2,,,59,59,1,12,4,120.710537,24.082798,3
11067,66000,387130000C,(04)23274275,(04)23288582,2025,11,27,18,22,臺中市,豐原區,0,2,0,7,1,6,30,3,1,1,5,4,6,6,4,4,10,5,5,1,16,2,7,5,4,C03,7,6,1,10,2,14,,48,48,1,12,4,120.731139,24.270709,2
11068,66000,387130000C,(04)23274275,(04)23288582,2025,11,27,18,23,臺中市,大雅區,0,0,0,7,,,70,,,,,,,,,,,,,,14,,,,,B12,,,1,,1,,,84,84,1,13,4,120.615377,24.24395,3
11069,66000,387130000C,(04)23274275,(04)23288582,2025,11,27,18,23,臺中市,西區,0,0,0,6,1,6,50,13,9,1,5,4,6,6,2,1,8,3,5,2,12,,,,,C03,,,1,,1,,,84,84,1,13,4,120.675521,24.138186,3
11070,66000,387130000C,(04)23274275,(04)23288582,2025,11,27,18,23,臺中市,東區,0,0,0,7,,,50,,,,,,,,,,,,,,,,,,,B03,,,1,,2,,,49,49,1,6,4,120.694454,24.151099,3
11071,66000,387130000C,(04)23274275,(04)23288582,2025,11,27,18,24,臺中市,北區,0,0,0,7,,,50,,,,,,,,,,,,,,13,,,,,B03,,,1,,1,,,84,84,1,12,4,120.676364,24.150682,3
11072,66000,387130000C,(04)23274275,(04)23288582,2025,11,27,18,25,臺中市,大雅區,0,0,0,6,,,50,,,,,,,,,,,,,,,,,,,B03,,,1,,1,,,85,85,1,13,4,120.670267,24.21578,3
11073,66000,387130000C,(04)23274275,(04)23288582,2025,11,27,18,25,臺中市,北屯區,0,0,0,7,,,40,,,,,,,,,,,,,,13,,,,,C03,,,1,,2,,,7,7,1,12,4,120.685138,24.170333,3
11074,66000,387130000C,(04)23274275,(04)23288582,2025,11,27,18,27,臺中市,北屯區,0,0,0,6,,,40,,,,,,,,,,,,,,17,,,,,B03,,,1,,1,,,8,8,1,6,4,120.683054,24.171624,3
11075,66000,387130000C,(04)23274275,(04)23288582,2025,11,27,18,28,臺中市,北區,0,3,0,7,1,6,50,4,1,1,5,4,6,6,2,1,10,5,5,2,17,2,9,1,1,C03,7,5,1,10,2,12,,84,84,1,13,4,120.674616,24.162533,2
11076,66000,387130000C,(04)23274275,(04)23288582,2025,11,27,18,29,臺中市,南屯區,0,1,0,6,2,6,50,4,1,1,5,4,6,6,2,1,1,5,5,2,13,2,8,1,1,C03,7,9,1,10,2,11,,7,7,1,6,4,120.646597,24.15113,2
11077,66000,387130000C,(04)23274275,(04)23288582,2025,11,27,18,30,臺中市,南區,0,1,0,6,1,6,50,13,9,1,5,4,6,6,1,1,10,4,5,2,12,2,8,1,1,C03,7,7,1,10,2,12,,26,26,1,12,4,120.651189,24.121537,2
11078,66000,387130000C,(04)23274275,(04)23288582,2025,11,27,18,30,臺中市,北屯區,0,1,0,7,1,6,50,4,2,1,5,4,6,6,1,1,5,4,5,2,14,3,10,3,1,B03,7,2,3,19,2,3,,82,82,1,6,4,120.722543,24.176029,2
11079,66000,387130000C,(04)23274275,(04)23288582,2025,11,27,18,31,臺中市,霧峰區,0,0,0,7,,,50,,,,,,,,,,,,,,14,,,,,B03,,,1,,1,,,49,49,1,12,4,120.698799,24.066598,3
11080,66000,387130000C,(04)23274275,(04)23288582,2025,11,27,18,33,臺中市,南區,0,0,0,7,,,50,,,,,,,,,,,,,,17,,,,,C03,,,1,,2,,,84,84,1,12,4,120.666798,24.119149,4
11081,66000,387130000C,(04)23274275,(04)23288582,2025,11,27,18,34,臺中市,南屯區,0,0,0,6,,,50,,,,,,,,,,,,,,13,,,,,B01,,,1,,1,,,7,7,1,6,4,120.646629,24.140096,3
11082,66000,387130000C,(04)23274275,(04)23288582,2025,11,27,18,34,臺中市,大里區,0,1,0,5,1,6,30,4,1,1,4,4,6,6,4,4,5,4,5,1,15,3,10,3,1,B03,7,9,1,8,2,8,,12,12,1,13,4,120.674603,24.112785,2