序號,縣市別代碼,機關代碼,市話,傳真,年,月,日,時,分,縣市,區,死亡數量,受傷數量,2-30,天候,道路照明設備,道路類別,道路速限,道路型態,事故位置,路面鋪裝,路面狀態,路面缺陷,障礙物,視距,號誌種類,號誌動作,分向設施,快車道或一般車道間,快慢車道間,路面邊線,事故類型及型態,受傷程度,主要傷處,保護裝備,行動電話或功能裝置,當事者區分(類別),車輛用途,當事者行動狀態,駕照狀態,駕照種類,飲酒情形,車輛撞擊部位最初,車輛撞擊部位其他,肇事因素個別,肇事因素主要,肇事逃逸,職業,共享經濟或外送平台,GPS座標X,GPS座標Y,事故類別
11083,66000,387130000C,(04)23274275,(04)23288582,2025,11,27,18,35,臺中市,北區,0,0,0,7,3,6,50,18,24,1,5,4,6,6,4,4,5,4,5,2,17,,,,,C03,,,1,,1,,,7,7,1,13,4,120.67499,24.146581,3
11084,66000,387130000C,(04)23274275,(04)23288582,2025,11,27,18,35,臺中市,南屯區,0,0,0,7,,,50,,,,,,,,,,,,,,,,,,,B03,,,1,,1,,,50,50,1,12,4,120.608483,24.147118,3
11085,66000,387130000C,(04)23274275,(04)23288582,2025,11,27,18,37,臺中市,西屯區,0,1,0,5,1,6,50,4,9,1,4,4,6,6,4,4,5,5,5,2,13,2,8,1,4,C03,7,9,1,10,2,11,,7,7,1,13,4,120.642444,24.179154,2
11086,66000,387130000C,(04)23274275,(04)23288582,2025,11,27,18,40,臺中市,中區,0,0,0,5,,,50,,,,,,,,,,,,,,12,,,,,B03,,,1,,2,,,8,8,1,13,4,120.682423,24.140454,3
11087,66000,387130000C,(04)23274275,(04)23288582,2025,11,27,18,49,臺中市,烏日區,0,0,0,7,,,50,,,,,,,,,,,,,,12,,,,,B03,,,1,,1,,,20,20,1,6,4,120.615155,24.117805,3
11088,66000,387130000C,(04)23274275,(04)23288582,2025,11,27,18,50,臺中市,南區,0,0,0,7,,,50,,,,,,,,,,,,,,12,,,,,B03,,,1,,2,,,84,84,1,13,4,120.662095,24.116982,3
11089,66000,387130000C,(04)23274275,(04)23288582,2025,11,27,18,52,臺中市,西屯區,0,2,0,5,1,6,50,4,1,1,4,4,6,6,4,4,10,5,5,2,13,2,8,1,1,C03,7,9,1,10,2,11,,7,7,1,13,4,120.64537,24.172818,2
11090,66000,387130000C,(04)23274275,(04)23288582,2025,11,27,18,55,臺中市,梧棲區,0,0,0,7,,,70,,,,,,,,,,,,,,13,,,,,B03,,,1,,2,,,7,7,1,12,4,120.556766,24.252653,3
11091,66000,387130000C,(04)23274275,(04)23288582,2025,11,27,18,59,臺中市,梧棲區,0,0,0,7,,,70,,,,,,,,,,,,,,24,,,,,B03,,,1,,2,,,87,87,1,12,4,120.556847,24.252839,3
11092,66000,387130000C,(04)23274275,(04)23288582,2025,11,27,19,5,臺中市,大雅區,0,0,0,6,,,30,,,,,,,,,,,,,,,,,,,B03,,,3,,9,,,8,8,1,13,4,120.664034,24.23721,3
11093,66000,387130000C,(04)23274275,(04)23288582,2025,11,27,19,5,臺中市,大甲區,0,1,0,7,3,6,50,4,1,1,5,4,6,6,1,1,10,5,5,2,3,3,10,3,1,B03,7,6,3,19,2,5,,10,10,1,6,4,120.65503,24.380902,2
11094,66000,387130000C,(04)23274275,(04)23288582,2025,11,27,19,8,臺中市,北區,0,1,0,7,2,6,50,3,2,1,5,4,6,6,4,4,1,4,5,2,16,3,10,3,1,B03,7,5,1,8,2,2,,47,47,1,12,4,120.691805,24.159411,2
11095,66000,387130000C,(04)23274275,(04)23288582,2025,11,27,19,10,臺中市,西區,0,1,0,7,1,6,60,13,10,1,5,4,6,6,4,4,1,4,1,2,9,3,10,3,1,A04,7,9,1,2,2,16,,85,85,1,12,4,120.661781,24.155306,2
11096,66000,387130000C,(04)23274275,(04)23288582,2025,11,27,19,12,臺中市,南區,0,0,0,7,,,50,,,,,,,,,,,,,,,,,,,B03,,,1,,1,,,8,8,1,12,4,120.670061,24.119029,3
11097,66000,387130000C,(04)23274275,(04)23288582,2025,11,27,19,13,臺中市,中區,0,0,0,6,,,40,,,,,,,,,,,,,,12,,,,,C03,,,1,,2,,,40,40,1,12,4,120.679556,24.1479,3
11098,66000,387130000C,(04)23274275,(04)23288582,2025,11,27,19,15,臺中市,太平區,0,0,0,7,,3,80,,,,,,,,,,,,,,,,,,,B03,,,1,,2,,,84,84,1,13,4,120.706977,24.129391,3
11099,66000,387130000C,(04)23274275,(04)23288582,2025,11,27,19,18,臺中市,西屯區,0,0,0,7,,3,40,,,,,,,,,,,,,,13,,,,,B03,,,1,,1,,,7,7,1,13,4,120.628796,24.162885,3
11100,66000,387130000C,(04)23274275,(04)23288582,2025,11,27,19,21,臺中市,北區,0,1,0,7,3,6,50,3,1,1,5,4,6,6,2,1,10,5,5,2,17,3,10,5,4,C03,7,21,1,10,2,12,,4,4,1,13,4,120.694365,24.161412,2
11101,66000,387130000C,(04)23274275,(04)23288582,2025,11,27,19,21,臺中市,西屯區,0,0,0,7,,,40,,,,,,,,,,,,,,13,,,,,B03,,,1,,1,,,7,7,1,12,4,120.627645,24.161665,3
11102,66000,387130000C,(04)23274275,(04)23288582,2025,11,27,19,23,臺中市,大里區,0,0,0,7,,,50,,,,,,,,,,,,,,17,,,,,B12,,,1,,2,,,49,49,1,12,4,120.680752,24.108705,3
11103,66000,387130000C,(04)23274275,(04)23288582,2025,11,27,19,25,臺中市,豐原區,0,0,0,5,,,50,,,,,,,,,,,,,,13,,,,,B03,,,1,,2,,,59,59,1,12,4,120.716246,24.260357,4
11104,66000,387130000C,(04)23274275,(04)23288582,2025,11,27,19,26,臺中市,霧峰區,0,1,0,7,1,6,50,13,9,1,5,4,6,6,1,1,5,5,5,1,17,2,9,5,4,C03,7,5,1,10,2,16,,84,84,1,12,4,120.698577,24.061903,2
11105,66000,387130000C,(04)23274275,(04)23288582,2025,11,27,19,29,臺中市,霧峰區,0,0,0,7,,,30,,,,,,,,,,,,,,15,,,,,C03,,,1,,1,,,15,15,1,12,4,120.69763,24.062701,3
11106,66000,387130000C,(04)23274275,(04)23288582,2025,11,27,19,32,臺中市,豐原區,0,0,0,7,,,50,,,,,,,,,,,,,,14,,,,,B03,,,1,,2,,,49,49,1,12,4,120.730136,24.252213,3
11107,66000,387130000C,(04)23274275,(04)23288582,2025,11,27,19,34,臺中市,西區,0,0,0,7,,,40,,,,,,,,,,,,,,,,,,,A05,,,1,,2,,,40,40,1,6,4,120.657043,24.152126,3
11108,66000,387130000C,(04)23274275,(04)23288582,2025,11,27,19,35,臺中市,北屯區,0,0,0,7,,,50,,,,,,,,,,,,,,13,,,,,B03,,,1,,1,,,7,7,1,12,4,120.690359,24.173902,3
11109,66000,387130000C,(04)23274275,(04)23288582,2025,11,27,19,36,臺中市,南屯區,0,1,0,6,1,6,50,13,7,1,5,4,6,6,2,1,5,4,4,2,12,2,8,2,1,C03,7,9,1,10,2,11,,59,59,1,12,4,120.628621,24.120329,2
11110,66000,387130000C,(04)23274275,(04)23288582,2025,11,27,19,36,臺中市,烏日區,0,0,0,7,,,30,,,,,,,,,,,,,,12,,,,,B03,,,1,,1,,,8,8,1,6,4,120.643518,24.085721,3
11111,66000,387130000C,(04)23274275,(04)23288582,2025,11,27,19,39,臺中市,南區,0,0,0,7,,,50,,,,,,,,,,,,,,,,,,,B03,,,1,,2,,,7,7,1,6,4,120.666671,24.113442,3
11112,66000,387130000C,(04)23274275,(04)23288582,2025,11,27,19,44,臺中市,烏日區,0,1,0,7,1,6,50,4,1,1,5,4,6,6,2,1,10,5,5,2,17,3,10,3,1,B03,7,11,1,4,2,7,,45,45,1,6,4,120.624634,24.104258,2
11113,66000,387130000C,(04)23274275,(04)23288582,2025,11,27,19,45,臺中市,西區,0,0,0,5,,,50,,,,,,,,,,,,,,11,,,,,B03,,,5,,11,,,85,85,1,13,4,120.653956,24.146717,3
11114,66000,387130000C,(04)23274275,(04)23288582,2025,11,27,19,49,臺中市,東區,0,0,0,7,,,50,,,,,,,,,,,,,,13,,,,,C03,,,1,,1,,,84,84,1,12,4,120.686077,24.139844,3
11115,66000,387130000C,(04)23274275,(04)23288582,2025,11,27,19,57,臺中市,大里區,0,0,0,7,1,6,40,13,14,1,5,4,6,6,4,4,5,4,5,1,17,,,,,B03,,,1,,2,,,50,50,1,13,4,120.689718,24.113473,3
11116,66000,387130000C,(04)23274275,(04)23288582,2025,11,27,19,58,臺中市,北區,0,0,0,7,,,50,,,,,,,,,,,,,,17,,,,,,,,,,,,,119,119,1,,,120.699493,24.154182,3
11117,66000,387130000C,(04)23274275,(04)23288582,2025,11,27,20,0,臺中市,龍井區,0,0,0,6,,,30,,,,,,,,,,,,,,16,,,,,C03,,,1,,2,,,45,45,1,12,4,120.595423,24.187659,3
11118,66000,387130000C,(04)23274275,(04)23288582,2025,11,27,20,5,臺中市,北區,0,2,0,7,1,6,50,3,1,1,5,4,6,6,2,1,3,4,4,2,17,2,9,1,1,C03,7,9,1,10,2,11,,21,21,1,12,4,120.698888,24.155282,2
11119,66000,387130000C,(04)23274275,(04)23288582,2025,11,27,20,14,臺中市,西區,0,1,0,7,1,6,50,4,1,1,5,4,6,6,4,4,10,5,5,2,16,3,10,3,1,B12,7,6,1,8,2,5,,14,14,1,6,4,120.673242,24.148836,2
11120,66000,387130000C,(04)23274275,(04)23288582,2025,11,27,20,19,臺中市,西區,0,0,0,5,,,50,,,,,,,,,,,,,,12,,,,,A05,,,1,,2,,,84,84,1,12,4,120.654894,24.13516,3
11121,66000,387130000C,(04)23274275,(04)23288582,2025,11,27,20,20,臺中市,豐原區,0,0,0,7,,,50,,,,,,,,,,,,,,17,,,,,B03,,,1,,2,,,84,84,1,12,4,120.730109,24.250492,3
11122,66000,387130000C,(04)23274275,(04)23288582,2025,11,27,20,21,臺中市,北屯區,0,0,0,7,,,40,,,,,,,,,,,,,,13,,,,,C03,,,1,,1,,,7,7,1,12,4,120.692105,24.16253,3
11123,66000,387130000C,(04)23274275,(04)23288582,2025,11,27,20,23,臺中市,太平區,0,0,0,7,,,50,,,,,,,,,,,,,,13,,,,,B03,,,1,,1,,,84,84,1,12,4,120.714359,24.149565,4
11124,66000,387130000C,(04)23274275,(04)23288582,2025,11,27,20,26,臺中市,東區,0,2,0,6,1,6,50,4,1,1,5,4,6,6,1,1,10,5,5,2,17,2,9,5,4,C03,7,9,1,10,2,11,,84,84,1,12,4,120.701395,24.125232,2
11125,66000,387130000C,(04)23274275,(04)23288582,2025,11,27,20,28,臺中市,中區,0,0,0,6,,,50,,,,,,,,,,,,,,13,,,,,A04,,,1,,2,,,7,7,1,13,4,120.684276,24.138645,3
11126,66000,387130000C,(04)23274275,(04)23288582,2025,11,27,20,30,臺中市,西區,0,0,0,7,,,50,,,,,,,,,,,,,,17,,,,,C03,,,1,,2,,,84,84,1,12,4,120.657209,24.156871,3
11127,66000,387130000C,(04)23274275,(04)23288582,2025,11,27,20,30,臺中市,西屯區,0,0,0,7,,,50,,,,,,,,,,,,,,17,,,,,B03,,,1,,1,,,59,59,1,13,4,120.627687,24.184074,4
11128,66000,387130000C,(04)23274275,(04)23288582,2025,11,27,20,31,臺中市,梧棲區,0,0,0,7,,,50,,,,,,,,,,,,,,17,,,,,B03,,,1,,2,,,51,51,1,12,4,120.534758,24.257473,3
11129,66000,387130000C,(04)23274275,(04)23288582,2025,11,27,20,44,臺中市,南屯區,0,0,0,7,,,50,,,,,,,,,,,,,,,,,,,B01,,,1,,2,,,2,2,1,6,4,120.646228,24.150924,3
11130,66000,387130000C,(04)23274275,(04)23288582,2025,11,27,20,52,臺中市,北區,0,1,0,7,1,6,50,3,1,1,5,4,6,6,1,1,5,4,5,2,16,3,10,3,1,B02,7,6,1,8,2,6,,11,11,1,12,4,120.688167,24.150975,2
11131,66000,387130000C,(04)23274275,(04)23288582,2025,11,27,20,56,臺中市,北屯區,0,0,0,6,,,50,,,,,,,,,,,,,,13,,,,,B03,,,1,,1,,,59,59,1,6,4,120.70882,24.187768,3
11132,66000,387130000C,(04)23274275,(04)23288582,2025,11,27,20,56,臺中市,梧棲區,0,1,0,7,1,6,70,4,1,1,5,4,6,6,1,1,1,4,1,1,16,3,10,3,1,B03,7,5,1,8,2,2,,39,39,1,12,4,120.513122,24.226809,2
11133,66000,387130000C,(04)23274275,(04)23288582,2025,11,27,21,9,臺中市,南屯區,0,1,0,7,1,6,50,4,5,1,5,4,6,6,4,4,1,4,4,2,23,2,9,1,1,C03,7,9,1,10,2,11,,59,59,1,6,4,120.625191,24.145112,2
11134,66000,387130000C,(04)23274275,(04)23288582,2025,11,27,21,10,臺中市,西區,0,0,0,7,,,50,,,,,,,,,,,,,,17,,,,,B03,,,1,,9,,,84,84,1,12,4,120.665766,24.144349,3
11135,66000,387130000C,(04)23274275,(04)23288582,2025,11,27,21,10,臺中市,南屯區,0,2,0,6,2,6,30,4,2,1,5,4,6,6,4,4,10,4,4,2,17,2,9,2,1,C03,7,9,1,10,2,12,,15,15,1,12,4,120.613213,24.148345,2
11136,66000,387130000C,(04)23274275,(04)23288582,2025,11,27,21,12,臺中市,西區,0,0,0,7,,,50,,,,,,,,,,,,,,17,,,,,B03,,,1,,1,,,84,84,1,13,4,120.665641,24.131617,4
11137,66000,387130000C,(04)23274275,(04)23288582,2025,11,27,21,13,臺中市,東區,0,1,0,7,1,6,50,4,1,1,5,4,6,6,2,1,5,2,5,2,11,3,10,3,1,B13,7,9,1,8,2,2,,84,84,1,13,4,120.705068,24.148288,2
11138,66000,387130000C,(04)23274275,(04)23288582,2025,11,27,21,13,臺中市,后里區,0,1,0,7,1,6,50,4,2,1,5,4,6,6,1,1,10,5,5,2,13,3,10,4,1,B03,7,9,1,8,2,5,,59,59,1,12,4,120.711431,24.306996,2
11139,66000,387130000C,(04)23274275,(04)23288582,2025,11,27,21,14,臺中市,后里區,0,1,0,7,1,6,50,13,9,1,5,4,6,6,4,4,5,4,4,2,5,3,10,3,1,B03,7,6,1,8,2,1,,59,59,1,12,4,120.689332,24.321736,2
11140,66000,387130000C,(04)23274275,(04)23288582,2025,11,27,21,15,臺中市,西屯區,0,1,0,7,1,6,50,4,4,1,5,4,6,6,1,1,1,5,5,2,13,3,10,3,4,B01,7,9,1,4,2,5,,59,59,1,13,4,120.624989,24.182052,2
11141,66000,387130000C,(04)23274275,(04)23288582,2025,11,27,21,15,臺中市,梧棲區,0,2,0,7,1,6,50,13,24,1,5,4,6,6,1,1,10,5,5,2,16,3,10,3,1,B03,7,11,1,8,2,5,,45,45,1,6,4,120.530842,24.25578,2
11142,66000,387130000C,(04)23274275,(04)23288582,2025,11,27,21,16,臺中市,南屯區,0,3,0,7,1,6,50,4,2,1,5,4,6,6,1,1,9,5,5,2,17,2,9,2,1,C03,7,9,1,10,2,11,,7,7,1,13,4,120.640731,24.146859,2
11143,66000,387130000C,(04)23274275,(04)23288582,2025,11,27,21,20,臺中市,西屯區,0,1,0,7,1,6,30,13,9,1,5,4,6,6,4,4,10,5,5,2,17,2,9,1,1,C03,7,9,1,10,2,11,,84,84,1,13,4,120.611998,24.185485,2
11144,66000,387130000C,(04)23274275,(04)23288582,2025,11,27,21,20,臺中市,烏日區,0,0,0,7,,,50,,,,,,,,,,,,,,13,,,,,B03,,,1,,2,,,7,7,1,6,4,120.616844,24.116186,3
11145,66000,387130000C,(04)23274275,(04)23288582,2025,11,27,21,22,臺中市,北區,0,0,0,7,3,6,50,18,24,1,5,4,6,6,4,4,3,4,5,2,17,,,,,C03,,,1,,1,,,42,42,1,13,4,120.685336,24.152102,3
11146,66000,387130000C,(04)23274275,(04)23288582,2025,11,27,21,29,臺中市,南屯區,0,0,0,7,,,50,,,,,,,,,,,,,,,,,,,B03,,,1,,1,,,84,84,1,12,4,120.615594,24.149842,3
11147,66000,387130000C,(04)23274275,(04)23288582,2025,11,27,21,30,臺中市,北區,0,0,0,7,,,50,,,,,,,,,,,,,,13,,,,,B03,,,1,,1,,,84,84,1,13,4,120.668468,24.169881,3
11148,66000,387130000C,(04)23274275,(04)23288582,2025,11,27,21,33,臺中市,烏日區,0,1,0,7,2,6,40,3,8,1,5,4,6,6,4,4,1,4,4,2,18,2,9,1,1,C03,7,5,1,10,2,12,,84,84,1,6,4,120.63459,24.110769,2
11149,66000,387130000C,(04)23274275,(04)23288582,2025,11,27,21,35,臺中市,大甲區,0,0,0,7,,,50,,,,,,,,,,,,,,,,,,,B03,,,1,,2,,,49,49,1,6,4,120.620408,24.35443,3
11150,66000,387130000C,(04)23274275,(04)23288582,2025,11,27,21,37,臺中市,南區,0,0,0,7,,,50,,,,,,,,,,,,,,,,,,,B03,,,1,,1,,,84,84,1,12,4,120.6617,24.109195,3
11151,66000,387130000C,(04)23274275,(04)23288582,2025,11,27,21,40,臺中市,梧棲區,0,1,0,7,1,6,30,13,9,1,5,4,6,6,4,4,10,5,5,2,17,2,9,1,1,C03,7,9,1,10,2,11,,56,56,1,6,4,120.530592,24.250576,2
11152,66000,387130000C,(04)23274275,(04)23288582,2025,11,27,21,55,臺中市,大甲區,0,0,0,7,,,70,,,,,,,,,,,,,,14,,,,,A31,,,1,,2,,,78,78,1,12,4,120.643869,24.369115,3
11153,66000,387130000C,(04)23274275,(04)23288582,2025,11,27,21,58,臺中市,南屯區,0,2,0,7,1,6,50,4,2,1,5,4,6,6,2,1,1,4,5,2,13,2,9,1,1,C03,7,9,1,10,2,11,,59,59,1,6,4,120.62557,24.140542,2
11154,66000,387130000C,(04)23274275,(04)23288582,2025,11,27,21,58,臺中市,龍井區,0,2,0,7,1,6,30,4,1,1,5,4,6,6,4,4,10,5,5,2,15,2,8,5,4,C03,7,9,1,10,2,14,,12,12,1,12,4,120.587321,24.180597,2
11155,66000,387130000C,(04)23274275,(04)23288582,2025,11,27,22,0,臺中市,沙鹿區,0,0,0,7,,,50,,,,,,,,,,,,,,17,,,,,C03,,,1,,2,,,8,8,1,6,4,120.574321,24.228197,3
11156,66000,387130000C,(04)23274275,(04)23288582,2025,11,27,22,2,臺中市,南區,0,3,0,7,1,6,50,4,9,1,5,4,6,6,2,1,5,5,5,2,16,2,9,5,4,C03,7,6,1,10,2,12,,20,20,1,6,4,120.657966,24.124193,2
11157,66000,387130000C,(04)23274275,(04)23288582,2025,11,27,22,8,臺中市,西屯區,0,1,0,7,1,6,0,13,21,1,5,4,6,6,4,4,10,5,5,2,17,3,10,5,4,C03,7,9,1,10,2,11,,59,59,1,12,4,120.601173,24.182187,2
11158,66000,387130000C,(04)23274275,(04)23288582,2025,11,27,22,25,臺中市,烏日區,0,1,0,7,1,6,30,13,24,1,5,4,6,6,4,4,10,5,5,2,18,2,9,1,1,C03,7,9,1,10,2,11,14,59,59,1,6,4,120.630314,24.10065,2
11159,66000,387130000C,(04)23274275,(04)23288582,2025,11,27,22,26,臺中市,南屯區,0,1,0,7,1,6,50,13,9,1,5,4,6,6,4,4,9,5,5,2,18,2,9,2,1,C03,7,9,1,10,2,12,,87,87,1,13,4,120.654726,24.135209,2
11160,66000,387130000C,(04)23274275,(04)23288582,2025,11,27,22,47,臺中市,西屯區,0,0,0,7,,,50,,,,,,,,,,,,,,13,,,,,C03,,,1,,1,,,7,7,1,13,4,120.646172,24.184213,3
11161,66000,387130000C,(04)23274275,(04)23288582,2025,11,27,23,0,臺中市,西區,0,1,0,7,1,6,50,4,2,1,5,4,6,6,2,1,5,5,4,1,17,3,10,3,1,A12,7,6,1,7,2,2,,11,11,1,13,4,120.668198,24.146717,2
11162,66000,387130000C,(04)23274275,(04)23288582,2025,11,27,23,15,臺中市,南區,0,0,0,7,,,50,,,,,,,,,,,,,,9,,,,,B03,,,1,,2,,,84,84,1,12,4,120.682872,24.129315,3
11163,66000,387130000C,(04)23274275,(04)23288582,2025,11,27,23,18,臺中市,北區,0,1,0,7,1,6,50,4,4,1,5,4,6,6,1,1,1,3,5,1,13,2,7,5,4,C03,7,9,1,10,2,12,,7,7,1,13,4,120.682236,24.162904,2
11164,66000,387130000C,(04)23274275,(04)23288582,2025,11,27,23,18,臺中市,北屯區,0,0,0,7,,,50,,,,,,,,,,,,,,13,,,,,B03,,,1,,1,,,82,82,1,12,4,120.685436,24.17058,3
11165,66000,387130000C,(04)23274275,(04)23288582,2025,11,27,23,34,臺中市,東區,0,1,0,6,2,6,50,13,9,1,5,4,6,6,4,4,5,2,5,2,17,3,10,1,1,C03,7,9,1,10,2,11,,84,84,1,12,4,120.685003,24.130494,2
11166,66000,387130000C,(04)23274275,(04)23288582,2025,11,27,23,55,臺中市,沙鹿區,0,1,0,7,3,6,30,4,1,1,5,4,6,6,4,4,10,5,5,2,14,3,10,3,1,B03,7,2,1,8,2,3,,49,49,1,12,4,120.598203,24.218164,2
11167,66000,387130000C,(04)23274275,(04)23288582,2025,11,27,23,58,臺中市,西屯區,0,1,0,7,1,6,50,13,19,1,5,4,6,6,2,1,5,4,4,2,3,3,10,3,1,B03,7,9,3,19,2,5,,10,10,1,12,4,120.64873,24.174683,2
11168,66000,387130000C,(04)23274275,(04)23288582,2025,11,28,0,6,臺中市,北區,0,2,0,5,1,6,50,4,1,1,4,4,6,6,1,1,10,5,5,2,16,2,8,5,4,C03,7,5,1,10,2,12,,47,47,1,13,4,120.69245,24.161141,2
11169,66000,387130000C,(04)23274275,(04)23288582,2025,11,28,0,6,臺中市,北區,0,1,0,7,1,6,50,3,1,1,5,4,6,6,4,4,5,5,4,2,17,3,10,5,1,B03,7,11,1,8,2,4,,45,45,1,13,4,120.681236,24.150053,2
11170,66000,387130000C,(04)23274275,(04)23288582,2025,11,28,0,9,臺中市,西屯區,0,0,0,7,,,50,,,,,,,,,,,,,,12,,,,,B12,,,1,,2,,,47,47,1,13,4,120.653501,24.165148,3
11171,66000,387130000C,(04)23274275,(04)23288582,2025,11,28,0,9,臺中市,西屯區,0,1,0,7,1,6,30,3,1,1,5,4,6,6,4,4,10,5,5,2,16,3,10,3,1,B03,7,5,1,8,2,8,,20,20,1,12,4,120.653303,24.176087,2
11172,66000,387130000C,(04)23274275,(04)23288582,2025,11,28,0,26,臺中市,沙鹿區,0,2,0,7,1,6,30,4,1,1,5,4,6,6,4,4,10,5,5,2,15,3,10,3,1,B12,7,9,1,8,2,2,,15,15,1,6,4,120.569945,24.241592,2
11173,66000,387130000C,(04)23274275,(04)23288582,2025,11,28,0,45,臺中市,潭子區,0,2,0,7,1,6,50,3,1,1,5,4,6,6,4,4,10,5,5,2,12,2,9,2,1,C03,7,9,1,10,2,12,,85,85,1,12,4,120.703315,24.216312,2
11174,66000,387130000C,(04)23274275,(04)23288582,2025,11,28,1,1,臺中市,西屯區,0,0,0,7,,,50,,,,,,,,,,,,,,17,,,,,C03,,,1,,2,,,59,59,1,13,4,120.58885,24.177982,3
11175,66000,387130000C,(04)23274275,(04)23288582,2025,11,28,1,15,臺中市,西屯區,0,1,0,7,1,6,40,3,1,1,5,4,6,6,4,4,10,5,5,2,16,3,10,3,1,B03,7,5,1,8,2,8,,14,14,1,12,4,120.665733,24.170528,2
11176,66000,387130000C,(04)23274275,(04)23288582,2025,11,28,4,14,臺中市,東勢區,0,1,0,7,2,6,70,13,9,1,5,4,6,6,4,4,8,5,5,2,18,2,9,1,1,C03,7,9,3,19,2,15,,55,55,1,12,4,120.826603,24.252865,2
11177,66000,387130000C,(04)23274275,(04)23288582,2025,11,28,4,32,臺中市,西屯區,0,1,0,7,1,6,50,4,1,1,5,4,6,6,2,1,4,4,5,2,12,2,9,5,4,C03,7,8,1,10,2,14,,40,40,1,13,4,120.637432,24.175796,2
11178,66000,387130000C,(04)23274275,(04)23288582,2025,11,28,5,29,臺中市,烏日區,0,0,0,6,,,60,,,,,,,,,,,,,,35,,,,,B03,,,1,,8,,,84,84,1,6,4,120.646387,24.069145,3
11179,66000,387130000C,(04)23274275,(04)23288582,2025,11,28,5,34,臺中市,大里區,0,1,0,7,2,6,40,13,14,1,5,4,6,6,4,4,1,5,4,1,17,2,9,1,1,C03,7,9,1,10,2,11,,59,59,1,12,4,120.668982,24.098775,2
11180,66000,387130000C,(04)23274275,(04)23288582,2025,11,28,5,38,臺中市,大里區,0,0,0,7,,,50,,,,,,,,,,,,,,,,,,,C03,,,1,,1,,,87,87,1,12,4,120.666566,24.096643,3
11181,66000,387130000C,(04)23274275,(04)23288582,2025,11,28,5,48,臺中市,霧峰區,1,0,0,7,1,6,40,11,8,1,5,4,6,6,4,4,1,4,1,1,23,1,9,1,4,C03,7,9,1,10,2,11,,84,84,1,12,4,120.659574,24.085103,1
11182,66000,387130000C,(04)23274275,(04)23288582,2025,11,28,6,13,臺中市,大安區,0,1,0,7,1,6,50,4,1,1,5,4,6,6,1,1,10,5,5,2,17,3,10,5,4,B03,7,6,1,7,2,1,,48,48,1,6,4,120.588231,24.34439,2
11183,66000,387130000C,(04)23274275,(04)23288582,2025,11,28,6,30,臺中市,龍井區,0,1,0,7,2,6,30,4,1,1,5,4,6,6,4,4,10,5,5,2,15,3,10,3,1,B03,7,9,1,8,2,5,,15,15,1,6,4,120.530452,24.185019,2
11184,66000,387130000C,(04)23274275,(04)23288582,2025,11,28,6,31,臺中市,豐原區,0,1,0,7,2,6,30,12,9,2,5,4,6,6,4,4,10,5,5,1,10,2,9,1,1,C03,7,9,1,10,2,14,,41,41,1,12,4,120.744625,24.265463,2
11185,66000,387130000C,(04)23274275,(04)23288582,2025,11,28,6,36,臺中市,沙鹿區,0,1,0,7,2,6,60,13,8,1,5,4,6,6,4,4,3,3,3,1,17,3,10,5,4,B03,7,5,1,8,2,3,,47,47,1,13,4,120.560055,24.209767,2
11186,66000,387130000C,(04)23274275,(04)23288582,2025,11,28,6,47,臺中市,霧峰區,0,1,0,7,2,6,50,13,9,1,5,4,6,6,4,4,5,5,5,2,17,3,10,1,1,C03,7,9,1,10,2,11,,84,84,1,5,4,120.700184,24.065452,2
11187,66000,387130000C,(04)23274275,(04)23288582,2025,11,28,6,59,臺中市,中區,0,0,0,7,,,50,,,,,,,,,,,,,,17,,,,,B03,,,1,,2,,,59,59,1,12,4,120.683261,24.141153,3
11188,66000,387130000C,(04)23274275,(04)23288582,2025,11,28,6,59,臺中市,北屯區,0,0,0,7,,,50,,,,,,,,,,,,,,12,,,,,B03,,,1,,2,,,84,84,1,6,4,120.712361,24.165898,3
11189,66000,387130000C,(04)23274275,(04)23288582,2025,11,28,7,8,臺中市,北屯區,0,1,0,7,1,6,50,3,2,1,5,4,6,6,4,4,5,4,5,2,12,3,10,3,1,B03,7,5,1,8,2,2,,14,14,1,13,4,120.687434,24.174333,2
11190,66000,387130000C,(04)23274275,(04)23288582,2025,11,28,7,10,臺中市,潭子區,0,0,0,7,,,30,,,,,,,,,,,,,,,,,,,C03,,,1,,2,,,14,14,1,13,4,120.695902,24.1933,3
11191,66000,387130000C,(04)23274275,(04)23288582,2025,11,28,7,12,臺中市,新社區,0,0,0,7,,,50,,,,,,,,,,,,,,,,,,,B03,,,1,,2,,,39,39,1,12,4,120.797977,24.261556,3
11192,66000,387130000C,(04)23274275,(04)23288582,2025,11,28,7,15,臺中市,北屯區,0,0,0,7,,,50,,,,,,,,,,,,,,13,,,,,B03,,,1,,1,,,7,7,1,6,4,120.692661,24.17144,3
11193,66000,387130000C,(04)23274275,(04)23288582,2025,11,28,7,15,臺中市,北屯區,0,0,0,7,,,50,,,,,,,,,,,,,,13,,,,,B03,,,1,,1,,,7,7,1,6,4,120.719864,24.179145,3