序號,縣市別代碼,機關代碼,市話,傳真,年,月,日,時,分,縣市,區,死亡數量,受傷數量,2-30,天候,道路照明設備,道路類別,道路速限,道路型態,事故位置,路面鋪裝,路面狀態,路面缺陷,障礙物,視距,號誌種類,號誌動作,分向設施,快車道或一般車道間,快慢車道間,路面邊線,事故類型及型態,受傷程度,主要傷處,保護裝備,行動電話或功能裝置,當事者區分(類別),車輛用途,當事者行動狀態,駕照狀態,駕照種類,飲酒情形,車輛撞擊部位最初,車輛撞擊部位其他,肇事因素個別,肇事因素主要,肇事逃逸,職業,共享經濟或外送平台,GPS座標X,GPS座標Y,事故類別
11194,66000,387130000C,(04)23274275,(04)23288582,2025,11,28,7,17,臺中市,西屯區,0,3,0,7,2,6,40,13,8,1,5,4,6,6,4,4,1,4,1,2,13,3,10,5,4,B03,7,9,1,8,2,1,,59,59,1,12,4,120.649838,24.162254,2
11195,66000,387130000C,(04)23274275,(04)23288582,2025,11,28,7,20,臺中市,南屯區,0,2,0,7,3,6,50,3,1,1,5,4,6,6,1,1,10,5,5,2,16,3,10,3,1,B03,7,5,1,8,2,5,,11,11,1,13,4,120.610526,24.144296,2
11196,66000,387130000C,(04)23274275,(04)23288582,2025,11,28,7,22,臺中市,神岡區,0,1,0,7,1,6,50,3,2,1,5,4,6,6,4,4,10,5,5,1,18,2,9,1,1,C03,7,9,1,10,2,11,,87,87,1,12,4,120.690616,24.238121,2
11197,66000,387130000C,(04)23274275,(04)23288582,2025,11,28,7,24,臺中市,西區,0,0,0,7,,,50,,,,,,,,,,,,,,,,,,,B03,,,1,8,1,,,35,35,1,13,4,120.668512,24.130132,3
11198,66000,387130000C,(04)23274275,(04)23288582,2025,11,28,7,24,臺中市,北屯區,0,0,0,7,,,50,,,,,,,,,,,,,,13,,,,,B03,,,1,8,1,,,84,84,1,6,4,120.661786,24.189854,3
11199,66000,387130000C,(04)23274275,(04)23288582,2025,11,28,7,25,臺中市,西區,0,0,0,7,,,50,,,,,,,,,,,,,,,,,,,B03,,,1,,1,,,59,59,1,12,4,120.659687,24.157317,3
11200,66000,387130000C,(04)23274275,(04)23288582,2025,11,28,7,25,臺中市,豐原區,0,0,0,7,,,30,,,,,,,,,,,,,,15,,,,,C03,,,1,,2,,,14,14,1,13,4,120.70638,24.24932,4
11201,66000,387130000C,(04)23274275,(04)23288582,2025,11,28,7,27,臺中市,豐原區,0,0,0,7,,,50,,,,,,,,,,,,,,13,,,,,C03,,,1,,2,,,7,7,1,12,4,120.705141,24.250015,3
11202,66000,387130000C,(04)23274275,(04)23288582,2025,11,28,7,28,臺中市,豐原區,0,1,0,7,2,6,50,4,9,1,5,4,6,6,2,1,1,4,5,2,12,2,9,1,1,C03,7,9,3,19,2,11,,7,7,1,12,4,120.713046,24.255529,2
11203,66000,387130000C,(04)23274275,(04)23288582,2025,11,28,7,30,臺中市,西屯區,0,2,0,7,2,6,40,13,8,1,5,4,6,6,4,4,1,4,5,2,18,2,9,5,4,C03,7,14,1,10,1,16,,59,59,1,12,4,120.60813,24.193437,2
11204,66000,387130000C,(04)23274275,(04)23288582,2025,11,28,7,35,臺中市,東區,0,0,0,7,,,50,,,,,,,,,,,,,,17,,,,,C03,,,1,,2,,,7,7,1,12,4,120.69912,24.148586,3
11205,66000,387130000C,(04)23274275,(04)23288582,2025,11,28,7,35,臺中市,龍井區,0,0,0,7,,,60,,,,,,,,,,,,,,12,,,,,B03,,,1,,9,,,2,2,1,6,4,120.578005,24.186539,3
11206,66000,387130000C,(04)23274275,(04)23288582,2025,11,28,7,35,臺中市,豐原區,0,3,0,7,2,6,40,3,19,1,5,4,6,6,4,4,5,5,5,1,3,2,9,5,4,C03,7,9,3,19,2,11,,10,10,1,13,4,120.713462,24.261018,2
11207,66000,387130000C,(04)23274275,(04)23288582,2025,11,28,7,36,臺中市,大肚區,0,1,0,7,1,6,50,5,1,1,5,4,6,6,2,1,10,5,5,2,16,3,10,3,1,B03,7,6,1,8,2,2,,11,11,1,6,4,120.572346,24.155758,2
11208,66000,387130000C,(04)23274275,(04)23288582,2025,11,28,7,39,臺中市,北屯區,0,1,0,7,2,6,50,4,1,1,5,4,6,6,4,4,10,5,5,2,15,3,10,3,1,B03,7,9,1,8,2,5,,12,12,1,12,4,120.686948,24.189326,2
11209,66000,387130000C,(04)23274275,(04)23288582,2025,11,28,7,39,臺中市,西屯區,0,0,0,7,,,50,,,,,,,,,,,,,,16,,,,,B03,,,1,,2,,,48,48,1,12,4,120.642403,24.175259,3
11210,66000,387130000C,(04)23274275,(04)23288582,2025,11,28,7,39,臺中市,大甲區,0,0,0,7,,,50,,,,,,,,,,,,,,35,,,,,B03,,,1,,2,,,50,50,1,12,4,120.601864,24.368418,3
11211,66000,387130000C,(04)23274275,(04)23288582,2025,11,28,7,43,臺中市,南屯區,0,2,0,7,2,6,50,13,8,1,5,4,6,6,1,1,1,4,1,2,17,2,8,2,1,C03,7,9,1,10,2,14,,85,85,1,13,4,120.639757,24.117264,2
11212,66000,387130000C,(04)23274275,(04)23288582,2025,11,28,7,45,臺中市,太平區,0,2,0,7,2,6,50,13,7,1,5,4,6,6,4,4,9,5,4,2,16,2,9,1,1,C03,7,1,1,10,2,14,,51,51,1,12,4,120.721095,24.119588,2
11213,66000,387130000C,(04)23274275,(04)23288582,2025,11,28,7,49,臺中市,北屯區,0,1,0,7,3,6,50,13,9,1,5,4,6,6,4,4,9,4,5,2,16,3,10,3,1,B03,7,11,1,8,2,8,,45,45,1,6,4,120.673959,24.188684,2
11214,66000,387130000C,(04)23274275,(04)23288582,2025,11,28,7,49,臺中市,霧峰區,0,1,0,7,2,6,50,4,1,1,5,4,6,6,1,1,10,5,5,2,13,3,10,3,1,B03,7,9,1,8,2,1,,7,7,1,12,4,120.679935,24.071309,2
11215,66000,387130000C,(04)23274275,(04)23288582,2025,11,28,7,49,臺中市,梧棲區,0,1,0,7,2,6,50,3,1,1,5,4,6,6,3,1,10,5,5,2,15,3,10,1,1,C03,7,9,1,10,2,14,,12,12,1,12,4,120.522111,24.237265,2
11216,66000,387130000C,(04)23274275,(04)23288582,2025,11,28,7,49,臺中市,大甲區,0,3,0,7,2,6,50,13,9,1,5,4,6,6,4,4,9,5,5,1,21,2,3,3,1,B03,7,9,1,8,2,5,,59,59,1,6,4,120.658886,24.382875,2
11217,66000,387130000C,(04)23274275,(04)23288582,2025,11,28,7,50,臺中市,南區,0,2,0,7,2,6,50,4,1,1,5,4,6,6,1,1,10,5,5,2,16,2,9,2,1,C03,7,6,2,19,2,12,,11,11,1,13,4,120.668598,24.114492,2
11218,66000,387130000C,(04)23274275,(04)23288582,2025,11,28,7,50,臺中市,北屯區,0,2,0,7,2,6,50,3,1,1,5,4,6,6,2,1,10,5,5,2,16,2,9,1,1,C03,7,11,1,10,2,12,,45,45,1,6,4,120.709103,24.186549,2
11219,66000,387130000C,(04)23274275,(04)23288582,2025,11,28,7,50,臺中市,烏日區,0,1,0,7,2,6,30,13,9,1,5,4,6,6,4,4,10,5,5,2,17,3,10,3,1,B03,7,1,1,8,2,16,,51,51,1,6,4,120.65732,24.044233,2
11220,66000,387130000C,(04)23274275,(04)23288582,2025,11,28,7,52,臺中市,北區,0,1,0,6,2,6,50,4,1,1,5,4,6,6,1,1,10,5,5,2,13,3,10,3,1,B03,7,5,1,8,2,2,,7,7,1,12,4,120.685648,24.143216,2
11221,66000,387130000C,(04)23274275,(04)23288582,2025,11,28,7,52,臺中市,北屯區,0,0,0,7,,,50,,,,,,,,,,,,,,,,,,,C03,,,1,,2,,,48,48,1,13,4,120.679709,24.172858,4
11222,66000,387130000C,(04)23274275,(04)23288582,2025,11,28,7,53,臺中市,大里區,0,1,0,6,3,6,30,4,2,1,5,4,6,6,1,1,10,5,5,1,13,2,8,1,1,C03,7,9,1,10,2,11,,58,58,1,12,4,120.703956,24.097742,2
11223,66000,387130000C,(04)23274275,(04)23288582,2025,11,28,7,55,臺中市,梧棲區,0,0,0,7,,,40,,,,,,,,,,,,,,13,,,,,B03,,,1,,2,,,7,7,1,12,4,120.525779,24.224664,3
11224,66000,387130000C,(04)23274275,(04)23288582,2025,11,28,7,56,臺中市,梧棲區,0,1,0,7,3,6,50,4,1,1,5,4,6,6,4,4,10,5,5,2,15,2,2,1,1,C03,7,9,3,19,2,12,,15,15,1,6,4,120.532153,24.241819,2
11225,66000,387130000C,(04)23274275,(04)23288582,2025,11,28,7,58,臺中市,北屯區,0,1,0,6,2,6,30,13,9,1,5,4,6,6,4,4,10,5,5,2,17,3,10,3,1,B03,7,1,1,8,2,8,,51,51,1,6,4,120.699775,24.179745,2
11226,66000,387130000C,(04)23274275,(04)23288582,2025,11,28,7,58,臺中市,西屯區,0,2,0,7,2,6,40,4,1,1,5,4,6,6,1,1,9,5,5,2,12,2,8,2,1,C03,7,9,1,10,2,14,,7,7,1,12,4,120.637344,24.175786,2
11227,66000,387130000C,(04)23274275,(04)23288582,2025,11,28,8,0,臺中市,大雅區,0,0,0,7,,,50,,,,,,,,,,,,,,,,,,,B03,,,1,,1,,,84,84,1,13,4,120.646448,24.220152,3
11228,66000,387130000C,(04)23274275,(04)23288582,2025,11,28,8,1,臺中市,西屯區,0,0,0,7,,,50,,,,,,,,,,,,,,13,,,,,C02,,,1,,2,,,59,59,1,12,4,120.606229,24.161822,3
11229,66000,387130000C,(04)23274275,(04)23288582,2025,11,28,8,2,臺中市,南區,0,1,0,6,2,6,30,4,1,1,5,4,6,6,4,4,10,5,5,2,15,2,9,2,1,C03,7,9,1,10,2,12,,15,15,1,12,4,120.676455,24.125678,2
11230,66000,387130000C,(04)23274275,(04)23288582,2025,11,28,8,3,臺中市,豐原區,0,2,0,7,2,6,50,13,9,1,5,4,6,6,4,4,10,5,5,2,13,2,8,1,1,C03,7,9,1,10,2,12,,7,7,1,12,4,120.720474,24.26575,2
11231,66000,387130000C,(04)23274275,(04)23288582,2025,11,28,8,5,臺中市,南屯區,0,4,0,7,2,6,50,4,1,1,5,4,6,6,1,1,10,5,5,2,17,2,9,2,1,C03,7,6,1,10,2,12,,11,11,1,12,4,120.601814,24.139274,2
11232,66000,387130000C,(04)23274275,(04)23288582,2025,11,28,8,8,臺中市,潭子區,0,0,0,7,,,50,,,,,,,,,,,,,,,,,,,B03,,,1,,2,,,84,84,1,13,4,120.67392,24.208609,3
11233,66000,387130000C,(04)23274275,(04)23288582,2025,11,28,8,9,臺中市,潭子區,0,0,0,7,,,60,,,,,,,,,,,,,,,,,,,B03,,,1,,2,,,84,84,1,13,4,120.703657,24.201693,3
11234,66000,387130000C,(04)23274275,(04)23288582,2025,11,28,8,10,臺中市,西區,0,1,0,7,1,6,50,13,9,1,5,4,6,6,4,4,5,4,5,2,12,3,10,3,1,B03,7,7,1,8,2,2,,40,40,1,13,4,120.673163,24.13633,2
11235,66000,387130000C,(04)23274275,(04)23288582,2025,11,28,8,10,臺中市,北區,0,0,0,7,,,30,,,,,,,,,,,,,,12,,,,,B03,,,1,,2,,,8,8,1,13,4,120.669689,24.167936,3
11236,66000,387130000C,(04)23274275,(04)23288582,2025,11,28,8,15,臺中市,南屯區,0,0,0,7,,,50,,,,,,,,,,,,,,12,,,,,B03,,,1,,1,,,8,8,1,13,4,120.607909,24.151067,4
11237,66000,387130000C,(04)23274275,(04)23288582,2025,11,28,8,20,臺中市,西區,0,1,0,6,2,6,50,13,9,1,5,4,6,6,4,4,5,4,5,2,17,2,9,1,1,C03,7,9,1,10,2,11,,7,7,1,12,4,120.677008,24.140027,2
11238,66000,387130000C,(04)23274275,(04)23288582,2025,11,28,8,20,臺中市,太平區,0,2,0,7,2,6,30,4,1,1,5,4,6,6,4,4,10,5,5,2,15,2,9,2,1,C03,7,9,1,10,2,12,,12,12,1,12,4,120.722175,24.156738,2
11239,66000,387130000C,(04)23274275,(04)23288582,2025,11,28,8,20,臺中市,外埔區,0,1,0,6,3,6,30,5,9,1,5,4,6,6,4,4,5,5,5,1,17,2,9,1,1,C03,7,6,1,10,2,11,,12,12,1,12,4,120.654789,24.327787,2
11240,66000,387130000C,(04)23274275,(04)23288582,2025,11,28,8,22,臺中市,豐原區,0,0,0,7,2,6,50,11,9,1,5,4,6,6,4,4,10,5,4,1,20,3,10,3,1,B02,7,11,1,2,2,5,,8,8,1,12,4,120.729967,24.225102,3
11241,66000,387130000C,(04)23274275,(04)23288582,2025,11,28,8,24,臺中市,南屯區,0,0,0,7,,,50,,,,,,,,,,,,,,,,,,,C03,,,1,,1,,,84,84,1,12,4,120.616204,24.146335,3
11242,66000,387130000C,(04)23274275,(04)23288582,2025,11,28,8,24,臺中市,烏日區,0,2,0,7,3,6,30,3,1,1,5,4,6,6,4,4,10,5,5,2,12,2,8,1,1,C03,7,12,1,10,2,11,14,84,84,1,6,4,120.605833,24.118293,2
11243,66000,387130000C,(04)23274275,(04)23288582,2025,11,28,8,26,臺中市,北屯區,0,0,0,7,,,50,,,,,,,,,,,,,,13,,,,,B03,,,1,8,9,,,7,7,1,6,4,120.685876,24.189641,3
11244,66000,387130000C,(04)23274275,(04)23288582,2025,11,28,8,27,臺中市,北屯區,0,0,0,7,,3,80,,,,,,,,,,,,,,13,,,,,B03,,,1,,2,,,7,7,1,12,4,120.694144,24.201018,3
11245,66000,387130000C,(04)23274275,(04)23288582,2025,11,28,8,29,臺中市,東區,0,1,0,7,2,6,50,13,9,1,5,4,6,6,4,4,5,4,5,2,12,3,10,3,1,B03,7,9,1,8,9,2,,8,8,1,12,4,120.683424,24.133518,2
11246,66000,387130000C,(04)23274275,(04)23288582,2025,11,28,8,30,臺中市,大雅區,0,1,0,7,3,6,0,3,1,1,5,4,6,6,3,1,4,5,5,1,17,2,9,2,4,C03,7,4,1,10,2,14,,1,1,1,13,4,120.6743,24.232572,2
11247,66000,387130000C,(04)23274275,(04)23288582,2025,11,28,8,35,臺中市,北區,0,0,0,7,,,30,,,,,,,,,,,,,,,,,,,B03,,,1,,2,,,8,8,1,12,4,120.677876,24.159808,3
11248,66000,387130000C,(04)23274275,(04)23288582,2025,11,28,8,37,臺中市,西區,0,1,0,7,2,6,50,13,9,1,5,4,6,6,4,4,4,4,5,2,17,3,10,3,1,B03,7,1,1,8,2,16,,51,51,1,12,4,120.679229,24.137771,2
11249,66000,387130000C,(04)23274275,(04)23288582,2025,11,28,8,37,臺中市,西屯區,0,2,0,7,2,6,50,3,1,1,5,4,6,6,4,4,10,5,5,2,16,2,8,2,4,C03,7,5,1,10,2,14,,12,12,1,13,4,120.627748,24.180959,2
11250,66000,387130000C,(04)23274275,(04)23288582,2025,11,28,8,37,臺中市,西屯區,0,0,0,7,,,60,,,,,,,,,,,,,,13,,,,,B03,,,1,,1,,,59,59,1,12,4,120.644848,24.165153,3
11251,66000,387130000C,(04)23274275,(04)23288582,2025,11,28,8,40,臺中市,龍井區,0,0,0,7,,3,80,,,,,,,,,,,,,,,,,,,A41,,,1,,2,,,40,40,1,12,4,120.516919,24.204975,3
11252,66000,387130000C,(04)23274275,(04)23288582,2025,11,28,8,41,臺中市,東區,0,2,0,7,2,6,50,4,1,1,5,4,6,6,4,4,10,5,5,2,17,3,10,1,1,C03,7,9,1,10,2,11,,20,20,1,12,4,120.696328,24.147161,2
11253,66000,387130000C,(04)23274275,(04)23288582,2025,11,28,8,41,臺中市,西屯區,0,0,0,7,,,50,,,,,,,,,,,,,,13,,,,,B03,,,1,,2,,,59,59,1,12,4,120.61831,24.177393,3
11254,66000,387130000C,(04)23274275,(04)23288582,2025,11,28,8,43,臺中市,西區,0,1,0,7,2,6,50,4,1,1,5,4,6,6,1,1,10,5,5,2,16,3,10,1,1,C03,7,5,1,10,2,12,,84,84,1,13,4,120.667905,24.130934,2
11255,66000,387130000C,(04)23274275,(04)23288582,2025,11,28,8,45,臺中市,南屯區,0,0,0,7,,,60,,,,,,,,,,,,,,,,,,,B03,,,1,,2,,,59,59,1,12,4,120.625651,24.131351,3
11256,66000,387130000C,(04)23274275,(04)23288582,2025,11,28,8,45,臺中市,南屯區,0,0,0,7,,,50,,,,,,,,,,,,,,,,,,,B03,,,1,,1,,,8,8,1,12,4,120.632976,24.158368,3
11257,66000,387130000C,(04)23274275,(04)23288582,2025,11,28,8,46,臺中市,南區,0,0,0,7,,,50,,,,,,,,,,,,,,13,,,,,C03,,,1,,1,,,7,7,1,13,4,120.67961,24.1196,3
11258,66000,387130000C,(04)23274275,(04)23288582,2025,11,28,8,48,臺中市,南屯區,0,0,0,7,,,50,,,,,,,,,,,,,,12,,,,,A12,,,1,,2,,,59,59,1,13,4,120.608468,24.151134,4
11259,66000,387130000C,(04)23274275,(04)23288582,2025,11,28,8,49,臺中市,外埔區,0,1,0,7,3,6,50,3,2,1,5,4,6,6,4,4,5,4,4,1,16,3,10,3,1,A11,7,5,1,3,1,2,,14,14,1,6,4,120.657227,24.328055,2
11260,66000,387130000C,(04)23274275,(04)23288582,2025,11,28,8,51,臺中市,南屯區,0,1,0,7,2,6,50,4,9,1,5,4,6,6,1,1,5,4,5,2,13,2,9,2,1,C03,7,9,1,10,2,11,,84,84,1,12,4,120.621075,24.140055,2
11261,66000,387130000C,(04)23274275,(04)23288582,2025,11,28,8,54,臺中市,西屯區,0,1,0,7,2,6,50,3,1,1,5,4,6,6,4,4,10,5,5,2,16,3,10,3,1,B03,7,5,1,8,2,6,,84,84,1,12,4,120.650796,24.165115,2
11262,66000,387130000C,(04)23274275,(04)23288582,2025,11,28,8,55,臺中市,梧棲區,0,2,0,7,3,6,30,4,1,1,5,4,6,2,3,1,10,5,5,2,15,2,9,1,1,C03,7,9,1,10,2,11,,12,12,1,6,4,120.547807,24.260731,2
11263,66000,387130000C,(04)23274275,(04)23288582,2025,11,28,9,0,臺中市,南屯區,0,0,0,7,,,50,,,,,,,,,,,,,,12,,,,,B01,,,1,,1,,,59,59,1,13,4,120.608323,24.151172,4
11264,66000,387130000C,(04)23274275,(04)23288582,2025,11,28,9,2,臺中市,梧棲區,0,1,0,7,2,6,50,13,9,1,5,4,6,6,4,4,9,4,5,1,18,2,9,1,1,C03,7,9,1,10,2,14,,58,58,1,12,4,120.532415,24.229719,2
11265,66000,387130000C,(04)23274275,(04)23288582,2025,11,28,9,3,臺中市,北屯區,0,0,0,7,,,30,,,,,,,,,,,,,,16,,,,,B12,,,1,,1,,,8,8,1,6,4,120.698261,24.176115,3
11266,66000,387130000C,(04)23274275,(04)23288582,2025,11,28,9,3,臺中市,太平區,0,0,0,7,,,50,,,,,,,,,,,,,,13,,,,,B12,,,1,,1,,,84,84,1,12,4,120.713255,24.147452,3
11267,66000,387130000C,(04)23274275,(04)23288582,2025,11,28,9,4,臺中市,清水區,0,1,0,7,2,6,50,4,2,1,5,4,6,6,2,1,5,2,5,1,12,2,7,1,1,C03,7,9,1,10,2,11,,8,8,1,13,4,120.566822,24.268333,2
11268,66000,387130000C,(04)23274275,(04)23288582,2025,11,28,9,6,臺中市,北屯區,0,1,0,7,1,6,50,4,2,1,5,4,6,6,1,1,5,4,5,2,17,3,10,3,1,B12,7,2,1,8,2,3,,49,49,1,13,4,120.680531,24.189489,2
11269,66000,387130000C,(04)23274275,(04)23288582,2025,11,28,9,6,臺中市,太平區,0,0,0,7,2,6,50,5,2,1,5,4,6,6,1,1,5,5,4,1,17,3,10,1,1,C03,7,15,1,10,6,11,12,84,84,1,12,4,120.703035,24.148378,3
11270,66000,387130000C,(04)23274275,(04)23288582,2025,11,28,9,6,臺中市,沙鹿區,0,0,0,7,2,6,50,13,9,1,5,4,6,6,4,4,4,4,5,1,12,,,,,C03,,,1,,1,,,51,51,1,12,4,120.578566,24.221119,3
11271,66000,387130000C,(04)23274275,(04)23288582,2025,11,28,9,12,臺中市,沙鹿區,0,1,0,6,2,6,30,4,1,1,5,4,6,6,4,4,10,5,5,2,15,2,9,1,1,C03,7,9,1,10,2,12,,15,15,1,12,4,120.570068,24.216204,2
11272,66000,387130000C,(04)23274275,(04)23288582,2025,11,28,9,13,臺中市,太平區,0,1,0,7,2,6,30,4,1,1,5,4,6,6,4,4,10,5,5,2,16,3,10,3,1,B03,7,5,1,8,2,8,,12,12,1,12,4,120.722151,24.130542,2
11273,66000,387130000C,(04)23274275,(04)23288582,2025,11,28,9,17,臺中市,東區,0,1,0,7,2,6,50,4,2,1,5,4,6,6,4,4,1,4,4,2,17,2,9,2,1,C03,7,15,1,10,2,14,13,40,40,1,12,4,120.684159,24.124871,2
11274,66000,387130000C,(04)23274275,(04)23288582,2025,11,28,9,19,臺中市,豐原區,0,2,0,7,2,6,50,4,2,1,5,4,6,6,1,1,5,2,4,2,12,2,8,5,4,C03,7,5,1,10,2,12,,42,42,1,13,4,120.72214,24.238267,2
11275,66000,387130000C,(04)23274275,(04)23288582,2025,11,28,9,22,臺中市,西屯區,0,1,0,7,2,6,50,13,8,1,5,4,6,6,4,4,5,4,4,2,12,3,10,3,1,B03,7,7,1,8,2,5,,40,40,1,12,4,120.650318,24.177962,2
11276,66000,387130000C,(04)23274275,(04)23288582,2025,11,28,9,28,臺中市,西屯區,0,1,0,7,2,6,40,4,1,1,5,4,6,6,1,1,10,5,5,2,13,3,10,3,1,B03,7,9,1,8,2,1,,7,7,1,12,4,120.611378,24.19197,2
11277,66000,387130000C,(04)23274275,(04)23288582,2025,11,28,9,31,臺中市,北屯區,0,1,0,7,2,6,50,4,1,1,5,4,6,6,2,1,10,5,5,2,12,3,10,3,1,B12,7,5,1,8,2,5,,59,59,1,6,4,120.698241,24.172787,2
11278,66000,387130000C,(04)23274275,(04)23288582,2025,11,28,9,32,臺中市,大里區,0,1,0,7,3,6,50,4,1,1,5,4,6,6,1,1,5,4,4,1,16,3,10,5,4,B03,7,6,1,8,2,7,,11,11,1,13,4,120.688381,24.106473,2
11279,66000,387130000C,(04)23274275,(04)23288582,2025,11,28,9,38,臺中市,西屯區,0,0,0,7,,,30,,,,,,,,,,,,,,11,,,,,C03,,,1,,1,,,59,59,1,12,4,120.622474,24.18501,3
11280,66000,387130000C,(04)23274275,(04)23288582,2025,11,28,9,39,臺中市,霧峰區,0,0,0,7,,,50,,,,,,,,,,,,,,17,,,,,C03,,,1,10,2,,,84,84,1,13,4,120.689812,24.043073,3
11281,66000,387130000C,(04)23274275,(04)23288582,2025,11,28,9,39,臺中市,太平區,0,0,0,7,,,50,,,,,,,,,,,,,,13,,,,,B03,,,1,,1,,,57,57,1,12,4,120.721932,24.14255,3
11282,66000,387130000C,(04)23274275,(04)23288582,2025,11,28,9,50,臺中市,神岡區,0,0,0,7,,,40,,,,,,,,,,,,,,14,,,,,B12,,,1,,1,,,49,49,1,13,4,120.683146,24.256196,3
11283,66000,387130000C,(04)23274275,(04)23288582,2025,11,28,9,51,臺中市,南屯區,0,0,0,7,3,6,30,13,9,1,5,4,6,6,4,4,10,5,5,2,17,,,,,C03,,,1,,9,,,50,50,2,12,4,120.645324,24.142341,3
11284,66000,387130000C,(04)23274275,(04)23288582,2025,11,28,9,53,臺中市,西屯區,0,1,0,7,2,6,50,3,1,1,5,4,6,6,2,1,10,5,5,2,16,3,10,5,4,B12,7,5,5,19,2,5,,11,11,1,13,4,120.653378,24.198405,2
11285,66000,387130000C,(04)23274275,(04)23288582,2025,11,28,9,57,臺中市,潭子區,0,0,0,7,,3,80,,,,,,,,,,,,,,,,,,,B03,,,1,,2,,,40,40,1,13,4,120.722378,24.191906,3
11286,66000,387130000C,(04)23274275,(04)23288582,2025,11,28,9,58,臺中市,北區,0,0,0,7,,,30,,,,,,,,,,,,,,14,,,,,B03,,,1,,1,,,84,84,1,13,4,120.693281,24.160132,3
11287,66000,387130000C,(04)23274275,(04)23288582,2025,11,28,9,58,臺中市,北屯區,0,0,0,7,,,50,,,,,,,,,,,,,,13,,,,,B03,,,1,8,1,,,84,84,1,6,4,120.690295,24.171827,3
11288,66000,387130000C,(04)23274275,(04)23288582,2025,11,28,10,5,臺中市,南屯區,0,1,0,7,3,6,40,13,9,1,5,4,6,6,4,4,5,4,4,2,17,2,9,1,1,C03,7,9,1,10,2,12,,7,7,1,12,4,120.622888,24.140467,2
11289,66000,387130000C,(04)23274275,(04)23288582,2025,11,28,10,7,臺中市,南區,0,0,0,7,,,50,,,,,,,,,,,,,,13,,,,,B03,,,1,,1,,,59,59,1,6,4,120.662132,24.129802,3
11290,66000,387130000C,(04)23274275,(04)23288582,2025,11,28,10,7,臺中市,大里區,0,1,0,7,2,6,50,13,9,1,5,4,6,6,4,4,5,5,5,2,17,2,9,1,1,C03,7,9,1,10,2,11,,84,84,1,12,4,120.666136,24.111813,2
11291,66000,387130000C,(04)23274275,(04)23288582,2025,11,28,10,8,臺中市,北屯區,0,0,0,7,,,50,,,,,,,,,,,,,,13,,,,,B03,,,1,,2,,,56,56,1,6,4,120.658855,24.178103,3
11292,66000,387130000C,(04)23274275,(04)23288582,2025,11,28,10,12,臺中市,豐原區,0,0,0,7,,,50,,,,,,,,,,,,,,13,,,,,A41,,,1,,2,,,40,40,1,12,4,120.710417,24.23653,3
11293,66000,387130000C,(04)23274275,(04)23288582,2025,11,28,10,13,臺中市,南屯區,0,1,0,7,2,6,50,3,2,1,5,4,6,6,4,4,5,5,5,2,17,2,9,2,1,C03,7,15,3,19,2,11,,84,84,1,13,4,120.632658,24.119935,2
11294,66000,387130000C,(04)23274275,(04)23288582,2025,11,28,10,13,臺中市,南屯區,0,1,0,7,2,6,50,13,7,1,5,4,6,6,4,4,5,5,4,2,13,3,10,2,1,C03,7,9,1,10,2,11,,59,59,1,12,4,120.634616,24.154937,2
11295,66000,387130000C,(04)23274275,(04)23288582,2025,11,28,10,14,臺中市,大里區,0,0,0,7,,,50,,,,,,,,,,,,,,,,,,,B03,,,1,,1,,,15,15,1,12,4,120.692342,24.086585,3
11296,66000,387130000C,(04)23274275,(04)23288582,2025,11,28,10,15,臺中市,西屯區,0,0,0,7,,,50,,,,,,,,,,,,,,13,,,,,B03,,,1,,1,,,78,78,1,12,4,120.618075,24.18353,3
11297,66000,387130000C,(04)23274275,(04)23288582,2025,11,28,10,15,臺中市,烏日區,0,0,0,7,,,50,,,,,,,,,,,,,,,,,,,B03,,,1,,1,,,7,7,1,13,4,120.63403,24.107049,3
11298,66000,387130000C,(04)23274275,(04)23288582,2025,11,28,10,17,臺中市,太平區,0,2,0,7,2,6,30,4,1,1,5,4,6,6,4,4,10,5,5,2,15,2,7,2,1,C03,7,9,1,10,2,11,,15,15,1,12,4,120.711463,24.157522,2
11299,66000,387130000C,(04)23274275,(04)23288582,2025,11,28,10,17,臺中市,清水區,0,1,0,7,2,6,50,3,1,1,5,4,6,6,4,4,8,3,4,1,17,2,9,1,1,C03,7,6,1,10,2,12,,20,20,1,12,4,120.576757,24.265689,2
11300,66000,387130000C,(04)23274275,(04)23288582,2025,11,28,10,18,臺中市,北屯區,0,0,0,7,,3,80,,,,,,,,,,,,,,13,,,,,B03,,,1,,1,,,7,7,1,12,4,120.676816,24.201177,3
11301,66000,387130000C,(04)23274275,(04)23288582,2025,11,28,10,32,臺中市,西區,0,1,0,7,1,6,50,4,8,1,5,4,6,6,1,1,1,4,5,2,12,3,10,1,1,C03,7,14,1,10,2,11,,84,84,1,13,4,120.658117,24.158219,2
11302,66000,387130000C,(04)23274275,(04)23288582,2025,11,28,10,33,臺中市,南區,0,2,0,7,2,6,50,4,2,1,5,4,6,6,1,1,9,4,4,2,17,3,10,2,1,C03,7,15,1,10,2,14,,8,8,1,13,4,120.67028,24.122219,2
11303,66000,387130000C,(04)23274275,(04)23288582,2025,11,28,10,33,臺中市,西屯區,0,0,0,7,,,50,,,,,,,,,,,,,,13,,,,,B03,,,1,,1,,,58,58,1,12,4,120.644282,24.174839,3