序號,縣市別代碼,機關代碼,市話,傳真,年,月,日,時,分,縣市,區,死亡數量,受傷數量,2-30,天候,道路照明設備,道路類別,道路速限,道路型態,事故位置,路面鋪裝,路面狀態,路面缺陷,障礙物,視距,號誌種類,號誌動作,分向設施,快車道或一般車道間,快慢車道間,路面邊線,事故類型及型態,受傷程度,主要傷處,保護裝備,行動電話或功能裝置,當事者區分(類別),車輛用途,當事者行動狀態,駕照狀態,駕照種類,飲酒情形,車輛撞擊部位最初,車輛撞擊部位其他,肇事因素個別,肇事因素主要,肇事逃逸,職業,共享經濟或外送平台,GPS座標X,GPS座標Y,事故類別
11304,66000,387130000C,(04)23274275,(04)23288582,2025,11,28,10,33,臺中市,豐原區,0,0,0,7,2,6,50,13,9,1,5,4,6,6,4,4,10,5,5,1,21,3,10,3,1,B02,7,15,1,8,2,2,,8,8,1,12,4,120.768133,24.26103,3
11305,66000,387130000C,(04)23274275,(04)23288582,2025,11,28,10,36,臺中市,沙鹿區,0,0,0,7,,,50,,,,,,,,,,,,,,,,,,,A41,,,1,,2,,,49,49,1,13,4,120.555117,24.224252,3
11306,66000,387130000C,(04)23274275,(04)23288582,2025,11,28,10,41,臺中市,霧峰區,0,1,0,7,2,6,30,3,1,1,5,4,6,6,4,4,5,5,5,2,17,3,10,5,4,A04,7,9,1,2,9,4,,84,84,1,13,4,120.698758,24.040478,2
11307,66000,387130000C,(04)23274275,(04)23288582,2025,11,28,10,44,臺中市,大里區,0,0,0,7,,,50,,,,,,,,,,,,,,,,,,,B12,,,1,,1,,,49,49,1,12,4,120.690962,24.091869,3
11308,66000,387130000C,(04)23274275,(04)23288582,2025,11,28,10,45,臺中市,南屯區,0,1,0,7,2,6,50,3,2,1,5,4,6,6,4,4,1,4,4,2,16,3,10,3,1,B12,7,5,1,8,2,5,,14,14,1,12,4,120.636575,24.154567,2
11309,66000,387130000C,(04)23274275,(04)23288582,2025,11,28,10,50,臺中市,大雅區,0,0,0,7,,,70,,,,,,,,,,,,,,,,,,,B03,,,1,,2,,,47,47,1,13,4,120.643328,24.228104,4
11310,66000,387130000C,(04)23274275,(04)23288582,2025,11,28,10,50,臺中市,大里區,0,0,0,7,,,60,,,,,,,,,,,,,,,,,,,B03,,,1,,2,,,7,7,1,13,4,120.679953,24.104211,3
11311,66000,387130000C,(04)23274275,(04)23288582,2025,11,28,10,51,臺中市,北屯區,0,0,0,7,,,50,,,,,,,,,,,,,,,,,,,B03,,,1,,1,,,84,84,1,13,4,120.668366,24.17843,4
11312,66000,387130000C,(04)23274275,(04)23288582,2025,11,28,10,53,臺中市,西屯區,0,1,0,7,2,6,35,4,1,1,5,4,6,6,4,4,10,5,5,1,16,2,9,1,1,C03,7,6,1,10,2,13,12,84,84,1,12,4,120.628495,24.173063,2
11313,66000,387130000C,(04)23274275,(04)23288582,2025,11,28,10,53,臺中市,大里區,0,0,0,7,,,50,,,,,,,,,,,,,,13,,,,,B03,,,1,,2,,,7,7,1,12,4,120.678162,24.094825,3
11314,66000,387130000C,(04)23274275,(04)23288582,2025,11,28,10,56,臺中市,南區,0,0,0,7,,,50,,,,,,,,,,,,,,17,,,,,B03,,,1,,9,,,84,84,1,13,4,120.679776,24.126606,3
11315,66000,387130000C,(04)23274275,(04)23288582,2025,11,28,11,0,臺中市,大甲區,0,2,0,7,3,6,50,4,1,1,5,4,6,6,1,1,10,5,5,2,17,2,9,1,1,C03,7,5,1,10,2,11,,47,47,1,12,4,120.626845,24.340395,2
11316,66000,387130000C,(04)23274275,(04)23288582,2025,11,28,11,3,臺中市,北屯區,0,1,0,7,1,6,50,4,2,1,5,4,6,6,1,1,3,4,4,2,12,3,10,3,1,B03,7,5,1,8,2,1,,38,38,1,13,4,120.720736,24.174976,2
11317,66000,387130000C,(04)23274275,(04)23288582,2025,11,28,11,5,臺中市,南屯區,0,1,0,7,2,6,50,3,1,1,5,4,6,6,4,4,10,5,5,2,17,3,10,3,1,B03,7,5,1,8,2,5,,84,84,1,12,4,120.641721,24.141238,2
11318,66000,387130000C,(04)23274275,(04)23288582,2025,11,28,11,7,臺中市,西屯區,0,0,0,7,,,50,,,,,,,,,,,,,,14,,,,,B12,,,1,,2,,,49,49,1,12,4,120.647688,24.174347,3
11319,66000,387130000C,(04)23274275,(04)23288582,2025,11,28,11,8,臺中市,西屯區,0,0,0,7,,,50,,,,,,,,,,,,,,13,,,,,C03,,,1,,2,,,59,59,1,12,4,120.631978,24.170369,3
11320,66000,387130000C,(04)23274275,(04)23288582,2025,11,28,11,8,臺中市,豐原區,0,0,0,7,,,40,,,,,,,,,,,,,,20,,,,,B03,,,1,,2,,,84,84,1,12,4,120.720978,24.227749,3
11321,66000,387130000C,(04)23274275,(04)23288582,2025,11,28,11,15,臺中市,大里區,0,2,0,7,3,6,50,3,2,1,5,4,6,6,1,1,5,4,4,1,16,2,8,5,4,C03,7,6,3,19,2,11,,11,11,1,13,4,120.677108,24.099335,2
11322,66000,387130000C,(04)23274275,(04)23288582,2025,11,28,11,17,臺中市,太平區,0,4,0,7,2,6,50,4,1,1,5,4,6,6,2,1,10,5,5,2,17,2,9,3,1,B12,7,6,1,8,2,2,,25,25,1,12,4,120.717044,24.156757,2
11323,66000,387130000C,(04)23274275,(04)23288582,2025,11,28,11,19,臺中市,豐原區,0,0,0,7,,,50,,,,,,,,,,,,,,13,,,,,B03,,,1,,2,,,84,84,1,13,4,120.720081,24.240169,3
11324,66000,387130000C,(04)23274275,(04)23288582,2025,11,28,11,20,臺中市,大里區,0,1,0,7,2,6,30,4,2,1,5,4,6,6,4,4,10,5,5,2,30,2,9,5,4,F03,7,15,7,21,2,12,,84,84,1,13,4,120.71399,24.089948,2
11325,66000,387130000C,(04)23274275,(04)23288582,2025,11,28,11,20,臺中市,豐原區,0,1,0,7,2,6,50,13,7,1,5,4,6,6,4,4,5,5,4,2,12,3,10,3,1,B03,7,7,1,8,2,1,,85,85,1,12,4,120.699203,24.248086,2
11326,66000,387130000C,(04)23274275,(04)23288582,2025,11,28,11,23,臺中市,中區,0,0,0,6,,,50,,,,,,,,,,,,,,14,,,,,B02,,,1,,2,,,49,49,1,12,4,120.685204,24.139254,3
11327,66000,387130000C,(04)23274275,(04)23288582,2025,11,28,11,23,臺中市,西區,0,1,0,7,2,6,50,3,2,1,5,4,6,6,4,4,5,4,5,2,16,3,10,5,4,B12,7,5,1,8,2,8,,13,13,1,13,4,120.657242,24.150853,2
11328,66000,387130000C,(04)23274275,(04)23288582,2025,11,28,11,25,臺中市,東區,0,0,0,7,,,50,,,,,,,,,,,,,,,,,,,C03,,,1,,1,,,84,84,1,12,4,120.710668,24.149303,3
11329,66000,387130000C,(04)23274275,(04)23288582,2025,11,28,11,25,臺中市,西屯區,0,0,0,7,,,50,,,,,,,,,,,,,,12,,,,,B03,,,1,,1,,,40,40,1,12,4,120.608815,24.183831,3
11330,66000,387130000C,(04)23274275,(04)23288582,2025,11,28,11,29,臺中市,太平區,0,0,0,7,2,6,30,,,,,,,,,,,,,,,,,,,B03,,,1,,2,2,,8,8,1,12,4,120.705754,24.149056,3
11331,66000,387130000C,(04)23274275,(04)23288582,2025,11,28,11,34,臺中市,大里區,0,0,0,7,,,40,,,,,,,,,,,,,,17,,,,,B12,,,1,,1,,,84,84,1,12,4,120.692876,24.113376,3
11332,66000,387130000C,(04)23274275,(04)23288582,2025,11,28,11,36,臺中市,沙鹿區,0,2,0,7,2,6,50,3,1,1,5,4,6,6,1,1,5,5,5,2,17,2,9,1,1,C03,7,9,1,10,2,14,,39,39,1,13,4,120.578276,24.221841,2
11333,66000,387130000C,(04)23274275,(04)23288582,2025,11,28,11,38,臺中市,北屯區,0,0,0,7,,,50,,,,,,,,,,,,,,17,,,,,B03,,,1,,1,,,58,58,1,6,4,120.726552,24.166889,3
11334,66000,387130000C,(04)23274275,(04)23288582,2025,11,28,11,38,臺中市,大甲區,0,1,0,7,1,6,30,4,1,1,5,4,6,6,4,4,5,5,5,1,15,2,9,1,1,C03,7,9,1,10,2,11,,12,12,1,12,4,120.618434,24.346684,2
11335,66000,387130000C,(04)23274275,(04)23288582,2025,11,28,11,39,臺中市,西區,0,1,0,7,3,6,50,4,1,1,5,4,6,6,4,4,10,5,5,2,15,2,9,1,1,C03,7,9,1,10,2,12,,15,15,1,6,4,120.658897,24.152539,2
11336,66000,387130000C,(04)23274275,(04)23288582,2025,11,28,11,40,臺中市,西區,0,1,0,7,2,6,50,4,1,1,5,4,6,6,2,1,1,4,4,2,9,3,10,3,1,B03,7,6,1,8,2,8,,10,10,1,13,4,120.668285,24.142527,2
11337,66000,387130000C,(04)23274275,(04)23288582,2025,11,28,11,40,臺中市,沙鹿區,0,0,0,7,2,6,50,13,9,1,5,4,6,6,1,1,4,4,5,2,12,,,,,B03,,,1,,1,,,49,49,1,12,4,120.563167,24.237591,3
11338,66000,387130000C,(04)23274275,(04)23288582,2025,11,28,11,43,臺中市,南區,0,2,0,7,3,6,30,4,1,1,5,4,6,6,1,1,10,5,5,2,3,2,9,1,1,C03,7,9,1,10,2,11,,87,87,1,6,4,120.651957,24.114744,2
11339,66000,387130000C,(04)23274275,(04)23288582,2025,11,28,11,45,臺中市,大里區,0,0,0,7,,,50,,,,,,,,,,,,,,,,,,,B03,,,1,,2,,,49,49,1,12,4,120.694766,24.094842,3
11340,66000,387130000C,(04)23274275,(04)23288582,2025,11,28,11,46,臺中市,北屯區,0,1,0,7,2,6,50,5,1,1,5,4,6,6,4,4,10,5,5,2,16,3,10,3,1,B03,7,9,1,8,2,5,,84,84,1,12,4,120.668674,24.17579,2
11341,66000,387130000C,(04)23274275,(04)23288582,2025,11,28,11,48,臺中市,清水區,0,2,0,7,2,6,50,3,1,1,5,4,6,6,4,4,1,2,4,1,16,2,8,2,1,C03,7,5,1,10,2,12,,47,47,1,12,2,120.575075,24.268299,2
11342,66000,387130000C,(04)23274275,(04)23288582,2025,11,28,11,50,臺中市,大雅區,0,1,0,7,2,6,30,11,9,1,5,4,6,6,4,4,10,5,5,1,11,3,10,3,1,B03,7,6,1,8,2,4,,41,41,1,13,4,120.653534,24.226398,2
11343,66000,387130000C,(04)23274275,(04)23288582,2025,11,28,11,50,臺中市,梧棲區,0,0,0,7,,,70,,,,,,,,,,,,,,12,,,,,B03,,,1,,2,,,40,40,1,12,4,120.549116,24.23816,3
11344,66000,387130000C,(04)23274275,(04)23288582,2025,11,28,11,54,臺中市,霧峰區,0,2,0,7,3,6,50,3,1,1,5,4,6,6,4,4,10,5,5,1,16,3,10,3,1,B03,7,6,1,8,2,2,,14,14,1,5,4,120.697818,24.058345,2
11345,66000,387130000C,(04)23274275,(04)23288582,2025,11,28,11,55,臺中市,豐原區,0,0,0,7,,,60,,,,,,,,,,,,,,13,,,,,B03,,,1,,2,,,7,7,1,13,4,120.70329,24.246095,3
11346,66000,387130000C,(04)23274275,(04)23288582,2025,11,28,11,56,臺中市,西屯區,0,0,0,7,,,50,,,,,,,,,,,,,,9,,,,,A05,,,1,,2,,,78,78,1,13,4,120.647579,24.195997,3
11347,66000,387130000C,(04)23274275,(04)23288582,2025,11,28,11,56,臺中市,梧棲區,0,1,0,7,3,6,60,3,1,1,5,4,6,6,4,4,1,5,5,2,16,2,9,1,1,C03,7,9,1,10,2,14,,6,6,1,6,4,120.525676,24.224896,2
11348,66000,387130000C,(04)23274275,(04)23288582,2025,11,28,12,0,臺中市,南屯區,0,0,0,7,3,6,50,13,9,1,5,4,6,6,4,4,5,5,5,2,30,,,,,B03,,,1,,9,,,87,87,1,12,4,120.647397,24.147748,3
11349,66000,387130000C,(04)23274275,(04)23288582,2025,11,28,12,1,臺中市,西區,0,0,0,7,,,50,,,,,,,,,,,,,,,,,,,C03,,,1,,1,,,7,7,1,12,4,120.656888,24.152637,3
11350,66000,387130000C,(04)23274275,(04)23288582,2025,11,28,12,1,臺中市,豐原區,0,2,0,7,2,6,30,5,13,1,5,4,6,6,4,4,5,5,5,1,15,3,10,3,1,B03,7,15,1,8,2,8,,84,84,1,12,4,120.747816,24.274418,2
11351,66000,387130000C,(04)23274275,(04)23288582,2025,11,28,12,3,臺中市,南屯區,0,1,0,7,2,6,50,3,1,1,5,4,6,6,1,1,5,2,5,2,12,2,7,2,1,C03,7,15,1,10,2,14,,84,84,1,12,4,120.622178,24.140166,2
11352,66000,387130000C,(04)23274275,(04)23288582,2025,11,28,12,3,臺中市,南屯區,0,1,0,7,2,6,30,4,1,1,5,4,6,6,4,4,10,5,5,2,15,2,9,2,1,C03,7,9,1,10,2,11,,15,15,1,12,4,120.645436,24.139706,2
11353,66000,387130000C,(04)23274275,(04)23288582,2025,11,28,12,3,臺中市,大肚區,0,1,0,7,2,6,30,13,9,1,5,4,6,6,4,4,10,5,5,2,18,2,9,2,1,C03,7,9,1,10,2,14,,84,84,1,6,4,120.538345,24.162029,2
11354,66000,387130000C,(04)23274275,(04)23288582,2025,11,28,12,10,臺中市,西屯區,0,2,0,7,2,6,30,4,1,1,5,4,6,6,4,4,10,5,5,2,15,2,9,1,1,C03,7,9,1,10,2,14,,13,13,1,12,4,120.64518,24.176796,2
11355,66000,387130000C,(04)23274275,(04)23288582,2025,11,28,12,10,臺中市,龍井區,0,1,0,7,1,6,30,3,1,1,5,4,6,6,4,4,10,5,5,2,16,2,9,1,1,C03,7,6,1,10,2,14,,12,12,1,6,4,120.597685,24.189,2
11356,66000,387130000C,(04)23274275,(04)23288582,2025,11,28,12,11,臺中市,西屯區,0,1,0,7,2,6,50,3,1,1,5,4,6,6,4,4,10,5,5,2,17,3,10,3,1,B03,7,1,1,8,2,16,,51,51,1,12,4,120.66214,24.163352,2
11357,66000,387130000C,(04)23274275,(04)23288582,2025,11,28,12,15,臺中市,南區,0,0,0,7,,,50,,,,,,,,,,,,,,17,,,,,C03,,,1,,1,,,84,84,1,12,4,120.659175,24.120206,3
11358,66000,387130000C,(04)23274275,(04)23288582,2025,11,28,12,15,臺中市,北屯區,0,0,0,7,,,,,,,,,,,,,,,,,17,,,,,,,,,,,,,119,119,1,,,120.679923,24.172628,3
11359,66000,387130000C,(04)23274275,(04)23288582,2025,11,28,12,16,臺中市,北區,0,1,0,7,2,6,50,4,1,1,5,4,6,6,1,1,10,5,5,2,16,2,9,6,1,F01,7,9,7,21,2,12,,4,4,1,12,4,120.676831,24.16329,2
11360,66000,387130000C,(04)23274275,(04)23288582,2025,11,28,12,20,臺中市,南屯區,0,1,0,7,3,6,50,13,9,1,5,4,6,6,4,4,3,4,5,2,17,3,10,3,1,B12,7,1,1,8,2,8,,51,51,1,12,4,120.638124,24.148364,2
11361,66000,387130000C,(04)23274275,(04)23288582,2025,11,28,12,21,臺中市,西屯區,0,2,0,7,2,6,50,3,9,1,5,4,6,6,4,4,5,5,5,2,16,2,7,1,1,C03,7,6,1,10,2,12,,48,48,1,12,4,120.616461,24.180865,2
11362,66000,387130000C,(04)23274275,(04)23288582,2025,11,28,12,21,臺中市,霧峰區,0,0,0,7,,,50,,,,,,,,,,,,,,,,,,,C03,,,1,,1,,,48,48,1,12,4,120.698446,24.062418,3
11363,66000,387130000C,(04)23274275,(04)23288582,2025,11,28,12,28,臺中市,沙鹿區,0,1,0,7,2,6,50,4,1,1,5,4,6,6,4,4,10,5,5,2,15,3,10,3,1,B12,7,9,1,8,2,1,,6,6,1,12,4,120.558464,24.236745,2
11364,66000,387130000C,(04)23274275,(04)23288582,2025,11,28,12,35,臺中市,神岡區,0,0,0,7,,,40,,,,,,,,,,,,,,15,,,,,B12,,,1,,2,,,12,12,1,13,4,120.685725,24.251438,3
11365,66000,387130000C,(04)23274275,(04)23288582,2025,11,28,12,37,臺中市,太平區,0,1,0,7,2,6,50,13,7,1,5,4,6,6,1,1,5,5,4,1,13,2,8,2,1,C03,7,9,1,10,2,11,,7,7,1,12,4,120.726451,24.15,2
11366,66000,387130000C,(04)23274275,(04)23288582,2025,11,28,12,39,臺中市,神岡區,0,0,0,7,1,6,50,13,9,1,5,4,6,6,4,4,5,5,5,1,13,,,,,C03,,,1,,2,,,7,7,1,12,4,120.6995,24.250752,3
11367,66000,387130000C,(04)23274275,(04)23288582,2025,11,28,12,40,臺中市,南屯區,0,0,0,7,,,40,,,,,,,,,,,,,,,,,,,B12,,,1,,2,,,50,50,1,12,4,120.6346,24.155334,3
11368,66000,387130000C,(04)23274275,(04)23288582,2025,11,28,12,45,臺中市,大里區,0,1,0,7,2,6,50,5,1,1,5,4,6,6,1,1,10,5,5,2,17,3,10,5,4,C03,7,15,3,19,2,12,,84,84,1,13,4,120.687246,24.087297,2
11369,66000,387130000C,(04)23274275,(04)23288582,2025,11,28,12,50,臺中市,南屯區,0,0,0,7,,,30,,,,,,,,,,,,,,17,,,,,B03,,,1,,2,,,49,49,1,13,4,120.613733,24.141238,4
11370,66000,387130000C,(04)23274275,(04)23288582,2025,11,28,12,50,臺中市,南屯區,0,0,0,7,,,50,,,,,,,,,,,,,,,,,,,B03,,,1,,1,,,84,84,1,12,4,120.646685,24.154626,3
11371,66000,387130000C,(04)23274275,(04)23288582,2025,11,28,12,50,臺中市,太平區,0,2,0,7,2,6,50,3,2,1,5,4,6,6,4,4,5,5,5,1,16,2,9,2,1,C03,7,5,1,10,2,13,,22,22,1,12,4,120.72088,24.133519,2
11372,66000,387130000C,(04)23274275,(04)23288582,2025,11,28,12,54,臺中市,西區,0,1,0,7,1,6,50,3,9,1,5,4,6,6,4,4,10,5,5,2,17,3,10,3,1,B03,7,5,1,8,2,8,,84,84,1,13,4,120.656555,24.142751,2
11373,66000,387130000C,(04)23274275,(04)23288582,2025,11,28,12,57,臺中市,北屯區,0,0,0,7,,,50,,,,,,,,,,,,,,17,,,,,B03,,,1,,2,,,50,50,1,12,4,120.747507,24.195135,3
11374,66000,387130000C,(04)23274275,(04)23288582,2025,11,28,12,58,臺中市,豐原區,0,1,0,7,2,6,30,13,9,1,5,4,6,6,4,4,10,5,5,1,11,2,7,1,1,C03,7,9,1,10,2,15,,41,41,1,12,4,120.728288,24.240297,2
11375,66000,387130000C,(04)23274275,(04)23288582,2025,11,28,13,0,臺中市,中區,0,0,0,7,,,50,,,,,,,,,,,,,,13,,,,,C03,,,1,,1,,,7,7,1,12,4,120.679547,24.14249,3
11376,66000,387130000C,(04)23274275,(04)23288582,2025,11,28,13,0,臺中市,烏日區,0,0,0,7,2,6,40,13,14,1,5,4,6,6,4,4,10,5,5,1,27,3,10,3,1,A12,7,11,1,7,2,3,,59,59,1,6,4,120.63339,24.067157,3
11377,66000,387130000C,(04)23274275,(04)23288582,2025,11,28,13,13,臺中市,西區,0,0,0,7,,,50,,,,,,,,,,,,,,,,,,,C03,,,1,,1,,,7,7,1,6,4,120.674808,24.139569,3
11378,66000,387130000C,(04)23274275,(04)23288582,2025,11,28,13,13,臺中市,西屯區,0,0,0,7,,,50,,,,,,,,,,,,,,13,,,,,C03,,,1,,1,,,7,7,1,12,4,120.644553,24.171749,3
11379,66000,387130000C,(04)23274275,(04)23288582,2025,11,28,13,13,臺中市,太平區,0,0,0,7,2,6,50,,,,,,,,,,,,,,,,,,,B13,,,1,,2,17,,71,71,1,12,4,120.72711,24.134079,3
11380,66000,387130000C,(04)23274275,(04)23288582,2025,11,28,13,19,臺中市,西屯區,0,0,0,7,,,60,,,,,,,,,,,,,,12,,,,,B03,,,1,,1,,,40,40,1,12,4,120.616587,24.182516,3
11381,66000,387130000C,(04)23274275,(04)23288582,2025,11,28,13,23,臺中市,西屯區,0,1,0,6,3,6,40,13,8,1,5,4,6,6,4,4,3,4,3,2,13,2,9,5,4,C03,7,9,1,10,2,11,,7,7,1,13,4,120.64398,24.165462,2
11382,66000,387130000C,(04)23274275,(04)23288582,2025,11,28,13,23,臺中市,大里區,0,1,0,7,1,6,50,4,1,1,5,4,6,6,1,1,10,5,5,2,12,3,10,3,1,B03,7,9,1,8,2,5,,87,87,1,12,4,120.703582,24.096076,2
11383,66000,387130000C,(04)23274275,(04)23288582,2025,11,28,13,26,臺中市,北區,0,2,0,7,2,6,50,4,1,1,5,4,6,6,2,1,5,4,5,2,16,2,9,1,1,C03,7,6,1,10,2,14,,11,11,1,13,4,120.668073,24.154308,2
11384,66000,387130000C,(04)23274275,(04)23288582,2025,11,28,13,38,臺中市,豐原區,0,1,0,7,2,6,50,3,9,1,5,4,6,6,2,1,1,4,4,2,12,3,10,3,1,A11,7,7,1,1,2,5,,8,8,1,12,4,120.749252,24.268145,2
11385,66000,387130000C,(04)23274275,(04)23288582,2025,11,28,13,39,臺中市,豐原區,0,2,0,7,2,6,50,4,4,1,5,4,6,6,3,1,1,4,5,1,13,2,9,1,1,C03,7,9,1,10,2,11,,7,7,1,12,4,120.708814,24.251167,2
11386,66000,387130000C,(04)23274275,(04)23288582,2025,11,28,13,42,臺中市,南屯區,0,0,0,7,3,6,40,13,9,1,5,4,6,6,4,4,10,5,5,2,12,,,,,B03,,,1,,9,,,8,8,1,12,4,120.62368,24.149158,3
11387,66000,387130000C,(04)23274275,(04)23288582,2025,11,28,13,43,臺中市,北屯區,0,0,0,7,,,50,,,,,,,,,,,,,,,,,,,B03,,,1,,1,,,49,49,1,13,4,120.726176,24.176225,4
11388,66000,387130000C,(04)23274275,(04)23288582,2025,11,28,13,44,臺中市,龍井區,0,1,0,7,2,6,50,4,1,1,5,4,6,6,2,1,1,4,4,1,18,2,9,1,1,C03,7,6,1,10,2,14,,36,36,1,12,4,120.514118,24.198289,2
11389,66000,387130000C,(04)23274275,(04)23288582,2025,11,28,13,47,臺中市,東區,0,0,0,7,,,50,,,,,,,,,,,,,,12,,,,,B12,,,1,,1,,,85,85,1,13,4,120.690524,24.131885,3
11390,66000,387130000C,(04)23274275,(04)23288582,2025,11,28,13,47,臺中市,西屯區,0,1,0,7,2,6,40,4,1,1,5,4,6,6,2,1,10,5,5,2,13,2,9,1,1,C03,7,9,1,10,2,11,,7,7,1,12,4,120.640853,24.167566,2
11391,66000,387130000C,(04)23274275,(04)23288582,2025,11,28,13,48,臺中市,后里區,0,1,0,7,3,6,50,3,1,1,5,4,6,6,2,1,1,4,4,1,13,3,10,3,1,B03,7,5,1,8,2,6,,11,11,1,10,4,120.723651,24.297912,2
11392,66000,387130000C,(04)23274275,(04)23288582,2025,11,28,13,50,臺中市,清水區,0,0,0,7,,,40,,,,,,,,,,,,,,,,,,,B03,,,1,,1,,,49,49,1,12,4,120.550179,24.285502,3
11393,66000,387130000C,(04)23274275,(04)23288582,2025,11,28,13,51,臺中市,西屯區,0,0,0,7,,,40,,,,,,,,,,,,,,14,,,,,B03,,,1,,1,,,77,77,1,12,4,120.640821,24.176369,3
11394,66000,387130000C,(04)23274275,(04)23288582,2025,11,28,13,57,臺中市,南屯區,0,0,0,6,,,50,,,,,,,,,,,,,,16,,,,,B03,,,1,,1,,,47,47,1,6,4,120.646245,24.127897,3
11395,66000,387130000C,(04)23274275,(04)23288582,2025,11,28,13,58,臺中市,西區,0,1,0,7,2,6,30,13,9,3,5,2,6,6,4,4,10,5,5,2,18,2,9,1,1,C03,7,9,1,10,2,14,,82,82,1,13,4,120.652201,24.148504,2
11396,66000,387130000C,(04)23274275,(04)23288582,2025,11,28,14,3,臺中市,北區,0,0,0,7,,,50,,,,,,,,,,,,,,,,,,,C03,,,3,,2,,,7,7,1,12,4,120.68082,24.160205,3
11397,66000,387130000C,(04)23274275,(04)23288582,2025,11,28,14,3,臺中市,東區,0,0,0,7,,,50,,,,,,,,,,,,,,,,,,,B13,,,1,,1,,,8,8,1,12,4,120.689675,24.134244,3
11398,66000,387130000C,(04)23274275,(04)23288582,2025,11,28,14,9,臺中市,南屯區,0,1,0,7,1,6,50,4,1,1,5,4,6,6,3,1,10,5,5,2,15,3,10,3,1,B03,7,9,1,8,2,8,,24,24,1,12,4,120.640322,24.140953,2
11399,66000,387130000C,(04)23274275,(04)23288582,2025,11,28,14,9,臺中市,龍井區,0,0,0,6,,,30,,,,,,,,,,,,,,16,,,,,C03,,,1,,2,,,14,14,1,12,4,120.592326,24.181367,4
11400,66000,387130000C,(04)23274275,(04)23288582,2025,11,28,14,13,臺中市,西區,0,1,0,7,2,6,30,4,1,1,5,4,6,6,4,4,5,5,5,2,16,2,9,2,1,C03,7,6,1,10,6,12,,14,14,1,12,4,120.665668,24.129421,2
11401,66000,387130000C,(04)23274275,(04)23288582,2025,11,28,14,13,臺中市,北區,0,0,0,7,,,50,,,,,,,,,,,,,,17,,,,,B03,,,1,,1,,,39,39,1,13,4,120.685734,24.154447,3
11402,66000,387130000C,(04)23274275,(04)23288582,2025,11,28,14,14,臺中市,東勢區,0,0,0,6,,,50,,,,,,,,,,,,,,,,,,,B03,,,1,,2,,,84,84,1,12,4,120.839721,24.202016,3
11403,66000,387130000C,(04)23274275,(04)23288582,2025,11,28,14,20,臺中市,北屯區,0,0,0,7,,,50,,,,,,,,,,,,,,13,,,,,A12,,,1,,10,,,84,84,1,12,4,120.718642,24.175866,3
11404,66000,387130000C,(04)23274275,(04)23288582,2025,11,28,14,25,臺中市,沙鹿區,0,0,0,7,,,50,,,,,,,,,,,,,,,,,,,B03,,,1,,2,,,49,49,1,12,4,120.569712,24.205257,3
11405,66000,387130000C,(04)23274275,(04)23288582,2025,11,28,14,30,臺中市,豐原區,0,0,0,7,,,50,,,,,,,,,,,,,,17,,,,,B03,,,1,,2,,,26,26,1,12,4,120.720104,24.262754,4
11406,66000,387130000C,(04)23274275,(04)23288582,2025,11,28,14,37,臺中市,霧峰區,0,1,0,7,2,6,30,13,9,1,5,4,6,6,4,4,10,5,5,2,17,3,10,5,4,B12,7,15,1,8,9,4,,84,84,1,13,4,120.709355,24.076033,2
11407,66000,387130000C,(04)23274275,(04)23288582,2025,11,28,14,38,臺中市,北區,0,0,0,7,3,9,50,18,24,1,5,4,6,6,4,4,3,4,4,2,17,,,,,B12,,,1,,1,,,84,84,1,13,4,120.675005,24.160985,3
11408,66000,387130000C,(04)23274275,(04)23288582,2025,11,28,14,39,臺中市,南屯區,0,2,0,7,2,6,50,4,1,1,5,4,6,6,2,1,1,4,5,2,16,2,9,2,1,C02,7,5,3,19,2,12,,85,85,1,12,4,120.640958,24.141436,2
11409,66000,387130000C,(04)23274275,(04)23288582,2025,11,28,14,46,臺中市,潭子區,0,0,0,7,,,50,,,,,,,,,,,,,,,,,,,B12,,,1,,2,,,47,47,1,12,4,120.705059,24.211391,3
11410,66000,387130000C,(04)23274275,(04)23288582,2025,11,28,14,46,臺中市,西屯區,0,1,0,7,2,6,30,13,9,1,5,4,6,6,4,4,10,5,5,1,11,3,10,2,1,C03,7,9,1,10,2,11,,41,41,1,13,4,120.631785,24.172371,2
11411,66000,387130000C,(04)23274275,(04)23288582,2025,11,28,14,47,臺中市,西屯區,0,0,0,7,,,50,,,,,,,,,,,,,,17,,,,,B12,,,1,,1,,,84,84,1,12,4,120.649796,24.162755,3
11412,66000,387130000C,(04)23274275,(04)23288582,2025,11,28,15,0,臺中市,潭子區,0,0,0,7,,,50,,,,,,,,,,,,,,13,,,,,B03,,,1,,2,,,84,84,1,12,4,120.702887,24.200844,3
11413,66000,387130000C,(04)23274275,(04)23288582,2025,11,28,15,0,臺中市,西區,0,0,0,7,,,50,,,,,,,,,,,,,,9,,,,,B11,,,1,,1,,,84,84,1,12,4,120.676605,24.137566,3
11414,66000,387130000C,(04)23274275,(04)23288582,2025,11,28,15,0,臺中市,太平區,0,0,0,7,,,50,,,,,,,,,,,,,,2,,,,,C03,,,1,,2,,,42,42,1,12,4,120.726896,24.134381,3