序號,縣市別代碼,機關代碼,市話,傳真,年,月,日,時,分,縣市,區,死亡數量,受傷數量,2-30,天候,道路照明設備,道路類別,道路速限,道路型態,事故位置,路面鋪裝,路面狀態,路面缺陷,障礙物,視距,號誌種類,號誌動作,分向設施,快車道或一般車道間,快慢車道間,路面邊線,事故類型及型態,受傷程度,主要傷處,保護裝備,行動電話或功能裝置,當事者區分(類別),車輛用途,當事者行動狀態,駕照狀態,駕照種類,飲酒情形,車輛撞擊部位最初,車輛撞擊部位其他,肇事因素個別,肇事因素主要,肇事逃逸,職業,共享經濟或外送平台,GPS座標X,GPS座標Y,事故類別
11415,66000,387130000C,(04)23274275,(04)23288582,2025,11,28,15,6,臺中市,北區,0,1,0,7,2,6,30,4,1,1,5,4,6,6,4,4,10,5,5,2,15,2,9,1,1,C03,7,9,1,10,2,12,,84,84,1,13,4,120.68228,24.162013,2
11416,66000,387130000C,(04)23274275,(04)23288582,2025,11,28,15,6,臺中市,西屯區,0,0,0,7,,,50,,,,,,,,,,,,,,15,,,,,B03,,,1,,1,,,13,13,1,13,4,120.584375,24.173109,3
11417,66000,387130000C,(04)23274275,(04)23288582,2025,11,28,15,9,臺中市,西屯區,0,2,0,7,2,6,50,13,9,1,5,4,6,6,3,1,5,5,5,2,17,2,9,5,4,C03,7,9,1,10,2,12,,4,4,1,12,4,120.640368,24.179188,2
11418,66000,387130000C,(04)23274275,(04)23288582,2025,11,28,15,10,臺中市,沙鹿區,0,0,0,7,,,50,,,,,,,,,,,,,,13,,,,,B03,,,1,,1,,,7,7,1,12,4,120.56533,24.201978,3
11419,66000,387130000C,(04)23274275,(04)23288582,2025,11,28,15,11,臺中市,南屯區,0,1,0,7,3,6,50,13,9,1,5,4,6,6,4,4,5,4,5,2,13,2,9,1,1,C03,7,9,1,10,1,11,,7,7,1,12,4,120.652915,24.141319,2
11420,66000,387130000C,(04)23274275,(04)23288582,2025,11,28,15,14,臺中市,西屯區,0,1,0,7,3,6,50,3,1,1,5,4,6,6,4,4,1,4,5,2,16,3,10,5,4,B03,7,5,1,8,2,2,,84,84,1,12,4,120.651831,24.197774,2
11421,66000,387130000C,(04)23274275,(04)23288582,2025,11,28,15,14,臺中市,太平區,0,0,0,7,,,50,,,,,,,,,,,,,,13,,,,,B03,,,1,,1,,,84,84,1,6,4,120.713041,24.146646,3
11422,66000,387130000C,(04)23274275,(04)23288582,2025,11,28,15,15,臺中市,大雅區,0,2,0,7,1,6,50,13,9,1,5,4,6,6,4,4,9,5,5,1,3,2,9,1,1,C03,7,9,1,10,2,11,12,84,84,1,12,4,120.648377,24.220864,2
11423,66000,387130000C,(04)23274275,(04)23288582,2025,11,28,15,15,臺中市,北區,0,1,0,7,2,6,50,4,1,1,5,4,6,6,1,1,10,5,5,2,17,3,10,5,4,B01,7,9,1,4,2,8,,84,84,1,13,4,120.665369,24.157549,2
11424,66000,387130000C,(04)23274275,(04)23288582,2025,11,28,15,15,臺中市,太平區,0,0,0,7,2,6,40,,,,,,,,,,,,,,,,,,,B12,,,1,,2,2,,84,84,1,12,4,120.717688,24.153033,3
11425,66000,387130000C,(04)23274275,(04)23288582,2025,11,28,15,26,臺中市,大里區,0,0,0,7,,,50,,,,,,,,,,,,,,17,,,,,C03,,,1,,2,,,49,49,1,12,4,120.67957,24.109532,3
11426,66000,387130000C,(04)23274275,(04)23288582,2025,11,28,15,30,臺中市,南屯區,0,0,0,7,,,50,,,,,,,,,,,,,,13,,,,,C03,,,1,,1,,,7,7,1,12,4,120.636152,24.146815,3
11427,66000,387130000C,(04)23274275,(04)23288582,2025,11,28,15,30,臺中市,北屯區,0,0,0,7,,,50,,,,,,,,,,,,,,15,,,,,B03,,,1,8,1,,,21,21,1,12,4,120.722497,24.174079,3
11428,66000,387130000C,(04)23274275,(04)23288582,2025,11,28,15,30,臺中市,北屯區,0,1,0,7,3,6,50,13,9,1,5,4,6,6,4,4,10,5,5,2,18,2,9,2,1,C03,7,9,1,10,1,11,,84,84,1,6,4,120.696688,24.176987,2
11429,66000,387130000C,(04)23274275,(04)23288582,2025,11,28,15,31,臺中市,西屯區,0,0,0,7,,,40,,,,,,,,,,,,,,17,,,,,B03,,,1,,1,,,51,51,1,13,4,120.640724,24.168394,3
11430,66000,387130000C,(04)23274275,(04)23288582,2025,11,28,15,33,臺中市,西屯區,0,1,0,7,2,6,30,4,1,1,5,4,6,6,4,4,10,5,5,2,15,2,9,5,4,C03,7,9,3,19,2,12,,12,12,1,12,4,120.588197,24.177441,2
11431,66000,387130000C,(04)23274275,(04)23288582,2025,11,28,15,42,臺中市,東區,0,0,0,7,,,50,,,,,,,,,,,,,,16,,,,,F01,,,7,,1,,,11,11,1,12,3,120.692464,24.146343,4
11432,66000,387130000C,(04)23274275,(04)23288582,2025,11,28,15,45,臺中市,潭子區,0,0,0,7,,,50,,,,,,,,,,,,,,,,,,,B03,,,1,,2,,,58,58,1,13,4,120.703092,24.200882,3
11433,66000,387130000C,(04)23274275,(04)23288582,2025,11,28,15,50,臺中市,東區,0,1,0,7,2,6,50,3,1,1,5,4,6,6,4,4,10,5,5,2,16,3,10,3,1,B02,7,5,1,8,2,2,,87,87,1,12,4,120.694316,24.136933,2
11434,66000,387130000C,(04)23274275,(04)23288582,2025,11,28,15,51,臺中市,北區,0,1,0,7,3,6,50,18,24,1,5,4,6,6,1,1,10,5,5,2,18,2,9,5,4,C03,7,9,1,10,2,12,,59,59,1,13,4,120.672023,24.167026,2
11435,66000,387130000C,(04)23274275,(04)23288582,2025,11,28,15,52,臺中市,南屯區,0,0,0,7,,,50,,,,,,,,,,,,,,17,,,,,B03,,,1,,2,,,78,78,1,12,4,120.626031,24.112374,3
11436,66000,387130000C,(04)23274275,(04)23288582,2025,11,28,15,52,臺中市,霧峰區,0,0,0,7,,,50,,,,,,,,,,,,,,17,,,,,B03,,,1,,1,,,7,7,1,6,4,120.698159,24.06066,3
11437,66000,387130000C,(04)23274275,(04)23288582,2025,11,28,15,52,臺中市,大里區,0,1,0,7,2,6,50,3,1,1,5,4,6,6,4,4,10,5,5,2,16,3,10,1,1,C03,7,6,1,10,9,11,,14,14,1,13,4,120.689281,24.107988,2
11438,66000,387130000C,(04)23274275,(04)23288582,2025,11,28,15,55,臺中市,沙鹿區,0,2,0,7,2,6,30,13,9,1,5,4,6,6,4,4,10,5,5,2,17,3,10,3,1,B12,7,2,1,8,2,3,,49,49,1,13,4,120.567405,24.250487,2
11439,66000,387130000C,(04)23274275,(04)23288582,2025,11,28,15,56,臺中市,大雅區,0,0,0,7,,,0,,,,,,,,,,,,,,17,,,,,B12,,,1,,1,,,51,51,1,13,4,120.650595,24.244133,3
11440,66000,387130000C,(04)23274275,(04)23288582,2025,11,28,16,3,臺中市,北屯區,0,0,0,6,,3,80,,,,,,,,,,,,,,13,,,,,B02,,,1,,1,,,59,59,1,6,4,120.720725,24.168399,3
11441,66000,387130000C,(04)23274275,(04)23288582,2025,11,28,16,3,臺中市,豐原區,0,1,0,7,2,6,50,3,1,1,5,4,6,6,4,4,10,5,5,2,17,3,10,2,1,C03,7,5,1,10,2,14,,87,87,1,13,4,120.716563,24.242481,2
11442,66000,387130000C,(04)23274275,(04)23288582,2025,11,28,16,6,臺中市,沙鹿區,0,1,0,7,3,6,40,3,11,1,5,4,6,6,4,4,10,5,5,1,17,2,9,2,1,C03,7,5,1,10,2,14,,12,12,1,12,4,120.586179,24.250187,2
11443,66000,387130000C,(04)23274275,(04)23288582,2025,11,28,16,9,臺中市,西屯區,0,0,0,7,,,60,,,,,,,,,,,,,,13,,,,,B03,,,1,,1,,,84,84,1,12,4,120.641186,24.167493,3
11444,66000,387130000C,(04)23274275,(04)23288582,2025,11,28,16,10,臺中市,西屯區,0,0,0,7,,,60,,,,,,,,,,,,,,12,,,,,B03,,,1,,2,,,8,8,1,13,4,120.653841,24.160499,3
11445,66000,387130000C,(04)23274275,(04)23288582,2025,11,28,16,12,臺中市,北屯區,0,0,0,7,,3,80,,,,,,,,,,,,,,13,,,,,B03,,,1,,2,,,7,7,1,6,4,120.694144,24.201018,3
11446,66000,387130000C,(04)23274275,(04)23288582,2025,11,28,16,15,臺中市,潭子區,0,2,0,7,2,6,40,4,1,1,5,4,6,6,4,4,10,5,5,2,16,2,9,6,1,F02,7,6,7,21,2,14,,84,84,1,12,4,120.706731,24.206361,2
11447,66000,387130000C,(04)23274275,(04)23288582,2025,11,28,16,19,臺中市,西屯區,0,0,0,7,,,50,,,,,,,,,,,,,,17,,,,,B02,,,1,,2,,,59,59,1,12,4,120.65524,24.170428,3
11448,66000,387130000C,(04)23274275,(04)23288582,2025,11,28,16,23,臺中市,北屯區,0,1,0,7,2,6,50,13,9,1,5,4,6,6,4,4,1,4,5,2,12,3,10,3,1,B03,7,13,1,4,2,4,,76,76,1,12,4,120.721578,24.179783,2
11449,66000,387130000C,(04)23274275,(04)23288582,2025,11,28,16,25,臺中市,東區,0,3,0,7,3,6,50,4,1,1,5,4,6,6,1,1,10,5,5,2,13,2,7,5,4,C03,7,9,1,10,2,11,,7,7,1,12,4,120.682926,24.134448,2
11450,66000,387130000C,(04)23274275,(04)23288582,2025,11,28,16,28,臺中市,南區,0,1,0,7,3,6,30,3,1,1,5,4,6,6,4,4,9,5,4,2,16,3,10,3,1,B03,7,6,1,8,2,8,,13,13,1,6,4,120.675142,24.127221,2
11451,66000,387130000C,(04)23274275,(04)23288582,2025,11,28,16,28,臺中市,北屯區,0,1,0,7,1,6,50,4,2,1,5,4,6,6,1,1,3,4,5,2,17,3,10,3,1,A11,7,6,1,1,2,2,,25,25,1,13,4,120.721003,24.175968,2
11452,66000,387130000C,(04)23274275,(04)23288582,2025,11,28,16,29,臺中市,大里區,0,2,0,7,2,6,50,4,1,1,5,4,6,6,1,1,10,5,5,2,17,2,9,1,1,C03,7,9,3,19,2,11,,21,21,1,12,4,120.699148,24.110186,2
11453,66000,387130000C,(04)23274275,(04)23288582,2025,11,28,16,29,臺中市,沙鹿區,0,1,0,7,2,6,50,4,1,1,5,4,6,6,4,4,5,5,5,2,15,3,10,3,1,B03,7,9,1,8,2,8,1,6,6,1,12,4,120.569453,24.258318,2
11454,66000,387130000C,(04)23274275,(04)23288582,2025,11,28,16,33,臺中市,南屯區,0,1,0,7,3,6,50,4,1,1,5,4,6,6,1,1,5,5,4,2,16,3,10,3,1,B03,7,6,1,8,2,1,,11,11,1,12,4,120.645083,24.133351,2
11455,66000,387130000C,(04)23274275,(04)23288582,2025,11,28,16,37,臺中市,太平區,0,1,0,7,2,6,50,13,9,1,5,4,6,6,4,4,5,5,5,1,17,2,8,2,1,C03,7,9,1,10,9,11,,59,59,1,12,4,120.714183,24.143789,2
11456,66000,387130000C,(04)23274275,(04)23288582,2025,11,28,16,38,臺中市,北區,0,0,0,7,,,50,,,,,,,,,,,,,,14,,,,,B03,,,1,,2,,,84,84,1,13,4,120.690358,24.161386,3
11457,66000,387130000C,(04)23274275,(04)23288582,2025,11,28,16,39,臺中市,北區,0,0,0,7,,,50,,,,,,,,,,,,,,,,,,,H03,,,,,,,,116,116,1,13,5,120.67697,24.156205,3
11458,66000,387130000C,(04)23274275,(04)23288582,2025,11,28,16,39,臺中市,太平區,0,1,0,7,2,6,50,5,1,1,5,4,6,6,2,1,10,5,5,2,17,3,10,2,1,C03,7,15,1,10,2,14,,42,42,1,12,4,120.724886,24.149716,2
11459,66000,387130000C,(04)23274275,(04)23288582,2025,11,28,16,47,臺中市,西屯區,0,0,0,7,,,40,,,,,,,,,,,,,,30,,,,,C03,,,1,,2,,,59,59,1,13,4,120.603322,24.183103,3
11460,66000,387130000C,(04)23274275,(04)23288582,2025,11,28,16,50,臺中市,南屯區,0,2,0,7,3,6,50,3,1,1,5,4,6,6,2,1,10,5,5,2,16,2,9,2,4,C01,7,5,1,9,2,13,,11,11,1,6,4,120.620452,24.115337,2
11461,66000,387130000C,(04)23274275,(04)23288582,2025,11,28,16,53,臺中市,南區,0,0,0,7,,,50,,,,,,,,,,,,,,12,,,,,A12,,,1,,9,,,51,51,2,12,4,120.67287,24.128731,3
11462,66000,387130000C,(04)23274275,(04)23288582,2025,11,28,16,54,臺中市,太平區,0,0,0,7,,,50,,,,,,,,,,,,,,35,,,,,B12,,,1,,2,,,78,78,1,6,4,120.7314,24.127922,3
11463,66000,387130000C,(04)23274275,(04)23288582,2025,11,28,16,56,臺中市,西區,0,0,0,7,,,50,,,,,,,,,,,,,,12,,,,,B03,,,1,,1,,,8,8,1,13,4,120.676814,24.134584,3
11464,66000,387130000C,(04)23274275,(04)23288582,2025,11,28,16,56,臺中市,西屯區,0,1,0,7,2,6,50,3,1,1,5,4,6,6,1,1,10,5,5,2,13,3,10,5,4,B02,7,9,1,8,2,1,,7,7,1,12,4,120.587624,24.185457,2
11465,66000,387130000C,(04)23274275,(04)23288582,2025,11,28,16,58,臺中市,北屯區,0,1,0,7,2,6,50,13,12,1,5,4,6,6,1,1,10,5,5,2,13,3,10,5,4,C03,7,9,1,10,4,11,,84,84,1,12,4,120.70946,24.164545,2
11466,66000,387130000C,(04)23274275,(04)23288582,2025,11,28,16,58,臺中市,神岡區,0,2,0,7,2,6,50,4,1,1,5,4,6,6,1,1,10,5,5,2,17,2,7,2,1,C03,7,5,1,8,2,11,,22,22,1,6,4,120.658614,24.25885,2
11467,66000,387130000C,(04)23274275,(04)23288582,2025,11,28,17,3,臺中市,大里區,0,1,0,7,2,6,30,3,1,1,5,4,6,6,4,4,10,5,5,2,17,3,10,3,1,B12,7,6,1,8,2,8,,15,15,1,6,4,120.699565,24.08199,2
11468,66000,387130000C,(04)23274275,(04)23288582,2025,11,28,17,4,臺中市,西屯區,0,1,0,7,1,6,50,3,1,1,5,4,6,6,4,4,10,5,5,2,16,3,10,3,1,B03,7,6,1,8,2,5,,14,14,1,13,4,120.65365,24.168273,2
11469,66000,387130000C,(04)23274275,(04)23288582,2025,11,28,17,4,臺中市,沙鹿區,0,0,0,7,,,50,,,,,,,,,,,,,,17,,,,,B02,,,1,,2,,,76,76,1,6,4,120.599466,24.254795,3
11470,66000,387130000C,(04)23274275,(04)23288582,2025,11,28,17,5,臺中市,東區,0,1,0,7,2,6,50,5,1,1,5,4,6,6,2,1,10,5,5,2,15,3,10,3,1,B03,7,9,1,8,2,2,,21,21,1,12,4,120.697105,24.142794,2
11471,66000,387130000C,(04)23274275,(04)23288582,2025,11,28,17,7,臺中市,北屯區,0,0,0,7,,,50,,,,,,,,,,,,,,13,,,,,C03,,,1,,1,,,83,83,1,12,4,120.686474,24.200914,3
11472,66000,387130000C,(04)23274275,(04)23288582,2025,11,28,17,9,臺中市,北屯區,0,1,0,6,1,6,50,13,9,1,5,4,6,6,4,4,1,4,5,2,13,2,9,2,1,C03,7,12,1,10,2,12,,7,7,1,6,4,120.685875,24.179228,2
11473,66000,387130000C,(04)23274275,(04)23288582,2025,11,28,17,9,臺中市,西屯區,0,1,0,7,1,6,50,13,9,1,5,4,6,6,4,4,5,5,5,2,12,2,9,1,1,C03,7,9,1,10,2,11,,59,59,1,13,4,120.668393,24.175614,2
11474,66000,387130000C,(04)23274275,(04)23288582,2025,11,28,17,10,臺中市,北屯區,0,2,0,7,1,6,30,3,8,1,5,4,6,6,4,4,1,4,4,2,16,2,8,1,1,C03,7,6,1,10,2,12,,14,14,1,12,4,120.687146,24.181613,2
11475,66000,387130000C,(04)23274275,(04)23288582,2025,11,28,17,12,臺中市,大里區,0,0,0,7,,,50,,,,,,,,,,,,,,17,,,,,C03,,,1,,2,,,84,84,1,6,4,120.689435,24.105685,3
11476,66000,387130000C,(04)23274275,(04)23288582,2025,11,28,17,12,臺中市,沙鹿區,0,0,0,7,,,50,,,,,,,,,,,,,,,,,,,B03,,,1,,1,,,50,50,1,13,4,120.566719,24.202775,3
11477,66000,387130000C,(04)23274275,(04)23288582,2025,11,28,17,12,臺中市,大甲區,0,1,0,7,1,6,30,13,9,1,5,4,6,6,4,4,5,5,5,1,16,3,10,3,1,B12,7,1,1,8,2,8,,51,51,1,6,4,120.605289,24.338727,2
11478,66000,387130000C,(04)23274275,(04)23288582,2025,11,28,17,15,臺中市,大雅區,0,0,0,7,,,60,,,,,,,,,,,,,,,,,,,B03,,,1,,1,,,7,7,1,13,4,120.645983,24.22395,3
11479,66000,387130000C,(04)23274275,(04)23288582,2025,11,28,17,17,臺中市,南區,0,0,0,7,,,50,,,,,,,,,,,,,,16,,,,,B03,,,1,,1,,,20,20,1,12,4,120.669432,24.1127,3
11480,66000,387130000C,(04)23274275,(04)23288582,2025,11,28,17,17,臺中市,南屯區,0,0,0,7,,,60,,,,,,,,,,,,,,13,,,,,B12,,,1,,1,,,7,7,1,12,4,120.62352,24.135891,3
11481,66000,387130000C,(04)23274275,(04)23288582,2025,11,28,17,17,臺中市,北屯區,0,0,0,7,,,50,,,,,,,,,,,,,,13,,,,,C03,,,1,,2,,,7,7,1,6,4,120.685679,24.175769,3
11482,66000,387130000C,(04)23274275,(04)23288582,2025,11,28,17,17,臺中市,西屯區,0,1,0,7,1,6,40,13,8,1,5,4,6,6,1,1,1,2,5,2,17,2,9,5,4,C03,7,9,1,10,2,12,,59,59,1,12,4,120.63961,24.169012,2
11483,66000,387130000C,(04)23274275,(04)23288582,2025,11,28,17,17,臺中市,沙鹿區,0,1,0,7,3,6,70,3,1,1,5,4,6,6,4,4,1,4,4,1,17,2,9,1,1,C03,7,1,1,11,2,14,,51,51,1,12,4,120.610052,24.245771,2
11484,66000,387130000C,(04)23274275,(04)23288582,2025,11,28,17,17,臺中市,沙鹿區,0,0,0,7,,,50,,,,,,,,,,,,,,,,,,,C03,,,1,,2,,,6,6,1,12,4,120.605922,24.247397,3
11485,66000,387130000C,(04)23274275,(04)23288582,2025,11,28,17,18,臺中市,南屯區,0,1,0,7,3,6,30,4,1,1,5,4,6,6,4,4,10,5,5,2,15,3,10,3,1,B03,7,9,1,8,2,5,,12,12,1,12,4,120.61395,24.144881,2
11486,66000,387130000C,(04)23274275,(04)23288582,2025,11,28,17,18,臺中市,太平區,0,0,0,7,,,50,,,,,,,,,,,,,,13,,,,,C03,,,1,,2,,,7,7,1,12,4,120.718746,24.125329,3
11487,66000,387130000C,(04)23274275,(04)23288582,2025,11,28,17,18,臺中市,梧棲區,0,0,0,7,,,70,,,,,,,,,,,,,,12,,,,,A41,,,1,,9,,,40,40,1,12,4,120.526288,24.257332,3
11488,66000,387130000C,(04)23274275,(04)23288582,2025,11,28,17,19,臺中市,北屯區,0,3,0,7,1,3,80,13,9,1,5,4,6,6,4,4,1,4,5,1,13,3,10,3,1,B11,7,9,1,7,2,1,,7,7,1,12,4,120.684454,24.201164,2
11489,66000,387130000C,(04)23274275,(04)23288582,2025,11,28,17,19,臺中市,烏日區,0,1,0,7,1,6,40,13,7,1,5,4,6,6,4,4,5,5,4,1,16,3,10,6,1,F01,7,11,7,21,2,14,,45,45,1,4,1,120.620031,24.106558,2
11490,66000,387130000C,(04)23274275,(04)23288582,2025,11,28,17,20,臺中市,南屯區,0,0,0,7,,,50,,,,,,,,,,,,,,,,,,,B03,,,1,,1,,,40,40,1,12,4,120.643826,24.146854,3
11491,66000,387130000C,(04)23274275,(04)23288582,2025,11,28,17,20,臺中市,北屯區,0,0,0,7,,,50,,,,,,,,,,,,,,17,,,,,,,,,,,,,119,119,1,,,120.68469,24.172922,3
11492,66000,387130000C,(04)23274275,(04)23288582,2025,11,28,17,20,臺中市,西屯區,0,0,0,7,,3,80,,,,,,,,,,,,,,13,,,,,B03,,,1,,1,,,59,59,1,13,4,120.635707,24.182641,3
11493,66000,387130000C,(04)23274275,(04)23288582,2025,11,28,17,20,臺中市,西屯區,0,0,0,7,,,60,,,,,,,,,,,,,,13,,,,,B03,,,1,,1,,,7,7,1,12,4,120.64197,24.167049,3
11494,66000,387130000C,(04)23274275,(04)23288582,2025,11,28,17,22,臺中市,北區,0,0,0,7,,,50,,,,,,,,,,,,,,17,,,,,B03,,,1,,1,,,8,8,1,13,4,120.665969,24.166917,3
11495,66000,387130000C,(04)23274275,(04)23288582,2025,11,28,17,22,臺中市,太平區,0,0,0,7,,,50,,,,,,,,,,,,,,17,,,,,C03,,,1,,2,,,34,34,1,6,4,120.709327,24.121393,3
11496,66000,387130000C,(04)23274275,(04)23288582,2025,11,28,17,23,臺中市,南屯區,0,0,0,7,,,,,,,,,,,,,,,,,28,,,,,,,,,,,,,118,118,1,,,120.628929,24.12092,3
11497,66000,387130000C,(04)23274275,(04)23288582,2025,11,28,17,25,臺中市,南區,0,0,0,7,,,50,,,,,,,,,,,,,,17,,,,,B03,,,1,,1,,,50,50,1,12,4,120.664315,24.118628,3
11498,66000,387130000C,(04)23274275,(04)23288582,2025,11,28,17,25,臺中市,烏日區,0,1,0,7,1,3,80,13,7,1,5,4,6,6,4,4,1,4,5,1,13,3,10,3,1,B03,7,9,1,8,2,1,,7,7,1,6,4,120.610149,24.098634,2
11499,66000,387130000C,(04)23274275,(04)23288582,2025,11,28,17,25,臺中市,后里區,0,1,0,7,2,6,50,4,1,1,5,4,6,6,1,1,5,5,5,1,16,2,9,1,1,C03,7,5,1,10,2,11,,11,11,1,6,4,120.707685,24.325876,2
11500,66000,387130000C,(04)23274275,(04)23288582,2025,11,28,17,25,臺中市,豐原區,0,1,0,7,1,6,50,3,2,1,5,4,6,6,1,1,5,4,5,1,17,3,10,3,1,B12,7,2,1,8,2,7,,49,49,1,6,4,120.745326,24.255085,2
11501,66000,387130000C,(04)23274275,(04)23288582,2025,11,28,17,27,臺中市,西區,0,0,0,7,,,40,,,,,,,,,,,,,,13,,,,,C03,,,1,,2,,,7,7,1,12,4,120.66128,24.155957,3
11502,66000,387130000C,(04)23274275,(04)23288582,2025,11,28,17,27,臺中市,烏日區,0,3,0,7,1,6,50,4,1,1,5,4,6,6,2,1,1,4,5,1,16,2,9,1,1,C03,7,6,1,10,2,14,12,20,20,1,6,4,120.646699,24.110348,2
11503,66000,387130000C,(04)23274275,(04)23288582,2025,11,28,17,28,臺中市,中區,0,0,0,7,,,30,,,,,,,,,,,,,,15,,,,,B03,,,1,,1,,,15,15,1,12,4,120.678773,24.146128,3
11504,66000,387130000C,(04)23274275,(04)23288582,2025,11,28,17,28,臺中市,大里區,0,1,0,7,2,6,50,4,1,1,5,4,6,6,1,1,10,5,5,2,17,2,9,1,1,C03,7,6,1,10,2,16,,84,84,1,12,4,120.686926,24.095403,2
11505,66000,387130000C,(04)23274275,(04)23288582,2025,11,28,17,30,臺中市,太平區,0,1,0,7,2,6,50,13,9,1,5,4,6,6,4,4,5,2,5,1,17,2,9,2,1,C03,7,9,1,10,2,12,,84,84,1,12,4,120.717684,24.128564,2
11506,66000,387130000C,(04)23274275,(04)23288582,2025,11,28,17,31,臺中市,西屯區,0,0,0,7,,,30,,,,,,,,,,,,,,12,,,,,C03,,,1,,1,,,8,8,1,13,4,120.642912,24.187376,4
11507,66000,387130000C,(04)23274275,(04)23288582,2025,11,28,17,35,臺中市,烏日區,0,0,0,7,,,30,,,,,,,,,,,,,,,,,,,B02,,,1,,2,,,49,49,1,13,4,120.613645,24.117973,3
11508,66000,387130000C,(04)23274275,(04)23288582,2025,11,28,17,36,臺中市,太平區,0,1,0,7,1,6,40,13,7,1,5,4,6,6,4,4,9,5,4,2,13,2,8,2,1,C03,7,9,1,10,1,11,,7,7,1,12,4,120.735789,24.132794,2
11509,66000,387130000C,(04)23274275,(04)23288582,2025,11,28,17,37,臺中市,烏日區,0,0,0,7,1,6,50,3,1,1,5,4,6,6,1,1,1,4,5,2,12,3,10,3,1,B03,7,5,1,8,2,8,,8,8,1,6,4,120.618724,24.115942,3
11510,66000,387130000C,(04)23274275,(04)23288582,2025,11,28,17,38,臺中市,大雅區,0,0,0,7,,,50,,,,,,,,,,,,,,,,,,,B12,,,1,,1,,,84,84,1,12,4,120.644607,24.210217,3
11511,66000,387130000C,(04)23274275,(04)23288582,2025,11,28,17,38,臺中市,南區,0,2,0,7,1,6,50,3,1,1,5,4,6,6,2,1,5,4,5,2,12,3,10,3,1,B03,7,7,1,8,2,6,,85,85,1,13,4,120.668248,24.118658,2
11512,66000,387130000C,(04)23274275,(04)23288582,2025,11,28,17,38,臺中市,大里區,0,1,0,7,1,6,50,13,9,1,5,4,6,6,4,4,1,4,5,1,16,3,10,3,1,B03,7,5,1,8,2,2,,47,47,1,13,4,120.685389,24.096576,2
11513,66000,387130000C,(04)23274275,(04)23288582,2025,11,28,17,38,臺中市,清水區,0,0,0,7,,,70,,,,,,,,,,,,,,,,,,,B03,,,1,,2,,,58,58,1,12,4,120.565053,24.297284,3
11514,66000,387130000C,(04)23274275,(04)23288582,2025,11,28,17,43,臺中市,清水區,0,0,0,7,,,60,,,,,,,,,,,,,,,,,,,B03,,,1,,1,,,84,84,1,12,4,120.548131,24.27758,3
11515,66000,387130000C,(04)23274275,(04)23288582,2025,11,28,17,44,臺中市,西區,0,0,0,7,,,50,,,,,,,,,,,,,,9,,,,,C03,,,3,,1,,,50,50,1,13,4,120.663724,24.14691,4
11516,66000,387130000C,(04)23274275,(04)23288582,2025,11,28,17,45,臺中市,北區,0,1,0,7,1,6,40,3,2,1,5,4,6,6,4,4,1,4,4,2,17,2,9,1,1,C03,7,9,1,9,2,16,,84,84,1,13,4,120.694568,24.154646,2
11517,66000,387130000C,(04)23274275,(04)23288582,2025,11,28,17,46,臺中市,大里區,0,0,0,7,,,40,,,,,,,,,,,,,,13,,,,,B03,,,1,,2,,,7,7,1,6,4,120.683259,24.089993,3
11518,66000,387130000C,(04)23274275,(04)23288582,2025,11,28,17,50,臺中市,東區,0,1,0,7,1,6,50,13,7,1,5,4,6,6,4,4,1,4,4,2,13,2,9,2,1,C03,7,9,1,10,2,11,12,7,7,1,12,4,120.694427,24.150166,2
11519,66000,387130000C,(04)23274275,(04)23288582,2025,11,28,17,50,臺中市,北屯區,0,0,0,7,,,50,,,,,,,,,,,,,,,,,,,B03,,,1,,1,,,84,84,1,13,4,120.681621,24.177957,3
11520,66000,387130000C,(04)23274275,(04)23288582,2025,11,28,17,50,臺中市,西屯區,0,0,0,7,,,50,,,,,,,,,,,,,,16,,,,,C03,,,1,,1,,,14,14,1,13,4,120.637694,24.15821,3
11521,66000,387130000C,(04)23274275,(04)23288582,2025,11,28,17,50,臺中市,西屯區,0,0,0,7,,,50,,,,,,,,,,,,,,12,,,,,B12,,,1,,9,,,85,85,1,13,4,120.652842,24.16688,3
11522,66000,387130000C,(04)23274275,(04)23288582,2025,11,28,17,52,臺中市,大雅區,0,0,0,7,,,40,,,,,,,,,,,,,,13,,,,,C03,,,1,,1,,,7,7,1,13,4,120.649889,24.213206,3
11523,66000,387130000C,(04)23274275,(04)23288582,2025,11,28,17,53,臺中市,西屯區,0,1,0,7,1,6,50,4,1,1,5,4,6,6,1,1,10,5,5,2,9,2,9,5,4,C03,7,5,1,10,2,12,,59,59,1,12,4,120.63873,24.182102,2
11524,66000,387130000C,(04)23274275,(04)23288582,2025,11,28,17,54,臺中市,東區,0,0,0,7,,,50,,,,,,,,,,,,,,13,,,,,B03,,,1,,1,,,7,7,1,12,4,120.687487,24.134852,3
11525,66000,387130000C,(04)23274275,(04)23288582,2025,11,28,17,54,臺中市,西屯區,0,2,0,7,1,6,50,3,1,1,5,4,6,6,4,4,10,5,5,2,16,2,9,5,4,C03,7,6,1,10,2,12,,14,14,1,13,4,120.640706,24.178837,2
11526,66000,387130000C,(04)23274275,(04)23288582,2025,11,28,17,54,臺中市,西屯區,0,0,0,7,,,50,,,,,,,,,,,,,,,,,,,B03,,,1,,1,,,7,7,1,12,4,120.635961,24.181848,3