序號,縣市別代碼,機關代碼,市話,傳真,年,月,日,時,分,縣市,區,死亡數量,受傷數量,2-30,天候,道路照明設備,道路類別,道路速限,道路型態,事故位置,路面鋪裝,路面狀態,路面缺陷,障礙物,視距,號誌種類,號誌動作,分向設施,快車道或一般車道間,快慢車道間,路面邊線,事故類型及型態,受傷程度,主要傷處,保護裝備,行動電話或功能裝置,當事者區分(類別),車輛用途,當事者行動狀態,駕照狀態,駕照種類,飲酒情形,車輛撞擊部位最初,車輛撞擊部位其他,肇事因素個別,肇事因素主要,肇事逃逸,職業,共享經濟或外送平台,GPS座標X,GPS座標Y,事故類別
11527,66000,387130000C,(04)23274275,(04)23288582,2025,11,28,17,55,臺中市,西屯區,0,1,0,7,2,6,50,4,1,1,5,4,6,6,2,1,10,5,5,2,16,3,10,5,4,B03,7,5,1,8,2,2,,84,84,1,13,4,120.66705,24.17306,2
11528,66000,387130000C,(04)23274275,(04)23288582,2025,11,28,17,55,臺中市,沙鹿區,0,0,0,6,,,50,,,,,,,,,,,,,,13,,,,,B03,,,1,,2,,,7,7,1,12,4,120.564279,24.236543,3
11529,66000,387130000C,(04)23274275,(04)23288582,2025,11,28,17,57,臺中市,東區,0,1,0,7,1,6,50,4,1,1,5,4,6,6,1,1,3,4,5,2,12,2,9,2,1,F01,7,8,7,21,2,14,,43,43,1,13,4,120.684946,24.135221,2
11530,66000,387130000C,(04)23274275,(04)23288582,2025,11,28,17,57,臺中市,西屯區,0,0,0,7,,3,80,,,,,,,,,,,,,,17,,,,,B02,,,1,,1,,,87,87,1,12,4,120.629874,24.165103,3
11531,66000,387130000C,(04)23274275,(04)23288582,2025,11,28,17,57,臺中市,大里區,0,1,0,7,1,6,50,4,2,1,5,4,6,6,4,4,4,3,5,1,17,3,10,1,1,C03,7,6,1,10,2,12,,14,14,1,6,4,120.702665,24.087795,2
11532,66000,387130000C,(04)23274275,(04)23288582,2025,11,28,18,1,臺中市,北屯區,0,1,0,7,1,6,50,4,1,1,5,4,6,6,4,4,10,5,5,2,16,3,10,3,1,B03,7,6,1,8,2,1,,12,12,1,12,4,120.68776,24.181226,2
11533,66000,387130000C,(04)23274275,(04)23288582,2025,11,28,18,1,臺中市,北屯區,0,1,0,7,2,6,50,4,1,1,5,4,6,6,1,1,10,5,5,2,16,3,10,5,4,B03,7,6,1,8,2,2,,20,20,1,12,4,120.685233,24.189355,2
11534,66000,387130000C,(04)23274275,(04)23288582,2025,11,28,18,4,臺中市,西屯區,0,3,0,7,1,6,50,4,1,1,5,4,6,6,1,1,10,5,5,2,13,2,7,1,1,C03,7,6,1,10,2,14,,87,87,1,12,4,120.656336,24.198408,2
11535,66000,387130000C,(04)23274275,(04)23288582,2025,11,28,18,4,臺中市,西屯區,0,0,0,7,,,50,,,,,,,,,,,,,,,,,,,B03,,,1,,1,,,7,7,1,12,4,120.611399,24.184457,3
11536,66000,387130000C,(04)23274275,(04)23288582,2025,11,28,18,5,臺中市,潭子區,0,1,0,7,1,6,50,5,1,1,5,4,6,6,1,1,10,5,5,2,11,,,,,,,6,,,,,,86,86,2,,,120.709808,24.215109,2
11537,66000,387130000C,(04)23274275,(04)23288582,2025,11,28,18,5,臺中市,北區,0,0,0,7,,,50,,,,,,,,,,,,,,,,,,,B03,,,1,,1,,,8,8,1,12,4,120.685107,24.160714,3
11538,66000,387130000C,(04)23274275,(04)23288582,2025,11,28,18,6,臺中市,潭子區,0,0,0,5,,3,80,,,,,,,,,,,,,,,,,,,B03,,,1,,2,,,40,40,1,13,4,120.718251,24.197366,3
11539,66000,387130000C,(04)23274275,(04)23288582,2025,11,28,18,6,臺中市,西屯區,0,0,0,7,,,50,,,,,,,,,,,,,,30,,,,,B03,,,1,,2,,,59,59,1,12,4,120.637957,24.166677,3
11540,66000,387130000C,(04)23274275,(04)23288582,2025,11,28,18,6,臺中市,豐原區,0,1,0,7,1,6,50,3,1,1,5,4,6,6,4,4,10,5,5,2,16,3,10,3,1,B03,7,1,1,8,2,4,,51,51,1,12,4,120.731671,24.250351,2
11541,66000,387130000C,(04)23274275,(04)23288582,2025,11,28,18,7,臺中市,中區,0,1,0,7,1,6,50,4,1,1,5,4,6,6,4,4,10,5,5,2,16,3,10,3,1,B02,7,6,1,8,2,5,,14,14,1,12,4,120.678476,24.145842,2
11542,66000,387130000C,(04)23274275,(04)23288582,2025,11,28,18,7,臺中市,北屯區,0,0,0,7,,,50,,,,,,,,,,,,,,14,,,,,B12,,,1,,1,,,49,49,1,12,4,120.715967,24.175615,3
11543,66000,387130000C,(04)23274275,(04)23288582,2025,11,28,18,7,臺中市,西屯區,0,1,0,7,1,6,50,5,1,1,5,4,6,6,2,1,10,5,5,2,18,2,9,2,1,C03,7,9,1,10,2,16,,59,59,1,13,4,120.660322,24.164554,2
11544,66000,387130000C,(04)23274275,(04)23288582,2025,11,28,18,10,臺中市,大雅區,0,2,0,7,1,6,40,3,2,1,5,4,6,6,4,4,5,5,4,2,3,2,9,1,1,C03,7,9,1,10,2,11,12,10,10,1,13,4,120.651658,24.216609,2
11545,66000,387130000C,(04)23274275,(04)23288582,2025,11,28,18,10,臺中市,西屯區,0,1,0,7,2,6,30,13,9,1,5,4,6,6,4,4,10,5,5,2,11,2,7,5,4,C03,7,6,1,10,2,11,,42,42,1,13,4,120.66138,24.166039,2
11546,66000,387130000C,(04)23274275,(04)23288582,2025,11,28,18,11,臺中市,沙鹿區,0,0,0,7,,,60,,,,,,,,,,,,,,13,,,,,B03,,,1,,1,,,7,7,1,6,4,120.585238,24.250133,3
11547,66000,387130000C,(04)23274275,(04)23288582,2025,11,28,18,18,臺中市,沙鹿區,0,1,0,7,2,6,50,4,1,1,5,4,6,6,4,4,10,4,4,2,17,3,10,1,1,C03,7,6,1,10,2,12,,48,48,1,13,4,120.561676,24.217378,2
11548,66000,387130000C,(04)23274275,(04)23288582,2025,11,28,18,19,臺中市,北屯區,0,0,0,6,,,50,,,,,,,,,,,,,,15,,,,,B03,,,1,,1,,,84,84,1,6,4,120.710719,24.18224,3
11549,66000,387130000C,(04)23274275,(04)23288582,2025,11,28,18,19,臺中市,西屯區,0,0,0,7,,,40,,,,,,,,,,,,,,17,,,,,B03,,,1,,1,,,51,51,1,13,4,120.617124,24.182067,4
11550,66000,387130000C,(04)23274275,(04)23288582,2025,11,28,18,20,臺中市,西區,0,1,0,7,1,6,50,4,2,1,5,4,6,6,2,1,8,3,5,2,13,2,9,2,1,C03,7,9,1,10,2,11,,7,7,1,12,4,120.657504,24.146716,2
11551,66000,387130000C,(04)23274275,(04)23288582,2025,11,28,18,25,臺中市,大雅區,0,0,0,7,,,30,,,,,,,,,,,,,,,,,,,B03,,,5,,1,,,8,8,1,12,4,120.649263,24.243639,3
11552,66000,387130000C,(04)23274275,(04)23288582,2025,11,28,18,25,臺中市,西屯區,0,0,0,7,,,50,,,,,,,,,,,,,,16,,,,,B03,,,1,,1,,,59,59,1,12,4,120.624472,24.178446,3
11553,66000,387130000C,(04)23274275,(04)23288582,2025,11,28,18,25,臺中市,大里區,0,0,0,7,,,50,,,,,,,,,,,,,,17,,,,,B03,,,1,,2,,,49,49,1,12,4,120.683262,24.11133,3
11554,66000,387130000C,(04)23274275,(04)23288582,2025,11,28,18,26,臺中市,外埔區,0,1,0,7,2,6,40,13,9,1,5,4,6,6,4,4,9,5,5,1,17,3,10,3,1,B03,7,15,1,8,2,1,,20,20,1,6,4,120.638669,24.341431,2
11555,66000,387130000C,(04)23274275,(04)23288582,2025,11,28,18,27,臺中市,西區,0,0,0,7,,,50,,,,,,,,,,,,,,9,,,,,,,,,,,,,119,119,1,,,120.658975,24.135066,3
11556,66000,387130000C,(04)23274275,(04)23288582,2025,11,28,18,28,臺中市,太平區,0,0,0,7,,,50,,,,,,,,,,,,,,13,,,,,C03,,,1,,2,,,85,85,1,12,4,120.723364,24.149147,3
11557,66000,387130000C,(04)23274275,(04)23288582,2025,11,28,18,30,臺中市,東區,0,0,0,7,,,40,,,,,,,,,,,,,,13,,,,,C03,,,5,,2,,,7,7,1,6,4,120.706307,24.148609,3
11558,66000,387130000C,(04)23274275,(04)23288582,2025,11,28,18,30,臺中市,北屯區,0,2,0,7,2,6,50,3,9,1,5,4,6,6,1,1,5,4,5,2,13,2,8,1,1,C03,7,9,1,10,2,11,,84,84,1,6,4,120.697073,24.200539,2
11559,66000,387130000C,(04)23274275,(04)23288582,2025,11,28,18,33,臺中市,清水區,0,0,0,7,,,70,,,,,,,,,,,,,,,,,,,B03,,,1,,1,,,59,59,1,12,4,120.571143,24.275116,3
11560,66000,387130000C,(04)23274275,(04)23288582,2025,11,28,18,38,臺中市,南屯區,0,0,0,7,,,50,,,,,,,,,,,,,,,,,,,B03,,,1,,1,,,14,14,1,12,4,120.61342,24.146995,3
11561,66000,387130000C,(04)23274275,(04)23288582,2025,11,28,18,40,臺中市,大肚區,0,0,0,7,,,30,,,,,,,,,,,,,,,,,,,B03,,,1,,2,,,49,49,1,6,4,120.569241,24.123761,3
11562,66000,387130000C,(04)23274275,(04)23288582,2025,11,28,18,43,臺中市,南屯區,0,1,0,7,1,6,50,4,1,1,5,4,6,6,2,1,5,4,5,2,16,3,10,3,1,B03,7,11,1,8,2,4,,39,39,1,12,4,120.649967,24.130918,2
11563,66000,387130000C,(04)23274275,(04)23288582,2025,11,28,18,48,臺中市,清水區,0,1,0,7,1,6,50,13,9,1,5,4,6,6,4,4,5,5,5,2,17,2,8,2,1,C03,7,11,1,10,2,12,,34,34,1,12,4,120.573638,24.26714,2
11564,66000,387130000C,(04)23274275,(04)23288582,2025,11,28,18,51,臺中市,西屯區,0,1,0,7,1,6,50,4,1,1,5,4,6,6,2,1,10,5,5,2,16,3,10,3,1,B03,7,5,1,8,2,6,,47,47,1,13,4,120.644165,24.16132,2
11565,66000,387130000C,(04)23274275,(04)23288582,2025,11,28,18,52,臺中市,東區,0,1,0,7,1,6,50,3,1,1,5,4,6,6,4,4,10,5,5,2,16,2,9,2,1,C03,7,6,1,10,2,13,14,13,13,1,12,4,120.705544,24.132991,2
11566,66000,387130000C,(04)23274275,(04)23288582,2025,11,28,18,53,臺中市,西屯區,0,0,0,7,,,50,,,,,,,,,,,,,,13,,,,,B03,,,1,,1,,,7,7,1,13,4,120.605265,24.188406,3
11567,66000,387130000C,(04)23274275,(04)23288582,2025,11,28,18,54,臺中市,北屯區,0,1,0,7,1,6,50,13,9,1,5,4,6,6,4,4,10,5,5,2,17,2,8,1,1,C03,7,1,1,10,2,11,,51,51,1,12,4,120.703785,24.169505,2
11568,66000,387130000C,(04)23274275,(04)23288582,2025,11,28,18,57,臺中市,北區,0,0,0,7,,,50,,,,,,,,,,,,,,12,,,,,C01,,,1,,2,,,48,48,1,6,4,120.682405,24.16511,3
11569,66000,387130000C,(04)23274275,(04)23288582,2025,11,28,18,58,臺中市,西區,0,0,0,7,,,50,,,,,,,,,,,,,,17,,,,,A02,,,1,,9,,,87,87,1,12,4,120.662609,24.155678,3
11570,66000,387130000C,(04)23274275,(04)23288582,2025,11,28,18,59,臺中市,西區,0,2,0,7,1,6,50,13,9,1,5,4,6,6,4,4,5,4,5,2,13,2,9,2,1,C03,7,9,1,10,2,11,,7,7,1,12,4,120.677118,24.139602,2
11571,66000,387130000C,(04)23274275,(04)23288582,2025,11,28,19,3,臺中市,南區,0,1,0,7,1,6,50,13,9,1,5,4,6,6,4,4,1,4,5,2,13,2,8,1,1,C03,7,9,1,10,2,11,,7,7,1,12,4,120.6702,24.118393,2
11572,66000,387130000C,(04)23274275,(04)23288582,2025,11,28,19,4,臺中市,大里區,0,0,0,7,,,50,,,,,,,,,,,,,,17,,,,,B12,,,1,,2,,,11,11,1,6,4,120.715855,24.094475,3
11573,66000,387130000C,(04)23274275,(04)23288582,2025,11,28,19,5,臺中市,中區,0,0,0,7,,,50,,,,,,,,,,,,,,12,,,,,B01,,,1,,2,,,47,47,1,12,4,120.685762,24.138306,3
11574,66000,387130000C,(04)23274275,(04)23288582,2025,11,28,19,5,臺中市,北屯區,0,0,0,7,,,50,,,,,,,,,,,,,,,,,,,B03,,,1,,2,,,10,10,1,12,4,120.692838,24.168025,4
11575,66000,387130000C,(04)23274275,(04)23288582,2025,11,28,19,6,臺中市,烏日區,0,0,0,7,,,40,,,,,,,,,,,,,,,,,,,B03,,,1,,1,,,84,84,1,13,4,120.617607,24.119801,3
11576,66000,387130000C,(04)23274275,(04)23288582,2025,11,28,19,8,臺中市,西區,0,0,0,7,,,50,,,,,,,,,,,,,,17,,,,,B03,,,1,,2,,,84,84,1,12,4,120.663387,24.135068,3
11577,66000,387130000C,(04)23274275,(04)23288582,2025,11,28,19,8,臺中市,南屯區,0,1,0,7,1,6,50,3,1,1,5,4,6,6,1,1,5,2,5,2,16,3,10,3,1,B03,7,6,1,8,2,5,,11,11,1,12,4,120.648311,24.134721,2
11578,66000,387130000C,(04)23274275,(04)23288582,2025,11,28,19,12,臺中市,大里區,0,1,0,7,1,6,50,4,1,1,5,4,6,6,1,1,1,4,5,1,16,4,11,5,4,B03,7,5,1,8,1,2,,47,47,2,13,4,120.68099,24.105768,2
11579,66000,387130000C,(04)23274275,(04)23288582,2025,11,28,19,14,臺中市,南屯區,0,0,0,7,,,50,,,,,,,,,,,,,,13,,,,,B01,,,1,,1,,,59,59,1,6,4,120.646623,24.144937,3
11580,66000,387130000C,(04)23274275,(04)23288582,2025,11,28,19,15,臺中市,南區,0,1,0,7,1,6,50,13,9,1,5,4,6,6,4,4,5,5,5,2,13,3,10,5,4,B03,7,9,3,19,2,1,,84,84,1,12,4,120.665687,24.117184,2
11581,66000,387130000C,(04)23274275,(04)23288582,2025,11,28,19,16,臺中市,西區,0,0,0,7,,,50,,,,,,,,,,,,,,,,,,,B03,,,1,,1,,,40,40,1,6,4,120.667053,24.141511,3
11582,66000,387130000C,(04)23274275,(04)23288582,2025,11,28,19,16,臺中市,西屯區,0,0,0,7,,,60,,,,,,,,,,,,,,13,,,,,B03,,,1,,1,,,7,7,1,12,4,120.652784,24.160539,3
11583,66000,387130000C,(04)23274275,(04)23288582,2025,11,28,19,19,臺中市,西屯區,0,1,0,7,1,6,50,13,8,1,5,4,6,6,4,4,1,4,1,2,23,2,9,1,1,C03,7,9,1,9,2,14,,84,84,1,13,4,120.635749,24.183844,2
11584,66000,387130000C,(04)23274275,(04)23288582,2025,11,28,19,21,臺中市,大里區,0,0,0,7,2,6,50,13,9,1,5,4,6,6,4,4,5,5,4,1,17,,,,,C03,,,1,,1,,,82,82,1,5,4,120.702876,24.088955,3
11585,66000,387130000C,(04)23274275,(04)23288582,2025,11,28,19,21,臺中市,烏日區,0,2,0,7,1,6,50,4,1,1,5,4,6,6,1,1,10,5,5,2,17,2,9,5,4,C03,7,6,1,10,2,14,,84,84,1,6,4,120.607046,24.108482,2
11586,66000,387130000C,(04)23274275,(04)23288582,2025,11,28,19,24,臺中市,東勢區,0,0,0,7,,,30,,,,,,,,,,,,,,12,,,,,A05,,,1,,1,,,8,8,1,13,4,120.872374,24.241194,3
11587,66000,387130000C,(04)23274275,(04)23288582,2025,11,28,19,25,臺中市,西屯區,0,2,0,7,1,6,50,3,1,1,5,4,6,6,4,4,5,5,5,2,17,2,8,5,4,C03,7,6,1,10,2,12,,27,27,1,12,4,120.649129,24.168418,2
11588,66000,387130000C,(04)23274275,(04)23288582,2025,11,28,19,25,臺中市,太平區,0,0,0,7,,,50,,,,,,,,,,,,,,,,,,,C03,,,1,,2,,,84,84,1,12,4,120.734081,24.143755,3
11589,66000,387130000C,(04)23274275,(04)23288582,2025,11,28,19,25,臺中市,沙鹿區,0,0,0,6,,,50,,,,,,,,,,,,,,17,,,,,B03,,,1,,2,,,51,51,1,12,4,120.55643,24.222334,3
11590,66000,387130000C,(04)23274275,(04)23288582,2025,11,28,19,27,臺中市,烏日區,0,2,0,7,1,3,80,13,14,1,5,4,6,6,4,4,1,4,5,1,12,3,10,3,1,B03,7,9,1,8,2,5,,59,59,1,6,4,120.616521,24.107356,2
11591,66000,387130000C,(04)23274275,(04)23288582,2025,11,28,19,29,臺中市,西區,0,2,0,7,1,6,40,5,1,1,5,4,6,6,2,1,1,2,1,2,13,2,9,1,1,C03,7,9,1,10,2,11,,7,7,1,13,4,120.669484,24.151014,2
11592,66000,387130000C,(04)23274275,(04)23288582,2025,11,28,19,30,臺中市,北屯區,0,0,0,7,,,50,,,,,,,,,,,,,,16,,,,,B12,,,5,19,2,,,23,23,1,12,4,120.693309,24.20087,3
11593,66000,387130000C,(04)23274275,(04)23288582,2025,11,28,19,32,臺中市,大里區,0,2,0,7,1,6,50,4,2,1,5,4,6,6,2,1,5,5,5,1,13,2,9,1,1,C03,7,9,1,10,2,14,12,7,7,1,5,4,120.688114,24.094756,2
11594,66000,387130000C,(04)23274275,(04)23288582,2025,11,28,19,49,臺中市,東區,0,0,0,7,,3,80,,,,,,,,,,,,,,13,,,,,B12,,,1,,1,,,84,84,1,13,4,120.708594,24.134654,3
11595,66000,387130000C,(04)23274275,(04)23288582,2025,11,28,19,51,臺中市,西屯區,0,1,0,7,1,6,50,13,9,1,5,4,6,6,4,4,9,4,5,2,17,2,9,5,4,C03,7,1,1,10,2,12,,51,51,1,13,4,120.610096,24.192295,2
11596,66000,387130000C,(04)23274275,(04)23288582,2025,11,28,19,55,臺中市,北區,0,0,0,7,3,6,50,18,24,1,5,4,6,6,4,4,7,4,5,2,17,,,,,B12,,,1,,1,,,59,59,1,13,4,120.670708,24.162949,3
11597,66000,387130000C,(04)23274275,(04)23288582,2025,11,28,19,55,臺中市,烏日區,0,0,0,7,1,6,60,13,9,1,5,4,6,6,4,4,1,4,5,1,13,3,10,1,1,C03,7,9,1,10,2,11,,7,7,1,6,4,120.642261,24.109272,3
11598,66000,387130000C,(04)23274275,(04)23288582,2025,11,28,19,56,臺中市,南屯區,0,0,0,7,,,50,,,,,,,,,,,,,,,,,,,B03,,,1,,1,,,49,49,1,12,4,120.632814,24.153144,3
11599,66000,387130000C,(04)23274275,(04)23288582,2025,11,28,20,8,臺中市,南區,0,1,0,7,1,6,50,13,9,1,5,4,6,6,4,4,1,4,5,2,28,2,9,2,1,C03,7,9,1,10,2,12,,84,84,1,12,4,120.683557,24.119034,2
11600,66000,387130000C,(04)23274275,(04)23288582,2025,11,28,20,13,臺中市,龍井區,0,1,0,7,1,6,50,3,1,1,5,4,6,6,4,4,10,5,5,2,16,2,9,1,1,C03,7,4,1,10,2,12,,39,39,1,6,4,120.55141,24.190371,2
11601,66000,387130000C,(04)23274275,(04)23288582,2025,11,28,20,14,臺中市,大里區,0,1,0,7,1,6,50,13,9,1,5,4,6,6,4,4,5,5,5,2,3,2,9,6,5,H01,8,18,7,21,10,17,,98,98,1,12,5,120.689971,24.102825,2
11602,66000,387130000C,(04)23274275,(04)23288582,2025,11,28,20,15,臺中市,西屯區,0,0,0,7,,,50,,,,,,,,,,,,,,12,,,,,B03,,,1,,1,,,40,40,1,13,4,120.646362,24.164242,3
11603,66000,387130000C,(04)23274275,(04)23288582,2025,11,28,20,19,臺中市,北屯區,0,0,0,7,,,50,,,,,,,,,,,,,,17,,,,,C03,,,1,,9,,,1,1,1,12,4,120.670053,24.176106,3
11604,66000,387130000C,(04)23274275,(04)23288582,2025,11,28,20,19,臺中市,烏日區,0,0,0,7,1,6,50,3,2,1,5,4,6,6,4,4,9,5,5,1,13,3,10,1,1,C02,7,9,1,9,1,11,,7,7,1,6,4,120.638834,24.105277,3
11605,66000,387130000C,(04)23274275,(04)23288582,2025,11,28,20,20,臺中市,西屯區,0,1,0,7,1,6,30,13,9,1,5,4,6,6,4,4,10,5,5,2,17,3,10,5,4,B03,7,9,1,8,2,8,,59,59,1,12,4,120.644587,24.175602,2
11606,66000,387130000C,(04)23274275,(04)23288582,2025,11,28,20,32,臺中市,東區,0,1,0,7,1,6,50,4,1,1,5,4,6,6,1,1,10,5,5,2,17,2,9,1,1,C03,7,9,1,10,2,14,,84,84,1,12,4,120.696201,24.14275,2
11607,66000,387130000C,(04)23274275,(04)23288582,2025,11,28,20,35,臺中市,北屯區,0,0,0,7,,,30,,,,,,,,,,,,,,12,,,,,B03,,,1,,1,,,59,59,1,12,4,120.669749,24.182471,3
11608,66000,387130000C,(04)23274275,(04)23288582,2025,11,28,20,35,臺中市,北屯區,0,1,0,7,2,6,50,5,1,1,5,4,6,6,2,1,10,5,5,2,16,2,9,1,1,C03,7,9,1,10,2,14,,85,85,1,12,4,120.699331,24.182597,2
11609,66000,387130000C,(04)23274275,(04)23288582,2025,11,28,20,37,臺中市,北屯區,0,0,0,7,,,50,,,,,,,,,,,,,,12,,,,,B03,,,1,,1,,,40,40,1,12,4,120.694215,24.200878,3
11610,66000,387130000C,(04)23274275,(04)23288582,2025,11,28,20,42,臺中市,西屯區,0,0,0,7,,,60,,,,,,,,,,,,,,13,,,,,B03,,,1,,1,,,78,78,1,12,4,120.650295,24.162607,3
11611,66000,387130000C,(04)23274275,(04)23288582,2025,11,28,20,43,臺中市,北屯區,0,0,0,7,,,50,,,,,,,,,,,,,,12,,,,,A12,,,1,,2,,,84,84,1,6,4,120.664132,24.191797,3
11612,66000,387130000C,(04)23274275,(04)23288582,2025,11,28,20,43,臺中市,西屯區,0,0,0,7,,,50,,,,,,,,,,,,,,17,,,,,B03,,,1,,2,,,51,51,1,13,4,120.641612,24.173353,3
11613,66000,387130000C,(04)23274275,(04)23288582,2025,11,28,20,44,臺中市,太平區,0,1,0,7,1,6,30,4,1,1,5,4,6,6,4,4,10,5,5,2,15,2,9,2,1,C03,7,9,1,10,2,11,,15,15,1,12,4,120.716948,24.116629,2
11614,66000,387130000C,(04)23274275,(04)23288582,2025,11,28,20,45,臺中市,沙鹿區,0,0,0,5,,,50,,,,,,,,,,,,,,12,,,,,B03,,,1,,2,,,8,8,1,12,4,120.565392,24.232356,3
11615,66000,387130000C,(04)23274275,(04)23288582,2025,11,28,20,48,臺中市,潭子區,0,0,0,7,,,30,,,,,,,,,,,,,,,,,,,B02,,,1,,2,,,49,49,1,13,4,120.70449,24.229452,3
11616,66000,387130000C,(04)23274275,(04)23288582,2025,11,28,20,49,臺中市,沙鹿區,0,0,0,7,,,40,,,,,,,,,,,,,,17,,,,,C03,,,1,,2,,,59,59,1,6,4,120.576824,24.225369,3
11617,66000,387130000C,(04)23274275,(04)23288582,2025,11,28,20,50,臺中市,西區,0,0,0,7,,,50,,,,,,,,,,,,,,17,,,,,B03,,,1,,2,,,84,84,1,12,4,120.660835,24.153159,3
11618,66000,387130000C,(04)23274275,(04)23288582,2025,11,28,20,55,臺中市,西區,0,1,0,7,1,6,50,3,2,1,5,4,6,6,2,1,1,3,4,2,13,2,9,2,1,C03,7,9,1,10,2,11,,7,7,1,12,4,120.665778,24.139942,2
11619,66000,387130000C,(04)23274275,(04)23288582,2025,11,28,20,56,臺中市,大里區,0,0,0,7,1,6,50,4,1,1,5,4,6,6,1,1,5,5,4,2,17,,,,,B03,,,1,,2,,,47,47,1,13,4,120.694969,24.111397,3
11620,66000,387130000C,(04)23274275,(04)23288582,2025,11,28,20,57,臺中市,神岡區,0,1,0,7,1,6,30,13,9,1,5,4,6,6,4,4,10,5,5,1,17,2,9,1,1,C03,7,9,5,19,8,11,,53,53,1,6,4,120.652881,24.276226,2
11621,66000,387130000C,(04)23274275,(04)23288582,2025,11,28,21,0,臺中市,西區,0,1,0,7,1,6,50,3,1,1,5,4,6,6,1,1,10,5,5,1,17,3,10,5,4,B03,7,5,1,8,2,2,,47,47,1,12,4,120.657378,24.149477,2
11622,66000,387130000C,(04)23274275,(04)23288582,2025,11,28,21,3,臺中市,西屯區,0,0,0,7,,,50,,,,,,,,,,,,,,16,,,,,B03,,,1,,2,,,34,34,1,13,4,120.593548,24.18035,3
11623,66000,387130000C,(04)23274275,(04)23288582,2025,11,28,21,7,臺中市,北屯區,0,2,0,7,1,6,50,5,2,1,5,4,6,6,1,1,3,4,5,2,11,2,8,3,1,B03,7,6,1,8,2,1,,11,11,1,13,4,120.68638,24.188258,2
11624,66000,387130000C,(04)23274275,(04)23288582,2025,11,28,21,11,臺中市,北屯區,0,1,0,7,1,6,50,3,1,1,5,4,6,6,4,4,9,5,5,2,16,3,10,5,4,B03,7,6,1,8,1,2,,20,20,1,12,4,120.698671,24.181497,2
11625,66000,387130000C,(04)23274275,(04)23288582,2025,11,28,21,16,臺中市,大里區,0,1,0,7,1,9,50,13,9,1,5,4,6,6,4,4,9,5,5,1,28,2,9,1,1,C04,7,9,1,11,2,11,14,87,87,1,12,4,120.677324,24.093621,2
11626,66000,387130000C,(04)23274275,(04)23288582,2025,11,28,21,19,臺中市,北屯區,0,1,0,7,1,6,50,13,9,1,5,4,6,6,4,4,5,5,5,2,11,3,10,3,1,B03,7,9,1,8,2,4,,4,4,1,12,4,120.690854,24.16751,2
11627,66000,387130000C,(04)23274275,(04)23288582,2025,11,28,21,20,臺中市,霧峰區,0,0,0,7,2,6,60,13,7,1,5,4,6,6,4,4,1,4,4,1,13,,,,,B03,,,1,,2,,,82,82,1,6,4,120.696178,24.05474,3
11628,66000,387130000C,(04)23274275,(04)23288582,2025,11,28,21,25,臺中市,沙鹿區,0,0,0,6,,,40,,,,,,,,,,,,,,17,,,,,B03,,,1,,2,,,8,8,1,12,4,120.576212,24.226348,3
11629,66000,387130000C,(04)23274275,(04)23288582,2025,11,28,21,28,臺中市,豐原區,0,0,0,7,,,50,,,,,,,,,,,,,,17,,,,,F01,,,7,,2,,,59,59,1,12,4,120.723014,24.260758,3
11630,66000,387130000C,(04)23274275,(04)23288582,2025,11,28,21,29,臺中市,沙鹿區,0,1,0,7,1,6,40,13,8,1,5,3,6,6,4,4,1,4,4,2,30,2,9,2,1,C03,7,9,1,10,2,12,,82,82,1,9,4,120.560697,24.209459,2
11631,66000,387130000C,(04)23274275,(04)23288582,2025,11,28,21,30,臺中市,霧峰區,0,0,0,7,,,30,,,,,,,,,,,,,,14,,,,,B12,,,1,,1,,,49,49,1,12,4,120.693842,24.046901,3
11632,66000,387130000C,(04)23274275,(04)23288582,2025,11,28,21,30,臺中市,烏日區,0,2,0,7,1,6,30,11,9,1,5,2,1,6,4,4,10,5,5,1,18,2,9,5,4,C03,7,15,1,10,2,14,,59,59,1,13,4,120.587885,24.128268,2
11633,66000,387130000C,(04)23274275,(04)23288582,2025,11,28,21,33,臺中市,清水區,0,0,0,7,,,70,,,,,,,,,,,,,,,,,,,B03,,,1,,2,,,51,51,1,12,4,120.566565,24.268398,3
11634,66000,387130000C,(04)23274275,(04)23288582,2025,11,28,21,40,臺中市,霧峰區,0,0,0,7,,,50,,,,,,,,,,,,,,17,,,,,C03,,,1,,1,,,8,8,1,6,4,120.713561,24.075307,3
11635,66000,387130000C,(04)23274275,(04)23288582,2025,11,28,21,53,臺中市,西區,0,0,0,7,,,50,,,,,,,,,,,,,,17,,,,,B03,,,1,,9,,,49,49,1,13,4,120.657754,24.156386,3
11636,66000,387130000C,(04)23274275,(04)23288582,2025,11,28,21,55,臺中市,北區,0,0,0,7,,,40,,,,,,,,,,,,,,17,,,,,C03,,,1,,2,,,42,42,1,13,4,120.678194,24.151791,3
11637,66000,387130000C,(04)23274275,(04)23288582,2025,11,28,21,55,臺中市,龍井區,0,1,0,7,1,6,50,3,1,1,5,4,6,6,4,4,10,5,5,1,17,2,8,2,1,C03,7,1,1,10,1,11,,51,51,1,5,4,120.582149,24.176878,2