序號,縣市別代碼,機關代碼,市話,傳真,年,月,日,時,分,縣市,區,死亡數量,受傷數量,2-30,天候,道路照明設備,道路類別,道路速限,道路型態,事故位置,路面鋪裝,路面狀態,路面缺陷,障礙物,視距,號誌種類,號誌動作,分向設施,快車道或一般車道間,快慢車道間,路面邊線,事故類型及型態,受傷程度,主要傷處,保護裝備,行動電話或功能裝置,當事者區分(類別),車輛用途,當事者行動狀態,駕照狀態,駕照種類,飲酒情形,車輛撞擊部位最初,車輛撞擊部位其他,肇事因素個別,肇事因素主要,肇事逃逸,職業,共享經濟或外送平台,GPS座標X,GPS座標Y,事故類別
11638,66000,387130000C,(04)23274275,(04)23288582,2025,11,28,22,5,臺中市,太平區,0,0,0,7,,,50,,,,,,,,,,,,,,12,,,,,C03,,,3,,1,,,84,84,1,13,4,120.732636,24.134951,3
11639,66000,387130000C,(04)23274275,(04)23288582,2025,11,28,22,6,臺中市,北區,0,0,0,7,,,50,,,,,,,,,,,,,,17,,,,,B03,,,1,,1,,,8,8,1,13,4,120.686508,24.14889,3
11640,66000,387130000C,(04)23274275,(04)23288582,2025,11,28,22,7,臺中市,北屯區,0,0,0,7,2,6,50,4,9,1,5,4,6,6,1,1,10,5,5,2,17,,,,,B02,,,1,8,1,,,76,76,1,12,4,120.720736,24.174976,3
11641,66000,387130000C,(04)23274275,(04)23288582,2025,11,28,22,16,臺中市,西區,0,0,0,7,,,,,,,,,,,,,,,,,,,,,,,,,,,,,,87,87,1,,,120.661071,24.155687,3
11642,66000,387130000C,(04)23274275,(04)23288582,2025,11,28,22,17,臺中市,大甲區,0,1,0,7,1,6,50,3,1,1,5,4,6,6,2,1,10,5,5,2,17,3,10,5,4,B12,7,6,1,5,2,5,,11,11,1,6,4,120.660627,24.384907,2
11643,66000,387130000C,(04)23274275,(04)23288582,2025,11,28,22,20,臺中市,西屯區,0,0,0,7,,,50,,,,,,,,,,,,,,15,,,,,B03,,,1,,1,,,24,24,2,12,4,120.642037,24.16071,3
11644,66000,387130000C,(04)23274275,(04)23288582,2025,11,28,22,22,臺中市,南區,0,1,0,7,1,6,30,4,1,1,5,4,6,6,4,4,10,5,5,2,15,2,7,2,1,C03,7,9,1,10,2,11,,15,15,1,13,4,120.683904,24.131217,2
11645,66000,387130000C,(04)23274275,(04)23288582,2025,11,28,22,23,臺中市,沙鹿區,0,1,0,7,1,6,50,13,9,1,5,4,6,6,4,4,5,5,5,1,17,2,9,1,1,C03,7,9,1,10,2,12,,58,58,1,6,4,120.566813,24.236304,2
11646,66000,387130000C,(04)23274275,(04)23288582,2025,11,28,22,23,臺中市,后里區,0,0,0,7,1,6,30,3,2,1,5,4,6,6,4,4,10,5,5,2,11,3,10,1,1,C03,7,5,3,19,2,11,,59,59,1,12,4,120.677364,24.317227,3
11647,66000,387130000C,(04)23274275,(04)23288582,2025,11,28,22,24,臺中市,東區,0,1,0,7,1,6,40,3,1,1,5,4,6,6,2,1,10,5,5,2,13,3,10,2,1,C03,7,9,1,10,2,11,,7,7,1,12,4,120.696357,24.13598,2
11648,66000,387130000C,(04)23274275,(04)23288582,2025,11,28,22,25,臺中市,北區,0,0,0,7,,,50,,,,,,,,,,,,,,16,,,,,B02,,,1,,1,,,11,11,1,12,4,120.692527,24.161384,3
11649,66000,387130000C,(04)23274275,(04)23288582,2025,11,28,22,40,臺中市,北屯區,0,0,0,7,,,50,,,,,,,,,,,,,,17,,,,,C03,,,1,,9,,,85,85,1,12,4,120.707206,24.185069,3
11650,66000,387130000C,(04)23274275,(04)23288582,2025,11,28,23,1,臺中市,大甲區,0,2,0,7,1,6,50,4,1,1,5,4,6,6,4,4,10,5,5,2,17,2,9,5,4,B03,7,9,1,8,2,2,,15,15,1,5,4,120.61816,24.351399,2
11651,66000,387130000C,(04)23274275,(04)23288582,2025,11,28,23,3,臺中市,西屯區,0,2,0,7,1,6,50,4,1,1,5,4,6,6,1,1,10,5,5,2,17,2,9,1,4,F03,7,6,7,21,2,13,,48,48,1,13,4,120.645062,24.178817,2
11652,66000,387130000C,(04)23274275,(04)23288582,2025,11,28,23,4,臺中市,西屯區,0,1,0,7,1,6,40,13,8,1,5,4,6,6,4,4,1,5,1,2,18,2,9,5,4,C03,7,9,1,10,2,14,,82,82,1,13,4,120.622214,24.178963,2
11653,66000,387130000C,(04)23274275,(04)23288582,2025,11,28,23,12,臺中市,北區,0,0,0,7,,,50,,,,,,,,,,,,,,14,,,,,B03,,,1,,9,,,49,49,2,13,4,120.686585,24.15933,3
11654,66000,387130000C,(04)23274275,(04)23288582,2025,11,28,23,18,臺中市,西屯區,0,0,0,7,,,40,,,,,,,,,,,,,,17,,,,,B03,,,1,,2,,,59,59,1,13,4,120.6364,24.182712,3
11655,66000,387130000C,(04)23274275,(04)23288582,2025,11,28,23,21,臺中市,北區,0,1,0,7,1,6,50,4,2,1,5,4,6,6,1,1,5,4,5,2,17,3,10,5,1,B03,7,9,1,8,2,5,,8,8,1,13,4,120.66644,24.159094,2
11656,66000,387130000C,(04)23274275,(04)23288582,2025,11,28,23,27,臺中市,西區,0,1,0,7,1,6,50,4,2,1,5,4,6,6,2,1,5,5,5,1,17,3,10,3,1,B01,7,9,1,4,2,5,,21,21,1,13,4,120.660597,24.154285,2
11657,66000,387130000C,(04)23274275,(04)23288582,2025,11,28,23,30,臺中市,龍井區,0,0,0,7,,,30,,,,,,,,,,,,,,,,,,,C03,,,1,,11,,,87,87,1,12,4,120.591806,24.180613,3
11658,66000,387130000C,(04)23274275,(04)23288582,2025,11,28,23,35,臺中市,西屯區,0,0,0,7,,,50,,,,,,,,,,,,,,13,,,,,C03,,,1,,1,,,7,7,1,13,4,120.64625,24.182689,3
11659,66000,387130000C,(04)23274275,(04)23288582,2025,11,28,23,41,臺中市,北區,0,0,0,7,,,30,,,,,,,,,,,,,,17,,,,,B03,,,1,,2,,,15,15,1,13,4,120.683588,24.164111,3
11660,66000,387130000C,(04)23274275,(04)23288582,2025,11,28,23,58,臺中市,豐原區,0,1,0,7,1,6,50,4,1,1,5,4,6,6,1,1,10,5,5,2,3,3,10,3,1,B03,7,6,1,8,2,8,,10,10,1,13,4,120.720429,24.264017,2
11661,66000,387130000C,(04)23274275,(04)23288582,2025,11,29,0,0,臺中市,大里區,0,0,0,7,,,50,,,,,,,,,,,,,,17,,,,,C03,,,1,,2,,,84,84,1,12,4,120.729605,24.0915,3
11662,66000,387130000C,(04)23274275,(04)23288582,2025,11,29,0,10,臺中市,烏日區,0,0,0,7,,,50,,,,,,,,,,,,,,12,,,,,B03,,,1,,2,,,59,59,1,13,4,120.623058,24.106303,3
11663,66000,387130000C,(04)23274275,(04)23288582,2025,11,29,0,20,臺中市,烏日區,0,0,0,7,,,50,,,,,,,,,,,,,,12,,,,,B03,,,1,,2,,,59,59,1,13,4,120.621863,24.106482,3
11664,66000,387130000C,(04)23274275,(04)23288582,2025,11,29,0,30,臺中市,北屯區,0,0,0,7,,,50,,,,,,,,,,,,,,12,,,,,B03,,,1,,2,,,84,84,1,12,4,120.676037,24.194072,3
11665,66000,387130000C,(04)23274275,(04)23288582,2025,11,29,0,34,臺中市,太平區,0,1,0,7,1,6,50,3,9,1,5,4,6,6,4,4,10,5,5,2,18,2,9,1,1,C03,7,9,1,10,2,12,,84,84,1,12,4,120.716507,24.143099,2
11666,66000,387130000C,(04)23274275,(04)23288582,2025,11,29,0,35,臺中市,北區,0,0,0,7,,,50,,,,,,,,,,,,,,13,,,,,B03,,,1,,1,,,84,84,1,12,4,120.672867,24.166802,3
11667,66000,387130000C,(04)23274275,(04)23288582,2025,11,29,0,51,臺中市,大里區,0,0,0,7,,,30,,,,,,,,,,,,,,,,,,,B03,,,1,,2,,,50,50,1,12,4,120.675025,24.114836,3
11668,66000,387130000C,(04)23274275,(04)23288582,2025,11,29,1,0,臺中市,南屯區,0,0,0,7,,,40,,,,,,,,,,,,,,17,,,,,B03,,,1,,1,,,87,87,1,12,4,120.642947,24.151145,3
11669,66000,387130000C,(04)23274275,(04)23288582,2025,11,29,1,43,臺中市,烏日區,0,0,0,7,,,50,,,,,,,,,,,,,,13,,,,,B11,,,1,,2,,,84,84,1,13,4,120.59435,24.112775,3
11670,66000,387130000C,(04)23274275,(04)23288582,2025,11,29,1,49,臺中市,大肚區,0,1,0,7,1,6,40,3,2,1,5,4,6,6,2,1,10,2,1,2,13,3,10,5,4,B12,7,9,1,8,2,5,,7,7,1,12,4,120.582906,24.172461,2
11671,66000,387130000C,(04)23274275,(04)23288582,2025,11,29,2,29,臺中市,南屯區,0,1,0,7,1,6,50,4,1,1,5,4,6,6,1,1,10,5,5,2,16,3,10,3,1,B03,7,6,1,8,2,5,,11,11,1,12,4,120.640638,24.146863,2
11672,66000,387130000C,(04)23274275,(04)23288582,2025,11,29,2,38,臺中市,南屯區,0,0,0,7,,,50,,,,,,,,,,,,,,17,,,,,B03,,,1,,9,,,59,59,1,12,4,120.640602,24.14679,3
11673,66000,387130000C,(04)23274275,(04)23288582,2025,11,29,4,1,臺中市,北屯區,0,0,0,7,,,50,,,,,,,,,,,,,,17,,,,,B03,,,1,,9,,,84,84,1,12,4,120.732457,24.159771,3
11674,66000,387130000C,(04)23274275,(04)23288582,2025,11,29,4,2,臺中市,北屯區,0,0,0,7,,,50,,,,,,,,,,,,,,17,,,,,B03,,,1,,9,,,84,84,1,6,4,120.731081,24.159587,3
11675,66000,387130000C,(04)23274275,(04)23288582,2025,11,29,4,7,臺中市,東區,0,1,0,7,1,6,50,4,9,1,5,4,6,6,4,4,5,5,5,2,16,3,10,5,4,B12,7,11,3,19,2,8,,45,45,1,6,4,120.696008,24.134907,2
11676,66000,387130000C,(04)23274275,(04)23288582,2025,11,29,4,16,臺中市,南區,0,0,0,7,,,50,,,,,,,,,,,,,,17,,,,,B03,,,1,,2,,,59,59,1,12,4,120.655583,24.120018,3
11677,66000,387130000C,(04)23274275,(04)23288582,2025,11,29,4,40,臺中市,西屯區,0,1,0,7,1,6,50,13,9,1,5,4,6,6,4,4,5,4,5,2,17,2,9,3,1,B03,7,9,1,8,7,5,,59,59,1,13,4,120.625622,24.184636,2
11678,66000,387130000C,(04)23274275,(04)23288582,2025,11,29,4,56,臺中市,北區,0,1,0,7,1,6,50,3,1,1,5,4,6,6,4,4,5,4,5,2,17,2,9,5,1,C03,7,6,1,10,2,14,,12,12,1,13,4,120.688697,24.152433,2
11679,66000,387130000C,(04)23274275,(04)23288582,2025,11,29,5,19,臺中市,西區,0,2,0,7,1,6,50,5,2,1,5,4,6,6,2,1,1,4,5,1,13,2,9,2,1,C03,7,9,1,10,2,11,,7,7,1,13,4,120.672718,24.131587,2
11680,66000,387130000C,(04)23274275,(04)23288582,2025,11,29,5,39,臺中市,大甲區,0,2,0,7,1,6,50,13,9,1,5,4,6,6,4,4,9,5,5,1,17,2,9,5,4,C03,7,6,1,10,2,12,,65,65,1,6,4,120.625844,24.348292,2
11681,66000,387130000C,(04)23274275,(04)23288582,2025,11,29,5,55,臺中市,北屯區,0,2,0,7,1,6,50,4,1,1,5,4,6,6,2,1,10,5,5,2,15,2,9,2,1,C03,7,9,1,10,2,12,14,21,21,1,6,4,120.706993,24.192615,2
11682,66000,387130000C,(04)23274275,(04)23288582,2025,11,29,6,8,臺中市,潭子區,0,1,0,7,1,6,50,11,9,1,5,4,6,6,4,4,10,4,5,1,20,2,9,2,1,C03,7,9,1,10,2,12,,8,8,1,13,4,120.710935,24.193826,2
11683,66000,387130000C,(04)23274275,(04)23288582,2025,11,29,6,35,臺中市,烏日區,0,1,0,7,2,6,50,3,1,1,5,4,6,6,2,1,10,5,5,2,17,3,10,5,4,B03,7,15,1,8,2,6,,59,59,2,12,4,120.586727,24.113236,2
11684,66000,387130000C,(04)23274275,(04)23288582,2025,11,29,6,43,臺中市,中區,0,2,0,7,1,6,50,13,9,1,5,4,6,6,4,4,9,5,5,2,30,2,9,5,1,C03,7,9,1,10,2,14,,84,84,1,12,4,120.67664,24.142595,2
11685,66000,387130000C,(04)23274275,(04)23288582,2025,11,29,6,50,臺中市,西屯區,0,0,0,7,,,,,,,,,,,,,,,,,17,,,,,,,,,,,,,8,8,1,,,120.662944,24.165932,3
11686,66000,387130000C,(04)23274275,(04)23288582,2025,11,29,6,54,臺中市,沙鹿區,0,2,0,7,2,6,50,4,1,1,5,4,6,6,1,1,10,5,5,2,17,2,9,1,1,C03,7,11,1,10,2,14,,45,45,1,12,4,120.568825,24.223067,2
11687,66000,387130000C,(04)23274275,(04)23288582,2025,11,29,6,55,臺中市,南屯區,0,1,0,7,3,6,50,13,9,1,5,4,6,6,4,4,5,5,5,2,12,3,10,1,1,C03,7,6,3,19,2,12,,20,20,1,12,4,120.650778,24.147605,2
11688,66000,387130000C,(04)23274275,(04)23288582,2025,11,29,6,57,臺中市,太平區,0,0,0,7,,,30,,,,,,,,,,,,,,14,,,,,B03,,,1,,2,,,49,49,1,12,4,120.717008,24.130844,3
11689,66000,387130000C,(04)23274275,(04)23288582,2025,11,29,6,57,臺中市,大肚區,0,0,0,7,,,70,,,,,,,,,,,,,,,,,,,B03,,,1,,2,,,40,40,1,6,4,120.55064,24.138432,3
11690,66000,387130000C,(04)23274275,(04)23288582,2025,11,29,7,8,臺中市,東區,0,2,0,7,2,6,30,3,1,1,5,4,6,6,4,4,10,5,5,2,16,2,9,1,1,C04,7,6,1,8,2,14,,12,12,1,12,4,120.685256,24.130836,2
11691,66000,387130000C,(04)23274275,(04)23288582,2025,11,29,7,19,臺中市,北屯區,0,0,0,7,,,50,,,,,,,,,,,,,,13,,,,,C03,,,1,,1,,,7,7,1,6,4,120.72244,24.163809,3
11692,66000,387130000C,(04)23274275,(04)23288582,2025,11,29,7,24,臺中市,大甲區,0,2,0,7,1,6,50,4,1,1,5,4,6,6,4,4,5,5,5,1,15,2,9,1,1,C03,7,9,5,19,2,14,,12,12,1,12,4,120.621444,24.351396,2
11693,66000,387130000C,(04)23274275,(04)23288582,2025,11,29,7,45,臺中市,北屯區,0,2,0,7,1,6,50,3,2,1,5,4,6,6,4,4,5,4,4,2,13,2,9,1,1,C03,7,9,1,10,2,11,,84,84,1,13,4,120.721552,24.166889,2
11694,66000,387130000C,(04)23274275,(04)23288582,2025,11,29,7,45,臺中市,龍井區,0,1,0,7,2,6,30,5,1,1,5,4,6,6,2,1,5,5,4,1,16,2,9,1,1,F03,7,6,7,21,7,12,,53,53,1,12,4,120.534504,24.17728,2
11695,66000,387130000C,(04)23274275,(04)23288582,2025,11,29,7,46,臺中市,北屯區,0,1,0,7,2,6,50,3,1,1,5,4,6,6,2,1,10,5,5,2,12,2,9,1,1,C04,7,9,1,8,2,14,,8,8,1,12,4,120.705469,24.172642,2
11696,66000,387130000C,(04)23274275,(04)23288582,2025,11,29,7,48,臺中市,南屯區,0,2,0,7,2,6,50,13,9,1,5,4,6,6,4,4,9,4,5,2,17,2,9,1,1,C03,7,1,1,10,2,11,,51,51,1,12,4,120.605428,24.147222,2
11697,66000,387130000C,(04)23274275,(04)23288582,2025,11,29,7,49,臺中市,大里區,0,0,0,6,,,50,,,,,,,,,,,,,,13,,,,,B12,,,1,,2,,,7,8,1,12,4,120.685041,24.07975,3
11698,66000,387130000C,(04)23274275,(04)23288582,2025,11,29,7,49,臺中市,大肚區,0,0,0,7,,,40,,,,,,,,,,,,,,,,,,,F03,,,7,,2,,,7,7,1,6,4,120.555632,24.128712,3
11699,66000,387130000C,(04)23274275,(04)23288582,2025,11,29,7,56,臺中市,大里區,0,0,0,7,,,30,,,,,,,,,,,,,,15,,,,,B03,,,1,,2,,,12,12,1,13,4,120.689854,24.102878,3
11700,66000,387130000C,(04)23274275,(04)23288582,2025,11,29,7,58,臺中市,潭子區,0,1,0,7,3,6,50,3,2,1,5,4,6,6,4,4,5,4,4,2,17,2,9,2,1,C03,7,1,1,10,2,14,12,51,51,1,13,4,120.692072,24.219944,2
11701,66000,387130000C,(04)23274275,(04)23288582,2025,11,29,7,59,臺中市,龍井區,0,0,0,7,,,50,,,,,,,,,,,,,,,,,,,B03,,,1,,1,,,49,49,1,12,4,120.532229,24.181295,3
11702,66000,387130000C,(04)23274275,(04)23288582,2025,11,29,8,0,臺中市,北屯區,0,2,0,7,1,3,50,13,9,1,5,4,6,6,4,4,10,5,5,1,13,3,10,3,1,A12,7,9,3,19,2,1,,88,88,1,13,4,120.718563,24.160833,2
11703,66000,387130000C,(04)23274275,(04)23288582,2025,11,29,8,0,臺中市,豐原區,0,1,0,7,1,6,50,3,1,1,5,4,6,6,4,4,5,4,5,1,17,3,10,3,1,B03,7,6,1,8,2,4,,48,48,1,6,4,120.724316,24.224152,2
11704,66000,387130000C,(04)23274275,(04)23288582,2025,11,29,8,1,臺中市,南區,0,1,0,7,2,6,50,13,9,1,5,4,6,6,4,4,9,4,4,2,17,2,7,3,1,B03,7,1,1,8,1,8,,51,51,1,12,4,120.683911,24.120631,2
11705,66000,387130000C,(04)23274275,(04)23288582,2025,11,29,8,2,臺中市,烏日區,0,1,0,7,3,6,30,4,1,1,5,4,6,6,4,4,10,5,5,2,16,3,10,3,1,B03,7,9,1,8,2,2,,15,15,1,6,4,120.644574,24.080144,2
11706,66000,387130000C,(04)23274275,(04)23288582,2025,11,29,8,9,臺中市,北屯區,0,0,0,7,,,50,,,,,,,,,,,,,,13,,,,,B12,,,1,,2,,,7,7,1,6,4,120.686582,24.201323,3
11707,66000,387130000C,(04)23274275,(04)23288582,2025,11,29,8,9,臺中市,烏日區,0,0,0,7,,,30,,,,,,,,,,,,,,13,,,,,C03,,,1,,2,,,7,7,1,6,4,120.639507,24.083163,3
11708,66000,387130000C,(04)23274275,(04)23288582,2025,11,29,8,12,臺中市,西區,0,1,0,7,2,6,50,4,2,1,5,4,6,6,4,4,5,5,5,2,17,2,8,5,4,F01,7,9,7,21,2,12,,84,84,1,13,4,120.672272,24.136964,2
11709,66000,387130000C,(04)23274275,(04)23288582,2025,11,29,8,14,臺中市,西區,0,0,0,7,,,50,,,,,,,,,,,,,,,,,,,C03,,,1,,2,,,59,59,1,12,4,120.66937,24.13879,3
11710,66000,387130000C,(04)23274275,(04)23288582,2025,11,29,8,15,臺中市,南屯區,0,1,0,7,3,6,50,4,1,1,5,4,6,6,4,4,5,5,5,2,15,3,10,3,1,B03,7,9,1,8,2,4,,12,12,1,12,4,120.638512,24.150116,2
11711,66000,387130000C,(04)23274275,(04)23288582,2025,11,29,8,19,臺中市,新社區,0,0,0,7,,,50,,,,,,,,,,,,,,13,,,,,B03,,,1,,2,,,59,59,1,6,4,120.811214,24.1905,3
11712,66000,387130000C,(04)23274275,(04)23288582,2025,11,29,8,20,臺中市,潭子區,0,1,0,7,2,6,30,3,2,1,5,4,6,6,4,4,10,5,5,2,13,3,10,3,1,B03,7,5,1,8,2,5,,84,84,1,12,4,120.705043,24.215078,2
11713,66000,387130000C,(04)23274275,(04)23288582,2025,11,29,8,23,臺中市,大里區,0,0,0,7,,,50,,,,,,,,,,,,,,17,,,,,B12,,,1,,2,,,84,84,1,12,4,120.693143,24.105466,3
11714,66000,387130000C,(04)23274275,(04)23288582,2025,11,29,8,29,臺中市,北區,0,0,0,7,,,50,,,,,,,,,,,,,,,,,,,B03,,,1,,2,,,39,39,1,13,4,120.691479,24.160048,3
11715,66000,387130000C,(04)23274275,(04)23288582,2025,11,29,8,29,臺中市,神岡區,0,1,0,7,2,6,30,13,9,1,5,4,6,6,4,4,10,5,5,1,17,2,9,5,4,C03,7,9,1,10,2,11,,41,41,1,12,4,120.681359,24.261832,2
11716,66000,387130000C,(04)23274275,(04)23288582,2025,11,29,8,30,臺中市,西屯區,0,0,0,7,,,50,,,,,,,,,,,,,,17,,,,,B03,,,1,,1,,,21,21,1,12,4,120.64315,24.178309,3
11717,66000,387130000C,(04)23274275,(04)23288582,2025,11,29,8,30,臺中市,大甲區,0,0,0,7,,,50,,,,,,,,,,,,,,,,,,,B03,,,1,,2,,,59,59,1,6,4,120.645357,24.397394,3
11718,66000,387130000C,(04)23274275,(04)23288582,2025,11,29,8,31,臺中市,沙鹿區,0,0,0,7,,,30,,,,,,,,,,,,,,,,,,,B03,,,1,,1,,,49,49,1,13,4,120.575415,24.23109,3
11719,66000,387130000C,(04)23274275,(04)23288582,2025,11,29,8,35,臺中市,北區,0,0,0,7,,,30,,,,,,,,,,,,,,,,,,,B03,,,1,,1,,,51,51,1,12,4,120.685745,24.163304,3
11720,66000,387130000C,(04)23274275,(04)23288582,2025,11,29,8,35,臺中市,大甲區,0,2,0,7,2,6,50,4,1,1,5,4,6,6,4,4,10,5,5,2,15,2,3,2,1,C03,7,9,1,10,2,12,,12,12,1,6,4,120.622139,24.344761,2
11721,66000,387130000C,(04)23274275,(04)23288582,2025,11,29,8,40,臺中市,大甲區,0,3,0,7,1,6,50,3,1,1,5,4,6,6,4,4,5,5,5,1,16,2,9,1,1,C03,7,6,1,10,2,14,,48,48,1,12,4,120.64246,24.365587,2
11722,66000,387130000C,(04)23274275,(04)23288582,2025,11,29,8,45,臺中市,東區,0,2,0,7,2,6,50,4,1,1,5,4,6,6,1,3,10,5,5,2,15,2,9,2,1,C03,7,9,1,10,2,11,,15,15,1,13,4,120.706027,24.142738,2
11723,66000,387130000C,(04)23274275,(04)23288582,2025,11,29,8,47,臺中市,西區,0,0,0,7,,,50,,,,,,,,,,,,,,,,,,,C03,,,1,10,1,,,84,84,1,13,4,120.685928,24.1398,3
11724,66000,387130000C,(04)23274275,(04)23288582,2025,11,29,8,47,臺中市,西屯區,0,2,0,7,2,6,40,4,4,1,5,4,6,6,2,1,1,4,1,2,13,2,8,1,1,C03,7,9,1,10,2,11,12,59,59,1,12,4,120.646552,24.164533,2
11725,66000,387130000C,(04)23274275,(04)23288582,2025,11,29,8,50,臺中市,石岡區,0,2,0,7,2,6,40,3,3,4,5,4,6,6,1,1,1,4,5,2,13,2,9,5,4,C03,7,6,1,10,2,12,,39,39,1,13,4,120.763644,24.277002,2
11726,66000,387130000C,(04)23274275,(04)23288582,2025,11,29,9,0,臺中市,南屯區,0,0,0,7,,,10,,,,,,,,,,,,,,17,,,,,G03,,,7,,1,,,49,49,1,12,4,120.610942,24.145428,3
11727,66000,387130000C,(04)23274275,(04)23288582,2025,11,29,9,0,臺中市,北屯區,0,1,0,7,3,6,40,4,2,1,5,4,6,6,1,1,5,5,4,2,12,2,8,1,1,C03,7,8,1,10,2,13,,40,40,1,12,4,120.692527,24.165063,2
11728,66000,387130000C,(04)23274275,(04)23288582,2025,11,29,9,0,臺中市,霧峰區,0,1,0,7,2,6,50,4,1,1,5,4,6,6,1,1,10,5,5,2,16,3,10,3,1,B03,7,9,1,8,2,1,,84,84,1,12,4,120.69815,24.059411,2
11729,66000,387130000C,(04)23274275,(04)23288582,2025,11,29,9,5,臺中市,清水區,0,0,0,7,,,30,,,,,,,,,,,,,,17,,,,,B03,,,1,,2,,,49,49,1,12,4,120.574911,24.268378,3
11730,66000,387130000C,(04)23274275,(04)23288582,2025,11,29,9,16,臺中市,北區,0,2,0,7,2,6,50,13,9,1,5,4,6,6,2,1,1,4,5,1,12,3,10,1,1,C03,7,4,1,10,2,12,,1,1,1,13,4,120.682344,24.163038,2
11731,66000,387130000C,(04)23274275,(04)23288582,2025,11,29,9,16,臺中市,太平區,0,2,0,7,3,6,50,4,1,1,5,4,6,6,1,1,10,5,5,2,15,2,1,1,1,C03,7,9,1,10,2,11,,21,21,1,12,4,120.719816,24.121248,2
11732,66000,387130000C,(04)23274275,(04)23288582,2025,11,29,9,17,臺中市,西屯區,0,0,0,7,,,70,,,,,,,,,,,,,,13,,,,,B03,,,5,,1,,,7,7,1,12,4,120.593192,24.182995,3
11733,66000,387130000C,(04)23274275,(04)23288582,2025,11,29,9,18,臺中市,大甲區,0,1,0,7,2,6,50,4,1,1,5,4,6,6,1,1,10,5,5,2,16,3,10,3,1,B03,7,5,1,8,2,5,,84,84,1,6,4,120.617558,24.351633,2
11734,66000,387130000C,(04)23274275,(04)23288582,2025,11,29,9,19,臺中市,太平區,0,2,0,7,2,6,50,4,1,1,5,4,6,6,4,4,10,5,5,2,16,2,9,2,1,C03,7,4,1,10,2,11,14,1,1,1,12,4,120.725505,24.141745,2
11735,66000,387130000C,(04)23274275,(04)23288582,2025,11,29,9,20,臺中市,梧棲區,0,1,0,7,2,6,40,3,1,1,5,4,6,6,1,1,10,5,5,2,12,2,9,1,1,C03,7,9,1,16,2,11,,54,54,1,12,4,120.546714,24.246371,2
11736,66000,387130000C,(04)23274275,(04)23288582,2025,11,29,9,24,臺中市,西屯區,0,1,0,7,2,6,50,13,9,1,5,4,3,6,4,4,1,3,5,1,13,2,9,2,4,C03,7,8,1,10,2,12,,59,59,1,12,4,120.658024,24.176241,2
11737,66000,387130000C,(04)23274275,(04)23288582,2025,11,29,9,25,臺中市,西屯區,0,1,0,7,2,6,40,13,8,1,5,4,6,6,4,4,1,5,3,2,18,2,8,5,4,C03,7,9,1,10,2,12,,59,59,1,12,4,120.604211,24.18292,2
11738,66000,387130000C,(04)23274275,(04)23288582,2025,11,29,9,25,臺中市,太平區,0,0,0,7,,,40,,,,,,,,,,,,,,13,,,,,B03,,,1,,1,,,55,55,1,12,4,120.714792,24.1506,3
11739,66000,387130000C,(04)23274275,(04)23288582,2025,11,29,9,26,臺中市,潭子區,0,2,0,7,3,6,40,13,8,1,5,4,6,6,4,4,1,4,4,1,17,2,8,2,1,C03,7,9,1,10,2,11,,7,7,1,13,4,120.686608,24.210971,2
11740,66000,387130000C,(04)23274275,(04)23288582,2025,11,29,9,27,臺中市,北屯區,0,0,0,7,,,30,,,,,,,,,,,,,,16,,,,,C03,,,1,,2,,,14,14,1,12,4,120.697719,24.191562,3
11741,66000,387130000C,(04)23274275,(04)23288582,2025,11,29,9,36,臺中市,大雅區,0,1,0,7,2,6,60,13,9,1,5,4,6,6,1,1,1,4,5,1,17,2,9,2,1,C03,7,9,1,10,2,12,,85,85,1,13,4,120.650507,24.210363,2
11742,66000,387130000C,(04)23274275,(04)23288582,2025,11,29,9,42,臺中市,潭子區,0,0,0,7,,,60,,,,,,,,,,,,,,,,,,,B03,,,1,,2,,,7,7,1,13,4,120.712292,24.214024,3
11743,66000,387130000C,(04)23274275,(04)23288582,2025,11,29,9,44,臺中市,大里區,0,0,0,7,,,50,,,,,,,,,,,,,,13,3,10,5,4,C03,7,14,1,10,2,11,,7,7,1,13,4,120.684171,24.11682,3
11744,66000,387130000C,(04)23274275,(04)23288582,2025,11,29,9,45,臺中市,神岡區,0,0,0,7,,,50,,,,,,,,,,,,,,14,,,,,B03,,,1,,1,,,49,49,1,12,4,120.657424,24.255702,3
11745,66000,387130000C,(04)23274275,(04)23288582,2025,11,29,9,47,臺中市,南屯區,0,0,0,7,,,50,,,,,,,,,,,,,,,,,,,B03,,,1,,1,,,7,7,1,12,4,120.635114,24.144151,3
11746,66000,387130000C,(04)23274275,(04)23288582,2025,11,29,9,49,臺中市,西區,0,2,0,7,2,6,50,4,1,1,5,4,6,6,4,4,5,5,5,2,15,2,9,1,1,C03,7,9,1,10,2,11,,15,15,1,13,4,120.66261,24.135144,2
11747,66000,387130000C,(04)23274275,(04)23288582,2025,11,29,9,49,臺中市,神岡區,0,0,0,7,1,6,50,13,9,1,5,4,3,6,4,4,9,5,5,1,13,,,,,C03,,,1,,2,,,7,7,1,12,4,120.646801,24.256624,3
11748,66000,387130000C,(04)23274275,(04)23288582,2025,11,29,9,52,臺中市,北區,0,1,0,7,3,6,50,5,1,1,5,4,6,6,2,1,1,4,5,2,9,3,10,3,1,A02,7,12,1,1,2,16,,84,84,1,12,4,120.686202,24.154711,2