序號,縣市別代碼,機關代碼,市話,傳真,年,月,日,時,分,縣市,區,死亡數量,受傷數量,2-30,天候,道路照明設備,道路類別,道路速限,道路型態,事故位置,路面鋪裝,路面狀態,路面缺陷,障礙物,視距,號誌種類,號誌動作,分向設施,快車道或一般車道間,快慢車道間,路面邊線,事故類型及型態,受傷程度,主要傷處,保護裝備,行動電話或功能裝置,當事者區分(類別),車輛用途,當事者行動狀態,駕照狀態,駕照種類,飲酒情形,車輛撞擊部位最初,車輛撞擊部位其他,肇事因素個別,肇事因素主要,肇事逃逸,職業,共享經濟或外送平台,GPS座標X,GPS座標Y,事故類別
11749,66000,387130000C,(04)23274275,(04)23288582,2025,11,29,9,55,臺中市,南屯區,0,1,0,7,1,6,50,13,9,1,5,4,6,6,4,4,9,5,5,2,12,2,9,1,1,C03,7,9,1,10,2,11,,59,59,1,12,4,120.653728,24.141951,2
11750,66000,387130000C,(04)23274275,(04)23288582,2025,11,29,9,55,臺中市,龍井區,0,2,0,7,2,6,50,13,9,1,5,4,6,6,4,4,5,5,5,1,16,2,8,2,1,C03,7,6,1,10,2,14,,39,39,1,6,4,120.590763,24.181064,2
11751,66000,387130000C,(04)23274275,(04)23288582,2025,11,29,9,55,臺中市,沙鹿區,0,0,0,7,2,6,60,13,9,1,5,4,6,6,4,4,1,3,4,1,13,,,,,B03,,,1,,2,,,7,7,1,12,4,120.570183,24.240953,3
11752,66000,387130000C,(04)23274275,(04)23288582,2025,11,29,9,56,臺中市,龍井區,0,0,0,7,,,40,,,,,,,,,,,,,,,,,,,C03,,,1,,2,,,7,7,1,12,4,120.523435,24.219284,3
11753,66000,387130000C,(04)23274275,(04)23288582,2025,11,29,9,58,臺中市,西區,0,0,0,7,,,50,,,,,,,,,,,,,,,,,,,C04,,,1,,1,,,1,1,1,12,4,120.673077,24.135797,3
11754,66000,387130000C,(04)23274275,(04)23288582,2025,11,29,9,59,臺中市,西屯區,0,0,0,7,,,30,,,,,,,,,,,,,,14,,,,,B03,,,1,,1,,,49,49,1,12,4,120.640974,24.196452,3
11755,66000,387130000C,(04)23274275,(04)23288582,2025,11,29,10,0,臺中市,南屯區,0,0,0,7,3,6,50,13,9,1,5,4,6,6,4,4,5,5,5,2,17,,,,,A12,,,1,,1,,,59,59,1,12,4,120.612911,24.143001,4
11756,66000,387130000C,(04)23274275,(04)23288582,2025,11,29,10,0,臺中市,霧峰區,0,1,0,7,2,6,50,13,7,1,5,4,6,6,1,1,5,4,4,1,16,3,10,3,1,B03,7,11,1,8,2,4,,32,32,1,12,4,120.699616,24.07213,2
11757,66000,387130000C,(04)23274275,(04)23288582,2025,11,29,10,2,臺中市,北屯區,0,1,0,7,3,6,50,4,1,1,5,4,6,6,4,4,10,4,5,2,16,3,10,3,1,B03,7,6,1,8,2,8,,12,12,1,6,4,120.739769,24.177747,2
11758,66000,387130000C,(04)23274275,(04)23288582,2025,11,29,10,3,臺中市,東區,0,0,0,7,,,50,,,,,,,,,,,,,,,,,,,C03,,,1,,1,,,84,84,1,12,4,120.687891,24.13489,3
11759,66000,387130000C,(04)23274275,(04)23288582,2025,11,29,10,4,臺中市,烏日區,0,0,0,7,,,50,,,,,,,,,,,,,,,,,,,B03,,,1,,2,,,84,84,1,13,4,120.61582,24.105531,3
11760,66000,387130000C,(04)23274275,(04)23288582,2025,11,29,10,6,臺中市,南屯區,0,2,0,7,2,6,30,4,1,1,5,4,6,6,3,1,10,5,5,2,15,3,10,3,1,B03,7,9,1,8,2,8,,24,24,1,12,4,120.640345,24.140913,2
11761,66000,387130000C,(04)23274275,(04)23288582,2025,11,29,10,7,臺中市,西屯區,0,2,0,7,2,6,50,3,1,1,5,4,6,6,4,4,10,5,5,2,16,2,8,1,1,C03,7,6,1,10,2,14,,14,14,1,12,4,120.657826,24.162318,2
11762,66000,387130000C,(04)23274275,(04)23288582,2025,11,29,10,8,臺中市,南區,0,2,0,7,2,6,25,13,9,1,5,4,6,6,4,4,5,4,5,2,17,2,9,6,1,F01,7,9,7,21,2,14,,41,41,1,12,4,120.661743,24.131242,2
11763,66000,387130000C,(04)23274275,(04)23288582,2025,11,29,10,9,臺中市,中區,0,0,0,7,,,50,,,,,,,,,,,,,,,,,,,C03,,,1,10,2,,,50,50,1,13,4,120.679314,24.139655,3
11764,66000,387130000C,(04)23274275,(04)23288582,2025,11,29,10,10,臺中市,大里區,0,0,0,7,,,50,,,,,,,,,,,,,,15,,,,,C03,,,1,,2,,,21,21,1,12,4,120.692594,24.121287,3
11765,66000,387130000C,(04)23274275,(04)23288582,2025,11,29,10,11,臺中市,南屯區,0,1,0,7,2,6,40,4,1,1,5,4,6,6,1,1,9,4,4,2,12,2,9,1,1,C04,7,9,1,8,2,11,,7,7,1,12,4,120.651537,24.153703,2
11766,66000,387130000C,(04)23274275,(04)23288582,2025,11,29,10,14,臺中市,霧峰區,0,0,0,7,,,50,,,,,,,,,,,,,,,,,,,C03,,,1,,11,,,49,49,1,12,4,120.725341,24.060375,3
11767,66000,387130000C,(04)23274275,(04)23288582,2025,11,29,10,17,臺中市,西區,0,1,0,7,2,6,40,13,8,1,5,4,6,6,4,4,1,4,5,2,13,2,9,1,1,C03,7,9,1,10,2,11,,7,7,1,13,4,120.658523,24.158197,2
11768,66000,387130000C,(04)23274275,(04)23288582,2025,11,29,10,17,臺中市,西區,0,1,0,7,2,6,50,4,2,1,5,4,6,6,1,1,5,3,4,2,17,3,10,4,1,B02,7,15,1,8,2,8,,76,76,1,12,4,120.666633,24.146728,2
11769,66000,387130000C,(04)23274275,(04)23288582,2025,11,29,10,18,臺中市,大雅區,0,0,0,7,,,30,,,,,,,,,,,,,,,,,,,C03,,,1,,1,,,84,84,1,12,4,120.669945,24.207435,3
11770,66000,387130000C,(04)23274275,(04)23288582,2025,11,29,10,18,臺中市,烏日區,0,1,0,7,3,6,50,3,1,1,5,4,6,6,4,4,1,4,5,1,16,3,10,3,1,A12,7,5,1,5,2,5,,47,47,1,6,4,120.643054,24.092871,2
11771,66000,387130000C,(04)23274275,(04)23288582,2025,11,29,10,19,臺中市,西區,0,0,0,7,,,50,,,,,,,,,,,,,,,,,,,C03,,,1,,1,,,14,14,1,12,4,120.660082,24.150287,3
11772,66000,387130000C,(04)23274275,(04)23288582,2025,11,29,10,20,臺中市,清水區,0,0,0,7,,,40,,,,,,,,,,,,,,17,,,,,B03,,,1,,1,,,51,51,1,12,4,120.566565,24.268398,3
11773,66000,387130000C,(04)23274275,(04)23288582,2025,11,29,10,22,臺中市,大里區,0,0,0,7,,,50,,,,,,,,,,,,,,17,,,,,B03,,,1,,2,,,84,84,1,12,4,120.679897,24.108671,3
11774,66000,387130000C,(04)23274275,(04)23288582,2025,11,29,10,25,臺中市,西區,0,0,0,7,,,50,,,,,,,,,,,,,,,,,,,B03,,,1,4,2,,,84,84,1,13,4,120.67986,24.137938,3
11775,66000,387130000C,(04)23274275,(04)23288582,2025,11,29,10,25,臺中市,東區,0,1,0,7,2,6,50,13,9,1,5,4,6,6,4,4,10,5,5,2,17,3,10,1,1,C03,7,9,1,10,9,11,,84,84,1,12,4,120.688482,24.138322,2
11776,66000,387130000C,(04)23274275,(04)23288582,2025,11,29,10,25,臺中市,霧峰區,0,2,0,7,3,6,50,4,1,1,5,4,6,6,1,1,10,5,5,2,16,2,9,1,1,C03,7,6,3,19,2,12,,36,36,1,12,4,120.693304,24.058788,2
11777,66000,387130000C,(04)23274275,(04)23288582,2025,11,29,10,28,臺中市,北屯區,0,0,0,7,,,50,,,,,,,,,,,,,,13,,,,,B03,,,1,,1,,,7,7,1,6,4,120.686269,24.195421,3
11778,66000,387130000C,(04)23274275,(04)23288582,2025,11,29,10,28,臺中市,大肚區,0,3,0,7,2,6,30,3,1,1,5,4,5,5,4,4,10,5,5,2,15,2,9,1,1,C03,7,14,1,10,2,11,,12,12,1,6,4,120.545883,24.149431,2
11779,66000,387130000C,(04)23274275,(04)23288582,2025,11,29,10,30,臺中市,后里區,0,1,0,7,3,6,50,3,9,1,5,4,6,6,4,4,5,5,5,2,16,2,9,1,1,C03,7,6,1,10,2,12,,14,14,1,6,4,120.698625,24.318101,2
11780,66000,387130000C,(04)23274275,(04)23288582,2025,11,29,10,30,臺中市,石岡區,0,0,0,7,,,30,,,,,,,,,,,,,,12,,,,,B03,,,1,,1,,,85,85,1,13,4,120.815561,24.259645,3
11781,66000,387130000C,(04)23274275,(04)23288582,2025,11,29,10,32,臺中市,東區,0,3,0,7,2,6,50,5,2,1,5,4,6,6,1,1,9,4,4,2,17,2,9,1,1,C03,7,5,1,10,2,11,,20,20,1,12,4,120.698939,24.144547,2
11782,66000,387130000C,(04)23274275,(04)23288582,2025,11,29,10,34,臺中市,沙鹿區,0,1,0,7,2,6,50,4,1,1,5,4,6,6,1,1,10,5,5,2,16,2,9,1,1,C03,7,6,3,19,2,14,,36,36,1,12,4,120.558838,24.234672,2
11783,66000,387130000C,(04)23274275,(04)23288582,2025,11,29,10,36,臺中市,大甲區,0,1,0,7,1,6,50,13,9,1,5,4,6,6,4,4,5,5,5,1,17,2,9,1,1,C03,7,1,1,10,2,14,,51,51,1,12,4,120.624896,24.348453,2
11784,66000,387130000C,(04)23274275,(04)23288582,2025,11,29,10,37,臺中市,東區,0,1,0,7,2,9,0,18,21,1,5,4,6,6,4,4,10,5,5,2,18,2,9,4,1,F01,7,9,7,21,1,12,,84,84,1,12,4,120.687781,24.138254,2
11785,66000,387130000C,(04)23274275,(04)23288582,2025,11,29,10,40,臺中市,西區,0,2,0,7,2,6,50,5,1,1,5,4,6,6,1,1,10,5,5,2,16,3,10,3,1,B03,7,5,1,8,2,5,,11,11,1,12,4,120.668772,24.13206,2
11786,66000,387130000C,(04)23274275,(04)23288582,2025,11,29,10,41,臺中市,大里區,0,0,0,7,,,50,,,,,,,,,,,,,,13,,,,,B03,,,1,,2,,,7,7,1,13,4,120.695517,24.109475,3
11787,66000,387130000C,(04)23274275,(04)23288582,2025,11,29,10,41,臺中市,太平區,0,1,0,7,3,6,50,3,9,1,5,4,6,6,4,4,5,5,5,2,14,3,10,3,1,B03,7,2,1,8,2,3,,49,49,1,12,4,120.712256,24.152362,2
11788,66000,387130000C,(04)23274275,(04)23288582,2025,11,29,10,42,臺中市,龍井區,0,0,0,7,,,50,,,,,,,,,,,,,,,,,,,B03,,,1,,2,,,40,40,1,12,4,120.506847,24.202205,3
11789,66000,387130000C,(04)23274275,(04)23288582,2025,11,29,10,43,臺中市,太平區,0,0,0,7,2,6,50,,,,,,,,,,,,,,,,,,,C03,,,1,,2,12,,42,42,1,12,4,120.715998,24.148544,3
11790,66000,387130000C,(04)23274275,(04)23288582,2025,11,29,10,45,臺中市,南區,0,0,0,7,,,50,,,,,,,,,,,,,,12,,,,,A11,,,1,,2,,,84,84,1,6,4,120.677503,24.130216,3
11791,66000,387130000C,(04)23274275,(04)23288582,2025,11,29,10,45,臺中市,清水區,0,1,0,7,3,6,50,3,1,1,5,4,6,6,4,4,5,4,5,1,16,3,10,3,1,B03,7,5,1,8,2,8,,14,14,1,12,4,120.565849,24.26862,2
11792,66000,387130000C,(04)23274275,(04)23288582,2025,11,29,10,47,臺中市,西區,0,1,0,7,2,6,50,4,1,1,5,4,6,6,1,1,10,5,5,2,12,3,10,1,1,C03,7,7,1,10,2,13,,40,40,1,13,4,120.665275,24.147883,2
11793,66000,387130000C,(04)23274275,(04)23288582,2025,11,29,10,47,臺中市,大里區,0,1,0,7,2,6,50,4,1,1,5,4,6,6,1,1,10,5,5,2,17,3,10,3,1,B03,7,5,1,8,2,2,,47,47,1,12,4,120.677592,24.10472,2
11794,66000,387130000C,(04)23274275,(04)23288582,2025,11,29,10,50,臺中市,西區,0,2,0,7,2,6,50,3,1,1,5,4,6,6,4,4,5,5,5,2,3,2,9,2,1,C03,7,9,1,10,2,11,,10,10,1,12,4,120.662639,24.158059,2
11795,66000,387130000C,(04)23274275,(04)23288582,2025,11,29,10,50,臺中市,北區,0,1,0,7,3,6,30,4,2,1,5,4,6,6,4,4,5,4,5,2,17,2,8,5,4,C03,7,1,1,10,2,11,,51,51,1,13,4,120.667809,24.169385,2
11796,66000,387130000C,(04)23274275,(04)23288582,2025,11,29,10,50,臺中市,南屯區,0,1,0,7,3,6,50,13,9,1,5,4,6,6,4,4,9,5,5,2,17,2,9,1,1,C03,7,9,1,10,2,12,,59,59,1,12,4,120.636972,24.148119,2
11797,66000,387130000C,(04)23274275,(04)23288582,2025,11,29,10,50,臺中市,豐原區,0,0,0,7,,,50,,,,,,,,,,,,,,17,,,,,F01,,,1,,2,,,8,8,1,4,4,120.717102,24.253322,3
11798,66000,387130000C,(04)23274275,(04)23288582,2025,11,29,10,51,臺中市,太平區,0,1,0,7,2,6,50,4,1,1,5,4,3,6,3,1,5,5,4,1,12,2,9,1,1,C04,7,8,1,10,2,14,,40,40,1,12,4,120.727574,24.150564,2
11799,66000,387130000C,(04)23274275,(04)23288582,2025,11,29,10,52,臺中市,龍井區,0,2,0,7,2,6,30,4,1,1,5,4,6,6,4,4,5,5,5,1,15,2,9,1,1,C03,7,9,1,10,2,14,,12,12,1,12,4,120.524099,24.193006,2
11800,66000,387130000C,(04)23274275,(04)23288582,2025,11,29,10,57,臺中市,北屯區,0,0,0,7,,,50,,,,,,,,,,,,,,,,,,,B03,,,1,,1,,,84,84,1,13,4,120.683537,24.201516,3
11801,66000,387130000C,(04)23274275,(04)23288582,2025,11,29,10,58,臺中市,北屯區,0,1,0,7,3,6,50,4,1,1,5,4,6,6,2,1,10,5,5,2,16,3,10,3,1,B03,7,5,1,8,2,5,,84,84,1,12,4,120.715078,24.163883,2
11802,66000,387130000C,(04)23274275,(04)23288582,2025,11,29,10,58,臺中市,西屯區,0,1,0,7,2,6,50,4,1,1,5,4,6,6,4,4,8,5,5,1,18,2,9,5,4,C03,7,9,1,10,2,11,,59,59,1,13,4,120.607279,24.185999,2
11803,66000,387130000C,(04)23274275,(04)23288582,2025,11,29,10,59,臺中市,霧峰區,0,1,0,7,2,6,50,13,9,1,5,4,6,6,4,4,1,4,5,1,13,2,9,1,1,C03,7,9,1,10,2,12,,7,7,1,12,4,120.663931,24.048086,2
11804,66000,387130000C,(04)23274275,(04)23288582,2025,11,29,11,0,臺中市,大甲區,0,1,0,7,3,6,60,13,8,1,5,4,6,6,4,4,1,4,4,1,18,2,9,1,1,C03,7,9,1,10,2,12,,59,59,1,6,4,120.617474,24.344926,2
11805,66000,387130000C,(04)23274275,(04)23288582,2025,11,29,11,2,臺中市,北區,0,0,0,7,,,50,,,,,,,,,,,,,,,,,,,C03,,,1,,1,,,8,8,1,12,4,120.686471,24.154631,3
11806,66000,387130000C,(04)23274275,(04)23288582,2025,11,29,11,3,臺中市,沙鹿區,0,1,0,7,2,6,50,13,7,1,5,4,6,6,4,4,1,4,4,2,17,2,8,4,1,B03,7,13,1,8,1,16,,77,77,1,6,4,120.559759,24.237832,2
11807,66000,387130000C,(04)23274275,(04)23288582,2025,11,29,11,9,臺中市,西區,0,0,0,7,,,50,,,,,,,,,,,,,,,,,,,F01,,,7,21,2,,,84,84,1,13,4,120.673997,24.13717,3
11808,66000,387130000C,(04)23274275,(04)23288582,2025,11,29,11,9,臺中市,西屯區,0,0,0,7,,,40,,,,,,,,,,,,,,13,,,,,B03,,,1,,1,,,7,7,1,12,4,120.638827,24.180171,3
11809,66000,387130000C,(04)23274275,(04)23288582,2025,11,29,11,14,臺中市,南屯區,0,1,0,7,2,6,50,13,9,1,5,4,6,6,4,4,9,5,5,2,17,2,9,2,1,C03,7,9,1,10,2,14,,43,43,1,13,4,120.611137,24.146195,2
11810,66000,387130000C,(04)23274275,(04)23288582,2025,11,29,11,16,臺中市,大甲區,0,1,0,7,1,6,50,13,9,1,5,4,6,6,4,4,5,5,5,1,17,3,10,3,1,B03,7,13,1,8,2,4,,76,76,1,12,4,120.625428,24.348787,2
11811,66000,387130000C,(04)23274275,(04)23288582,2025,11,29,11,20,臺中市,南屯區,0,1,0,7,2,6,50,13,7,1,5,4,6,6,4,4,9,4,4,2,12,3,10,3,1,B03,7,5,1,8,2,2,,20,20,1,12,4,120.628928,24.145016,2
11812,66000,387130000C,(04)23274275,(04)23288582,2025,11,29,11,20,臺中市,烏日區,0,1,0,7,2,6,50,13,9,1,5,4,6,6,4,4,9,5,5,1,2,3,10,5,4,B03,7,9,1,8,2,5,,59,59,1,6,4,120.638482,24.106384,2
11813,66000,387130000C,(04)23274275,(04)23288582,2025,11,29,11,23,臺中市,清水區,0,2,0,7,2,9,50,4,1,1,5,4,6,6,2,1,1,2,4,2,16,2,9,2,1,C03,7,11,1,10,2,12,,11,11,1,12,4,120.574793,24.267522,2
11814,66000,387130000C,(04)23274275,(04)23288582,2025,11,29,11,23,臺中市,豐原區,0,2,0,7,2,6,40,4,1,1,5,4,6,6,1,1,5,5,4,2,16,2,9,5,4,F01,7,6,7,21,2,14,,48,48,1,13,4,120.70984,24.244601,2
11815,66000,387130000C,(04)23274275,(04)23288582,2025,11,29,11,25,臺中市,南屯區,0,0,0,7,3,6,50,13,9,1,5,4,6,6,4,4,3,4,5,2,12,,,,,B03,,,1,,1,,,40,40,1,12,4,120.654076,24.140033,3
11816,66000,387130000C,(04)23274275,(04)23288582,2025,11,29,11,25,臺中市,清水區,0,1,0,7,3,6,40,4,1,1,5,4,6,6,3,1,1,4,4,2,17,3,10,3,1,B03,7,1,1,8,2,5,,84,84,1,12,4,120.580542,24.280131,2
11817,66000,387130000C,(04)23274275,(04)23288582,2025,11,29,11,26,臺中市,西屯區,0,1,0,7,2,6,50,3,1,1,5,4,6,6,4,4,10,5,5,2,12,3,10,2,1,C03,7,9,1,10,2,11,,59,59,1,12,4,120.646976,24.1708,2
11818,66000,387130000C,(04)23274275,(04)23288582,2025,11,29,11,26,臺中市,烏日區,0,0,0,7,,,40,,,,,,,,,,,,,,,,,,,B03,,,1,,2,,,7,7,1,6,4,120.61765,24.118237,3
11819,66000,387130000C,(04)23274275,(04)23288582,2025,11,29,11,32,臺中市,南屯區,0,1,0,7,2,6,50,4,1,1,5,4,6,6,2,1,1,4,5,2,15,3,10,3,1,B03,7,9,1,8,2,6,,84,84,1,12,4,120.646543,24.132002,2
11820,66000,387130000C,(04)23274275,(04)23288582,2025,11,29,11,34,臺中市,南區,0,2,0,7,2,6,50,4,1,1,5,4,6,6,2,1,10,5,5,2,17,2,9,2,1,C03,7,5,1,10,2,12,,84,84,1,12,4,120.655166,24.129589,2
11821,66000,387130000C,(04)23274275,(04)23288582,2025,11,29,11,35,臺中市,西區,0,1,0,7,2,6,50,4,2,1,5,4,6,6,4,4,10,5,5,2,18,2,9,6,1,F01,7,9,7,21,2,12,,84,84,1,12,4,120.660826,24.135205,2
11822,66000,387130000C,(04)23274275,(04)23288582,2025,11,29,11,38,臺中市,南區,0,0,0,7,,,50,,,,,,,,,,,,,,,,,,,B03,,,1,,2,,,84,84,1,12,4,120.655223,24.129546,3
11823,66000,387130000C,(04)23274275,(04)23288582,2025,11,29,11,41,臺中市,西區,0,1,0,7,2,6,50,13,9,1,5,4,6,6,4,4,5,4,5,2,13,2,7,2,1,C03,7,9,1,10,2,11,,7,7,1,12,4,120.660463,24.146828,2
11824,66000,387130000C,(04)23274275,(04)23288582,2025,11,29,11,41,臺中市,西區,0,0,0,7,,,50,,,,,,,,,,,,,,,,,,,B12,,,1,,1,,,76,76,1,6,4,120.662677,24.156148,3
11825,66000,387130000C,(04)23274275,(04)23288582,2025,11,29,11,42,臺中市,潭子區,0,3,0,7,3,6,30,3,1,1,5,4,6,6,4,4,10,5,5,2,16,3,10,3,1,B03,7,5,1,8,2,8,,14,14,1,12,4,120.689054,24.231901,2
11826,66000,387130000C,(04)23274275,(04)23288582,2025,11,29,11,43,臺中市,西區,0,0,0,7,,,30,,,,,,,,,,,,,,,,,,,B03,,,1,8,1,,,84,84,1,13,4,120.660859,24.137177,3
11827,66000,387130000C,(04)23274275,(04)23288582,2025,11,29,11,51,臺中市,北屯區,0,1,0,7,1,6,50,4,2,1,5,4,6,6,1,1,3,4,5,2,11,2,9,1,1,C03,7,6,1,10,2,11,,11,11,1,13,4,120.668423,24.195407,2
11828,66000,387130000C,(04)23274275,(04)23288582,2025,11,29,11,53,臺中市,大里區,0,0,0,7,,,30,,,,,,,,,,,,,,11,,,,,B03,,,1,,2,,,8,8,1,12,4,120.730688,24.089248,3
11829,66000,387130000C,(04)23274275,(04)23288582,2025,11,29,11,54,臺中市,神岡區,0,2,0,7,1,6,50,4,1,1,5,4,6,6,1,1,10,5,5,1,16,3,10,1,1,C03,7,11,1,10,2,11,,45,45,1,12,4,120.678361,24.249634,2
11830,66000,387130000C,(04)23274275,(04)23288582,2025,11,29,11,55,臺中市,豐原區,0,1,0,7,1,6,50,13,9,1,5,4,6,6,4,4,9,4,5,2,17,2,9,1,1,C03,7,9,1,10,2,11,,7,7,1,6,4,120.722443,24.255073,2
11831,66000,387130000C,(04)23274275,(04)23288582,2025,11,29,11,58,臺中市,南屯區,0,0,0,7,,,50,,,,,,,,,,,,,,13,,,,,B03,,,1,,1,,,84,84,1,12,4,120.651225,24.132165,3
11832,66000,387130000C,(04)23274275,(04)23288582,2025,11,29,12,0,臺中市,南屯區,0,0,0,7,3,6,30,13,9,1,5,4,6,6,4,4,10,5,5,2,12,,,,,A12,,,1,,1,,,8,8,1,12,4,120.634049,24.113664,3
11833,66000,387130000C,(04)23274275,(04)23288582,2025,11,29,12,1,臺中市,西屯區,0,1,0,7,2,6,50,3,1,1,5,4,6,6,4,4,10,5,5,2,16,3,10,5,4,B03,7,5,1,10,2,2,,14,14,1,12,4,120.623334,24.174321,2
11834,66000,387130000C,(04)23274275,(04)23288582,2025,11,29,12,6,臺中市,梧棲區,0,1,0,7,2,6,50,4,1,1,5,4,6,6,4,4,10,5,5,2,12,2,9,1,1,C03,7,6,1,10,2,13,,12,12,1,12,4,120.536682,24.252348,2
11835,66000,387130000C,(04)23274275,(04)23288582,2025,11,29,12,10,臺中市,沙鹿區,0,1,0,7,2,6,50,4,1,1,5,4,6,6,1,1,5,5,4,2,15,2,9,1,1,C03,7,9,1,10,2,14,,21,21,1,13,4,120.580094,24.215112,2
11836,66000,387130000C,(04)23274275,(04)23288582,2025,11,29,12,12,臺中市,北屯區,0,1,0,7,3,6,50,4,1,1,5,4,6,6,1,1,10,5,5,2,17,3,10,3,1,B12,7,5,1,8,2,5,,26,26,1,12,4,120.699587,24.182691,2
11837,66000,387130000C,(04)23274275,(04)23288582,2025,11,29,12,14,臺中市,北屯區,0,0,0,7,,,50,,,,,,,,,,,,,,17,,,,,B12,,,1,,2,,,49,49,1,6,4,120.696277,24.182939,3
11838,66000,387130000C,(04)23274275,(04)23288582,2025,11,29,12,14,臺中市,西屯區,0,0,0,7,,,50,,,,,,,,,,,,,,12,,,,,C03,,,5,,1,,,8,8,1,12,4,120.647656,24.173971,3
11839,66000,387130000C,(04)23274275,(04)23288582,2025,11,29,12,15,臺中市,北屯區,0,1,0,7,3,6,50,5,1,1,5,4,6,6,1,1,10,5,5,2,16,3,10,3,1,B03,7,6,1,8,5,1,,11,11,1,6,4,120.719068,24.174054,2
11840,66000,387130000C,(04)23274275,(04)23288582,2025,11,29,12,15,臺中市,梧棲區,0,0,0,7,,,50,,,,,,,,,,,,,,17,,,,,A31,,,1,,2,,,59,59,1,6,4,120.521546,24.228951,3
11841,66000,387130000C,(04)23274275,(04)23288582,2025,11,29,12,19,臺中市,潭子區,0,1,0,7,3,6,50,3,19,1,5,4,6,6,1,1,5,4,4,2,1,3,10,3,1,B03,7,6,5,19,9,1,,10,10,1,13,4,120.706818,24.207054,2
11842,66000,387130000C,(04)23274275,(04)23288582,2025,11,29,12,19,臺中市,北屯區,0,1,0,7,1,6,50,13,7,1,5,4,6,6,4,4,5,4,4,2,18,2,9,1,1,C03,7,9,1,10,2,12,,84,84,1,13,4,120.724645,24.167084,2
11843,66000,387130000C,(04)23274275,(04)23288582,2025,11,29,12,21,臺中市,外埔區,0,2,0,7,3,6,50,5,9,1,5,4,6,6,1,1,1,4,5,1,12,3,10,3,1,B03,7,7,1,8,2,5,,35,35,1,6,4,120.639333,24.341468,2
11844,66000,387130000C,(04)23274275,(04)23288582,2025,11,29,12,21,臺中市,豐原區,0,1,0,7,2,6,0,13,21,1,5,4,6,6,4,4,10,5,5,2,11,3,10,1,1,C03,7,9,1,10,9,12,,8,8,1,12,4,120.72594,24.246645,2
11845,66000,387130000C,(04)23274275,(04)23288582,2025,11,29,12,22,臺中市,大里區,0,0,0,7,,,50,,,,,,,,,,,,,,17,,,,,B03,,,1,,2,,,76,76,1,13,4,120.67481,24.111414,3
11846,66000,387130000C,(04)23274275,(04)23288582,2025,11,29,12,24,臺中市,大甲區,0,1,0,7,3,6,50,3,1,1,5,4,6,6,4,4,5,4,4,1,16,3,10,1,1,F03,7,9,7,21,2,12,,84,84,1,6,4,120.631847,24.354683,2
11847,66000,387130000C,(04)23274275,(04)23288582,2025,11,29,12,25,臺中市,北屯區,0,0,0,7,,,50,,,,,,,,,,,,,,16,,,,,C02,,,1,,1,,,59,59,1,12,4,120.686418,24.183773,3
11848,66000,387130000C,(04)23274275,(04)23288582,2025,11,29,12,25,臺中市,沙鹿區,0,0,0,7,2,6,50,13,9,1,5,4,6,6,4,4,8,4,5,2,16,,,,,B03,,,1,,1,,,8,8,1,12,4,120.557892,24.234701,3
11849,66000,387130000C,(04)23274275,(04)23288582,2025,11,29,12,25,臺中市,豐原區,0,0,0,7,,,50,,,,,,,,,,,,,,13,,,,,C03,,,1,,2,,,58,58,1,12,4,120.721855,24.239318,3
11850,66000,387130000C,(04)23274275,(04)23288582,2025,11,29,12,25,臺中市,豐原區,0,1,0,7,2,6,50,4,1,1,5,4,6,6,1,1,1,2,5,2,12,2,9,5,4,C03,7,9,1,10,2,15,,42,42,1,13,4,120.720775,24.251743,2
11851,66000,387130000C,(04)23274275,(04)23288582,2025,11,29,12,26,臺中市,南屯區,0,0,0,7,,,40,,,,,,,,,,,,,,,,,,,B03,,,1,,2,,,49,49,1,12,4,120.637431,24.143599,3
11852,66000,387130000C,(04)23274275,(04)23288582,2025,11,29,12,26,臺中市,西屯區,0,0,0,7,,,60,,,,,,,,,,,,,,12,,,,,B03,,,1,,1,,,40,40,1,12,4,120.653258,24.160817,4
11853,66000,387130000C,(04)23274275,(04)23288582,2025,11,29,12,27,臺中市,北屯區,0,1,0,7,2,6,50,3,1,1,5,4,6,6,4,4,10,5,5,2,16,3,10,3,1,B03,7,6,1,8,2,1,,14,14,1,12,4,120.723621,24.169599,2
11854,66000,387130000C,(04)23274275,(04)23288582,2025,11,29,12,31,臺中市,西區,0,2,0,7,2,6,50,13,9,1,5,4,6,6,4,4,5,4,5,2,12,2,7,2,1,C03,7,8,1,10,2,14,,40,40,1,12,4,120.662609,24.155678,2
11855,66000,387130000C,(04)23274275,(04)23288582,2025,11,29,12,31,臺中市,霧峰區,0,1,0,7,1,6,50,4,1,1,5,4,6,6,1,1,10,5,5,2,13,2,9,1,1,C03,7,9,1,10,1,11,,7,7,1,12,4,120.695818,24.012848,2
11856,66000,387130000C,(04)23274275,(04)23288582,2025,11,29,12,32,臺中市,沙鹿區,0,1,0,7,2,8,50,13,9,1,5,4,6,6,4,4,5,4,5,2,17,3,10,3,1,B01,7,11,1,4,2,8,,45,45,1,12,4,120.568252,24.239211,2
11857,66000,387130000C,(04)23274275,(04)23288582,2025,11,29,12,38,臺中市,大肚區,0,1,0,7,2,6,50,5,1,1,5,4,6,6,4,4,10,5,5,2,16,2,8,1,1,C03,7,1,3,19,2,14,,51,51,1,5,4,120.545483,24.150455,2