序號,縣市別代碼,機關代碼,市話,傳真,年,月,日,時,分,縣市,區,死亡數量,受傷數量,2-30,天候,道路照明設備,道路類別,道路速限,道路型態,事故位置,路面鋪裝,路面狀態,路面缺陷,障礙物,視距,號誌種類,號誌動作,分向設施,快車道或一般車道間,快慢車道間,路面邊線,事故類型及型態,受傷程度,主要傷處,保護裝備,行動電話或功能裝置,當事者區分(類別),車輛用途,當事者行動狀態,駕照狀態,駕照種類,飲酒情形,車輛撞擊部位最初,車輛撞擊部位其他,肇事因素個別,肇事因素主要,肇事逃逸,職業,共享經濟或外送平台,GPS座標X,GPS座標Y,事故類別
11858,66000,387130000C,(04)23274275,(04)23288582,2025,11,29,12,44,臺中市,北屯區,0,0,0,7,,,50,,,,,,,,,,,,,,,,,,,C03,,,1,,1,,,84,84,1,13,4,120.698083,24.169115,3
11859,66000,387130000C,(04)23274275,(04)23288582,2025,11,29,12,45,臺中市,南屯區,0,2,0,7,3,6,40,13,8,1,5,4,6,6,1,1,3,5,2,2,17,2,9,1,1,C03,7,9,1,10,2,12,,84,84,1,12,4,120.616286,24.146186,2
11860,66000,387130000C,(04)23274275,(04)23288582,2025,11,29,12,45,臺中市,北屯區,0,1,0,6,3,6,50,4,1,1,5,4,6,6,1,1,10,5,5,2,17,3,10,3,1,B03,7,5,1,8,2,6,,47,47,1,12,4,120.704521,24.16472,2
11861,66000,387130000C,(04)23274275,(04)23288582,2025,11,29,12,48,臺中市,太平區,0,0,0,7,2,6,30,,,,,,,,,,,,,,,,,,,B03,,,1,,2,6,,49,49,1,12,4,120.712707,24.124667,3
11862,66000,387130000C,(04)23274275,(04)23288582,2025,11,29,12,52,臺中市,西屯區,0,1,0,7,2,6,50,3,1,1,5,4,6,6,4,4,8,4,4,1,13,2,9,5,4,C03,7,9,1,10,2,11,,4,4,1,13,4,120.646976,24.1708,2
11863,66000,387130000C,(04)23274275,(04)23288582,2025,11,29,12,52,臺中市,清水區,0,0,0,7,,,50,,,,,,,,,,,,,,16,,,,,B03,,,1,,2,,,34,34,1,13,4,120.541479,24.26663,3
11864,66000,387130000C,(04)23274275,(04)23288582,2025,11,29,12,55,臺中市,北區,0,0,0,7,,,50,,,,,,,,,,,,,,13,,,,,B03,,,1,,1,,,59,59,1,13,4,120.667575,24.154072,3
11865,66000,387130000C,(04)23274275,(04)23288582,2025,11,29,13,0,臺中市,北屯區,0,0,0,7,,3,80,,,,,,,,,,,,,,12,,,,,A11,,,1,,1,,,40,40,1,6,4,120.715311,24.199579,3
11866,66000,387130000C,(04)23274275,(04)23288582,2025,11,29,13,0,臺中市,北屯區,0,0,0,7,,,50,,,,,,,,,,,,,,,,,,,B12,,,1,,9,,,49,49,1,13,4,120.686715,24.175914,3
11867,66000,387130000C,(04)23274275,(04)23288582,2025,11,29,13,0,臺中市,豐原區,0,0,0,7,,,50,,,,,,,,,,,,,,17,,,,,C03,,,1,,1,,,7,7,1,6,4,120.71737,24.249465,3
11868,66000,387130000C,(04)23274275,(04)23288582,2025,11,29,13,1,臺中市,北屯區,0,0,0,7,,,50,,,,,,,,,,,,,,13,,,,,B03,,,1,,1,,,7,7,1,6,4,120.694195,24.171069,3
11869,66000,387130000C,(04)23274275,(04)23288582,2025,11,29,13,12,臺中市,西屯區,0,2,0,7,2,6,40,4,1,1,5,4,6,6,1,1,10,5,5,2,16,2,9,2,1,C03,7,9,1,10,2,12,,21,21,1,12,4,120.632592,24.182841,2
11870,66000,387130000C,(04)23274275,(04)23288582,2025,11,29,13,13,臺中市,南屯區,0,0,0,7,,,50,,,,,,,,,,,,,,17,,,,,B03,,,1,,1,,,14,14,1,12,4,120.632131,24.152129,3
11871,66000,387130000C,(04)23274275,(04)23288582,2025,11,29,13,16,臺中市,北屯區,0,0,0,7,,,50,,,,,,,,,,,,,,16,,,,,B03,,,1,,2,,,45,45,1,12,4,120.724098,24.169327,3
11872,66000,387130000C,(04)23274275,(04)23288582,2025,11,29,13,16,臺中市,大里區,0,0,0,7,,,50,,,,,,,,,,,,,,12,,,,,C03,,,1,,6,,,53,53,1,12,4,120.691576,24.082981,3
11873,66000,387130000C,(04)23274275,(04)23288582,2025,11,29,13,19,臺中市,中區,0,1,0,7,2,6,50,4,1,1,5,4,6,6,1,1,10,5,5,2,17,3,10,2,1,C03,7,8,1,10,2,13,,42,42,1,12,4,120.678328,24.144765,2
11874,66000,387130000C,(04)23274275,(04)23288582,2025,11,29,13,19,臺中市,西屯區,0,1,0,7,2,6,50,13,9,1,5,4,6,6,4,4,1,3,5,1,12,3,10,3,4,B03,7,7,1,8,2,2,,84,84,1,12,4,120.643136,24.171925,2
11875,66000,387130000C,(04)23274275,(04)23288582,2025,11,29,13,25,臺中市,烏日區,0,0,0,7,,,30,,,,,,,,,,,,,,12,,,,,B03,,,1,,1,,,51,51,1,6,4,120.616496,24.113086,3
11876,66000,387130000C,(04)23274275,(04)23288582,2025,11,29,13,28,臺中市,西屯區,0,1,0,7,2,6,30,13,9,1,5,4,6,6,4,4,10,5,5,2,17,3,10,5,4,B02,7,13,1,16,1,4,,76,76,1,12,4,120.639725,24.180679,2
11877,66000,387130000C,(04)23274275,(04)23288582,2025,11,29,13,30,臺中市,太平區,0,0,0,7,,,50,,,,,,,,,,,,,,,,,,,B03,,,1,,2,,,7,7,1,12,4,120.729375,24.107876,3
11878,66000,387130000C,(04)23274275,(04)23288582,2025,11,29,13,34,臺中市,潭子區,0,4,0,7,3,6,50,13,9,1,5,4,6,6,4,4,9,4,5,1,13,2,9,2,1,C03,7,12,1,10,2,13,,84,84,1,12,4,120.704336,24.204402,2
11879,66000,387130000C,(04)23274275,(04)23288582,2025,11,29,13,34,臺中市,北屯區,0,0,0,7,,,40,,,,,,,,,,,,,,14,,,,,B03,,,1,,1,,,49,49,1,12,4,120.724508,24.174063,3
11880,66000,387130000C,(04)23274275,(04)23288582,2025,11,29,13,34,臺中市,烏日區,0,0,0,7,2,6,50,13,7,1,5,4,6,6,4,4,1,4,4,2,13,3,10,3,1,B01,7,9,1,4,1,5,,84,84,1,6,4,120.634119,24.110855,3
11881,66000,387130000C,(04)23274275,(04)23288582,2025,11,29,13,45,臺中市,南區,0,1,0,7,2,6,50,4,1,1,5,4,6,6,1,1,10,5,5,2,16,3,10,3,1,B03,7,5,1,8,1,5,,11,11,1,12,4,120.671795,24.119154,2
11882,66000,387130000C,(04)23274275,(04)23288582,2025,11,29,13,52,臺中市,北區,0,0,0,7,,,40,,,,,,,,,,,,,,,,,,,C03,,,1,,2,,,84,84,1,12,4,120.684144,24.153995,3
11883,66000,387130000C,(04)23274275,(04)23288582,2025,11,29,13,56,臺中市,和平區,0,0,0,7,,,30,,,,,,,,,,,,,,17,3,10,5,1,B03,8,9,1,8,2,1,,84,84,1,12,4,121.002544,24.202066,3
11884,66000,387130000C,(04)23274275,(04)23288582,2025,11,29,14,0,臺中市,西區,0,0,0,7,,,50,,,,,,,,,,,,,,9,,,,,B03,,,1,,2,,,50,50,1,12,4,120.675335,24.138285,3
11885,66000,387130000C,(04)23274275,(04)23288582,2025,11,29,14,1,臺中市,烏日區,0,1,0,7,2,6,50,5,1,1,5,4,6,6,1,1,10,5,5,2,17,2,9,5,4,C03,7,9,3,19,2,11,,21,21,1,6,4,120.646636,24.110361,2
11886,66000,387130000C,(04)23274275,(04)23288582,2025,11,29,14,3,臺中市,后里區,0,1,0,6,3,6,40,13,8,1,5,4,6,6,4,4,9,4,4,1,2,3,10,1,1,F03,7,9,7,21,1,14,,59,59,1,6,4,120.71505,24.310048,2
11887,66000,387130000C,(04)23274275,(04)23288582,2025,11,29,14,5,臺中市,太平區,0,0,0,7,2,6,50,,,,,,,,,,,,,,,,,,,B03,,,1,,2,5,,8,8,1,12,4,120.733166,24.150853,3
11888,66000,387130000C,(04)23274275,(04)23288582,2025,11,29,14,5,臺中市,清水區,0,0,0,7,,,70,,,,,,,,,,,,,,17,,,,,B12,,,1,,2,,,82,82,1,12,4,120.603303,24.311048,3
11889,66000,387130000C,(04)23274275,(04)23288582,2025,11,29,14,6,臺中市,西區,0,2,0,7,3,6,50,4,1,1,5,4,6,6,1,1,10,5,5,2,16,2,9,1,1,C04,7,6,1,10,2,11,,48,48,1,6,4,120.664299,24.146701,2
11890,66000,387130000C,(04)23274275,(04)23288582,2025,11,29,14,9,臺中市,北屯區,0,0,0,7,,,50,,,,,,,,,,,,,,,,,,,B03,,,1,,1,,,47,47,1,13,4,120.702401,24.186508,3
11891,66000,387130000C,(04)23274275,(04)23288582,2025,11,29,14,9,臺中市,西屯區,0,2,0,7,2,6,30,13,9,1,5,4,6,6,4,4,10,5,5,2,3,2,9,1,1,C03,7,9,1,10,1,12,,10,10,1,12,4,120.646611,24.177201,2
11892,66000,387130000C,(04)23274275,(04)23288582,2025,11,29,14,14,臺中市,大里區,0,2,0,7,1,6,50,13,7,1,5,4,6,6,4,4,5,4,4,1,18,2,9,1,1,C03,7,9,1,10,2,14,,84,84,1,12,4,120.683472,24.110245,2
11893,66000,387130000C,(04)23274275,(04)23288582,2025,11,29,14,20,臺中市,沙鹿區,0,0,0,7,2,6,50,3,14,1,5,4,6,6,1,1,1,3,5,1,14,,,,,B03,,,1,,2,,,49,49,1,12,4,120.600346,24.255637,3
11894,66000,387130000C,(04)23274275,(04)23288582,2025,11,29,14,21,臺中市,西屯區,0,1,0,7,2,6,40,4,1,1,5,4,6,6,2,1,10,5,5,2,12,3,10,1,1,C03,7,7,1,10,2,13,,42,42,1,5,4,120.644113,24.165999,2
11895,66000,387130000C,(04)23274275,(04)23288582,2025,11,29,14,22,臺中市,東區,0,0,0,7,,,50,,,,,,,,,,,,,,17,,,,,B03,,,1,,1,,,7,7,1,12,4,120.690594,24.132121,3
11896,66000,387130000C,(04)23274275,(04)23288582,2025,11,29,14,22,臺中市,太平區,0,0,0,7,,,50,,,,,,,,,,,,,,,,,,,C04,,,3,,2,,,51,51,1,12,4,120.725104,24.134196,3
11897,66000,387130000C,(04)23274275,(04)23288582,2025,11,29,14,24,臺中市,西區,0,1,0,7,2,6,50,4,1,1,5,4,6,6,1,1,10,5,5,2,13,2,8,1,1,C03,7,9,1,10,2,11,,84,84,1,13,4,120.675422,24.133556,2
11898,66000,387130000C,(04)23274275,(04)23288582,2025,11,29,14,26,臺中市,龍井區,0,1,0,7,2,6,30,4,1,1,5,4,6,6,4,4,10,5,5,1,15,,,,,,,9,,,,,,86,86,2,,,120.54365,24.212873,2
11899,66000,387130000C,(04)23274275,(04)23288582,2025,11,29,14,28,臺中市,北屯區,0,0,0,7,,,50,,,,,,,,,,,,,,,,,,,B02,,,1,,1,,,84,84,1,12,4,120.721384,24.182531,3
11900,66000,387130000C,(04)23274275,(04)23288582,2025,11,29,14,28,臺中市,太平區,0,1,0,7,2,6,50,13,7,1,5,4,6,6,4,4,5,5,4,1,16,2,9,1,1,C03,7,9,1,10,2,14,,84,84,1,12,4,120.730904,24.15019,2
11901,66000,387130000C,(04)23274275,(04)23288582,2025,11,29,14,36,臺中市,北屯區,0,0,0,7,,,50,,,,,,,,,,,,,,30,,,,,B03,,,1,8,1,,,78,78,1,12,4,120.668429,24.178787,3
11902,66000,387130000C,(04)23274275,(04)23288582,2025,11,29,14,44,臺中市,北屯區,0,0,0,7,,,50,,,,,,,,,,,,,,17,,,,,B03,,,1,,1,,,42,42,1,6,4,120.69504,24.171193,3
11903,66000,387130000C,(04)23274275,(04)23288582,2025,11,29,14,49,臺中市,北屯區,0,0,0,7,,,50,,,,,,,,,,,,,,16,,,,,B03,,,1,,1,,,59,59,1,6,4,120.701237,24.184447,3
11904,66000,387130000C,(04)23274275,(04)23288582,2025,11,29,14,51,臺中市,南屯區,0,0,0,7,3,6,40,13,7,1,5,4,6,6,1,1,3,2,4,2,14,,,,,B03,,,1,,1,,,49,49,1,12,4,120.640762,24.145342,3
11905,66000,387130000C,(04)23274275,(04)23288582,2025,11,29,14,52,臺中市,北屯區,0,1,0,7,3,6,50,4,1,1,5,4,6,6,1,1,10,5,5,2,16,3,10,1,1,C03,7,6,1,10,2,13,,65,65,1,12,4,120.672491,24.178155,2
11906,66000,387130000C,(04)23274275,(04)23288582,2025,11,29,14,53,臺中市,南屯區,0,3,0,7,3,6,30,4,1,1,5,4,6,6,4,4,10,5,5,2,15,2,9,2,4,C03,7,9,1,9,2,12,,15,15,1,6,4,120.645572,24.139675,2
11907,66000,387130000C,(04)23274275,(04)23288582,2025,11,29,14,55,臺中市,西屯區,0,0,0,7,,,50,,,,,,,,,,,,,,16,,,,,B03,,,1,,1,,,47,47,1,13,4,120.637885,24.163202,3
11908,66000,387130000C,(04)23274275,(04)23288582,2025,11,29,15,0,臺中市,北屯區,0,1,0,7,2,6,50,4,1,1,5,4,6,6,2,1,10,5,5,2,16,3,10,2,1,C03,7,6,1,10,2,13,,11,11,1,12,4,120.683444,24.191577,2
11909,66000,387130000C,(04)23274275,(04)23288582,2025,11,29,15,2,臺中市,西屯區,0,0,0,7,,,50,,,,,,,,,,,,,,14,,,,,G03,,,7,,2,,,49,49,1,12,4,120.644047,24.171128,3
11910,66000,387130000C,(04)23274275,(04)23288582,2025,11,29,15,2,臺中市,太平區,0,0,0,7,,,30,,,,,,,,,,,,,,,,,,,B03,,,1,,2,,,41,41,1,12,4,120.712545,24.136172,3
11911,66000,387130000C,(04)23274275,(04)23288582,2025,11,29,15,4,臺中市,西屯區,0,0,0,7,,,50,,,,,,,,,,,,,,13,,,,,B12,,,1,,1,,,84,84,1,13,4,120.65477,24.161891,3
11912,66000,387130000C,(04)23274275,(04)23288582,2025,11,29,15,5,臺中市,南區,0,2,0,7,1,6,50,13,8,1,5,4,6,6,4,4,9,4,5,2,7,2,1,1,1,C03,7,9,1,10,2,11,,7,7,1,12,4,120.678586,24.127532,2
11913,66000,387130000C,(04)23274275,(04)23288582,2025,11,29,15,7,臺中市,北屯區,0,0,0,7,,,50,,,,,,,,,,,,,,13,,,,,B03,,,1,,1,,,7,7,1,13,4,120.693379,24.193138,3
11914,66000,387130000C,(04)23274275,(04)23288582,2025,11,29,15,8,臺中市,太平區,0,0,0,7,2,6,50,,,,,,,,,,,,,,,,,,,C03,,,1,,2,11,,7,7,1,12,4,120.727703,24.149949,3
11915,66000,387130000C,(04)23274275,(04)23288582,2025,11,29,15,10,臺中市,大里區,0,1,0,7,3,6,30,3,1,1,5,4,6,6,4,4,10,5,5,1,16,3,10,3,1,B03,7,6,1,8,2,2,,14,14,1,12,4,120.689213,24.112037,2
11916,66000,387130000C,(04)23274275,(04)23288582,2025,11,29,15,10,臺中市,太平區,0,0,0,7,,,30,,,,,,,,,,,,,,,,,,,B03,,,1,,2,,,84,84,1,12,4,120.738159,24.132036,3
11917,66000,387130000C,(04)23274275,(04)23288582,2025,11,29,15,10,臺中市,清水區,0,1,0,7,3,6,60,4,1,1,5,4,6,6,1,1,1,4,1,1,16,3,10,3,1,B03,7,5,1,8,2,2,,47,47,1,12,4,120.548093,24.277279,2
11918,66000,387130000C,(04)23274275,(04)23288582,2025,11,29,15,14,臺中市,清水區,0,0,0,7,,,50,,,,,,,,,,,,,,,,,,,B03,,,5,,2,,,24,24,1,12,4,120.571094,24.277901,3
11919,66000,387130000C,(04)23274275,(04)23288582,2025,11,29,15,15,臺中市,西區,0,2,0,7,2,6,50,4,1,1,5,4,6,6,4,4,10,5,5,2,17,2,9,2,1,C03,7,9,1,10,2,14,,20,20,1,12,4,120.658351,24.146692,2
11920,66000,387130000C,(04)23274275,(04)23288582,2025,11,29,15,16,臺中市,沙鹿區,0,0,0,7,,,50,,,,,,,,,,,,,,,,,,,B01,,,1,,1,,,8,8,1,13,4,120.597051,24.250335,3
11921,66000,387130000C,(04)23274275,(04)23288582,2025,11,29,15,19,臺中市,北屯區,0,1,0,7,2,6,40,13,9,1,5,4,6,6,4,4,10,5,5,2,17,3,10,5,4,B03,7,1,1,8,2,8,,51,51,1,12,4,120.666592,24.181384,2
11922,66000,387130000C,(04)23274275,(04)23288582,2025,11,29,15,24,臺中市,大安區,0,1,0,7,2,6,50,11,9,1,5,4,6,6,4,4,5,5,5,2,19,2,9,2,1,C03,7,9,3,19,8,11,,59,59,1,6,4,120.592175,24.351182,2
11923,66000,387130000C,(04)23274275,(04)23288582,2025,11,29,15,25,臺中市,南屯區,0,0,0,7,,,50,,,,,,,,,,,,,,,,,,,B03,,,1,,2,,,49,49,1,12,4,120.628277,24.152884,3
11924,66000,387130000C,(04)23274275,(04)23288582,2025,11,29,15,26,臺中市,西屯區,0,0,0,7,,,50,,,,,,,,,,,,,,17,,,,,B03,,,1,,1,,,59,59,1,12,4,120.637389,24.178214,3
11925,66000,387130000C,(04)23274275,(04)23288582,2025,11,29,15,27,臺中市,太平區,0,1,0,7,2,6,50,13,9,1,5,4,6,6,4,4,5,5,5,1,12,2,4,2,1,C03,7,9,3,19,2,11,12,84,84,1,12,4,120.732509,24.135277,2
11926,66000,387130000C,(04)23274275,(04)23288582,2025,11,29,15,30,臺中市,南區,0,0,0,7,,,50,,,,,,,,,,,,,,12,,,,,B03,,,1,,2,,,84,84,1,12,4,120.661258,24.131361,3
11927,66000,387130000C,(04)23274275,(04)23288582,2025,11,29,15,36,臺中市,北屯區,0,0,0,7,,,50,,,,,,,,,,,,,,13,,,,,B03,,,1,,1,,,84,84,1,12,4,120.700705,24.169211,3
11928,66000,387130000C,(04)23274275,(04)23288582,2025,11,29,15,40,臺中市,北屯區,0,0,0,7,,,50,,,,,,,,,,,,,,16,,,,,C03,,,1,,1,,,84,84,1,12,4,120.701635,24.182383,3
11929,66000,387130000C,(04)23274275,(04)23288582,2025,11,29,15,41,臺中市,東區,0,1,0,7,3,6,50,4,1,1,5,4,6,6,1,1,10,5,5,2,17,2,9,2,1,C03,7,1,1,10,2,14,,51,51,1,12,4,120.702217,24.135143,2
11930,66000,387130000C,(04)23274275,(04)23288582,2025,11,29,15,44,臺中市,太平區,0,1,0,7,3,6,30,11,9,1,5,4,6,6,4,4,4,5,5,1,18,2,9,2,1,F01,7,5,7,21,2,12,,6,6,1,12,4,120.808058,24.095877,2
11931,66000,387130000C,(04)23274275,(04)23288582,2025,11,29,15,45,臺中市,北區,0,1,0,7,3,6,50,18,24,1,5,4,6,6,4,4,10,5,5,2,17,3,10,5,4,C03,7,11,1,10,2,14,,45,45,1,13,4,120.684045,24.146625,2
11932,66000,387130000C,(04)23274275,(04)23288582,2025,11,29,15,47,臺中市,北屯區,0,0,0,7,,,50,,,,,,,,,,,,,,,,,,,B03,,,1,,1,,,84,84,1,13,4,120.685433,24.1722,3
11933,66000,387130000C,(04)23274275,(04)23288582,2025,11,29,15,48,臺中市,東勢區,0,0,0,7,2,6,50,3,2,1,5,4,6,6,4,4,5,5,5,1,12,3,10,5,4,B12,7,9,5,19,7,5,,53,53,1,13,4,120.842856,24.251894,3
11934,66000,387130000C,(04)23274275,(04)23288582,2025,11,29,15,50,臺中市,北區,0,0,0,7,,,50,,,,,,,,,,,,,,17,,,,,B03,,,1,,2,,,7,7,1,13,4,120.684619,24.153152,3
11935,66000,387130000C,(04)23274275,(04)23288582,2025,11,29,15,50,臺中市,西屯區,0,0,0,7,,,50,,,,,,,,,,,,,,,,,,,B03,,,1,,1,,,40,40,1,12,4,120.645578,24.16343,3
11936,66000,387130000C,(04)23274275,(04)23288582,2025,11,29,15,51,臺中市,霧峰區,0,1,0,7,2,6,40,4,1,1,5,4,6,6,2,1,10,5,5,2,17,2,9,5,4,C03,7,15,1,10,2,14,,84,84,1,13,4,120.662674,24.072592,2
11937,66000,387130000C,(04)23274275,(04)23288582,2025,11,29,15,52,臺中市,南屯區,0,0,0,7,,,50,,,,,,,,,,,,,,13,,,,,B03,,,1,,2,,,84,84,1,12,4,120.646472,24.14084,3
11938,66000,387130000C,(04)23274275,(04)23288582,2025,11,29,15,52,臺中市,清水區,0,0,0,7,,,50,,,,,,,,,,,,,,,,,,,C03,,,1,,11,,,84,84,2,12,4,120.568223,24.276468,3
11939,66000,387130000C,(04)23274275,(04)23288582,2025,11,29,15,53,臺中市,北屯區,0,0,0,7,,3,80,,,,,,,,,,,,,,,,,,,B03,,,1,,1,,,7,7,1,6,4,120.694126,24.200967,3
11940,66000,387130000C,(04)23274275,(04)23288582,2025,11,29,15,55,臺中市,西區,0,0,0,7,,,50,,,,,,,,,,,,,,14,,,,,B12,,,1,,1,,,50,50,1,12,4,120.666989,24.152241,3
11941,66000,387130000C,(04)23274275,(04)23288582,2025,11,29,15,58,臺中市,西區,0,0,0,7,,,50,,,,,,,,,,,,,,17,,,,,C03,,,1,10,2,,,84,84,1,13,4,120.669907,24.152901,3
11942,66000,387130000C,(04)23274275,(04)23288582,2025,11,29,16,0,臺中市,北區,0,0,0,7,,,50,,,,,,,,,,,,,,17,,,,,A41,,,1,,1,,,84,84,1,13,4,120.668337,24.15394,3
11943,66000,387130000C,(04)23274275,(04)23288582,2025,11,29,16,5,臺中市,梧棲區,0,0,0,7,,,70,,,,,,,,,,,,,,16,,,,,B03,,,1,,2,,,11,11,1,12,4,120.536486,24.250049,3
11944,66000,387130000C,(04)23274275,(04)23288582,2025,11,29,16,9,臺中市,大雅區,0,1,0,7,3,6,60,3,2,1,5,4,6,6,4,4,5,2,4,2,17,3,10,3,1,B03,7,7,1,8,2,2,,40,40,1,12,4,120.650884,24.209765,2
11945,66000,387130000C,(04)23274275,(04)23288582,2025,11,29,16,10,臺中市,西屯區,0,0,0,7,,,50,,,,,,,,,,,,,,17,,,,,B03,,,1,,2,,,59,59,1,12,4,120.643302,24.172035,3
11946,66000,387130000C,(04)23274275,(04)23288582,2025,11,29,16,13,臺中市,后里區,0,1,0,7,2,6,40,11,8,1,5,4,6,6,4,4,1,4,1,1,21,2,9,1,1,C03,7,9,3,19,2,11,,59,59,1,6,4,120.680901,24.315144,2
11947,66000,387130000C,(04)23274275,(04)23288582,2025,11,29,16,14,臺中市,西屯區,0,0,0,7,,,60,,,,,,,,,,,,,,13,,,,,B03,,,1,,1,,,83,83,1,13,4,120.64154,24.167388,3
11948,66000,387130000C,(04)23274275,(04)23288582,2025,11,29,16,15,臺中市,南區,0,0,0,7,,,50,,,,,,,,,,,,,,,,,,,B03,,,1,,9,,,50,50,1,13,4,120.66341,24.119603,3
11949,66000,387130000C,(04)23274275,(04)23288582,2025,11,29,16,15,臺中市,北屯區,0,1,0,7,2,6,50,13,9,1,5,4,6,6,4,4,8,3,5,2,16,3,10,3,1,B03,7,11,1,8,2,4,8,20,20,1,13,4,120.708295,24.190107,2
11950,66000,387130000C,(04)23274275,(04)23288582,2025,11,29,16,23,臺中市,東區,0,1,0,7,1,6,50,4,2,1,5,4,6,6,1,1,9,4,5,2,12,3,10,3,1,B03,7,9,1,8,1,8,,7,7,1,12,4,120.684604,24.130528,2
11951,66000,387130000C,(04)23274275,(04)23288582,2025,11,29,16,25,臺中市,清水區,0,1,0,7,3,6,40,3,2,1,5,4,6,6,4,4,1,4,4,1,13,2,9,2,1,C03,7,9,1,10,2,11,,58,58,1,12,4,120.577949,24.279938,2
11952,66000,387130000C,(04)23274275,(04)23288582,2025,11,29,16,26,臺中市,西區,0,1,0,7,2,6,50,5,1,1,5,4,6,6,2,1,10,5,5,2,16,3,10,5,1,B03,7,5,1,8,5,2,,1,1,1,6,4,120.668993,24.132342,2
11953,66000,387130000C,(04)23274275,(04)23288582,2025,11,29,16,27,臺中市,龍井區,0,1,0,7,2,6,50,13,9,1,5,4,6,6,4,4,9,4,5,2,30,2,9,1,1,C03,7,9,1,10,2,16,,8,8,1,6,4,120.591169,24.181069,2
11954,66000,387130000C,(04)23274275,(04)23288582,2025,11,29,16,29,臺中市,后里區,0,0,0,7,,,40,,,,,,,,,,,,,,27,,,,,A11,,,1,,2,,,59,59,1,12,4,120.697708,24.29465,3
11955,66000,387130000C,(04)23274275,(04)23288582,2025,11,29,16,30,臺中市,北區,0,1,0,7,3,6,50,13,24,1,5,4,6,6,4,4,3,4,4,2,17,3,10,5,4,B03,7,8,1,8,2,4,,40,40,1,13,4,120.687188,24.16319,2
11956,66000,387130000C,(04)23274275,(04)23288582,2025,11,29,16,30,臺中市,烏日區,0,1,0,7,3,6,50,4,1,1,5,4,6,6,1,1,5,5,4,2,12,2,9,1,1,C03,7,6,1,10,2,13,14,48,48,1,6,4,120.621245,24.103111,2
11957,66000,387130000C,(04)23274275,(04)23288582,2025,11,29,16,34,臺中市,西區,0,2,0,7,2,6,50,4,1,1,5,4,6,6,2,1,5,4,4,2,13,2,8,2,1,C03,7,9,1,10,2,12,,59,59,1,12,4,120.672741,24.135881,2
11958,66000,387130000C,(04)23274275,(04)23288582,2025,11,29,16,34,臺中市,南區,0,0,0,7,,,50,,,,,,,,,,,,,,13,,,,,G03,,,1,,2,,,84,84,1,12,4,120.679227,24.123897,3
11959,66000,387130000C,(04)23274275,(04)23288582,2025,11,29,16,44,臺中市,西屯區,0,1,0,7,2,6,50,4,1,1,5,4,6,6,2,1,10,5,5,2,12,2,8,2,1,C03,7,4,1,10,2,14,,42,42,1,12,4,120.636453,24.170958,2
11960,66000,387130000C,(04)23274275,(04)23288582,2025,11,29,16,46,臺中市,西區,0,2,0,7,2,6,50,4,1,1,5,4,6,6,1,1,10,5,5,2,17,3,10,3,1,B03,7,6,1,8,2,8,,20,20,1,12,4,120.673599,24.140584,2
11961,66000,387130000C,(04)23274275,(04)23288582,2025,11,29,16,47,臺中市,北屯區,0,1,0,7,2,6,50,13,9,1,5,4,6,6,4,4,1,4,5,2,12,3,10,3,1,A31,7,9,1,1,2,5,,1,1,1,12,4,120.726997,24.166248,2
11962,66000,387130000C,(04)23274275,(04)23288582,2025,11,29,16,49,臺中市,東區,0,2,0,7,1,6,50,13,8,1,5,4,6,6,4,4,5,5,4,2,13,2,9,2,1,C03,7,9,1,10,2,11,,7,7,1,12,4,120.701252,24.144562,2
11963,66000,387130000C,(04)23274275,(04)23288582,2025,11,29,16,53,臺中市,豐原區,0,0,0,7,,,50,,,,,,,,,,,,,,13,,,,,B03,,,1,,2,,,7,7,1,13,4,120.700879,24.249098,3
11964,66000,387130000C,(04)23274275,(04)23288582,2025,11,29,16,57,臺中市,西屯區,0,0,0,7,,,50,,,,,,,,,,,,,,17,,,,,B03,,,1,,1,,,59,59,1,13,4,120.617176,24.188626,4
11965,66000,387130000C,(04)23274275,(04)23288582,2025,11,29,16,58,臺中市,西屯區,0,0,0,7,,,50,,,,,,,,,,,,,,16,,,,,B12,,,1,,2,,,25,25,1,13,4,120.644455,24.194562,3
11966,66000,387130000C,(04)23274275,(04)23288582,2025,11,29,17,0,臺中市,東區,0,0,0,7,,,1,,,,,,,,,,,,,,17,,,,,B12,,,1,,1,,,84,84,1,12,4,120.697954,24.147325,3
11967,66000,387130000C,(04)23274275,(04)23288582,2025,11,29,17,4,臺中市,北屯區,0,0,0,7,,,50,,,,,,,,,,,,,,,,,,,B03,,,1,,1,,,84,84,1,6,4,120.676153,24.173555,3
11968,66000,387130000C,(04)23274275,(04)23288582,2025,11,29,17,5,臺中市,北區,0,2,0,7,1,6,30,3,9,1,5,4,6,6,4,4,10,5,5,2,17,2,9,5,4,C03,7,9,1,10,2,11,,84,84,1,13,4,120.691001,24.149911,2
11969,66000,387130000C,(04)23274275,(04)23288582,2025,11,29,17,8,臺中市,南屯區,0,0,0,7,,,50,,,,,,,,,,,,,,13,,,,,B03,,,1,,1,,,59,59,1,6,4,120.652784,24.140662,3