序號,縣市別代碼,機關代碼,市話,傳真,年,月,日,時,分,縣市,區,死亡數量,受傷數量,2-30,天候,道路照明設備,道路類別,道路速限,道路型態,事故位置,路面鋪裝,路面狀態,路面缺陷,障礙物,視距,號誌種類,號誌動作,分向設施,快車道或一般車道間,快慢車道間,路面邊線,事故類型及型態,受傷程度,主要傷處,保護裝備,行動電話或功能裝置,當事者區分(類別),車輛用途,當事者行動狀態,駕照狀態,駕照種類,飲酒情形,車輛撞擊部位最初,車輛撞擊部位其他,肇事因素個別,肇事因素主要,肇事逃逸,職業,共享經濟或外送平台,GPS座標X,GPS座標Y,事故類別
11970,66000,387130000C,(04)23274275,(04)23288582,2025,11,29,17,8,臺中市,神岡區,0,1,0,7,3,6,40,3,1,1,5,4,6,6,4,4,10,5,5,2,12,3,10,3,1,B03,7,6,1,8,2,8,,7,7,1,13,4,120.688589,24.241318,2
11971,66000,387130000C,(04)23274275,(04)23288582,2025,11,29,17,8,臺中市,豐原區,0,1,0,7,2,6,50,4,1,1,5,4,6,6,1,1,5,4,4,2,17,2,8,2,1,C03,7,9,1,10,2,11,,84,84,1,13,4,120.707691,24.246894,2
11972,66000,387130000C,(04)23274275,(04)23288582,2025,11,29,17,9,臺中市,南區,0,0,0,7,,,50,,,,,,,,,,,,,,,,,,,B03,,,1,,1,,,7,7,1,13,4,120.681807,24.130905,3
11973,66000,387130000C,(04)23274275,(04)23288582,2025,11,29,17,9,臺中市,南屯區,0,2,0,7,1,6,50,13,9,1,5,4,6,6,4,4,3,4,5,2,13,2,9,3,1,B03,7,9,3,19,2,1,,7,7,1,12,4,120.632636,24.145284,2
11974,66000,387130000C,(04)23274275,(04)23288582,2025,11,29,17,10,臺中市,大里區,0,1,0,7,2,6,30,11,9,1,5,4,6,6,4,4,10,5,5,2,17,2,9,1,1,C03,7,9,1,10,2,14,12,87,87,1,12,4,120.696963,24.124624,2
11975,66000,387130000C,(04)23274275,(04)23288582,2025,11,29,17,11,臺中市,太平區,0,1,0,7,2,6,50,13,9,1,5,4,6,6,4,4,5,5,5,1,16,2,9,1,1,C04,7,11,1,11,2,12,,45,45,1,12,4,120.714864,24.124961,2
11976,66000,387130000C,(04)23274275,(04)23288582,2025,11,29,17,12,臺中市,大里區,0,0,0,7,,,50,,,,,,,,,,,,,,17,,,,,B03,,,1,,1,,,8,8,1,12,4,120.680416,24.115183,3
11977,66000,387130000C,(04)23274275,(04)23288582,2025,11,29,17,16,臺中市,北屯區,0,0,0,7,,,50,,,,,,,,,,,,,,13,,,,,C03,,,1,10,1,,,8,8,1,12,4,120.721056,24.175999,3
11978,66000,387130000C,(04)23274275,(04)23288582,2025,11,29,17,16,臺中市,外埔區,0,0,0,7,,,50,,,,,,,,,,,,,,13,,,,,B02,,,1,,2,,,7,7,1,12,4,120.64567,24.337443,3
11979,66000,387130000C,(04)23274275,(04)23288582,2025,11,29,17,20,臺中市,大雅區,0,0,0,7,,,30,,,,,,,,,,,,,,,,,,,B03,,,1,,2,,,8,8,1,13,4,120.654513,24.233287,3
11980,66000,387130000C,(04)23274275,(04)23288582,2025,11,29,17,20,臺中市,北屯區,0,0,0,7,,,50,,,,,,,,,,,,,,16,,,,,C03,,,1,,1,,,1,1,1,12,4,120.686615,24.173232,3
11981,66000,387130000C,(04)23274275,(04)23288582,2025,11,29,17,20,臺中市,大甲區,0,2,0,7,1,6,50,3,1,1,5,4,6,6,4,4,10,5,5,2,18,2,9,1,1,C03,7,9,1,10,2,11,,90,90,1,6,4,120.606688,24.339346,2
11982,66000,387130000C,(04)23274275,(04)23288582,2025,11,29,17,22,臺中市,潭子區,0,1,0,7,1,6,60,13,7,1,5,4,6,6,4,4,1,4,4,1,17,2,9,1,1,C03,7,9,1,10,2,12,,43,43,1,13,4,120.702916,24.197686,2
11983,66000,387130000C,(04)23274275,(04)23288582,2025,11,29,17,22,臺中市,霧峰區,0,0,0,7,,,60,,,,,,,,,,,,,,17,,,,,B03,,,1,,2,,,11,11,1,6,4,120.692097,24.041102,3
11984,66000,387130000C,(04)23274275,(04)23288582,2025,11,29,17,25,臺中市,西屯區,0,2,0,7,1,6,50,3,8,1,5,4,6,6,1,1,5,5,4,2,16,2,9,5,4,C03,7,11,1,10,2,13,,45,45,1,12,4,120.615734,24.190268,2
11985,66000,387130000C,(04)23274275,(04)23288582,2025,11,29,17,27,臺中市,東區,0,0,0,7,,,50,,,,,,,,,,,,,,,,,,,B03,,,1,,9,,,49,49,1,12,4,120.696129,24.14404,4
11986,66000,387130000C,(04)23274275,(04)23288582,2025,11,29,17,28,臺中市,沙鹿區,0,1,0,7,1,6,40,13,8,1,5,4,6,6,4,4,1,4,4,2,17,2,9,2,1,C03,7,9,1,10,2,14,,43,43,1,6,4,120.566407,24.229718,2
11987,66000,387130000C,(04)23274275,(04)23288582,2025,11,29,17,29,臺中市,大里區,0,0,0,7,,,50,,,,,,,,,,,,,,13,,,,,B03,,,1,,1,,,59,59,1,12,4,120.698368,24.079339,3
11988,66000,387130000C,(04)23274275,(04)23288582,2025,11,29,17,32,臺中市,大里區,0,1,0,7,1,6,50,4,1,1,5,4,6,6,1,1,5,5,4,2,16,2,9,3,1,B03,7,6,1,8,2,1,,11,11,1,12,4,120.678724,24.097952,2
11989,66000,387130000C,(04)23274275,(04)23288582,2025,11,29,17,36,臺中市,龍井區,0,2,0,7,1,6,50,3,1,1,5,4,6,6,4,4,10,5,5,2,13,2,9,1,1,C03,7,9,1,10,2,11,,84,84,1,6,4,120.582849,24.1822,2
11990,66000,387130000C,(04)23274275,(04)23288582,2025,11,29,17,38,臺中市,西屯區,0,1,0,7,1,6,50,4,1,1,5,4,6,6,2,1,10,5,5,2,12,3,10,1,1,C03,7,9,1,10,2,14,,42,42,1,12,4,120.63938,24.174617,2
11991,66000,387130000C,(04)23274275,(04)23288582,2025,11,29,17,41,臺中市,南區,0,0,0,7,,,50,,,,,,,,,,,,,,13,,,,,B12,,,1,,2,,,84,84,1,12,4,120.669628,24.118946,3
11992,66000,387130000C,(04)23274275,(04)23288582,2025,11,29,17,42,臺中市,西屯區,0,0,0,7,,,50,,,,,,,,,,,,,,12,,,,,B03,,,1,,2,,,40,40,1,13,4,120.651321,24.165374,3
11993,66000,387130000C,(04)23274275,(04)23288582,2025,11,29,17,44,臺中市,東區,0,0,0,7,,,30,,,,,,,,,,,,,,17,,,,,B03,,,1,,2,,,84,84,1,12,4,120.701989,24.133194,3
11994,66000,387130000C,(04)23274275,(04)23288582,2025,11,29,17,45,臺中市,北屯區,0,1,0,7,1,6,50,4,2,1,5,4,6,6,1,1,3,4,5,2,11,3,10,3,1,B03,7,6,1,8,2,1,,11,11,1,13,4,120.66849,24.196688,2
11995,66000,387130000C,(04)23274275,(04)23288582,2025,11,29,17,50,臺中市,大里區,0,1,0,7,1,6,50,13,8,1,5,4,6,6,4,4,1,4,4,1,17,2,9,2,1,C03,7,9,1,10,2,11,,7,7,1,6,4,120.691571,24.091514,2
11996,66000,387130000C,(04)23274275,(04)23288582,2025,11,29,17,50,臺中市,石岡區,0,0,0,7,,,70,,,,,,,,,,,,,,13,,,,,B03,,,1,,1,,,84,84,1,13,4,120.777303,24.274199,3
11997,66000,387130000C,(04)23274275,(04)23288582,2025,11,29,17,52,臺中市,南屯區,0,0,0,7,,,40,,,,,,,,,,,,,,12,,,,,B03,,,1,,2,,,50,50,1,12,4,120.636942,24.15429,3
11998,66000,387130000C,(04)23274275,(04)23288582,2025,11,29,17,53,臺中市,北屯區,0,2,0,7,1,6,30,13,9,1,5,4,6,6,4,4,10,5,5,2,13,2,8,2,1,C03,7,12,3,19,2,11,,7,7,1,12,4,120.70069,24.182802,2
11999,66000,387130000C,(04)23274275,(04)23288582,2025,11,29,17,54,臺中市,豐原區,0,0,0,7,,,50,,,,,,,,,,,,,,17,,,,,B03,,,1,,1,,,84,84,1,13,4,120.70324,24.23821,3
12000,66000,387130000C,(04)23274275,(04)23288582,2025,11,29,17,55,臺中市,南屯區,0,3,0,7,1,6,30,3,1,1,5,4,6,6,4,4,10,5,5,2,16,2,8,1,1,C03,7,1,1,10,2,13,,51,51,1,12,4,120.622575,24.154457,2
12001,66000,387130000C,(04)23274275,(04)23288582,2025,11,29,17,58,臺中市,太平區,0,1,0,7,1,6,50,3,3,1,5,4,6,6,4,4,5,5,5,1,17,3,10,4,4,B03,7,15,1,8,2,4,,76,76,1,12,4,120.715498,24.136437,2
12002,66000,387130000C,(04)23274275,(04)23288582,2025,11,29,18,0,臺中市,北區,0,0,0,7,,,50,,,,,,,,,,,,,,12,,,,,B03,,,1,,2,,,40,40,1,13,4,120.68616,24.146227,3
12003,66000,387130000C,(04)23274275,(04)23288582,2025,11,29,18,0,臺中市,沙鹿區,0,1,0,7,1,6,50,4,1,1,5,4,6,6,4,4,10,5,5,2,16,3,10,3,1,B12,7,6,1,7,2,6,,13,13,1,6,4,120.561784,24.244291,2
12004,66000,387130000C,(04)23274275,(04)23288582,2025,11,29,18,1,臺中市,太平區,0,1,0,7,1,6,50,4,1,1,5,4,6,6,2,1,10,5,5,2,16,3,10,3,1,B03,7,5,1,8,2,2,,1,1,1,12,4,120.722383,24.133452,2
12005,66000,387130000C,(04)23274275,(04)23288582,2025,11,29,18,2,臺中市,大里區,0,0,0,7,,,50,,,,,,,,,,,,,,17,,,,,B01,,,1,8,9,,,84,84,1,13,4,120.695579,24.088024,3
12006,66000,387130000C,(04)23274275,(04)23288582,2025,11,29,18,3,臺中市,西屯區,0,0,0,7,,,50,,,,,,,,,,,,,,9,,,,,C03,,,1,,1,,,59,59,1,12,4,120.645107,24.180704,3
12007,66000,387130000C,(04)23274275,(04)23288582,2025,11,29,18,3,臺中市,豐原區,0,1,0,7,1,6,50,3,1,1,5,4,6,6,4,4,5,5,4,2,17,2,9,1,1,C03,7,9,1,10,2,14,,6,6,1,12,4,120.740843,24.255701,2
12008,66000,387130000C,(04)23274275,(04)23288582,2025,11,29,18,6,臺中市,北區,0,4,0,7,1,6,50,3,2,1,5,4,6,6,4,4,10,4,5,2,17,2,9,5,4,C03,7,1,1,10,2,13,,51,51,1,12,4,120.693041,24.155324,2
12009,66000,387130000C,(04)23274275,(04)23288582,2025,11,29,18,6,臺中市,西屯區,0,0,0,7,,,0,,,,,,,,,,,,,,14,,,,,B03,,,1,,1,,,49,49,1,12,4,120.643943,24.195215,3
12010,66000,387130000C,(04)23274275,(04)23288582,2025,11,29,18,7,臺中市,北屯區,0,0,0,7,,,50,,,,,,,,,,,,,,12,,,,,B03,,,1,,1,,,40,40,1,13,4,120.686345,24.202723,3
12011,66000,387130000C,(04)23274275,(04)23288582,2025,11,29,18,7,臺中市,西屯區,0,0,0,7,,,50,,,,,,,,,,,,,,13,,,,,B12,,,1,,1,,,56,56,1,13,4,120.65935,24.175558,3
12012,66000,387130000C,(04)23274275,(04)23288582,2025,11,29,18,7,臺中市,太平區,0,0,0,7,,,50,,,,,,,,,,,,,,17,,,,,B01,,,1,,2,,,85,85,1,6,4,120.719855,24.118897,3
12013,66000,387130000C,(04)23274275,(04)23288582,2025,11,29,18,8,臺中市,北區,0,0,0,7,3,6,50,4,1,1,5,4,6,6,2,1,10,5,5,2,17,,,,,B03,,,1,,1,,,84,84,1,13,4,120.677303,24.151254,3
12014,66000,387130000C,(04)23274275,(04)23288582,2025,11,29,18,11,臺中市,中區,0,1,0,7,1,6,50,4,1,1,5,4,6,6,2,1,8,3,5,2,16,2,9,2,1,C03,7,6,1,10,2,14,,26,26,1,12,4,120.675718,24.144318,2
12015,66000,387130000C,(04)23274275,(04)23288582,2025,11,29,18,13,臺中市,后里區,0,0,0,7,2,6,60,13,7,1,5,4,6,6,4,4,1,4,4,1,13,3,10,3,1,B03,7,9,1,8,1,1,,56,56,1,6,4,120.723789,24.295519,3
12016,66000,387130000C,(04)23274275,(04)23288582,2025,11,29,18,24,臺中市,沙鹿區,0,1,0,7,1,6,30,4,1,1,5,4,6,6,4,4,10,5,5,2,15,2,9,2,1,C03,7,9,3,19,2,11,,12,12,1,6,4,120.54997,24.216691,2
12017,66000,387130000C,(04)23274275,(04)23288582,2025,11,29,18,30,臺中市,南區,0,0,0,7,,,50,,,,,,,,,,,,,,,,,,,B03,,,1,,1,,,51,51,1,13,4,120.659041,24.11405,3
12018,66000,387130000C,(04)23274275,(04)23288582,2025,11,29,18,30,臺中市,北屯區,0,0,0,7,,,50,,,,,,,,,,,,,,17,,,,,B03,,,1,,1,,,87,87,1,12,4,120.68152,24.192587,4
12019,66000,387130000C,(04)23274275,(04)23288582,2025,11,29,18,32,臺中市,西屯區,0,0,0,7,,,50,,,,,,,,,,,,,,,,,,,C03,,,1,,1,,,7,7,1,12,4,120.6518,24.197759,3
12020,66000,387130000C,(04)23274275,(04)23288582,2025,11,29,18,35,臺中市,豐原區,0,0,0,7,,,50,,,,,,,,,,,,,,17,,,,,B03,,,1,,2,,,45,45,1,13,4,120.710079,24.239948,3
12021,66000,387130000C,(04)23274275,(04)23288582,2025,11,29,18,36,臺中市,西區,0,0,0,7,,,50,,,,,,,,,,,,,,12,,,,,B03,,,1,,2,,,43,43,1,13,4,120.665647,24.141941,3
12022,66000,387130000C,(04)23274275,(04)23288582,2025,11,29,18,36,臺中市,西區,0,0,0,7,,,50,,,,,,,,,,,,,,,,,,,B03,,,1,,1,,,47,47,1,6,4,120.669758,24.143965,3
12023,66000,387130000C,(04)23274275,(04)23288582,2025,11,29,18,43,臺中市,太平區,0,0,0,7,3,6,40,11,9,1,5,4,6,6,4,4,5,5,5,1,20,,,,,B03,,,1,,2,,,84,84,1,12,4,120.805542,24.102521,3
12024,66000,387130000C,(04)23274275,(04)23288582,2025,11,29,18,44,臺中市,大里區,0,0,0,7,,,30,,,,,,,,,,,,,,17,,,,,B03,,,1,,2,,,8,8,1,6,4,120.680536,24.108216,3
12025,66000,387130000C,(04)23274275,(04)23288582,2025,11,29,18,47,臺中市,北屯區,0,0,0,7,,,50,,,,,,,,,,,,,,,,,,,B03,,,1,,1,,,84,84,1,13,4,120.706968,24.192602,3
12026,66000,387130000C,(04)23274275,(04)23288582,2025,11,29,18,55,臺中市,南區,0,0,0,7,,,50,,,,,,,,,,,,,,,,,,,B03,,,1,,2,,,8,8,1,12,4,120.670335,24.122795,3
12027,66000,387130000C,(04)23274275,(04)23288582,2025,11,29,18,55,臺中市,南屯區,0,2,0,7,1,6,50,4,1,1,5,4,6,6,2,1,1,3,4,1,17,2,9,1,1,C03,7,9,1,10,2,11,,21,21,1,12,4,120.623497,24.149515,2
12028,66000,387130000C,(04)23274275,(04)23288582,2025,11,29,18,55,臺中市,烏日區,0,3,0,7,1,6,50,13,7,1,5,4,6,6,4,4,5,4,4,1,16,2,8,1,1,C03,7,11,1,8,2,14,,20,20,1,6,4,120.626377,24.10586,2
12029,66000,387130000C,(04)23274275,(04)23288582,2025,11,29,18,56,臺中市,北區,0,3,0,7,1,6,50,4,24,1,5,4,6,6,1,1,1,5,5,2,13,2,9,5,4,C03,7,12,1,10,2,11,,7,7,1,13,4,120.682008,24.162859,2
12030,66000,387130000C,(04)23274275,(04)23288582,2025,11,29,19,5,臺中市,東區,0,1,0,7,1,6,50,4,1,1,5,4,6,6,1,1,10,5,5,2,16,3,10,3,1,B03,7,6,1,8,2,8,,11,11,1,12,4,120.702186,24.13514,2
12031,66000,387130000C,(04)23274275,(04)23288582,2025,11,29,19,5,臺中市,北屯區,0,0,0,7,,,50,,,,,,,,,,,,,,12,,,,,B03,,,1,,2,,,8,8,1,12,4,120.685782,24.177459,3
12032,66000,387130000C,(04)23274275,(04)23288582,2025,11,29,19,9,臺中市,東區,0,0,0,7,,,50,,,,,,,,,,,,,,13,,,,,B03,,,1,,1,,,84,84,1,12,4,120.696093,24.142728,3
12033,66000,387130000C,(04)23274275,(04)23288582,2025,11,29,19,10,臺中市,太平區,0,2,0,7,1,6,50,3,1,1,5,4,6,6,4,4,5,4,5,1,16,2,8,2,1,C03,7,6,1,10,2,14,,14,14,1,6,4,120.711087,24.151633,2
12034,66000,387130000C,(04)23274275,(04)23288582,2025,11,29,19,11,臺中市,西屯區,0,2,0,7,1,6,50,4,1,1,5,4,6,6,1,1,10,5,5,2,16,2,8,1,1,C03,7,6,1,10,2,12,,48,48,1,12,4,120.662419,24.163522,2
12035,66000,387130000C,(04)23274275,(04)23288582,2025,11,29,19,13,臺中市,沙鹿區,0,0,0,7,,,60,,,,,,,,,,,,,,,,,,,B03,,,1,,2,,,59,59,1,6,4,120.583063,24.249793,3
12036,66000,387130000C,(04)23274275,(04)23288582,2025,11,29,19,21,臺中市,大里區,0,0,0,7,,6,50,,,,,,,,,,,,,,17,,,,,B03,,,1,8,2,,,84,84,1,13,4,120.712991,24.093315,3
12037,66000,387130000C,(04)23274275,(04)23288582,2025,11,29,19,24,臺中市,西區,0,0,0,7,,,,,,,,,,,,,,,,,17,,,,,,,,,,,,,119,119,1,,,120.663208,24.156629,3
12038,66000,387130000C,(04)23274275,(04)23288582,2025,11,29,19,24,臺中市,太平區,0,1,0,7,1,6,50,4,9,1,5,4,6,6,2,1,5,5,5,2,16,3,10,3,1,B03,7,11,1,8,2,16,,45,45,1,12,4,120.701805,24.153667,2
12039,66000,387130000C,(04)23274275,(04)23288582,2025,11,29,19,25,臺中市,中區,0,0,0,7,,,50,,,,,,,,,,,,,,13,,,,,C03,,,1,,1,,,7,7,1,12,4,120.676939,24.144552,3
12040,66000,387130000C,(04)23274275,(04)23288582,2025,11,29,19,32,臺中市,西區,0,0,0,7,,,50,,,,,,,,,,,,,,12,,,,,C03,,,1,,1,,,7,7,1,12,4,120.662933,24.150799,3
12041,66000,387130000C,(04)23274275,(04)23288582,2025,11,29,19,40,臺中市,西區,0,0,0,7,,,50,,,,,,,,,,,,,,,,,,,C03,,,1,,1,,,7,7,1,6,4,120.664299,24.146701,3
12042,66000,387130000C,(04)23274275,(04)23288582,2025,11,29,19,46,臺中市,大肚區,0,2,0,7,1,6,50,13,9,1,5,4,6,6,4,4,5,4,5,1,13,2,9,1,1,C03,7,9,1,10,2,11,,7,7,1,6,4,120.543649,24.159717,2
12043,66000,387130000C,(04)23274275,(04)23288582,2025,11,29,19,46,臺中市,龍井區,0,0,0,7,,,30,,,,,,,,,,,,,,,,,,,B03,,,1,,2,,,49,49,1,6,4,120.550045,24.217097,4
12044,66000,387130000C,(04)23274275,(04)23288582,2025,11,29,19,47,臺中市,豐原區,0,3,0,7,1,6,30,3,1,1,5,4,6,6,4,4,10,5,5,2,17,2,9,2,4,C03,7,9,1,10,2,12,,84,84,1,12,4,120.706062,24.247878,2
12045,66000,387130000C,(04)23274275,(04)23288582,2025,11,29,19,51,臺中市,中區,0,1,0,7,1,6,50,4,2,1,5,4,6,6,2,1,5,4,5,2,13,3,10,3,1,B03,7,9,1,8,2,1,,7,7,1,13,4,120.684143,24.142448,2
12046,66000,387130000C,(04)23274275,(04)23288582,2025,11,29,19,54,臺中市,南屯區,0,0,0,6,,,50,,,,,,,,,,,,,,13,,,,,C03,,,1,,1,,,7,7,1,6,4,120.649564,24.150806,3
12047,66000,387130000C,(04)23274275,(04)23288582,2025,11,29,19,55,臺中市,清水區,0,1,0,7,1,6,40,3,1,1,5,4,6,6,2,1,1,4,4,1,16,2,9,2,1,C03,7,9,1,10,2,14,,21,21,1,12,4,120.596327,24.303942,2
12048,66000,387130000C,(04)23274275,(04)23288582,2025,11,29,19,57,臺中市,北屯區,0,0,0,7,,,50,,,,,,,,,,,,,,14,,,,,B02,,,1,8,2,,,49,49,1,12,4,120.73756,24.174833,3
12049,66000,387130000C,(04)23274275,(04)23288582,2025,11,29,20,0,臺中市,北區,0,0,0,7,,,50,,,,,,,,,,,,,,12,,,,,B03,,,1,,1,,,7,7,1,13,4,120.675129,24.162784,3
12050,66000,387130000C,(04)23274275,(04)23288582,2025,11,29,20,0,臺中市,南屯區,0,1,0,7,1,6,50,4,1,1,5,4,6,6,2,1,9,4,4,2,16,3,10,3,1,B03,7,5,1,8,2,6,,47,47,1,12,4,120.61663,24.15348,2
12051,66000,387130000C,(04)23274275,(04)23288582,2025,11,29,20,1,臺中市,北區,0,0,0,7,,,40,,,,,,,,,,,,,,14,,,,,B03,,,1,,1,,,49,49,2,12,4,120.684967,24.147929,3
12052,66000,387130000C,(04)23274275,(04)23288582,2025,11,29,20,5,臺中市,南屯區,0,0,0,7,,,50,,,,,,,,,,,,,,13,,,,,B03,,,1,,1,,,7,7,1,6,4,120.61344,24.141011,3
12053,66000,387130000C,(04)23274275,(04)23288582,2025,11,29,20,9,臺中市,烏日區,0,0,0,6,1,3,80,13,7,1,5,4,6,6,4,4,1,4,5,1,13,3,10,3,1,B03,7,9,1,8,1,1,,7,7,1,6,4,120.612243,24.102072,3
12054,66000,387130000C,(04)23274275,(04)23288582,2025,11,29,20,11,臺中市,北屯區,0,0,0,7,,3,40,,,,,,,,,,,,,,13,,,,,B03,,,1,,2,,,7,7,1,13,4,120.675138,24.201048,3
12055,66000,387130000C,(04)23274275,(04)23288582,2025,11,29,20,15,臺中市,東區,0,2,0,7,1,6,50,4,1,1,5,4,6,6,1,1,5,5,5,2,11,3,10,3,1,B03,7,6,1,8,2,8,,11,11,1,13,4,120.710105,24.148107,2
12056,66000,387130000C,(04)23274275,(04)23288582,2025,11,29,20,15,臺中市,北屯區,0,2,0,7,2,6,30,4,1,1,5,4,6,6,1,1,10,5,5,2,16,2,9,5,4,C03,7,14,1,10,2,12,,20,20,1,12,4,120.671622,24.178263,2
12057,66000,387130000C,(04)23274275,(04)23288582,2025,11,29,20,19,臺中市,東區,0,2,0,7,1,6,50,4,1,1,5,4,6,6,1,1,9,4,5,2,12,2,8,1,1,C03,7,9,1,10,2,11,,7,7,1,12,4,120.693167,24.126301,2
12058,66000,387130000C,(04)23274275,(04)23288582,2025,11,29,20,20,臺中市,中區,0,1,0,7,1,6,50,4,9,1,5,4,6,6,2,1,5,4,4,2,11,3,10,3,1,B02,7,9,1,8,2,8,,8,8,1,12,4,120.677293,24.140226,2
12059,66000,387130000C,(04)23274275,(04)23288582,2025,11,29,20,24,臺中市,北屯區,0,1,0,7,1,6,50,4,1,1,5,4,6,6,4,4,10,5,5,2,15,3,10,1,1,C03,7,9,1,10,2,11,,12,12,1,12,4,120.709983,24.169747,2
12060,66000,387130000C,(04)23274275,(04)23288582,2025,11,29,20,29,臺中市,中區,0,0,0,7,,,30,,,,,,,,,,,,,,17,,,,,B03,,,1,,1,,,49,49,1,12,4,120.679162,24.140828,3
12061,66000,387130000C,(04)23274275,(04)23288582,2025,11,29,20,30,臺中市,西區,0,1,0,7,1,6,50,4,1,1,5,4,6,6,2,1,1,3,5,2,13,3,10,3,1,B03,7,6,1,8,2,1,,7,7,1,12,4,120.666648,24.141082,2
12062,66000,387130000C,(04)23274275,(04)23288582,2025,11,29,20,32,臺中市,霧峰區,0,1,0,7,1,6,50,4,2,1,5,4,6,6,1,1,4,3,4,1,17,3,10,3,1,B03,7,6,1,8,2,6,,11,11,1,6,4,120.707677,24.076557,2
12063,66000,387130000C,(04)23274275,(04)23288582,2025,11,29,20,33,臺中市,南區,0,0,0,7,,,30,,,,,,,,,,,,,,17,,,,,,,,,,,,,86,86,1,,,120.655543,24.130993,3
12064,66000,387130000C,(04)23274275,(04)23288582,2025,11,29,20,33,臺中市,南屯區,0,1,0,7,1,6,50,13,7,1,5,4,6,6,4,4,8,3,4,1,17,3,10,3,1,B03,7,15,1,8,2,16,,20,20,1,12,4,120.636627,24.154458,2
12065,66000,387130000C,(04)23274275,(04)23288582,2025,11,29,20,34,臺中市,太平區,0,0,0,7,,,30,,,,,,,,,,,,,,20,,,,,B03,,,1,,2,,,84,84,1,6,4,120.77007,24.072665,3
12066,66000,387130000C,(04)23274275,(04)23288582,2025,11,29,20,35,臺中市,北屯區,0,0,0,7,,,50,,,,,,,,,,,,,,17,,,,,B03,,,1,,2,,,87,87,1,6,4,120.683534,24.174957,3
12067,66000,387130000C,(04)23274275,(04)23288582,2025,11,29,20,42,臺中市,北屯區,0,1,0,7,1,6,40,13,8,1,5,4,6,6,4,4,1,4,4,2,17,2,8,2,1,C03,7,9,1,10,2,11,,84,84,1,12,4,120.685612,24.177127,2
12068,66000,387130000C,(04)23274275,(04)23288582,2025,11,29,20,42,臺中市,龍井區,0,1,0,7,1,6,50,4,1,1,5,4,6,6,1,1,10,5,5,2,16,3,10,3,1,B03,7,6,1,8,2,7,,23,23,1,6,4,120.563816,24.197565,2
12069,66000,387130000C,(04)23274275,(04)23288582,2025,11,29,20,42,臺中市,梧棲區,0,0,0,7,,,50,,,,,,,,,,,,,,14,,,,,B03,,,1,,1,,,49,49,1,12,4,120.534936,24.257956,4
12070,66000,387130000C,(04)23274275,(04)23288582,2025,11,29,20,50,臺中市,西區,0,1,0,7,1,6,50,4,1,1,5,4,6,6,1,1,10,5,5,2,18,2,9,1,1,C03,7,9,1,10,2,14,,84,84,1,6,4,120.674271,24.148307,2
12071,66000,387130000C,(04)23274275,(04)23288582,2025,11,29,20,50,臺中市,西屯區,0,0,0,7,,,50,,,,,,,,,,,,,,12,,,,,B03,,,1,,2,,,84,84,1,13,4,120.649796,24.162755,3
12072,66000,387130000C,(04)23274275,(04)23288582,2025,11,29,20,51,臺中市,南屯區,0,1,0,7,1,6,50,13,9,1,5,4,6,6,4,4,5,4,5,2,17,3,10,3,1,B03,7,1,1,8,2,8,,51,51,1,12,4,120.642163,24.146617,2
12073,66000,387130000C,(04)23274275,(04)23288582,2025,11,29,20,57,臺中市,北屯區,0,0,0,7,,,50,,,,,,,,,,,,,,16,,,,,C03,,,1,10,1,,,65,65,1,12,4,120.709709,24.165442,3
12074,66000,387130000C,(04)23274275,(04)23288582,2025,11,29,20,59,臺中市,東區,0,0,0,7,,,50,,,,,,,,,,,,,,12,,,,,B03,,,1,,9,,,84,84,2,12,4,120.689282,24.141632,3
12075,66000,387130000C,(04)23274275,(04)23288582,2025,11,29,20,59,臺中市,大里區,0,0,0,7,,,50,,,,,,,,,,,,,,12,,,,,B03,,,1,,2,,,8,8,1,12,4,120.689265,24.107581,3
12076,66000,387130000C,(04)23274275,(04)23288582,2025,11,29,21,4,臺中市,北屯區,0,0,0,7,,,50,,,,,,,,,,,,,,13,,,,,B12,,,1,,1,,,7,7,1,13,4,120.67118,24.18617,3
12077,66000,387130000C,(04)23274275,(04)23288582,2025,11,29,21,5,臺中市,西屯區,0,0,0,7,,,50,,,,,,,,,,,,,,13,,,,,B03,,,1,,1,,,7,7,1,13,4,120.657819,24.158363,3
12078,66000,387130000C,(04)23274275,(04)23288582,2025,11,29,21,12,臺中市,沙鹿區,0,2,0,7,1,6,50,3,1,1,5,4,6,6,4,4,10,5,5,2,16,3,10,3,1,B03,7,5,1,7,2,2,,84,84,1,6,4,120.574149,24.228335,2
12079,66000,387130000C,(04)23274275,(04)23288582,2025,11,29,21,14,臺中市,太平區,0,2,0,7,1,6,40,11,9,1,5,4,6,6,4,4,5,5,5,1,18,2,9,1,1,C03,7,9,1,10,2,12,,84,84,1,12,4,120.805539,24.102537,2
12080,66000,387130000C,(04)23274275,(04)23288582,2025,11,29,21,15,臺中市,潭子區,0,0,0,7,,,50,,,,,,,,,,,,,,,,,,,B03,,,1,,2,,,84,84,1,13,4,120.711921,24.212292,3
12081,66000,387130000C,(04)23274275,(04)23288582,2025,11,29,21,15,臺中市,西屯區,0,0,0,7,,,50,,,,,,,,,,,,,,12,,,,,B03,,,1,,1,,,8,8,1,12,4,120.647147,24.159138,3