序號,縣市別代碼,機關代碼,市話,傳真,年,月,日,時,分,縣市,區,死亡數量,受傷數量,2-30,天候,道路照明設備,道路類別,道路速限,道路型態,事故位置,路面鋪裝,路面狀態,路面缺陷,障礙物,視距,號誌種類,號誌動作,分向設施,快車道或一般車道間,快慢車道間,路面邊線,事故類型及型態,受傷程度,主要傷處,保護裝備,行動電話或功能裝置,當事者區分(類別),車輛用途,當事者行動狀態,駕照狀態,駕照種類,飲酒情形,車輛撞擊部位最初,車輛撞擊部位其他,肇事因素個別,肇事因素主要,肇事逃逸,職業,共享經濟或外送平台,GPS座標X,GPS座標Y,事故類別
12082,66000,387130000C,(04)23274275,(04)23288582,2025,11,29,21,17,臺中市,南區,0,1,0,7,1,6,50,3,9,1,5,4,6,6,1,1,5,2,5,2,12,3,10,3,1,B03,7,8,1,8,2,4,,40,40,1,13,4,120.654638,24.121336,2
12083,66000,387130000C,(04)23274275,(04)23288582,2025,11,29,21,23,臺中市,太平區,0,0,0,7,,,50,,,,,,,,,,,,,,9,,,,,B03,,,1,,2,,,50,50,1,12,4,120.727873,24.104663,3
12084,66000,387130000C,(04)23274275,(04)23288582,2025,11,29,21,26,臺中市,大里區,0,2,0,7,1,6,30,4,1,1,5,4,6,6,1,1,1,4,4,1,15,2,9,1,1,C03,7,9,1,9,2,12,14,21,21,1,6,4,120.665526,24.09479,2
12085,66000,387130000C,(04)23274275,(04)23288582,2025,11,29,21,27,臺中市,北區,0,1,0,7,1,6,50,13,9,1,5,4,6,6,4,4,5,4,5,2,17,3,10,5,4,B03,7,14,1,8,2,6,,77,77,1,12,4,120.677809,24.149763,2
12086,66000,387130000C,(04)23274275,(04)23288582,2025,11,29,21,35,臺中市,北屯區,0,1,0,7,1,6,50,13,9,1,5,4,6,6,4,4,1,4,5,2,12,2,9,1,1,C03,7,9,1,10,9,11,,84,84,1,12,4,120.727377,24.160297,2
12087,66000,387130000C,(04)23274275,(04)23288582,2025,11,29,21,43,臺中市,東區,0,0,0,7,,,50,,,,,,,,,,,,,,,,,,,B03,,,1,,2,,,7,7,1,12,4,120.688228,24.136186,3
12088,66000,387130000C,(04)23274275,(04)23288582,2025,11,29,21,50,臺中市,太平區,0,1,0,7,1,6,50,3,1,1,5,4,6,6,2,1,10,5,5,2,12,3,10,4,1,B03,7,15,1,8,2,2,,42,42,1,13,4,120.713203,24.125501,2
12089,66000,387130000C,(04)23274275,(04)23288582,2025,11,29,21,57,臺中市,西區,0,1,0,7,1,6,50,3,1,1,5,4,6,6,2,1,10,5,5,2,16,3,10,3,1,B03,7,5,1,8,2,6,,11,11,1,13,4,120.665359,24.143187,2
12090,66000,387130000C,(04)23274275,(04)23288582,2025,11,29,22,2,臺中市,大里區,0,0,0,7,,,30,,,,,,,,,,,,,,14,,,,,B03,,,1,,2,,,49,49,1,12,4,120.674452,24.112785,3
12091,66000,387130000C,(04)23274275,(04)23288582,2025,11,29,22,9,臺中市,西屯區,0,0,0,7,,,50,,,,,,,,,,,,,,14,,,,,B03,,,1,,1,,,84,84,1,12,4,120.628974,24.162611,3
12092,66000,387130000C,(04)23274275,(04)23288582,2025,11,29,22,10,臺中市,北區,0,0,0,7,,,50,,,,,,,,,,,,,,14,,,,,B03,,,1,,1,,,49,49,1,12,4,120.683118,24.148474,3
12093,66000,387130000C,(04)23274275,(04)23288582,2025,11,29,22,10,臺中市,南屯區,0,0,0,7,1,6,50,4,1,1,5,4,6,6,1,1,10,5,5,2,16,,,3,1,B03,7,5,1,8,2,6,,47,47,1,12,4,120.64656,24.14017,4
12094,66000,387130000C,(04)23274275,(04)23288582,2025,11,29,22,25,臺中市,沙鹿區,0,0,0,7,,,50,,,,,,,,,,,,,,13,,,,,B03,,,1,,2,,,7,7,1,12,4,120.572056,24.225998,3
12095,66000,387130000C,(04)23274275,(04)23288582,2025,11,29,22,27,臺中市,太平區,0,1,0,7,1,6,50,13,19,1,5,4,6,6,2,1,10,5,5,2,3,3,10,1,1,F03,7,9,7,21,2,11,,10,10,1,12,4,120.724944,24.149696,2
12096,66000,387130000C,(04)23274275,(04)23288582,2025,11,29,22,28,臺中市,潭子區,0,1,0,7,1,6,50,13,9,1,5,4,6,6,4,4,5,5,4,2,16,3,10,3,1,B01,7,11,1,4,2,8,,39,39,1,13,4,120.679185,24.205049,2
12097,66000,387130000C,(04)23274275,(04)23288582,2025,11,29,22,29,臺中市,大肚區,0,3,0,7,1,6,30,4,1,1,5,4,6,6,4,4,10,5,5,2,15,2,8,5,4,C03,7,9,1,10,2,11,,15,15,1,12,4,120.57966,24.174131,2
12098,66000,387130000C,(04)23274275,(04)23288582,2025,11,29,22,30,臺中市,大雅區,0,0,0,7,,,40,,,,,,,,,,,,,,,,,,,B03,,,1,,1,,,78,78,1,13,4,120.63378,24.233138,3
12099,66000,387130000C,(04)23274275,(04)23288582,2025,11,29,22,37,臺中市,南區,0,2,0,7,1,6,50,13,9,1,5,4,6,6,4,4,9,5,5,2,17,2,9,2,1,C03,7,1,1,10,2,11,,51,51,1,12,4,120.668232,24.115286,2
12100,66000,387130000C,(04)23274275,(04)23288582,2025,11,29,22,40,臺中市,大里區,0,1,0,7,1,6,50,13,9,1,5,4,6,6,4,4,5,5,5,1,13,3,10,1,1,C03,7,9,1,10,2,11,,7,7,1,6,4,120.687969,24.100739,2
12101,66000,387130000C,(04)23274275,(04)23288582,2025,11,29,22,46,臺中市,沙鹿區,0,0,0,7,,,60,,,,,,,,,,,,,,,,,,,B03,,,1,,2,,,40,40,1,6,4,120.580968,24.214567,3
12102,66000,387130000C,(04)23274275,(04)23288582,2025,11,29,22,55,臺中市,潭子區,0,0,0,7,,,60,,,,,,,,,,,,,,,,,,,B03,,,1,,2,,,84,84,1,13,4,120.702434,24.190886,3
12103,66000,387130000C,(04)23274275,(04)23288582,2025,11,29,22,57,臺中市,烏日區,0,1,0,7,1,6,30,11,9,1,5,4,6,6,4,4,10,5,5,1,18,2,9,5,4,C03,7,9,1,10,7,12,,59,59,1,13,4,120.651051,24.065559,2
12104,66000,387130000C,(04)23274275,(04)23288582,2025,11,29,23,4,臺中市,東區,0,3,0,7,1,6,50,4,1,1,5,4,6,6,1,1,10,5,5,2,16,3,10,3,1,B03,7,5,1,8,2,6,,11,11,1,6,4,120.708692,24.142722,2
12105,66000,387130000C,(04)23274275,(04)23288582,2025,11,29,23,13,臺中市,東區,0,0,0,7,,,30,,,,,,,,,,,,,,,,,,,B03,,,1,,9,,,8,8,2,6,4,120.687049,24.135367,3
12106,66000,387130000C,(04)23274275,(04)23288582,2025,11,29,23,13,臺中市,南屯區,0,1,0,7,1,6,50,3,2,1,5,4,6,6,2,1,5,4,4,2,17,3,10,2,1,C03,7,5,1,10,2,12,,47,47,1,12,4,120.585375,24.166733,2
12107,66000,387130000C,(04)23274275,(04)23288582,2025,11,29,23,21,臺中市,南屯區,0,1,0,7,1,6,60,4,1,1,5,4,6,6,2,1,3,2,5,2,17,3,10,3,1,B03,7,15,1,8,2,3,,35,35,1,12,4,120.628928,24.145016,2
12108,66000,387130000C,(04)23274275,(04)23288582,2025,11,29,23,31,臺中市,沙鹿區,0,1,0,7,1,6,50,13,9,1,5,4,6,6,4,4,9,5,5,1,18,2,8,1,1,C03,7,12,1,10,5,14,,53,53,1,6,4,120.573237,24.223518,2
12109,66000,387130000C,(04)23274275,(04)23288582,2025,11,29,23,37,臺中市,大雅區,0,0,0,7,,,50,,,,,,,,,,,,,,,,,,,B03,,,1,,1,,,39,39,1,13,4,120.656891,24.222909,3
12110,66000,387130000C,(04)23274275,(04)23288582,2025,11,30,0,7,臺中市,西區,0,0,0,7,,,50,,,,,,,,,,,,,,,,,,,B03,,,1,,1,,,7,7,1,12,4,120.656361,24.155923,3
12111,66000,387130000C,(04)23274275,(04)23288582,2025,11,30,0,12,臺中市,西屯區,0,1,0,7,3,6,30,4,1,1,5,4,6,6,4,4,10,5,5,2,15,2,9,5,4,C03,7,9,1,10,2,12,,15,15,1,12,4,120.644476,24.178565,2
12112,66000,387130000C,(04)23274275,(04)23288582,2025,11,30,0,15,臺中市,南屯區,0,1,0,7,1,6,50,4,1,1,5,4,6,6,3,1,10,5,5,2,15,3,10,3,1,B03,7,9,1,8,2,8,,20,20,1,12,4,120.650005,24.132045,2
12113,66000,387130000C,(04)23274275,(04)23288582,2025,11,30,1,23,臺中市,北屯區,0,1,0,7,1,6,50,4,1,1,5,4,6,6,1,1,10,5,5,2,15,2,9,1,1,C03,7,9,1,10,2,12,,21,21,1,6,4,120.722506,24.176106,2
12114,66000,387130000C,(04)23274275,(04)23288582,2025,11,30,1,24,臺中市,西區,0,0,0,7,,,50,,,,,,,,,,,,,,13,,,,,B01,,,1,,1,,,59,59,1,13,4,120.66227,24.155177,3
12115,66000,387130000C,(04)23274275,(04)23288582,2025,11,30,1,30,臺中市,北屯區,0,0,0,7,,,30,,,,,,,,,,,,,,,,,,,B03,,,1,,1,,,49,49,1,6,4,120.747729,24.19398,3
12116,66000,387130000C,(04)23274275,(04)23288582,2025,11,30,1,36,臺中市,南屯區,0,0,0,7,,,50,,,,,,,,,,,,,,,,,,,B03,,,1,,2,,,59,59,1,12,4,120.634611,24.130804,3
12117,66000,387130000C,(04)23274275,(04)23288582,2025,11,30,2,38,臺中市,太平區,0,0,0,7,,,50,,,,,,,,,,,,,,12,,,,,B03,,,1,,9,,,1,1,1,12,4,120.724486,24.149171,3
12118,66000,387130000C,(04)23274275,(04)23288582,2025,11,30,2,51,臺中市,北區,0,0,0,7,,,30,,,,,,,,,,,,,,15,,,,,C03,,,3,,1,,,12,12,1,12,4,120.668245,24.172822,4
12119,66000,387130000C,(04)23274275,(04)23288582,2025,11,30,3,8,臺中市,中區,0,0,0,7,,,50,,,,,,,,,,,,,,,,,,,A04,,,1,,1,,,84,84,1,12,4,120.684406,24.142238,3
12120,66000,387130000C,(04)23274275,(04)23288582,2025,11,30,3,22,臺中市,中區,0,0,0,7,,,50,,,,,,,,,,,,,,12,,,,,B03,,,1,,1,,,40,40,1,13,4,120.682011,24.142926,3
12121,66000,387130000C,(04)23274275,(04)23288582,2025,11,30,3,30,臺中市,霧峰區,0,2,0,7,1,6,50,12,9,1,5,4,6,6,4,4,5,5,5,1,13,2,8,1,1,C03,7,9,1,10,2,11,,84,84,1,6,4,120.704703,24.059359,2
12122,66000,387130000C,(04)23274275,(04)23288582,2025,11,30,4,57,臺中市,太平區,0,0,0,7,,,50,,,,,,,,,,,,,,17,,,,,F03,,,7,,10,,,59,59,2,12,4,120.701181,24.153,3
12123,66000,387130000C,(04)23274275,(04)23288582,2025,11,30,5,14,臺中市,西屯區,0,0,0,7,,,50,,,,,,,,,,,,,,15,,,,,B12,,,1,,2,,,20,20,1,13,4,120.648816,24.194077,3
12124,66000,387130000C,(04)23274275,(04)23288582,2025,11,30,5,45,臺中市,豐原區,0,2,0,7,1,6,60,13,14,1,5,4,6,6,4,4,1,5,4,1,12,2,9,3,1,B03,7,9,1,8,2,5,,59,59,1,12,4,120.737476,24.252914,2
12125,66000,387130000C,(04)23274275,(04)23288582,2025,11,30,5,50,臺中市,北區,0,0,0,7,,,50,,,,,,,,,,,,,,17,,,,,C03,,,1,,2,,,59,59,1,13,4,120.68853,24.164943,3
12126,66000,387130000C,(04)23274275,(04)23288582,2025,11,30,6,4,臺中市,北屯區,0,0,0,7,,,50,,,,,,,,,,,,,,13,,,,,B02,,,1,,2,,,59,59,1,6,4,120.710992,24.174791,3
12127,66000,387130000C,(04)23274275,(04)23288582,2025,11,30,6,35,臺中市,西區,0,2,0,7,1,6,50,4,1,1,5,4,6,6,4,4,10,5,5,2,17,2,9,5,4,C03,7,9,1,10,2,14,,15,15,1,12,4,120.668462,24.136167,2
12128,66000,387130000C,(04)23274275,(04)23288582,2025,11,30,6,45,臺中市,北屯區,0,0,0,7,,,50,,,,,,,,,,,,,,,,,,,A41,,,1,,2,,,58,58,1,6,4,120.715149,24.164191,3
12129,66000,387130000C,(04)23274275,(04)23288582,2025,11,30,6,53,臺中市,北區,0,1,0,7,2,6,50,4,1,1,5,4,6,6,1,1,5,4,5,2,16,3,10,3,1,B01,7,6,1,3,2,2,,48,48,1,12,4,120.67357,24.166818,2
12130,66000,387130000C,(04)23274275,(04)23288582,2025,11,30,6,56,臺中市,清水區,0,1,0,7,2,6,40,13,7,1,5,4,6,6,4,4,1,2,4,2,16,3,10,3,1,B03,7,8,1,8,2,8,,40,40,1,13,4,120.577114,24.274803,2
12131,66000,387130000C,(04)23274275,(04)23288582,2025,11,30,6,57,臺中市,神岡區,0,0,0,7,,,40,,,,,,,,,,,,,,17,,,,,B03,,,1,,2,,,45,45,1,12,4,120.673949,24.268224,3
12132,66000,387130000C,(04)23274275,(04)23288582,2025,11,30,7,2,臺中市,東區,0,1,0,7,2,6,50,13,7,1,5,4,6,6,4,4,5,5,4,2,17,2,9,2,1,C03,7,8,1,10,2,14,,85,85,1,12,4,120.69315,24.140356,2
12133,66000,387130000C,(04)23274275,(04)23288582,2025,11,30,7,5,臺中市,大雅區,0,1,0,7,1,6,30,4,2,1,5,4,6,6,4,4,10,5,5,1,17,3,10,1,1,C03,7,4,1,10,2,11,,1,1,1,13,4,120.667226,24.221319,2
12134,66000,387130000C,(04)23274275,(04)23288582,2025,11,30,7,12,臺中市,大里區,0,1,0,7,2,6,50,3,2,1,5,4,6,6,4,4,3,4,4,1,17,3,10,3,1,B01,7,9,1,4,2,2,,84,84,1,12,4,120.670189,24.111182,2
12135,66000,387130000C,(04)23274275,(04)23288582,2025,11,30,7,23,臺中市,沙鹿區,0,1,0,7,2,6,50,13,9,1,5,4,6,6,4,4,5,5,5,1,17,2,8,1,1,C03,7,9,1,10,2,11,,59,59,1,6,4,120.567378,24.242697,2
12136,66000,387130000C,(04)23274275,(04)23288582,2025,11,30,7,28,臺中市,南屯區,0,1,0,7,2,6,50,13,9,1,5,4,6,6,4,4,9,4,5,2,12,3,10,3,1,B03,7,15,1,8,2,4,,76,76,1,12,4,120.638938,24.142192,2
12137,66000,387130000C,(04)23274275,(04)23288582,2025,11,30,7,35,臺中市,南屯區,0,1,0,7,3,6,50,13,9,1,5,4,6,6,4,4,9,5,5,2,12,2,9,1,1,C03,7,1,3,19,2,12,,51,51,1,12,4,120.649115,24.147374,2
12138,66000,387130000C,(04)23274275,(04)23288582,2025,11,30,7,38,臺中市,中區,0,0,0,7,,,50,,,,,,,,,,,,,,13,,,,,C03,,,1,,1,,,7,7,1,12,4,120.679497,24.142426,3
12139,66000,387130000C,(04)23274275,(04)23288582,2025,11,30,7,38,臺中市,北屯區,0,3,0,7,2,6,50,13,9,1,5,4,6,6,2,1,2,4,5,2,13,2,9,1,1,C03,7,9,1,10,2,11,,37,37,1,12,4,120.69126,24.162947,2
12140,66000,387130000C,(04)23274275,(04)23288582,2025,11,30,7,40,臺中市,太平區,0,3,0,7,2,6,50,4,4,1,5,4,6,4,1,1,5,4,4,2,13,2,8,2,1,C03,7,9,1,10,2,11,,84,84,1,13,4,120.722525,24.142371,2
12141,66000,387130000C,(04)23274275,(04)23288582,2025,11,30,7,40,臺中市,大甲區,0,0,0,7,,,50,,,,,,,,,,,,,,35,,,,,B03,,,1,,2,,,49,49,1,12,4,120.627748,24.346823,3
12142,66000,387130000C,(04)23274275,(04)23288582,2025,11,30,7,45,臺中市,太平區,0,3,0,7,2,6,50,13,9,1,5,4,6,6,4,4,5,5,5,1,2,2,9,2,1,C03,7,9,1,10,2,11,12,39,39,1,12,4,120.737752,24.157051,2
12143,66000,387130000C,(04)23274275,(04)23288582,2025,11,30,7,47,臺中市,北屯區,0,0,0,7,,,50,,,,,,,,,,,,,,17,,,,,B03,,,1,,1,,,56,56,1,6,4,120.686123,24.183653,3
12144,66000,387130000C,(04)23274275,(04)23288582,2025,11,30,7,49,臺中市,太平區,0,2,0,7,2,6,50,4,4,1,5,4,6,6,1,1,1,4,5,2,13,2,8,2,1,C03,7,9,1,10,2,14,,84,84,1,13,4,120.712193,24.144456,2
12145,66000,387130000C,(04)23274275,(04)23288582,2025,11,30,7,53,臺中市,北屯區,0,2,0,7,3,6,30,4,1,1,5,4,6,6,4,4,10,5,5,2,15,2,9,1,1,C03,7,9,1,10,2,11,,15,15,1,6,4,120.701863,24.167552,2
12146,66000,387130000C,(04)23274275,(04)23288582,2025,11,30,8,2,臺中市,中區,0,1,0,7,2,6,50,13,9,1,5,4,6,6,1,1,5,2,5,2,17,3,10,1,1,C03,7,8,1,10,2,16,,35,35,1,13,4,120.683667,24.141512,2
12147,66000,387130000C,(04)23274275,(04)23288582,2025,11,30,8,2,臺中市,豐原區,0,1,0,7,3,6,50,3,1,1,5,4,6,6,2,1,1,4,4,1,17,3,10,5,4,B03,7,11,1,8,2,4,,44,44,1,12,4,120.718107,24.257248,2
12148,66000,387130000C,(04)23274275,(04)23288582,2025,11,30,8,5,臺中市,北屯區,0,0,0,7,,,50,,,,,,,,,,,,,,,,,,,B03,,,1,,1,,,59,59,1,12,4,120.730685,24.174334,3
12149,66000,387130000C,(04)23274275,(04)23288582,2025,11,30,8,25,臺中市,清水區,0,2,0,7,3,6,50,4,1,1,5,4,6,6,1,1,1,4,5,1,15,2,9,3,1,B03,7,9,1,8,2,4,,21,21,1,12,4,120.561052,24.267265,2
12150,66000,387130000C,(04)23274275,(04)23288582,2025,11,30,8,30,臺中市,大雅區,0,1,0,7,3,6,0,3,1,1,5,4,6,6,4,4,10,5,5,2,17,3,10,5,4,B03,7,1,1,8,2,8,,20,20,1,13,4,120.658795,24.230572,2
12151,66000,387130000C,(04)23274275,(04)23288582,2025,11,30,8,30,臺中市,西屯區,0,2,0,7,2,6,50,3,2,1,5,4,6,6,4,4,10,5,5,2,12,2,9,1,1,C03,7,1,1,10,2,14,,51,51,1,13,4,120.613089,24.191092,2
12152,66000,387130000C,(04)23274275,(04)23288582,2025,11,30,8,43,臺中市,中區,0,2,0,7,2,6,50,4,1,1,5,4,6,6,2,1,10,4,5,2,12,2,8,1,1,C03,7,15,1,10,2,14,,42,42,1,12,4,120.682065,24.142897,2
12153,66000,387130000C,(04)23274275,(04)23288582,2025,11,30,8,55,臺中市,北區,0,0,0,7,2,6,50,13,9,1,5,4,6,6,4,4,1,4,5,1,13,3,10,3,1,B03,7,9,1,8,2,1,,58,58,1,12,4,120.678459,24.163184,3
12154,66000,387130000C,(04)23274275,(04)23288582,2025,11,30,8,55,臺中市,大里區,0,0,0,7,,,40,,,,,,,,,,,,,,17,,,,,C03,,,1,,11,,,84,84,2,13,4,120.699364,24.09249,3
12155,66000,387130000C,(04)23274275,(04)23288582,2025,11,30,8,56,臺中市,大里區,0,0,0,7,,,50,,,,,,,,,,,,,,,,,,,B03,,,1,,2,,,50,50,1,13,4,120.702536,24.098515,3
12156,66000,387130000C,(04)23274275,(04)23288582,2025,11,30,9,0,臺中市,豐原區,0,1,0,7,1,6,50,4,1,1,5,4,6,6,4,4,5,4,5,1,17,2,9,1,1,C03,7,9,1,10,2,11,,7,7,1,6,4,120.718799,24.252518,2
12157,66000,387130000C,(04)23274275,(04)23288582,2025,11,30,9,1,臺中市,西區,0,0,0,7,,,50,,,,,,,,,,,,,,9,,,,,B03,,,1,,1,,,50,50,1,12,4,120.669688,24.14898,3
12158,66000,387130000C,(04)23274275,(04)23288582,2025,11,30,9,7,臺中市,北屯區,0,0,0,7,,,50,,,,,,,,,,,,,,17,,,,,B03,,,1,,1,,,51,51,1,12,4,120.71193,24.176783,3
12159,66000,387130000C,(04)23274275,(04)23288582,2025,11,30,9,8,臺中市,梧棲區,0,2,0,7,1,6,50,4,1,1,5,4,6,6,1,1,10,5,5,2,15,2,9,1,1,C03,7,9,1,10,2,12,,21,21,1,12,4,120.542135,24.240709,2
12160,66000,387130000C,(04)23274275,(04)23288582,2025,11,30,9,8,臺中市,豐原區,0,1,0,6,2,6,50,13,9,1,5,4,6,6,4,4,5,4,5,2,12,2,9,5,4,F03,7,9,7,21,2,14,,8,8,1,13,4,120.699839,24.235288,2
12161,66000,387130000C,(04)23274275,(04)23288582,2025,11,30,9,10,臺中市,后里區,0,0,0,7,3,6,50,13,9,1,5,4,6,6,4,4,5,5,5,2,13,3,10,3,1,B03,7,9,1,8,2,1,,59,59,1,6,4,120.698745,24.318046,3
12162,66000,387130000C,(04)23274275,(04)23288582,2025,11,30,9,12,臺中市,神岡區,0,0,0,7,,,50,,,,,,,,,,,,,,13,,,,,C03,,,1,,2,,,7,7,1,12,2,120.711905,24.257395,3
12163,66000,387130000C,(04)23274275,(04)23288582,2025,11,30,9,15,臺中市,烏日區,0,2,0,7,2,6,40,13,12,1,5,4,6,6,4,4,1,4,4,2,17,2,8,1,1,C03,7,9,1,10,2,13,,85,85,1,6,4,120.652126,24.101372,2
12164,66000,387130000C,(04)23274275,(04)23288582,2025,11,30,9,16,臺中市,南區,0,2,0,7,3,6,50,13,8,1,5,4,6,6,4,4,1,4,4,2,17,3,10,2,1,C03,7,9,1,10,2,16,,68,68,1,12,4,120.650684,24.1199,2
12165,66000,387130000C,(04)23274275,(04)23288582,2025,11,30,9,17,臺中市,西屯區,0,0,0,7,,,50,,,,,,,,,,,,,,13,,,,,B03,,,1,,1,,,7,7,1,12,4,120.616364,24.190958,3
12166,66000,387130000C,(04)23274275,(04)23288582,2025,11,30,9,25,臺中市,大里區,0,0,0,7,,3,80,,,,,,,,,,,,,,13,,,,,B03,,,3,,2,,,7,7,1,13,4,120.68272,24.083207,3
12167,66000,387130000C,(04)23274275,(04)23288582,2025,11,30,9,28,臺中市,大里區,0,0,0,7,,3,80,,,,,,,,,,,,,,,,,,,B03,,,1,,1,,,7,7,1,13,4,120.682736,24.083383,3
12168,66000,387130000C,(04)23274275,(04)23288582,2025,11,30,9,30,臺中市,大雅區,0,1,0,7,1,6,30,3,2,1,5,4,6,6,4,4,10,5,5,1,17,3,10,3,1,B03,7,5,1,8,2,1,,14,14,1,13,4,120.647271,24.236394,2
12169,66000,387130000C,(04)23274275,(04)23288582,2025,11,30,9,38,臺中市,西區,0,0,0,7,,,50,,,,,,,,,,,,,,13,,,,,B03,,,1,,2,,,84,84,1,13,4,120.657364,24.143944,3
12170,66000,387130000C,(04)23274275,(04)23288582,2025,11,30,9,40,臺中市,北屯區,0,0,0,7,,,50,,,,,,,,,,,,,,13,,,,,C03,,,1,,1,,,7,7,1,6,4,120.731012,24.177325,3
12171,66000,387130000C,(04)23274275,(04)23288582,2025,11,30,9,45,臺中市,豐原區,0,3,0,7,3,6,50,3,1,1,5,4,6,6,2,1,1,4,5,1,16,2,9,1,4,C03,7,6,1,10,2,11,,11,11,1,12,4,120.718107,24.257248,2
12172,66000,387130000C,(04)23274275,(04)23288582,2025,11,30,9,48,臺中市,東區,0,2,0,7,2,6,50,4,1,1,5,4,6,6,1,1,9,4,4,2,17,2,9,1,1,C03,7,6,1,10,2,14,,48,48,1,12,4,120.696713,24.142137,2
12173,66000,387130000C,(04)23274275,(04)23288582,2025,11,30,9,56,臺中市,潭子區,0,0,0,7,,,50,,,,,,,,,,,,,,13,,,,,B03,,,1,,2,,,59,59,1,13,4,120.703918,24.201078,3
12174,66000,387130000C,(04)23274275,(04)23288582,2025,11,30,9,59,臺中市,太平區,0,1,0,7,3,6,30,3,1,1,5,4,6,6,4,4,10,5,5,2,16,3,10,2,1,C03,7,6,1,10,2,13,,13,13,1,12,4,120.727765,24.134498,2
12175,66000,387130000C,(04)23274275,(04)23288582,2025,11,30,10,0,臺中市,烏日區,0,0,0,7,,,50,,,,,,,,,,,,,,,,,,,B12,,,1,,2,,,59,59,1,6,4,120.621426,24.106601,3
12176,66000,387130000C,(04)23274275,(04)23288582,2025,11,30,10,1,臺中市,梧棲區,0,2,0,7,2,6,50,4,1,1,5,4,6,6,1,1,10,5,5,1,16,3,10,3,1,B03,7,6,1,8,2,1,,48,48,1,12,4,120.533488,24.231665,2
12177,66000,387130000C,(04)23274275,(04)23288582,2025,11,30,10,5,臺中市,北屯區,0,2,0,7,3,6,50,4,1,1,5,4,6,6,3,1,10,5,5,2,15,2,9,2,1,C03,7,9,1,10,2,11,,24,24,1,6,4,120.697831,24.164133,2
12178,66000,387130000C,(04)23274275,(04)23288582,2025,11,30,10,11,臺中市,北屯區,0,0,0,7,,,30,,,,,,,,,,,,,,12,,,,,F01,,,7,,2,,,59,59,1,12,4,120.683978,24.194162,3
12179,66000,387130000C,(04)23274275,(04)23288582,2025,11,30,10,11,臺中市,大甲區,0,1,0,7,2,6,50,13,7,1,5,4,6,6,4,4,5,5,4,2,16,3,10,3,1,B03,7,1,1,8,2,8,,51,51,1,6,4,120.627628,24.348115,2
12180,66000,387130000C,(04)23274275,(04)23288582,2025,11,30,10,16,臺中市,太平區,0,1,0,7,3,6,50,4,1,1,5,4,6,6,2,1,10,5,5,2,30,2,9,1,1,C03,7,9,1,10,2,11,,6,6,1,12,4,120.711206,24.149784,2
12181,66000,387130000C,(04)23274275,(04)23288582,2025,11,30,10,20,臺中市,烏日區,0,1,0,7,2,6,30,3,1,1,5,4,6,6,4,4,10,5,5,2,17,2,9,5,4,C03,7,1,3,19,2,11,,51,51,1,6,4,120.603385,24.108695,2
12182,66000,387130000C,(04)23274275,(04)23288582,2025,11,30,10,20,臺中市,龍井區,0,0,0,7,,,30,,,,,,,,,,,,,,,,,,,B03,,,1,,10,,,85,85,1,12,4,120.503096,24.201455,3
12183,66000,387130000C,(04)23274275,(04)23288582,2025,11,30,10,20,臺中市,豐原區,0,1,0,7,1,6,50,3,1,1,5,4,6,6,4,4,5,4,4,2,17,3,10,1,1,C03,7,1,1,10,1,11,,51,51,1,6,4,120.710654,24.239525,2
12184,66000,387130000C,(04)23274275,(04)23288582,2025,11,30,10,24,臺中市,東區,0,0,0,7,,,50,,,,,,,,,,,,,,24,,,,,C04,,,1,,2,,,82,82,1,13,4,120.688521,24.139731,4
12185,66000,387130000C,(04)23274275,(04)23288582,2025,11,30,10,25,臺中市,北屯區,0,0,0,7,,,50,,,,,,,,,,,,,,13,,,,,C03,,,1,,1,,,7,7,1,12,4,120.708665,24.188511,3
12186,66000,387130000C,(04)23274275,(04)23288582,2025,11,30,10,27,臺中市,新社區,0,1,0,7,2,6,50,13,9,1,5,4,6,6,4,4,9,5,5,1,17,3,10,3,1,B03,7,11,1,8,2,4,,84,84,1,12,4,120.79579,24.217773,2
12187,66000,387130000C,(04)23274275,(04)23288582,2025,11,30,10,30,臺中市,北區,0,2,0,7,3,6,50,4,2,1,5,4,6,6,1,1,5,4,4,2,13,2,9,5,4,C03,7,9,1,10,2,11,,7,7,1,13,4,120.66781,24.163129,2
12188,66000,387130000C,(04)23274275,(04)23288582,2025,11,30,10,31,臺中市,龍井區,0,0,0,7,,,50,,,,,,,,,,,,,,,,,,,B03,,,1,,1,,,49,49,1,6,4,120.522542,24.193812,3
12189,66000,387130000C,(04)23274275,(04)23288582,2025,11,30,10,34,臺中市,北屯區,0,0,0,7,,3,40,,,,,,,,,,,,,,13,,,,,B03,,,1,,2,,,7,7,1,12,4,120.721889,24.185146,3
12190,66000,387130000C,(04)23274275,(04)23288582,2025,11,30,10,45,臺中市,西屯區,0,0,0,7,,,50,,,,,,,,,,,,,,13,,,,,B03,,,1,,1,,,78,78,1,12,4,120.654906,24.200758,3
12191,66000,387130000C,(04)23274275,(04)23288582,2025,11,30,10,46,臺中市,大里區,0,2,0,7,2,6,40,13,8,1,5,4,6,6,4,4,3,4,3,1,17,2,9,1,1,C03,7,9,1,10,2,11,,58,58,1,13,4,120.688781,24.093979,2