序號,縣市別代碼,機關代碼,市話,傳真,年,月,日,時,分,縣市,區,死亡數量,受傷數量,2-30,天候,道路照明設備,道路類別,道路速限,道路型態,事故位置,路面鋪裝,路面狀態,路面缺陷,障礙物,視距,號誌種類,號誌動作,分向設施,快車道或一般車道間,快慢車道間,路面邊線,事故類型及型態,受傷程度,主要傷處,保護裝備,行動電話或功能裝置,當事者區分(類別),車輛用途,當事者行動狀態,駕照狀態,駕照種類,飲酒情形,車輛撞擊部位最初,車輛撞擊部位其他,肇事因素個別,肇事因素主要,肇事逃逸,職業,共享經濟或外送平台,GPS座標X,GPS座標Y,事故類別
12192,66000,387130000C,(04)23274275,(04)23288582,2025,11,30,10,50,臺中市,南屯區,0,0,0,7,3,6,50,13,9,1,5,4,6,6,1,1,5,5,5,2,11,,,,,A12,,,1,,1,,,8,8,1,12,4,120.647397,24.147748,3
12193,66000,387130000C,(04)23274275,(04)23288582,2025,11,30,10,51,臺中市,南屯區,0,1,0,7,2,6,50,13,8,1,5,4,6,6,4,4,5,5,4,2,14,3,10,3,1,B03,7,2,1,8,2,3,,49,49,1,13,4,120.63636,24.148632,2
12194,66000,387130000C,(04)23274275,(04)23288582,2025,11,30,10,51,臺中市,豐原區,0,1,0,7,2,6,40,3,2,1,5,4,6,6,1,1,5,5,4,2,17,3,10,5,4,B03,7,14,1,8,2,6,,84,84,1,13,4,120.705878,24.251779,2
12195,66000,387130000C,(04)23274275,(04)23288582,2025,11,30,10,54,臺中市,豐原區,0,0,0,7,,,50,,,,,,,,,,,,,,17,,,,,F01,,,7,,2,,,84,84,1,12,4,120.729061,24.24638,4
12196,66000,387130000C,(04)23274275,(04)23288582,2025,11,30,10,55,臺中市,南屯區,0,0,0,7,,,50,,,,,,,,,,,,,,13,,,,,C03,,,1,,1,,,7,7,1,12,4,120.646853,24.140767,3
12197,66000,387130000C,(04)23274275,(04)23288582,2025,11,30,11,4,臺中市,大里區,0,1,0,7,2,6,50,13,9,1,5,4,6,6,4,4,10,5,5,1,21,2,9,2,1,C03,7,9,1,10,2,11,,54,54,1,13,4,120.71705,24.084676,2
12198,66000,387130000C,(04)23274275,(04)23288582,2025,11,30,11,9,臺中市,霧峰區,0,2,0,7,2,6,50,3,2,1,5,4,6,6,1,1,10,5,5,1,17,2,9,1,1,C03,7,9,1,10,2,11,,4,4,1,13,4,120.699008,24.066963,2
12199,66000,387130000C,(04)23274275,(04)23288582,2025,11,30,11,11,臺中市,東區,0,0,0,7,,,50,,,,,,,,,,,,,,16,,,,,B03,,,1,,1,,,11,11,1,12,4,120.696502,24.138866,3
12200,66000,387130000C,(04)23274275,(04)23288582,2025,11,30,11,11,臺中市,北屯區,0,0,0,7,,,50,,,,,,,,,,,,,,13,,,,,B03,,,1,,2,,,59,59,1,6,4,120.668279,24.200821,3
12201,66000,387130000C,(04)23274275,(04)23288582,2025,11,30,11,12,臺中市,西區,0,3,0,7,2,6,50,4,2,1,5,4,6,6,4,4,8,5,5,2,13,2,9,2,1,C03,7,9,1,10,2,11,12,7,7,1,12,4,120.664357,24.14903,2
12202,66000,387130000C,(04)23274275,(04)23288582,2025,11,30,11,12,臺中市,大甲區,0,1,0,7,3,6,70,5,1,1,5,4,6,6,1,1,10,5,5,2,16,3,10,3,1,B03,7,5,1,8,2,2,,84,84,1,6,4,120.61814,24.33879,2
12203,66000,387130000C,(04)23274275,(04)23288582,2025,11,30,11,13,臺中市,西屯區,0,1,0,7,2,6,50,4,1,1,5,4,6,6,1,1,8,4,4,1,16,2,9,5,4,B03,7,6,1,8,2,2,,11,11,1,13,4,120.624893,24.179818,2
12204,66000,387130000C,(04)23274275,(04)23288582,2025,11,30,11,15,臺中市,北屯區,0,0,0,7,,,50,,,,,,,,,,,,,,13,,,,,C03,,,1,,1,,,7,7,1,12,4,120.701425,24.18008,3
12205,66000,387130000C,(04)23274275,(04)23288582,2025,11,30,11,15,臺中市,太平區,0,1,0,7,2,6,30,11,9,1,5,4,6,6,4,4,5,5,5,1,18,2,9,1,1,F01,7,9,7,21,9,14,,84,84,1,12,4,120.817773,24.088996,2
12206,66000,387130000C,(04)23274275,(04)23288582,2025,11,30,11,16,臺中市,中區,0,1,0,7,2,6,30,4,1,1,5,4,6,6,4,4,10,5,5,2,17,2,9,2,1,C03,7,9,1,9,2,11,,20,20,1,12,4,120.679751,24.147071,2
12207,66000,387130000C,(04)23274275,(04)23288582,2025,11,30,11,20,臺中市,豐原區,0,2,0,7,1,6,30,3,1,1,5,4,6,6,4,4,10,5,5,2,17,2,9,1,1,C03,7,9,1,10,2,14,,84,84,1,6,4,120.715583,24.243715,2
12208,66000,387130000C,(04)23274275,(04)23288582,2025,11,30,11,25,臺中市,太平區,0,1,0,7,2,6,50,4,1,1,5,4,6,6,1,1,10,5,5,2,13,3,10,2,1,C03,7,9,1,10,2,11,,7,7,1,13,4,120.711492,24.149869,2
12209,66000,387130000C,(04)23274275,(04)23288582,2025,11,30,11,26,臺中市,西屯區,0,0,0,7,2,6,40,13,8,1,5,4,6,6,4,4,1,5,1,2,13,,,,,C03,,,1,,2,,,7,7,1,12,4,120.654147,24.160396,3
12210,66000,387130000C,(04)23274275,(04)23288582,2025,11,30,11,29,臺中市,石岡區,0,1,0,7,2,6,40,13,8,1,5,4,6,6,4,4,1,4,4,1,13,3,10,5,4,A05,7,13,1,2,1,7,,77,77,1,13,4,120.79019,24.273499,2
12211,66000,387130000C,(04)23274275,(04)23288582,2025,11,30,11,31,臺中市,東區,0,1,0,7,2,6,50,3,9,1,5,4,6,6,4,4,9,4,4,2,30,2,9,1,1,C03,7,9,1,10,2,16,,7,7,1,12,4,120.699861,24.14237,2
12212,66000,387130000C,(04)23274275,(04)23288582,2025,11,30,11,32,臺中市,潭子區,0,1,0,7,2,6,50,4,2,1,5,4,6,6,1,1,5,4,4,1,17,2,8,1,1,C03,7,8,1,10,2,14,,40,40,1,13,4,120.706842,24.211422,2
12213,66000,387130000C,(04)23274275,(04)23288582,2025,11,30,11,38,臺中市,中區,0,1,0,7,2,6,30,3,1,1,5,4,6,6,4,4,9,4,5,2,17,2,7,1,1,C03,7,6,1,10,2,12,,38,38,1,12,4,120.679867,24.142024,2
12214,66000,387130000C,(04)23274275,(04)23288582,2025,11,30,11,48,臺中市,大甲區,0,0,0,7,,,50,,,,,,,,,,,,,,17,,,,,B12,,,1,,2,,,84,84,1,12,4,120.627601,24.3471,3
12215,66000,387130000C,(04)23274275,(04)23288582,2025,11,30,11,48,臺中市,神岡區,0,1,0,7,2,6,50,4,1,1,5,4,6,6,1,1,10,5,5,2,16,2,9,5,4,C03,7,9,1,10,2,11,,84,84,1,12,4,120.682555,24.243513,2
12216,66000,387130000C,(04)23274275,(04)23288582,2025,11,30,11,49,臺中市,西區,0,0,0,7,,,50,,,,,,,,,,,,,,,,,,,C03,,,1,10,1,,,7,7,1,13,4,120.658212,24.151044,3
12217,66000,387130000C,(04)23274275,(04)23288582,2025,11,30,11,50,臺中市,西區,0,0,0,7,,,50,,,,,,,,,,,,,,,,,,,B03,,,1,,1,,,50,50,1,12,4,120.679712,24.136661,3
12218,66000,387130000C,(04)23274275,(04)23288582,2025,11,30,11,50,臺中市,西屯區,0,1,0,7,2,6,50,13,9,1,5,4,6,6,2,1,1,3,5,1,13,2,9,2,1,C03,7,9,1,10,2,11,,59,59,1,12,4,120.623289,24.182815,2
12219,66000,387130000C,(04)23274275,(04)23288582,2025,11,30,11,51,臺中市,北屯區,0,1,0,7,3,6,50,4,1,1,5,4,6,6,1,1,10,5,5,2,18,2,9,2,1,C03,7,14,1,10,2,12,,54,54,1,6,4,120.671429,24.174031,2
12220,66000,387130000C,(04)23274275,(04)23288582,2025,11,30,11,54,臺中市,龍井區,0,2,0,7,2,6,50,3,1,1,5,4,6,6,4,4,5,5,5,2,16,2,7,2,1,C03,7,5,5,19,2,12,,8,8,1,6,4,120.586204,24.187126,2
12221,66000,387130000C,(04)23274275,(04)23288582,2025,11,30,11,55,臺中市,大雅區,0,0,0,7,,,30,,,,,,,,,,,,,,,,,,,B03,,,1,,2,,,49,49,1,12,4,120.658461,24.222004,3
12222,66000,387130000C,(04)23274275,(04)23288582,2025,11,30,11,58,臺中市,北屯區,0,1,0,7,2,6,50,4,1,1,5,4,6,6,4,4,10,5,5,2,17,3,10,1,1,C03,7,9,1,10,2,12,,6,6,1,12,4,120.69267,24.178207,2
12223,66000,387130000C,(04)23274275,(04)23288582,2025,11,30,12,2,臺中市,烏日區,0,0,0,7,,,50,,,,,,,,,,,,,,17,,,,,C03,,,1,,1,,,7,7,1,6,4,120.609357,24.112785,3
12224,66000,387130000C,(04)23274275,(04)23288582,2025,11,30,12,3,臺中市,神岡區,0,1,0,7,1,6,60,3,1,1,5,4,6,6,1,1,1,4,5,1,13,2,9,1,4,C03,7,9,1,10,2,12,,7,7,1,12,4,120.683324,24.246707,2
12225,66000,387130000C,(04)23274275,(04)23288582,2025,11,30,12,6,臺中市,北區,0,0,0,7,,,50,,,,,,,,,,,,,,,,,,,C03,,,1,,1,,,8,8,1,12,4,120.664063,24.162151,3
12226,66000,387130000C,(04)23274275,(04)23288582,2025,11,30,12,11,臺中市,南屯區,0,0,0,7,,,40,,,,,,,,,,,,,,,,,,,B12,,,1,,2,,,49,49,1,13,4,120.633279,24.150035,3
12227,66000,387130000C,(04)23274275,(04)23288582,2025,11,30,12,14,臺中市,北區,0,0,0,7,2,6,50,13,9,1,5,4,6,,4,4,5,4,5,2,17,3,10,3,1,B12,7,1,1,8,1,5,,51,51,1,12,4,120.68216,24.15434,3
12228,66000,387130000C,(04)23274275,(04)23288582,2025,11,30,12,14,臺中市,南區,0,2,0,7,2,6,50,4,1,1,5,4,6,6,1,1,10,5,5,2,13,2,7,2,1,C03,7,5,3,19,2,13,,87,87,1,13,4,120.663332,24.11973,2
12229,66000,387130000C,(04)23274275,(04)23288582,2025,11,30,12,20,臺中市,霧峰區,0,1,0,7,2,6,50,4,1,1,5,4,6,6,1,1,10,5,5,1,17,2,9,1,1,C03,7,6,1,10,2,14,,36,36,1,13,4,120.693298,24.058708,2
12230,66000,387130000C,(04)23274275,(04)23288582,2025,11,30,12,23,臺中市,神岡區,0,1,0,7,1,6,30,11,9,1,5,4,6,5,4,4,10,5,5,1,17,2,9,5,4,C03,7,9,1,10,2,16,,59,59,1,12,4,120.645707,24.246002,2
12231,66000,387130000C,(04)23274275,(04)23288582,2025,11,30,12,28,臺中市,西屯區,0,0,0,7,,,50,,,,,,,,,,,,,,12,,,,,B03,,,1,,1,,,51,51,1,12,4,120.637671,24.167086,3
12232,66000,387130000C,(04)23274275,(04)23288582,2025,11,30,12,30,臺中市,北屯區,0,0,0,7,,,50,,,,,,,,,,,,,,17,,,,,B03,,,3,,1,,,84,84,1,6,4,120.692188,24.169009,3
12233,66000,387130000C,(04)23274275,(04)23288582,2025,11,30,12,38,臺中市,烏日區,0,2,0,7,2,6,70,3,1,1,5,4,6,6,2,1,10,5,5,2,12,2,3,3,1,B03,7,5,1,8,2,2,7,47,47,1,6,4,120.592951,24.113017,2
12234,66000,387130000C,(04)23274275,(04)23288582,2025,11,30,12,43,臺中市,南屯區,0,1,0,7,2,6,50,4,2,1,5,4,6,6,2,1,9,4,4,2,12,2,8,1,1,C04,7,14,1,10,2,15,,85,85,1,12,4,120.646365,24.137347,2
12235,66000,387130000C,(04)23274275,(04)23288582,2025,11,30,12,43,臺中市,北屯區,0,2,0,7,3,6,50,4,1,1,5,4,6,6,1,1,10,5,5,2,15,2,7,1,1,C03,7,9,1,10,2,11,,21,21,1,12,4,120.70312,24.180135,2
12236,66000,387130000C,(04)23274275,(04)23288582,2025,11,30,12,45,臺中市,南屯區,0,0,0,7,3,6,50,13,9,1,5,4,6,6,4,4,5,5,5,2,14,,,,,B03,,,1,,1,,,49,49,1,12,4,120.639867,24.149969,3
12237,66000,387130000C,(04)23274275,(04)23288582,2025,11,30,12,50,臺中市,南屯區,0,0,0,7,,,40,,,,,,,,,,,,,,,,,,,F01,,,7,,1,,,84,84,1,13,1,120.636035,24.151258,3
12238,66000,387130000C,(04)23274275,(04)23288582,2025,11,30,12,52,臺中市,大肚區,0,1,0,7,2,6,50,11,9,1,5,4,6,6,4,4,10,5,5,2,19,2,9,2,1,C03,7,9,1,10,2,14,,59,59,1,6,4,120.579566,24.161722,2
12239,66000,387130000C,(04)23274275,(04)23288582,2025,11,30,12,53,臺中市,北屯區,0,0,0,7,,,50,,,,,,,,,,,,,,17,,,,,A05,,,1,,1,,,50,50,1,6,4,120.704649,24.182159,3
12240,66000,387130000C,(04)23274275,(04)23288582,2025,11,30,12,59,臺中市,南區,0,1,0,7,2,6,50,13,9,1,5,4,6,6,4,4,1,4,5,2,17,2,9,2,1,C03,7,15,1,10,2,14,,84,84,1,12,4,120.678501,24.127825,2
12241,66000,387130000C,(04)23274275,(04)23288582,2025,11,30,13,0,臺中市,西屯區,0,0,0,7,,,50,,,,,,,,,,,,,,12,,,,,B03,,,1,,2,,,40,40,1,12,4,120.656877,24.163462,3
12242,66000,387130000C,(04)23274275,(04)23288582,2025,11,30,13,0,臺中市,龍井區,0,0,0,7,2,6,50,3,2,1,5,4,6,6,4,4,5,5,5,2,13,3,10,2,1,C03,7,9,1,10,2,11,,7,7,1,6,4,120.589021,24.180603,3
12243,66000,387130000C,(04)23274275,(04)23288582,2025,11,30,13,13,臺中市,西屯區,0,0,0,7,,,40,,,,,,,,,,,,,,13,,,,,B03,,,1,,1,,,59,59,1,13,4,120.645742,24.16452,3
12244,66000,387130000C,(04)23274275,(04)23288582,2025,11,30,13,18,臺中市,北區,0,0,0,7,,,50,,,,,,,,,,,,,,,,,,,C03,,,1,,1,,,7,7,1,13,4,120.680092,24.148591,3
12245,66000,387130000C,(04)23274275,(04)23288582,2025,11,30,13,26,臺中市,后里區,0,0,0,7,3,6,50,9,9,1,5,4,6,6,4,4,10,5,5,2,30,3,10,3,1,B03,7,9,1,8,2,8,,56,56,1,6,4,120.713269,24.330717,3
12246,66000,387130000C,(04)23274275,(04)23288582,2025,11,30,13,27,臺中市,太平區,0,0,0,7,2,6,30,,,,,,,,,,,,,,,,,,,C03,,,1,,2,11,,51,51,1,12,4,120.707749,24.15566,3
12247,66000,387130000C,(04)23274275,(04)23288582,2025,11,30,13,31,臺中市,中區,0,2,0,7,2,6,50,4,1,1,5,4,6,6,1,1,10,5,5,2,17,2,9,1,1,C03,7,9,1,10,2,11,,7,7,1,12,4,120.675773,24.144293,2
12248,66000,387130000C,(04)23274275,(04)23288582,2025,11,30,13,33,臺中市,沙鹿區,0,0,0,7,,,30,,,,,,,,,,,,,,10,,,,,C03,,,1,,1,,,41,41,1,6,2,120.593541,24.218285,3
12249,66000,387130000C,(04)23274275,(04)23288582,2025,11,30,13,34,臺中市,西區,0,0,0,7,,,50,,,,,,,,,,,,,,17,,,,,B03,,,1,,1,,,84,84,1,12,4,120.655137,24.153595,3
12250,66000,387130000C,(04)23274275,(04)23288582,2025,11,30,13,35,臺中市,南屯區,0,1,0,7,3,6,50,13,7,1,5,4,6,6,4,4,5,5,4,2,9,2,9,6,5,H01,8,16,7,21,10,17,,95,95,1,12,5,120.610333,24.134225,2
12251,66000,387130000C,(04)23274275,(04)23288582,2025,11,30,13,38,臺中市,大雅區,0,2,0,7,3,6,50,3,2,1,5,4,6,6,4,4,5,2,5,1,17,2,9,1,1,C03,7,11,1,10,2,12,,39,39,1,12,4,120.649166,24.224923,2
12252,66000,387130000C,(04)23274275,(04)23288582,2025,11,30,13,47,臺中市,東區,0,0,0,7,,,50,,,,,,,,,,,,,,13,,,,,B12,,,1,,1,,,84,84,1,12,4,120.692482,24.147894,3
12253,66000,387130000C,(04)23274275,(04)23288582,2025,11,30,13,49,臺中市,西屯區,0,0,0,7,,,40,,,,,,,,,,,,,,12,,,,,C03,,,1,,1,,,84,84,1,12,4,120.653243,24.160852,3
12254,66000,387130000C,(04)23274275,(04)23288582,2025,11,30,13,53,臺中市,南屯區,0,0,0,7,,,50,,,,,,,,,,,,,,17,,,,,B03,,,1,,1,,,8,8,1,12,4,120.635202,24.150135,3
12255,66000,387130000C,(04)23274275,(04)23288582,2025,11,30,13,53,臺中市,大里區,0,2,0,7,2,6,50,4,1,1,5,4,6,6,1,1,10,5,5,2,16,2,9,2,1,C03,7,9,1,10,2,11,,21,21,1,12,4,120.676159,24.101697,2
12256,66000,387130000C,(04)23274275,(04)23288582,2025,11,30,13,54,臺中市,太平區,0,2,0,6,2,6,50,3,2,1,5,4,6,6,4,4,5,4,5,1,28,,,,,,,,,,,,,118,118,1,,,120.732555,24.135931,2
12257,66000,387130000C,(04)23274275,(04)23288582,2025,11,30,13,54,臺中市,沙鹿區,0,1,0,7,2,6,30,12,9,2,5,4,6,6,4,4,10,5,5,2,18,2,9,2,1,C03,7,9,1,10,2,14,,59,59,1,12,4,120.585506,24.199707,2
12258,66000,387130000C,(04)23274275,(04)23288582,2025,11,30,13,57,臺中市,大里區,0,1,0,7,2,6,50,13,9,1,5,4,6,6,4,4,9,5,5,1,13,2,9,2,1,C03,7,9,1,10,2,11,,7,7,1,13,4,120.712874,24.093244,2
12259,66000,387130000C,(04)23274275,(04)23288582,2025,11,30,14,5,臺中市,北屯區,0,3,0,7,3,6,50,13,8,1,5,4,6,6,4,4,9,5,4,2,16,2,9,1,1,C03,7,6,1,10,2,13,,48,48,1,6,4,120.696475,24.177067,2
12260,66000,387130000C,(04)23274275,(04)23288582,2025,11,30,14,6,臺中市,西屯區,0,0,0,7,,,40,,,,,,,,,,,,,,13,,,,,C03,,,1,,9,,,7,7,1,12,4,120.64487,24.164987,3
12261,66000,387130000C,(04)23274275,(04)23288582,2025,11,30,14,10,臺中市,北屯區,0,2,0,7,2,6,50,4,2,1,5,4,6,6,2,1,5,5,5,2,11,2,7,4,1,F01,7,6,7,21,1,12,,23,23,1,12,4,120.670895,24.178691,2
12262,66000,387130000C,(04)23274275,(04)23288582,2025,11,30,14,11,臺中市,南屯區,0,0,0,7,3,6,50,13,9,1,5,4,6,6,1,1,5,5,5,2,14,,,,,B03,,,1,,1,,,49,49,1,12,4,120.647008,24.148809,3
12263,66000,387130000C,(04)23274275,(04)23288582,2025,11,30,14,12,臺中市,大雅區,0,0,0,7,,,0,,,,,,,,,,,,,,,,,,,B03,,,1,,1,,,51,51,1,13,4,120.669956,24.238081,3
12264,66000,387130000C,(04)23274275,(04)23288582,2025,11,30,14,12,臺中市,太平區,0,0,0,7,,,50,,,,,,,,,,,,,,,,,,,B03,,,1,,2,,,84,84,1,12,4,120.723259,24.149884,3
12265,66000,387130000C,(04)23274275,(04)23288582,2025,11,30,14,13,臺中市,北屯區,0,0,0,7,,,50,,,,,,,,,,,,,,9,,,,,B03,,,1,8,9,,,84,84,1,12,4,120.686334,24.196561,3
12266,66000,387130000C,(04)23274275,(04)23288582,2025,11,30,14,14,臺中市,烏日區,0,1,0,7,2,6,50,3,1,1,5,4,6,6,4,4,10,5,5,2,17,3,10,5,4,B03,7,5,1,8,2,2,,47,47,1,12,4,120.631796,24.105023,2
12267,66000,387130000C,(04)23274275,(04)23288582,2025,11,30,14,15,臺中市,北區,0,0,0,7,,,50,,,,,,,,,,,,,,,,,,,B03,,,1,,1,,,84,84,1,12,4,120.67807,24.163021,3
12268,66000,387130000C,(04)23274275,(04)23288582,2025,11,30,14,16,臺中市,西屯區,0,1,0,6,2,6,30,3,1,1,5,4,6,6,4,4,10,5,5,2,16,3,10,3,1,B03,7,5,1,8,2,5,,13,13,1,12,4,120.617732,24.185918,2
12269,66000,387130000C,(04)23274275,(04)23288582,2025,11,30,14,25,臺中市,龍井區,0,0,0,7,,,50,,,,,,,,,,,,,,14,,,,,B03,,,1,,1,,,49,49,1,6,4,120.583352,24.179648,3
12270,66000,387130000C,(04)23274275,(04)23288582,2025,11,30,14,28,臺中市,北區,0,0,0,7,,,50,,,,,,,,,,,,,,17,,,,,B03,,,1,,1,,,84,84,1,13,4,120.682605,24.163231,3
12271,66000,387130000C,(04)23274275,(04)23288582,2025,11,30,14,29,臺中市,豐原區,0,0,0,6,,,50,,,,,,,,,,,,,,16,,,,,C03,,,3,,2,,,39,39,1,13,4,120.759832,24.279585,3
12272,66000,387130000C,(04)23274275,(04)23288582,2025,11,30,14,30,臺中市,南區,0,1,0,7,2,6,50,5,1,1,5,4,6,6,1,1,9,4,4,2,17,2,9,1,1,C03,7,6,3,19,2,12,,48,48,1,12,4,120.684223,24.126365,2
12273,66000,387130000C,(04)23274275,(04)23288582,2025,11,30,14,32,臺中市,北屯區,0,0,0,7,,,50,,,,,,,,,,,,,,13,,,,,C03,,,1,,1,,,7,7,1,6,4,120.681099,24.175036,3
12274,66000,387130000C,(04)23274275,(04)23288582,2025,11,30,14,37,臺中市,西區,0,1,0,6,2,6,50,4,1,1,5,4,6,6,1,1,9,4,5,2,17,3,10,3,1,B03,7,6,1,8,2,5,,11,11,1,12,4,120.674988,24.138046,2
12275,66000,387130000C,(04)23274275,(04)23288582,2025,11,30,14,44,臺中市,大雅區,0,1,0,6,2,6,0,3,1,1,5,4,6,6,2,1,10,4,5,2,17,2,9,1,1,C03,7,1,1,10,1,14,,51,51,1,12,4,120.643328,24.228104,2
12276,66000,387130000C,(04)23274275,(04)23288582,2025,11,30,14,50,臺中市,大里區,0,0,0,7,,,50,,,,,,,,,,,,,,17,,,,,C03,,,1,,2,,,51,51,1,13,4,120.690371,24.110011,3
12277,66000,387130000C,(04)23274275,(04)23288582,2025,11,30,14,53,臺中市,大雅區,0,2,0,6,3,6,30,3,2,1,5,4,6,6,4,4,10,5,5,2,17,2,9,1,1,C03,7,9,1,10,2,11,,84,84,1,12,4,120.662999,24.237724,2
12278,66000,387130000C,(04)23274275,(04)23288582,2025,11,30,14,53,臺中市,中區,0,1,0,7,2,6,50,13,9,1,5,4,6,6,4,4,10,4,5,2,2,3,10,5,4,B01,7,1,1,4,2,8,,51,51,1,13,4,120.683291,24.14278,2
12279,66000,387130000C,(04)23274275,(04)23288582,2025,11,30,14,54,臺中市,東區,0,1,0,7,2,6,50,4,1,1,5,4,6,6,1,1,10,5,5,2,16,3,10,3,1,B03,7,6,1,8,2,5,,11,11,1,13,4,120.696603,24.133036,2
12280,66000,387130000C,(04)23274275,(04)23288582,2025,11,30,15,1,臺中市,西區,0,0,0,7,,,50,,,,,,,,,,,,,,,,,,,B03,,,6,,10,,,84,84,1,12,4,120.667532,24.141802,3
12281,66000,387130000C,(04)23274275,(04)23288582,2025,11,30,15,7,臺中市,南屯區,0,0,0,7,,,50,,,,,,,,,,,,,,12,,,,,B03,,,1,,1,,,8,8,1,6,4,120.634884,24.143967,3
12282,66000,387130000C,(04)23274275,(04)23288582,2025,11,30,15,8,臺中市,北區,0,0,0,7,3,9,50,18,24,1,5,4,6,6,2,1,10,5,5,2,17,,,,,B13,,,1,,9,,,59,59,1,13,4,120.681108,24.158983,3
12283,66000,387130000C,(04)23274275,(04)23288582,2025,11,30,15,12,臺中市,西屯區,0,0,0,7,,,30,,,,,,,,,,,,,,12,,,,,B12,,,1,,2,,,8,8,1,12,4,120.653488,24.171454,3
12284,66000,387130000C,(04)23274275,(04)23288582,2025,11,30,15,14,臺中市,大里區,0,0,0,7,,,30,,,,,,,,,,,,,,17,,,,,B11,,,1,,2,,,84,84,1,6,4,120.671542,24.086733,3
12285,66000,387130000C,(04)23274275,(04)23288582,2025,11,30,15,20,臺中市,霧峰區,0,0,0,7,,,50,,,,,,,,,,,,,,,,,,,B03,,,1,,2,,,49,49,1,12,4,120.682376,24.065377,3
12286,66000,387130000C,(04)23274275,(04)23288582,2025,11,30,15,25,臺中市,北屯區,0,2,0,6,2,6,50,4,1,1,5,4,6,6,2,1,10,5,5,2,18,2,9,2,1,C03,7,12,1,10,2,16,,43,43,1,12,4,120.685361,24.169428,2
12287,66000,387130000C,(04)23274275,(04)23288582,2025,11,30,15,28,臺中市,西屯區,0,0,0,7,,,60,,,,,,,,,,,,,,13,,,,,B03,,,1,,1,,,7,7,1,13,4,120.646454,24.164454,3
12288,66000,387130000C,(04)23274275,(04)23288582,2025,11,30,15,30,臺中市,大雅區,0,1,0,6,2,6,50,13,9,1,5,4,6,6,4,4,9,4,5,2,17,2,9,1,1,F03,7,9,7,21,2,11,,7,7,1,12,4,120.624083,24.209466,2
12289,66000,387130000C,(04)23274275,(04)23288582,2025,11,30,15,31,臺中市,西區,0,1,0,7,2,6,50,13,9,1,5,4,6,6,4,4,10,4,5,2,17,2,9,2,1,C03,7,8,1,10,2,14,,40,40,1,12,4,120.683227,24.138231,2
12290,66000,387130000C,(04)23274275,(04)23288582,2025,11,30,15,32,臺中市,豐原區,0,0,0,7,,,30,,,,,,,,,,,,,,17,,,,,B03,,,1,,2,,,84,84,1,12,4,120.727232,24.244501,3
12291,66000,387130000C,(04)23274275,(04)23288582,2025,11,30,15,34,臺中市,大雅區,0,1,0,7,2,6,60,3,1,1,5,4,6,6,1,1,10,4,5,1,17,3,10,3,1,B03,7,5,1,8,2,2,,20,20,1,12,4,120.65005,24.212034,2
12292,66000,387130000C,(04)23274275,(04)23288582,2025,11,30,15,45,臺中市,西區,0,0,0,7,,,50,,,,,,,,,,,,,,9,,,,,B03,,,1,,1,,,7,7,1,12,4,120.663856,24.136891,3
12293,66000,387130000C,(04)23274275,(04)23288582,2025,11,30,15,48,臺中市,北屯區,0,1,0,7,2,6,50,11,9,1,5,4,6,6,4,4,1,2,5,1,18,2,9,2,1,C03,7,9,1,10,2,12,,5,5,1,12,4,120.786168,24.205555,2
12294,66000,387130000C,(04)23274275,(04)23288582,2025,11,30,15,48,臺中市,沙鹿區,0,0,0,7,,,50,,,,,,,,,,,,,,17,,,,,B03,,,1,,2,,,8,8,1,6,4,120.56193,24.242639,3
12295,66000,387130000C,(04)23274275,(04)23288582,2025,11,30,15,49,臺中市,北屯區,0,2,0,7,2,6,50,4,1,1,5,4,6,6,1,1,10,5,5,2,15,2,9,5,4,C03,7,9,1,10,2,11,,21,21,1,12,4,120.682154,24.185601,2
12296,66000,387130000C,(04)23274275,(04)23288582,2025,11,30,15,53,臺中市,大里區,0,2,0,6,3,6,60,5,1,1,5,4,6,6,2,1,1,4,4,2,13,2,7,1,1,C03,7,1,1,10,2,11,,51,51,1,12,4,120.681326,24.104862,2
12297,66000,387130000C,(04)23274275,(04)23288582,2025,11,30,15,55,臺中市,北區,0,1,0,7,2,6,50,4,3,1,5,4,6,6,1,1,5,5,5,2,17,2,9,5,4,C03,7,15,1,10,2,13,,42,42,1,13,4,120.68305,24.144885,2
12298,66000,387130000C,(04)23274275,(04)23288582,2025,11,30,15,59,臺中市,西屯區,0,0,0,7,,,50,,,,,,,,,,,,,,12,,,,,B03,,,1,,1,,,39,39,1,12,4,120.641788,24.157217,3
12299,66000,387130000C,(04)23274275,(04)23288582,2025,11,30,16,0,臺中市,北屯區,0,3,0,7,3,6,40,13,9,1,5,4,6,6,4,4,1,4,5,2,13,2,9,3,1,B03,7,9,1,8,2,1,,7,7,1,6,4,120.720778,24.17338,2
12300,66000,387130000C,(04)23274275,(04)23288582,2025,11,30,16,1,臺中市,西屯區,0,0,0,7,,,50,,,,,,,,,,,,,,13,,,,,B03,,,1,,1,,,59,59,1,13,4,120.651071,24.209206,3
12301,66000,387130000C,(04)23274275,(04)23288582,2025,11,30,16,3,臺中市,西屯區,0,1,0,7,2,6,50,13,7,1,5,4,6,6,4,4,5,5,4,2,16,3,10,5,1,C03,7,1,1,10,2,11,,51,51,1,12,4,120.645892,24.172021,2