序號,縣市別代碼,機關代碼,市話,傳真,年,月,日,時,分,縣市,區,死亡數量,受傷數量,2-30,天候,道路照明設備,道路類別,道路速限,道路型態,事故位置,路面鋪裝,路面狀態,路面缺陷,障礙物,視距,號誌種類,號誌動作,分向設施,快車道或一般車道間,快慢車道間,路面邊線,事故類型及型態,受傷程度,主要傷處,保護裝備,行動電話或功能裝置,當事者區分(類別),車輛用途,當事者行動狀態,駕照狀態,駕照種類,飲酒情形,車輛撞擊部位最初,車輛撞擊部位其他,肇事因素個別,肇事因素主要,肇事逃逸,職業,共享經濟或外送平台,GPS座標X,GPS座標Y,事故類別
12302,66000,387130000C,(04)23274275,(04)23288582,2025,11,30,16,5,臺中市,潭子區,0,1,0,7,3,6,50,4,1,1,5,4,6,6,1,1,10,5,5,2,15,2,9,2,1,C03,7,9,2,19,2,11,,21,21,1,13,4,120.718348,24.218158,2
12303,66000,387130000C,(04)23274275,(04)23288582,2025,11,30,16,5,臺中市,潭子區,0,0,0,7,,,60,,,,,,,,,,,,,,,,,,,B03,,,1,,2,,,59,59,1,13,4,120.704576,24.205225,3
12304,66000,387130000C,(04)23274275,(04)23288582,2025,11,30,16,8,臺中市,豐原區,0,0,0,7,2,6,50,13,9,1,5,4,6,6,4,4,5,4,5,2,13,3,10,3,1,B03,7,9,1,8,8,1,,7,7,1,13,4,120.72101,24.251091,3
12305,66000,387130000C,(04)23274275,(04)23288582,2025,11,30,16,12,臺中市,大里區,0,0,0,7,,,50,,,,,,,,,,,,,,17,,,,,B03,,,1,,2,,,51,51,1,6,4,120.685,24.106987,3
12306,66000,387130000C,(04)23274275,(04)23288582,2025,11,30,16,13,臺中市,北區,0,2,0,7,3,6,50,13,8,1,5,4,6,6,4,4,1,4,4,2,17,2,9,1,1,C03,7,1,1,10,2,11,,51,51,1,12,4,120.667039,24.163137,2
12307,66000,387130000C,(04)23274275,(04)23288582,2025,11,30,16,14,臺中市,烏日區,0,0,0,7,,,50,,,,,,,,,,,,,,17,,,,,B03,,,1,,1,,,59,59,1,6,4,120.616347,24.112389,3
12308,66000,387130000C,(04)23274275,(04)23288582,2025,11,30,16,19,臺中市,西屯區,0,0,0,7,,,60,,,,,,,,,,,,,,13,,,,,B03,,,1,,1,,,84,84,1,12,4,120.629966,24.162641,3
12309,66000,387130000C,(04)23274275,(04)23288582,2025,11,30,16,20,臺中市,大雅區,0,1,0,6,3,6,30,4,24,1,5,4,6,6,4,4,10,5,5,2,19,2,9,1,1,C03,7,9,3,19,6,12,,84,84,1,12,4,120.650874,24.23647,2
12310,66000,387130000C,(04)23274275,(04)23288582,2025,11,30,16,20,臺中市,北區,0,0,0,7,,,50,,,,,,,,,,,,,,17,,,,,B03,,,6,,2,,,85,85,1,13,4,120.682255,24.160231,4
12311,66000,387130000C,(04)23274275,(04)23288582,2025,11,30,16,20,臺中市,梧棲區,0,0,0,7,,,50,,,,,,,,,,,,,,17,,,,,B03,,,1,,1,,,51,51,1,6,4,120.5525,24.25069,3
12312,66000,387130000C,(04)23274275,(04)23288582,2025,11,30,16,24,臺中市,南區,0,2,0,7,3,6,50,4,2,1,5,4,6,6,2,1,1,5,5,2,13,2,9,2,1,C03,7,9,1,9,2,11,,7,7,1,5,4,120.650059,24.120652,2
12313,66000,387130000C,(04)23274275,(04)23288582,2025,11,30,16,28,臺中市,北區,0,0,0,7,3,6,50,18,24,1,5,4,6,6,4,4,3,4,5,2,17,,,,,B03,,,1,,1,,,39,39,1,13,4,120.673199,24.167046,3
12314,66000,387130000C,(04)23274275,(04)23288582,2025,11,30,16,29,臺中市,西區,0,0,0,7,,,50,,,,,,,,,,,,,,,,,,,B03,,,1,,1,,,51,51,1,13,4,120.651286,24.14493,3
12315,66000,387130000C,(04)23274275,(04)23288582,2025,11,30,16,30,臺中市,北屯區,0,0,0,7,,,50,,,,,,,,,,,,,,12,,,,,B12,,,1,,2,,,8,8,1,6,4,120.717348,24.175549,3
12316,66000,387130000C,(04)23274275,(04)23288582,2025,11,30,16,34,臺中市,北屯區,0,1,0,7,2,6,50,13,9,1,5,4,6,6,4,4,5,4,5,2,16,2,9,1,1,C03,7,11,1,10,2,11,,46,46,1,12,4,120.762278,24.19951,2
12317,66000,387130000C,(04)23274275,(04)23288582,2025,11,30,16,35,臺中市,霧峰區,0,0,0,7,,6,50,,,,,,,,,,,,,,17,,,,,C03,,,1,10,2,,,84,84,1,13,4,120.699684,24.072782,3
12318,66000,387130000C,(04)23274275,(04)23288582,2025,11,30,16,35,臺中市,大肚區,0,2,0,7,2,6,50,4,1,1,5,4,6,6,2,1,10,5,5,2,16,2,9,1,1,C03,7,9,1,10,2,12,,7,7,1,6,4,120.576273,24.163653,2
12319,66000,387130000C,(04)23274275,(04)23288582,2025,11,30,16,37,臺中市,石岡區,0,0,0,7,,,70,,,,,,,,,,,,,,,,,,,B03,,,1,,9,,,84,84,1,12,4,120.769287,24.275683,3
12320,66000,387130000C,(04)23274275,(04)23288582,2025,11,30,16,38,臺中市,南區,0,0,0,7,,,50,,,,,,,,,,,,,,,,,,,B03,,,1,,2,,,40,40,1,12,4,120.659166,24.126024,3
12321,66000,387130000C,(04)23274275,(04)23288582,2025,11,30,16,43,臺中市,北區,0,0,0,7,,,50,,,,,,,,,,,,,,17,,,,,B03,,,1,,2,,,84,84,1,13,4,120.680442,24.149213,3
12322,66000,387130000C,(04)23274275,(04)23288582,2025,11,30,16,44,臺中市,沙鹿區,0,1,0,7,3,6,40,13,8,1,5,4,6,6,4,4,1,4,3,1,18,2,9,2,1,C03,7,12,1,10,2,12,,82,82,1,6,4,120.573252,24.230604,2
12323,66000,387130000C,(04)23274275,(04)23288582,2025,11,30,16,46,臺中市,北屯區,0,0,0,7,,,50,,,,,,,,,,,,,,13,,,,,B03,,,3,,1,,,7,7,1,6,4,120.699208,24.175883,3
12324,66000,387130000C,(04)23274275,(04)23288582,2025,11,30,16,54,臺中市,南屯區,0,0,0,7,3,6,40,13,7,1,5,4,6,6,1,1,5,5,4,2,14,,,,,B03,,,1,,1,,,49,49,1,12,4,120.635736,24.148454,3
12325,66000,387130000C,(04)23274275,(04)23288582,2025,11,30,16,58,臺中市,中區,0,0,0,6,,,50,,,,,,,,,,,,,,,,,,,B03,,,1,,2,,,8,8,1,12,4,120.684771,24.137661,3
12326,66000,387130000C,(04)23274275,(04)23288582,2025,11,30,16,58,臺中市,豐原區,0,1,0,7,2,6,60,5,1,1,5,4,6,6,1,1,10,5,5,2,12,3,10,2,1,C03,7,9,1,10,2,14,,8,8,1,13,4,120.729824,24.243453,2
12327,66000,387130000C,(04)23274275,(04)23288582,2025,11,30,17,0,臺中市,豐原區,0,2,0,6,1,6,50,5,1,1,5,4,6,6,2,1,5,5,4,1,16,2,9,1,1,C03,7,1,1,10,2,12,12,51,51,1,13,4,120.727008,24.251739,2
12328,66000,387130000C,(04)23274275,(04)23288582,2025,11,30,17,3,臺中市,豐原區,0,0,0,7,,,50,,,,,,,,,,,,,,,,,,,B03,,,1,,2,,,49,49,1,13,4,120.722027,24.252018,3
12329,66000,387130000C,(04)23274275,(04)23288582,2025,11,30,17,5,臺中市,北區,0,0,0,7,,,50,,,,,,,,,,,,,,17,,,,,C03,,,1,,1,,,49,49,1,12,4,120.683762,24.14837,3
12330,66000,387130000C,(04)23274275,(04)23288582,2025,11,30,17,5,臺中市,南屯區,0,2,0,7,1,6,50,13,9,1,5,4,6,6,4,4,1,3,5,1,17,2,8,1,1,C03,7,1,1,10,1,14,,51,51,1,12,4,120.645574,24.12971,2
12331,66000,387130000C,(04)23274275,(04)23288582,2025,11,30,17,6,臺中市,潭子區,0,1,0,6,2,6,50,4,1,1,5,4,6,6,2,1,10,5,5,2,16,2,8,2,1,C03,7,6,1,10,2,14,,11,11,1,13,4,120.700479,24.21179,2
12332,66000,387130000C,(04)23274275,(04)23288582,2025,11,30,17,8,臺中市,石岡區,0,0,0,7,,,70,,,,,,,,,,,,,,13,,,,,B01,,,1,,1,,,56,56,1,13,4,120.768868,24.275776,3
12333,66000,387130000C,(04)23274275,(04)23288582,2025,11,30,17,9,臺中市,清水區,0,1,0,7,3,6,60,13,9,1,5,4,6,6,4,4,1,4,5,1,18,2,9,2,1,C03,7,9,3,19,2,14,,84,84,1,12,4,120.549793,24.284229,2
12334,66000,387130000C,(04)23274275,(04)23288582,2025,11,30,17,10,臺中市,西屯區,0,1,0,7,2,6,30,3,1,1,5,4,6,6,4,4,10,5,5,2,16,3,10,3,1,B03,7,6,1,8,2,7,,13,13,1,13,4,120.642281,24.197306,2
12335,66000,387130000C,(04)23274275,(04)23288582,2025,11,30,17,14,臺中市,霧峰區,0,0,0,7,1,6,50,4,1,1,5,4,6,6,1,1,10,5,5,2,16,,,,,C03,,,1,,1,,,7,7,1,12,4,120.693307,24.037892,3
12336,66000,387130000C,(04)23274275,(04)23288582,2025,11,30,17,20,臺中市,南區,0,0,0,7,,,50,,,,,,,,,,,,,,13,,,,,C03,,,1,,1,,,7,7,1,12,4,120.679365,24.121835,3
12337,66000,387130000C,(04)23274275,(04)23288582,2025,11,30,17,20,臺中市,西屯區,0,1,0,7,1,6,50,4,9,1,5,4,6,6,1,1,5,5,5,2,12,3,10,3,1,B03,7,9,1,8,2,2,,8,8,1,12,4,120.657445,24.167666,2
12338,66000,387130000C,(04)23274275,(04)23288582,2025,11,30,17,23,臺中市,北區,0,1,0,7,2,6,50,13,9,1,5,4,6,6,4,4,9,5,5,2,9,2,7,6,5,H01,8,16,7,21,10,17,,109,109,1,13,5,120.683062,24.1615,2
12339,66000,387130000C,(04)23274275,(04)23288582,2025,11,30,17,25,臺中市,東區,0,0,0,7,,,50,,,,,,,,,,,,,,16,,,,,B03,,,1,,1,,,11,11,1,12,4,120.683524,24.133198,3
12340,66000,387130000C,(04)23274275,(04)23288582,2025,11,30,17,27,臺中市,西區,0,0,0,7,,,50,,,,,,,,,,,,,,17,,,,,B03,,,1,,1,,,40,40,1,12,4,120.665603,24.139481,3
12341,66000,387130000C,(04)23274275,(04)23288582,2025,11,30,17,32,臺中市,龍井區,0,0,0,7,,,50,,,,,,,,,,,,,,,,,,,C03,,,1,,2,,,40,40,1,6,4,120.554597,24.188487,3
12342,66000,387130000C,(04)23274275,(04)23288582,2025,11,30,17,35,臺中市,北屯區,0,0,0,7,,,50,,,,,,,,,,,,,,20,,,,,B03,,,1,,2,,,84,84,1,13,4,120.696311,24.20158,3
12343,66000,387130000C,(04)23274275,(04)23288582,2025,11,30,17,35,臺中市,豐原區,0,2,0,7,1,6,40,3,1,1,5,4,6,6,4,4,10,5,5,2,8,2,9,2,1,C03,7,9,3,19,2,11,,59,59,1,13,4,120.724428,24.224146,2
12344,66000,387130000C,(04)23274275,(04)23288582,2025,11,30,17,41,臺中市,北區,0,1,0,7,1,6,50,4,1,1,5,4,6,6,1,1,10,5,5,2,16,2,9,5,4,F01,7,6,7,21,2,14,,48,48,1,13,4,120.679408,24.167191,2
12345,66000,387130000C,(04)23274275,(04)23288582,2025,11,30,17,42,臺中市,大里區,0,2,0,7,1,6,50,4,1,1,5,4,6,6,1,1,5,4,4,1,13,2,9,1,1,C03,7,9,1,10,2,11,12,7,7,1,6,4,120.683831,24.112034,2
12346,66000,387130000C,(04)23274275,(04)23288582,2025,11,30,17,48,臺中市,北屯區,0,0,0,7,,,50,,,,,,,,,,,,,,17,,,,,B03,,,1,,1,,,49,49,1,12,4,120.699249,24.172213,3
12347,66000,387130000C,(04)23274275,(04)23288582,2025,11,30,17,53,臺中市,西屯區,0,1,0,7,1,6,0,4,1,1,5,4,6,6,1,1,10,5,5,2,12,2,9,5,1,C03,7,1,1,10,2,14,,51,51,1,12,4,120.661043,24.171538,2
12348,66000,387130000C,(04)23274275,(04)23288582,2025,11,30,17,58,臺中市,南區,0,0,0,7,,,50,,,,,,,,,,,,,,,,,,,B03,,,1,,9,,,8,8,1,12,4,120.67019,24.113385,4
12349,66000,387130000C,(04)23274275,(04)23288582,2025,11,30,17,58,臺中市,清水區,0,1,0,7,1,6,50,4,1,1,5,4,6,6,4,4,8,4,4,2,15,2,9,1,1,C03,7,9,1,10,2,11,,12,12,1,12,4,120.570192,24.276166,2
12350,66000,387130000C,(04)23274275,(04)23288582,2025,11,30,18,0,臺中市,西屯區,0,1,0,7,1,6,50,4,4,1,5,4,6,6,2,1,1,4,4,2,13,3,10,5,4,B03,7,1,1,8,2,5,,59,59,1,12,4,120.664672,24.177982,2
12351,66000,387130000C,(04)23274275,(04)23288582,2025,11,30,18,5,臺中市,北屯區,0,1,0,7,3,6,50,4,1,1,5,4,6,6,1,1,10,5,5,2,3,3,10,3,1,B03,7,6,1,8,2,1,,10,10,1,6,4,120.687603,24.186889,2
12352,66000,387130000C,(04)23274275,(04)23288582,2025,11,30,18,5,臺中市,大里區,0,0,0,6,,,30,,,,,,,,,,,,,,14,,,,,B03,,,1,,2,,,49,49,1,12,4,120.683963,24.118361,3
12353,66000,387130000C,(04)23274275,(04)23288582,2025,11,30,18,8,臺中市,北區,0,1,0,7,1,6,50,13,8,1,5,4,6,6,4,4,3,4,4,2,17,2,9,1,1,C03,7,9,1,10,2,11,,59,59,1,12,4,120.688142,24.163244,2
12354,66000,387130000C,(04)23274275,(04)23288582,2025,11,30,18,9,臺中市,中區,0,0,0,7,,,50,,,,,,,,,,,,,,15,,,,,B03,,,1,,1,,,21,21,1,12,4,120.682264,24.137241,3
12355,66000,387130000C,(04)23274275,(04)23288582,2025,11,30,18,9,臺中市,北屯區,0,1,0,7,1,6,50,13,9,1,5,4,6,6,4,4,5,5,5,2,17,2,9,2,1,C03,7,9,1,10,2,11,,59,59,1,12,4,120.683865,24.168589,2
12356,66000,387130000C,(04)23274275,(04)23288582,2025,11,30,18,10,臺中市,烏日區,0,0,0,7,,,50,,,,,,,,,,,,,,14,,,,,B03,,,1,,1,,,49,49,1,6,4,120.627893,24.10812,3
12357,66000,387130000C,(04)23274275,(04)23288582,2025,11,30,18,11,臺中市,南屯區,0,0,0,7,1,6,50,13,9,1,5,4,6,6,4,4,3,4,5,2,12,,,,,B03,,,1,,2,,,40,40,1,12,4,120.647366,24.14009,3
12358,66000,387130000C,(04)23274275,(04)23288582,2025,11,30,18,15,臺中市,西區,0,0,0,7,,,50,,,,,,,,,,,,,,17,,,,,C03,,,1,,2,,,84,84,1,13,4,120.664585,24.152857,3
12359,66000,387130000C,(04)23274275,(04)23288582,2025,11,30,18,15,臺中市,龍井區,0,2,0,7,1,6,50,4,1,1,5,4,6,6,4,4,10,5,5,2,17,2,9,2,1,C03,7,11,1,10,2,13,,46,46,1,6,4,120.523474,24.201497,2
12360,66000,387130000C,(04)23274275,(04)23288582,2025,11,30,18,16,臺中市,北屯區,0,0,0,7,,,50,,,,,,,,,,,,,,13,,,,,B03,,,1,,1,,,84,84,1,13,4,120.672134,24.175577,3
12361,66000,387130000C,(04)23274275,(04)23288582,2025,11,30,18,18,臺中市,西屯區,0,0,0,7,,,50,,,,,,,,,,,,,,13,,,,,B03,,,1,,1,,,59,59,1,12,4,120.620714,24.188555,3
12362,66000,387130000C,(04)23274275,(04)23288582,2025,11,30,18,18,臺中市,龍井區,0,0,0,7,,,60,,,,,,,,,,,,,,13,,,,,B01,,,,,1,,,7,7,1,6,4,120.582132,24.187655,3
12363,66000,387130000C,(04)23274275,(04)23288582,2025,11,30,18,20,臺中市,烏日區,0,0,0,7,,,50,,,,,,,,,,,,,,13,,,,,B01,,,1,,2,,,7,7,1,6,4,120.615814,24.11615,3
12364,66000,387130000C,(04)23274275,(04)23288582,2025,11,30,18,25,臺中市,南區,0,1,0,7,1,6,50,4,1,1,5,4,6,6,1,1,9,4,5,2,12,3,10,3,1,B03,7,9,1,8,9,2,,8,8,2,12,4,120.670061,24.119029,2
12365,66000,387130000C,(04)23274275,(04)23288582,2025,11,30,18,26,臺中市,南屯區,0,1,0,7,1,6,50,4,1,1,5,4,6,6,2,1,10,5,5,2,15,3,10,5,4,B03,7,9,1,8,9,6,,21,21,2,6,4,120.63147,24.125272,2
12366,66000,387130000C,(04)23274275,(04)23288582,2025,11,30,18,29,臺中市,北屯區,0,0,0,7,,,50,,,,,,,,,,,,,,9,,,,,B03,,,1,,2,,,8,8,1,12,4,120.683941,24.196755,3
12367,66000,387130000C,(04)23274275,(04)23288582,2025,11,30,18,45,臺中市,東區,0,0,0,7,,,0,,,,,,,,,,,,,,17,,,,,C03,,,1,,9,,,119,119,1,12,4,120.687431,24.136398,3
12368,66000,387130000C,(04)23274275,(04)23288582,2025,11,30,18,55,臺中市,太平區,0,0,0,7,,,50,,,,,,,,,,,,,,17,,,,,B12,,,1,,2,,,68,68,1,13,4,120.705781,24.16174,3
12369,66000,387130000C,(04)23274275,(04)23288582,2025,11,30,18,56,臺中市,大肚區,0,0,0,7,,,50,,,,,,,,,,,,,,25,,,,,B12,,,1,,2,,,50,50,1,6,4,120.579846,24.171053,3
12370,66000,387130000C,(04)23274275,(04)23288582,2025,11,30,18,58,臺中市,北屯區,0,0,0,7,,,50,,,,,,,,,,,,,,13,,,,,B03,,,1,,1,,,58,58,1,12,4,120.67828,24.183903,3
12371,66000,387130000C,(04)23274275,(04)23288582,2025,11,30,19,2,臺中市,沙鹿區,0,1,0,7,1,6,50,4,1,1,5,4,6,6,1,1,10,5,5,2,16,2,9,2,1,C03,7,9,1,10,2,14,,21,21,1,6,4,120.562973,24.216882,2
12372,66000,387130000C,(04)23274275,(04)23288582,2025,11,30,19,5,臺中市,西屯區,0,0,0,7,,,50,,,,,,,,,,,,,,12,,,,,B03,,,1,,2,,,40,40,1,13,4,120.633242,24.173413,3
12373,66000,387130000C,(04)23274275,(04)23288582,2025,11,30,19,24,臺中市,北屯區,0,1,0,7,2,6,50,3,1,1,5,4,6,6,4,4,10,5,5,2,16,3,10,5,4,B03,7,5,1,8,9,6,,65,65,2,12,4,120.728937,24.169796,2
12374,66000,387130000C,(04)23274275,(04)23288582,2025,11,30,19,27,臺中市,北區,0,0,0,7,,,50,,,,,,,,,,,,,,17,,,,,B03,,,1,,2,,,42,42,1,13,4,120.67625,24.149996,3
12375,66000,387130000C,(04)23274275,(04)23288582,2025,11,30,19,31,臺中市,北屯區,0,1,0,7,1,6,50,4,1,1,5,4,6,6,1,1,4,3,5,2,16,3,10,3,1,B03,7,5,1,8,2,5,,11,11,1,13,4,120.705135,24.168332,2
12376,66000,387130000C,(04)23274275,(04)23288582,2025,11,30,19,34,臺中市,北區,0,1,0,7,1,6,50,4,1,1,5,4,6,6,2,1,10,5,5,2,17,3,10,5,4,B03,7,5,1,8,2,5,,47,47,1,13,4,120.670549,24.155691,2
12377,66000,387130000C,(04)23274275,(04)23288582,2025,11,30,19,37,臺中市,龍井區,0,1,0,7,1,6,40,4,1,1,5,4,6,6,2,1,10,5,5,2,16,2,7,1,1,C03,7,9,1,9,2,14,,7,7,1,6,4,120.592862,24.182846,2
12378,66000,387130000C,(04)23274275,(04)23288582,2025,11,30,19,38,臺中市,西屯區,0,0,0,7,,,50,,,,,,,,,,,,,,14,,,,,B01,,,1,,1,,,50,50,1,12,4,120.619571,24.184336,3
12379,66000,387130000C,(04)23274275,(04)23288582,2025,11,30,19,38,臺中市,霧峰區,0,1,0,7,2,6,30,18,9,1,5,4,6,6,4,4,10,5,5,2,17,2,7,5,4,C03,7,15,1,9,2,14,,84,84,1,13,4,120.713569,24.072176,2
12380,66000,387130000C,(04)23274275,(04)23288582,2025,11,30,19,40,臺中市,北區,0,0,0,7,,,50,,,,,,,,,,,,,,17,,,,,B03,,,1,,1,,,51,51,1,13,4,120.675343,24.151535,3
12381,66000,387130000C,(04)23274275,(04)23288582,2025,11,30,19,44,臺中市,南區,0,0,0,7,,,30,,,,,,,,,,,,,,14,,,,,B03,,,1,,1,,,85,85,1,12,4,120.674818,24.128988,3
12382,66000,387130000C,(04)23274275,(04)23288582,2025,11,30,19,44,臺中市,霧峰區,0,3,0,7,1,6,50,4,1,1,5,4,6,6,1,1,10,5,5,2,16,2,9,1,1,C03,7,6,1,10,2,12,,11,11,1,12,4,120.697307,24.064816,2
12383,66000,387130000C,(04)23274275,(04)23288582,2025,11,30,19,45,臺中市,大里區,0,2,0,7,1,6,30,3,1,1,5,4,6,6,4,4,10,5,5,2,17,2,8,6,4,F01,7,6,7,21,2,13,,84,84,1,13,4,120.707804,24.097506,2
12384,66000,387130000C,(04)23274275,(04)23288582,2025,11,30,19,54,臺中市,西屯區,0,0,0,7,,,50,,,,,,,,,,,,,,13,,,,,B03,,,1,,1,,,7,7,1,13,4,120.650457,24.164072,3
12385,66000,387130000C,(04)23274275,(04)23288582,2025,11,30,19,54,臺中市,西屯區,0,0,0,7,,,50,,,,,,,,,,,,,,17,,,,,B12,,,1,,2,,,59,59,1,12,4,120.658727,24.19166,3
12386,66000,387130000C,(04)23274275,(04)23288582,2025,11,30,19,58,臺中市,南屯區,0,0,0,7,1,6,50,13,9,1,5,4,6,6,1,1,3,4,5,2,13,,,,,B03,,,1,,2,,,59,59,1,12,4,120.638228,24.142407,3
12387,66000,387130000C,(04)23274275,(04)23288582,2025,11,30,20,5,臺中市,東區,0,0,0,7,,,,,,,,,,,,,,,,,,,,,,,,,,,,,,86,86,1,,,120.704022,24.135703,3
12388,66000,387130000C,(04)23274275,(04)23288582,2025,11,30,20,29,臺中市,太平區,0,0,0,7,1,6,50,,,,,,,,,,,,,,,,,,,B03,,,1,,2,2,,84,84,1,12,4,120.721255,24.151362,3
12389,66000,387130000C,(04)23274275,(04)23288582,2025,11,30,20,40,臺中市,烏日區,0,0,0,7,,,50,,,,,,,,,,,,,,17,,,,,B03,,,1,,1,,,8,8,1,6,4,120.620409,24.103165,3
12390,66000,387130000C,(04)23274275,(04)23288582,2025,11,30,20,45,臺中市,西屯區,0,0,0,7,,,50,,,,,,,,,,,,,,13,,,,,B03,,,1,,1,,,59,59,1,12,4,120.635989,24.169183,3
12391,66000,387130000C,(04)23274275,(04)23288582,2025,11,30,20,56,臺中市,西屯區,0,0,0,7,,,40,,,,,,,,,,,,,,13,,,,,B03,,,1,,1,,,7,7,1,12,4,120.657907,24.158321,3
12392,66000,387130000C,(04)23274275,(04)23288582,2025,11,30,21,8,臺中市,南區,0,0,0,7,,,50,,,,,,,,,,,,,,,,,,,B03,,,1,,1,,,49,49,1,6,4,120.648864,24.113319,4
12393,66000,387130000C,(04)23274275,(04)23288582,2025,11,30,21,10,臺中市,太平區,0,2,0,7,3,6,50,4,1,1,5,4,6,6,1,1,10,5,5,2,16,2,9,1,1,C03,7,6,1,10,2,11,,36,36,1,6,4,120.724592,24.149669,2
12394,66000,387130000C,(04)23274275,(04)23288582,2025,11,30,21,17,臺中市,北區,0,1,0,7,1,6,50,4,1,1,5,4,6,6,4,4,10,5,5,2,3,3,10,3,1,B01,7,6,1,4,2,5,,10,10,1,12,4,120.672084,24.158488,2
12395,66000,387130000C,(04)23274275,(04)23288582,2025,11,30,21,19,臺中市,豐原區,0,1,0,7,1,6,60,4,4,1,5,4,6,6,1,1,1,4,5,2,17,3,10,3,1,B03,7,9,1,8,2,5,,82,82,1,13,4,120.703258,24.251619,2
12396,66000,387130000C,(04)23274275,(04)23288582,2025,11,30,21,24,臺中市,西屯區,0,0,0,7,,,50,,,,,,,,,,,,,,13,,,,,C03,,,1,,1,,,59,59,1,12,4,120.623619,24.177058,3
12397,66000,387130000C,(04)23274275,(04)23288582,2025,11,30,21,35,臺中市,西屯區,0,3,0,7,1,6,50,4,1,1,5,4,6,6,2,1,10,5,5,2,16,2,9,2,1,C03,7,5,1,10,2,12,,47,47,1,13,4,120.652155,24.16592,2
12398,66000,387130000C,(04)23274275,(04)23288582,2025,11,30,21,41,臺中市,沙鹿區,0,1,0,7,2,6,40,13,8,1,4,4,6,6,4,4,5,5,4,2,17,2,8,1,1,C03,7,9,1,10,2,14,,7,7,1,6,4,120.565519,24.233026,2
12399,66000,387130000C,(04)23274275,(04)23288582,2025,11,30,21,49,臺中市,南區,0,2,0,7,1,6,50,4,9,1,5,4,6,6,4,4,9,4,5,2,12,2,9,1,1,C03,7,1,1,10,2,11,12,51,51,2,12,4,120.683322,24.13032,2
12400,66000,387130000C,(04)23274275,(04)23288582,2025,11,30,21,51,臺中市,南區,0,0,0,7,,,50,,,,,,,,,,,,,,12,,,,,B03,,,1,,1,,,40,40,1,12,4,120.658563,24.117845,3
12401,66000,387130000C,(04)23274275,(04)23288582,2025,11,30,21,56,臺中市,北屯區,0,0,0,7,,,50,,,,,,,,,,,,,,9,,,,,B03,,,1,8,1,,,59,59,1,12,4,120.694013,24.183084,3
12402,66000,387130000C,(04)23274275,(04)23288582,2025,11,30,22,5,臺中市,外埔區,0,2,0,5,1,6,50,3,8,1,4,4,6,6,4,4,4,5,4,1,3,2,9,6,5,H01,8,16,7,21,10,17,,95,95,1,12,5,120.636651,24.342952,2
12403,66000,387130000C,(04)23274275,(04)23288582,2025,11,30,22,18,臺中市,大里區,0,1,0,6,1,6,50,3,1,1,5,4,6,6,3,1,5,4,5,1,17,2,9,1,1,C03,7,11,1,10,2,14,,26,26,1,12,4,120.687585,24.099707,2
12404,66000,387130000C,(04)23274275,(04)23288582,2025,11,30,22,18,臺中市,大里區,0,2,0,7,1,6,50,4,1,1,5,4,6,6,2,1,5,4,4,1,12,2,9,1,1,C03,7,9,1,10,2,12,,84,84,1,6,4,120.680975,24.105851,2
12405,66000,387130000C,(04)23274275,(04)23288582,2025,11,30,22,30,臺中市,大里區,0,0,0,7,,,30,,,,,,,,,,,,,,17,,,,,B03,,,1,,2,,,50,50,1,6,4,120.691711,24.107413,3
12406,66000,387130000C,(04)23274275,(04)23288582,2025,11,30,22,34,臺中市,南屯區,0,1,0,7,1,6,30,4,1,1,5,4,6,6,4,4,10,5,5,2,15,2,8,1,1,C03,7,9,1,10,2,11,,15,15,1,12,4,120.613402,24.147014,2
12407,66000,387130000C,(04)23274275,(04)23288582,2025,11,30,22,34,臺中市,大肚區,0,1,0,7,1,6,50,5,1,1,5,4,6,6,2,1,10,5,5,2,16,3,10,5,4,B03,7,6,1,8,2,8,,11,11,1,12,4,120.573239,24.155078,2
12408,66000,387130000C,(04)23274275,(04)23288582,2025,11,30,22,44,臺中市,梧棲區,0,0,0,5,,,40,,,,,,,,,,,,,,25,,,,,A04,,,1,,2,,,59,59,1,6,4,120.550915,24.244877,3
12409,66000,387130000C,(04)23274275,(04)23288582,2025,11,30,22,49,臺中市,大甲區,0,1,0,5,1,6,50,4,2,1,4,4,6,6,1,1,5,4,5,1,18,2,9,2,1,C03,7,5,1,10,2,14,,82,82,1,6,2,120.626995,24.340318,2
12410,66000,387130000C,(04)23274275,(04)23288582,2025,11,30,22,52,臺中市,沙鹿區,0,0,0,7,,,60,,,,,,,,,,,,,,,,,,,B03,,,1,,2,,,59,59,1,6,4,120.576206,24.22678,3
12411,66000,387130000C,(04)23274275,(04)23288582,2025,11,30,22,53,臺中市,西屯區,0,0,0,7,,,50,,,,,,,,,,,,,,13,,,,,C03,,,1,,1,,,59,59,1,5,4,120.657959,24.200753,3
12412,66000,387130000C,(04)23274275,(04)23288582,2025,11,30,22,58,臺中市,龍井區,0,2,0,7,1,6,40,13,9,1,5,4,6,6,4,4,9,5,5,1,13,2,9,1,1,C03,7,9,1,10,2,11,,7,7,1,12,4,120.538675,24.212991,2
12413,66000,387130000C,(04)23274275,(04)23288582,2025,11,30,23,38,臺中市,后里區,0,1,0,7,1,6,50,4,1,1,5,4,6,6,3,1,5,4,5,1,15,2,9,3,1,B03,7,9,1,8,2,1,,24,24,1,12,4,120.72988,24.331952